{"type":"FeatureCollection","features":[{"type":"Feature","geometry":{"type":"Polygon","coordinates":[[[-60.99442005157471,14.648447917219798],[-60.994462966918945,14.64666253231097],[-60.99630832672119,14.64666253231097],[-60.99630832672119,14.648447917219798],[-60.99442005157471,14.648447917219798]]]},"id":1331294248,"properties":{"GEO":"CRS5490RES200mN1620200E715800","GEO_OBJECT":"C200M","OBS_STATUS":"I","lcog_geo":"97213","ind":7,"men":2.1,"men_pauv":0.2,"men_1ind":0.2,"men_5ind":0.4,"men_prop":1.1,"men_fmp":0.2,"ind_snv":216848.9,"men_surf":320.9,"men_coll":0.2,"men_mais":1.9,"log_soc":0,"ind_inc":0,"log":2.1,"ind_0_17":1.5,"ind_65p":1.2000000000000002}},{"type":"Feature","geometry":{"type":"Polygon","coordinates":[[[-60.99442005157471,14.65027480765501],[-60.99442005157471,14.648447917219798],[-60.99630832672119,14.648447917219798],[-60.99626541137695,14.65027480765501],[-60.99442005157471,14.65027480765501]]]},"id":1331294326,"properties":{"GEO":"CRS5490RES200mN1620400E715800","GEO_OBJECT":"C200M","OBS_STATUS":"I","lcog_geo":"97213","ind":7,"men":2.1,"men_pauv":0.2,"men_1ind":0.2,"men_5ind":0.4,"men_prop":1.1,"men_fmp":0.2,"ind_snv":216848.9,"men_surf":320.9,"men_coll":0.2,"men_mais":1.9,"log_soc":0,"ind_inc":0,"log":2.1,"ind_0_17":1.5,"ind_65p":1.2000000000000002}},{"type":"Feature","geometry":{"type":"Polygon","coordinates":[[[-60.994248390197754,14.668335291093953],[-60.99429130554199,14.666508551281154],[-60.99609375,14.666550068264357],[-60.99613666534424,14.666550068264357],[-60.99609375,14.668335291093953],[-60.994248390197754,14.668335291093953]]]},"id":1331295053,"properties":{"GEO":"CRS5490RES200mN1622400E715800","GEO_OBJECT":"C200M","OBS_STATUS":"I","lcog_geo":"97213,97224","ind":6,"men":2.6,"men_pauv":0.2,"men_1ind":0.8,"men_5ind":0.2,"men_prop":1.9,"men_fmp":0.2,"ind_snv":159089.5,"men_surf":250.5,"men_coll":0.2,"men_mais":2.4,"log_soc":0,"ind_inc":0,"log":2.6,"ind_0_17":0.8,"ind_65p":1.4}},{"type":"Feature","geometry":{"type":"Polygon","coordinates":[[[-60.997982025146484,14.66837680773071],[-60.99609375,14.668335291093953],[-60.99613666534424,14.666550068264357],[-60.997982025146484,14.666550068264357],[-60.997982025146484,14.66837680773071]]]},"id":1331295052,"properties":{"GEO":"CRS5490RES200mN1622400E715600","GEO_OBJECT":"C200M","OBS_STATUS":"I","lcog_geo":"97224,97213","ind":2,"men":0.9,"men_pauv":0.1,"men_1ind":0.3,"men_5ind":0.1,"men_prop":0.6,"men_fmp":0.1,"ind_snv":53029.8,"men_surf":83.5,"men_coll":0.1,"men_mais":0.8,"log_soc":0,"ind_inc":0,"log":0.9,"ind_0_17":0.30000000000000004,"ind_65p":0.5}},{"type":"Feature","geometry":{"type":"Polygon","coordinates":[[[-60.99605083465576,14.677385731620205],[-60.99605083465576,14.675559067355309],[-60.99609375,14.675559067355309],[-60.99789619445801,14.675600582621627],[-60.99789619445801,14.677385731620205],[-60.99605083465576,14.677385731620205]]]},"id":1331295358,"properties":{"GEO":"CRS5490RES200mN1623400E715600","GEO_OBJECT":"C200M","OBS_STATUS":"I","lcog_geo":"97224,97212","ind":6,"men":2.4,"men_pauv":0.6,"men_1ind":0.7,"men_5ind":0.3,"men_prop":1.8,"men_fmp":0.4,"ind_snv":130491.9,"men_surf":198.3,"men_coll":0.2,"men_mais":2.2,"log_soc":0,"ind_inc":0,"log":2.4000000000000004,"ind_0_17":1.7000000000000002,"ind_65p":1.4}},{"type":"Feature","geometry":{"type":"Polygon","coordinates":[[[-60.99600791931152,14.68099750015405],[-60.99600791931152,14.679170866050882],[-60.99609375,14.679170866050882],[-60.99785327911377,14.679212380631725],[-60.99785327911377,14.68099750015405],[-60.99600791931152,14.68099750015405]]]},"id":1331295466,"properties":{"GEO":"CRS5490RES200mN1623800E715600","GEO_OBJECT":"C200M","OBS_STATUS":"I","lcog_geo":"97212","ind":9,"men":3.5,"men_pauv":0.8,"men_1ind":1,"men_5ind":0.4,"men_prop":2.7,"men_fmp":0.7,"ind_snv":195737.9,"men_surf":297.5,"men_coll":0.2,"men_mais":3.3,"log_soc":0,"ind_inc":0,"log":3.5,"ind_0_17":2.5,"ind_65p":2.1}},{"type":"Feature","geometry":{"type":"Polygon","coordinates":[[[-61.00574970245361,14.626856241096263],[-61.00579261779785,14.62507068046186],[-61.0076379776001,14.62507068046186],[-61.0076379776001,14.626856241096263],[-61.00574970245361,14.626856241096263]]]},"id":1331293144,"properties":{"GEO":"CRS5490RES200mN1617800E714600","GEO_OBJECT":"C200M","OBS_STATUS":"A","lcog_geo":"97213","ind":38,"men":21,"men_pauv":3,"men_1ind":10,"men_5ind":0,"men_prop":15,"men_fmp":5,"ind_snv":1000938.2,"men_surf":1981,"men_coll":2,"men_mais":19,"log_soc":0,"ind_inc":0,"log":21,"ind_0_17":3,"ind_65p":13}},{"type":"Feature","geometry":{"type":"Polygon","coordinates":[[[-61.00579261779785,14.62507068046186],[-61.00579261779785,14.623243580130548],[-61.0076379776001,14.623243580130548],[-61.0076379776001,14.62507068046186],[-61.00579261779785,14.62507068046186]]]},"id":1331293063,"properties":{"GEO":"CRS5490RES200mN1617600E714600","GEO_OBJECT":"C200M","OBS_STATUS":"A","lcog_geo":"97213","ind":38,"men":21,"men_pauv":3,"men_1ind":9,"men_5ind":0,"men_prop":12,"men_fmp":4,"ind_snv":916521.1,"men_surf":2052,"men_coll":7,"men_mais":14,"log_soc":0,"ind_inc":0,"log":21,"ind_0_17":6,"ind_65p":23}},{"type":"Feature","geometry":{"type":"Polygon","coordinates":[[[-61.0076379776001,14.62507068046186],[-61.0076379776001,14.623243580130548],[-61.00952625274658,14.623285105306906],[-61.009483337402344,14.62507068046186],[-61.0076379776001,14.62507068046186]]]},"id":1331293062,"properties":{"GEO":"CRS5490RES200mN1617600E714400","GEO_OBJECT":"C200M","OBS_STATUS":"A","lcog_geo":"97213","ind":423.5,"men":186,"men_pauv":63,"men_1ind":59,"men_5ind":11,"men_prop":2,"men_fmp":77,"ind_snv":7493078.7,"men_surf":12377,"men_coll":184,"men_mais":2,"log_soc":181,"ind_inc":0,"log":186,"ind_0_17":122.5,"ind_65p":34}},{"type":"Feature","geometry":{"type":"Polygon","coordinates":[[[-61.009483337402344,14.62689776558939],[-61.009483337402344,14.62507068046186],[-61.01137161254883,14.625112205292709],[-61.01132869720459,14.62689776558939],[-61.009483337402344,14.62689776558939]]]},"id":1331293142,"properties":{"GEO":"CRS5490RES200mN1617800E714200","GEO_OBJECT":"C200M","OBS_STATUS":"A","lcog_geo":"97213","ind":98.5,"men":49,"men_pauv":26,"men_1ind":23,"men_5ind":3,"men_prop":39,"men_fmp":6,"ind_snv":1474694.9,"men_surf":3099,"men_coll":3,"men_mais":46,"log_soc":0,"ind_inc":0,"log":49,"ind_0_17":14,"ind_65p":27}},{"type":"Feature","geometry":{"type":"Polygon","coordinates":[[[-61.013174057006836,14.626939290074674],[-61.01132869720459,14.62689776558939],[-61.01137161254883,14.625112205292709],[-61.013216972351074,14.625112205292709],[-61.013174057006836,14.626939290074674]]]},"id":1331293141,"properties":{"GEO":"CRS5490RES200mN1617800E714000","GEO_OBJECT":"C200M","OBS_STATUS":"A","lcog_geo":"97213","ind":225.5,"men":114,"men_pauv":23,"men_1ind":49,"men_5ind":2,"men_prop":23,"men_fmp":29,"ind_snv":5055925.4,"men_surf":8145,"men_coll":105,"men_mais":9,"log_soc":84,"ind_inc":0,"log":114,"ind_0_17":41.5,"ind_65p":34}},{"type":"Feature","geometry":{"type":"Polygon","coordinates":[[[-60.99832534790039,14.630427318796862],[-60.99832534790039,14.628600263045229],[-61.00017070770264,14.628600263045229],[-61.00017070770264,14.630427318796862],[-60.99832534790039,14.630427318796862]]]},"id":1331293310,"properties":{"GEO":"CRS5490RES200mN1618200E715400","GEO_OBJECT":"C200M","OBS_STATUS":"I","lcog_geo":"97213","ind":10,"men":4.9,"men_pauv":0.5,"men_1ind":1.9,"men_5ind":0,"men_prop":4.1,"men_fmp":0.5,"ind_snv":307282.3,"men_surf":516.9,"men_coll":0.7,"men_mais":4.2,"log_soc":0,"ind_inc":0,"log":4.9,"ind_0_17":0.9,"ind_65p":3.1}},{"type":"Feature","geometry":{"type":"Polygon","coordinates":[[[-60.99832534790039,14.628600263045229],[-60.99832534790039,14.626814716595277],[-61.000213623046875,14.626814716595277],[-61.00017070770264,14.628600263045229],[-60.99832534790039,14.628600263045229]]]},"id":1331293224,"properties":{"GEO":"CRS5490RES200mN1618000E715400","GEO_OBJECT":"C200M","OBS_STATUS":"A","lcog_geo":"97213","ind":33.5,"men":20,"men_pauv":1,"men_1ind":9,"men_5ind":0,"men_prop":12,"men_fmp":3,"ind_snv":1086161.7,"men_surf":1513,"men_coll":14,"men_mais":6,"log_soc":0,"ind_inc":0,"log":20,"ind_0_17":2.5,"ind_65p":4}},{"type":"Feature","geometry":{"type":"Polygon","coordinates":[[[-61.00205898284912,14.628641787208451],[-61.00017070770264,14.628600263045229],[-61.000213623046875,14.626814716595277],[-61.00205898284912,14.626814716595277],[-61.00205898284912,14.628641787208451]]]},"id":1331293223,"properties":{"GEO":"CRS5490RES200mN1618000E715200","GEO_OBJECT":"C200M","OBS_STATUS":"I","lcog_geo":"97213","ind":3,"men":1.5,"men_pauv":0.1,"men_1ind":0.6,"men_5ind":0,"men_prop":1.2,"men_fmp":0.1,"ind_snv":92184.7,"men_surf":155.1,"men_coll":0.2,"men_mais":1.3,"log_soc":0,"ind_inc":0,"log":1.5,"ind_0_17":0.2,"ind_65p":1}},{"type":"Feature","geometry":{"type":"Polygon","coordinates":[[[-60.99828243255615,14.634039861537701],[-60.99828243255615,14.632212835859846],[-61.00017070770264,14.632254359339626],[-61.0001277923584,14.634039861537701],[-60.99828243255615,14.634039861537701]]]},"id":1331293499,"properties":{"GEO":"CRS5490RES200mN1618600E715400","GEO_OBJECT":"C200M","OBS_STATUS":"I","lcog_geo":"97213","ind":4,"men":2,"men_pauv":0.2,"men_1ind":0.8,"men_5ind":0,"men_prop":1.6,"men_fmp":0.2,"ind_snv":122912.9,"men_surf":206.7,"men_coll":0.3,"men_mais":1.7,"log_soc":0,"ind_inc":0,"log":2,"ind_0_17":0.30000000000000004,"ind_65p":1.3}},{"type":"Feature","geometry":{"type":"Polygon","coordinates":[[[-60.99639415740967,14.63582534920711],[-60.996437072753906,14.63399833839577],[-60.99828243255615,14.634039861537701],[-60.99828243255615,14.63582534920711],[-60.99639415740967,14.63582534920711]]]},"id":1331293601,"properties":{"GEO":"CRS5490RES200mN1618800E715600","GEO_OBJECT":"C200M","OBS_STATUS":"A","lcog_geo":"97213","ind":36,"men":14,"men_pauv":0,"men_1ind":4,"men_5ind":2,"men_prop":12,"men_fmp":1,"ind_snv":1179293.5,"men_surf":1589,"men_coll":3,"men_mais":11,"log_soc":0,"ind_inc":0,"log":14,"ind_0_17":6,"ind_65p":6}},{"type":"Feature","geometry":{"type":"Polygon","coordinates":[[[-60.998239517211914,14.637652344804437],[-60.99639415740967,14.63761082234619],[-60.99639415740967,14.63582534920711],[-60.99828243255615,14.63582534920711],[-60.998239517211914,14.637652344804437]]]},"id":1331293700,"properties":{"GEO":"CRS5490RES200mN1619000E715600","GEO_OBJECT":"C200M","OBS_STATUS":"A","lcog_geo":"97213","ind":54.5,"men":25,"men_pauv":2,"men_1ind":9,"men_5ind":0,"men_prop":18,"men_fmp":4,"ind_snv":1822633.3,"men_surf":2606,"men_coll":5,"men_mais":20,"log_soc":0,"ind_inc":0,"log":25,"ind_0_17":9.5,"ind_65p":11}},{"type":"Feature","geometry":{"type":"Polygon","coordinates":[[[-61.0001277923584,14.635866872003277],[-60.99828243255615,14.63582534920711],[-60.99828243255615,14.634039861537701],[-61.0001277923584,14.634039861537701],[-61.0001277923584,14.635866872003277]]]},"id":1331293600,"properties":{"GEO":"CRS5490RES200mN1618800E715400","GEO_OBJECT":"C200M","OBS_STATUS":"I","lcog_geo":"97213","ind":11,"men":5.4,"men_pauv":0.5,"men_1ind":2.1,"men_5ind":0,"men_prop":4.5,"men_fmp":0.5,"ind_snv":338010.6,"men_surf":568.6,"men_coll":0.7,"men_mais":4.7,"log_soc":0,"ind_inc":0,"log":5.4,"ind_0_17":1,"ind_65p":3.5}},{"type":"Feature","geometry":{"type":"Polygon","coordinates":[[[-61.00574970245361,14.628683311363844],[-61.00574970245361,14.626856241096263],[-61.0076379776001,14.626856241096263],[-61.00759506225586,14.628683311363844],[-61.00574970245361,14.628683311363844]]]},"id":1331293222,"properties":{"GEO":"CRS5490RES200mN1618000E714600","GEO_OBJECT":"C200M","OBS_STATUS":"A","lcog_geo":"97213","ind":36,"men":15,"men_pauv":1,"men_1ind":2,"men_5ind":1,"men_prop":4,"men_fmp":5,"ind_snv":1092949.7,"men_surf":1364,"men_coll":9,"men_mais":6,"log_soc":0,"ind_inc":0,"log":15,"ind_0_17":9,"ind_65p":7}},{"type":"Feature","geometry":{"type":"Polygon","coordinates":[[[-61.00386142730713,14.630468842614462],[-61.00390434265137,14.628641787208451],[-61.00574970245361,14.628683311363844],[-61.00574970245361,14.630468842614462],[-61.00386142730713,14.630468842614462]]]},"id":1331293309,"properties":{"GEO":"CRS5490RES200mN1618200E714800","GEO_OBJECT":"C200M","OBS_STATUS":"I","lcog_geo":"97213","ind":9,"men":5.1,"men_pauv":1,"men_1ind":2.7,"men_5ind":0,"men_prop":3.4,"men_fmp":0.7,"ind_snv":228744.4,"men_surf":491.1,"men_coll":2.4,"men_mais":2.7,"log_soc":0,"ind_inc":0,"log":5.1000000000000005,"ind_0_17":1.9,"ind_65p":1.6}},{"type":"Feature","geometry":{"type":"Polygon","coordinates":[[[-61.005706787109375,14.632295882811547],[-61.00386142730713,14.632254359339626],[-61.00386142730713,14.630468842614462],[-61.00574970245361,14.630468842614462],[-61.005706787109375,14.632295882811547]]]},"id":1331293399,"properties":{"GEO":"CRS5490RES200mN1618400E714800","GEO_OBJECT":"C200M","OBS_STATUS":"A","lcog_geo":"97213","ind":122,"men":58,"men_pauv":12,"men_1ind":27,"men_5ind":4,"men_prop":26,"men_fmp":5,"ind_snv":3005543.3,"men_surf":5680,"men_coll":16,"men_mais":42,"log_soc":0,"ind_inc":0,"log":58,"ind_0_17":21,"ind_65p":32}},{"type":"Feature","geometry":{"type":"Polygon","coordinates":[[[-61.00386142730713,14.634081384671774],[-61.00386142730713,14.632254359339626],[-61.005706787109375,14.632295882811547],[-61.005706787109375,14.634081384671774],[-61.00386142730713,14.634081384671774]]]},"id":1331293498,"properties":{"GEO":"CRS5490RES200mN1618600E714800","GEO_OBJECT":"C200M","OBS_STATUS":"I","lcog_geo":"97213","ind":10.5,"men":5.9,"men_pauv":1.2,"men_1ind":3.2,"men_5ind":0,"men_prop":4,"men_fmp":0.8,"ind_snv":266868.5,"men_surf":572.9,"men_coll":2.8,"men_mais":3.1,"log_soc":0,"ind_inc":0,"log":5.9,"ind_0_17":2.2,"ind_65p":2}},{"type":"Feature","geometry":{"type":"Polygon","coordinates":[[[-60.99639415740967,14.63943780307362],[-60.99639415740967,14.63761082234619],[-60.998239517211914,14.637652344804437],[-60.998239517211914,14.63943780307362],[-60.99639415740967,14.63943780307362]]]},"id":1331293792,"properties":{"GEO":"CRS5490RES200mN1619200E715600","GEO_OBJECT":"C200M","OBS_STATUS":"A","lcog_geo":"97213","ind":74,"men":37,"men_pauv":5,"men_1ind":18,"men_5ind":1,"men_prop":17,"men_fmp":2,"ind_snv":1895816.3,"men_surf":3149,"men_coll":8,"men_mais":29,"log_soc":0,"ind_inc":0,"log":37,"ind_0_17":8,"ind_65p":19}},{"type":"Feature","geometry":{"type":"Polygon","coordinates":[[[-60.99635124206543,14.643050197446044],[-60.99635124206543,14.641223246809261],[-60.998196601867676,14.641264768583653],[-60.998196601867676,14.643050197446044],[-60.99635124206543,14.643050197446044]]]},"id":1331293971,"properties":{"GEO":"CRS5490RES200mN1619600E715600","GEO_OBJECT":"C200M","OBS_STATUS":"I","lcog_geo":"97213","ind":17,"men":6.5,"men_pauv":1.5,"men_1ind":1.7,"men_5ind":0.6,"men_prop":4.9,"men_fmp":1.3,"ind_snv":449602.9,"men_surf":598.4,"men_coll":1.1,"men_mais":5.4,"log_soc":0,"ind_inc":0,"log":6.5,"ind_0_17":4.5,"ind_65p":4.7}},{"type":"Feature","geometry":{"type":"Polygon","coordinates":[[[-60.998239517211914,14.637652344804437],[-60.99828243255615,14.63582534920711],[-61.0001277923584,14.635866872003277],[-61.00008487701416,14.637652344804437],[-60.998239517211914,14.637652344804437]]]},"id":1331293699,"properties":{"GEO":"CRS5490RES200mN1619000E715400","GEO_OBJECT":"C200M","OBS_STATUS":"I","lcog_geo":"97213","ind":17,"men":6.5,"men_pauv":1.5,"men_1ind":1.7,"men_5ind":0.6,"men_prop":4.9,"men_fmp":1.3,"ind_snv":449602.9,"men_surf":598.4,"men_coll":1.1,"men_mais":5.4,"log_soc":0,"ind_inc":0,"log":6.5,"ind_0_17":4.5,"ind_65p":4.7}},{"type":"Feature","geometry":{"type":"Polygon","coordinates":[[[-60.994462966918945,14.64666253231097],[-60.994462966918945,14.644835611771583],[-60.99630832672119,14.644835611771583],[-60.99630832672119,14.64666253231097],[-60.994462966918945,14.64666253231097]]]},"id":1331294166,"properties":{"GEO":"CRS5490RES200mN1620000E715800","GEO_OBJECT":"C200M","OBS_STATUS":"I","lcog_geo":"97213","ind":4,"men":1.2,"men_pauv":0.1,"men_1ind":0.1,"men_5ind":0.2,"men_prop":0.6,"men_fmp":0.1,"ind_snv":123913.6,"men_surf":183.4,"men_coll":0.1,"men_mais":1.1,"log_soc":0,"ind_inc":0,"log":1.2,"ind_0_17":0.8,"ind_65p":0.6000000000000001}},{"type":"Feature","geometry":{"type":"Polygon","coordinates":[[[-61.0056209564209,14.643133240295171],[-61.0056209564209,14.641306290350201],[-61.00750923156738,14.641347812108876],[-61.007466316223145,14.643133240295171],[-61.0056209564209,14.643133240295171]]]},"id":1331293969,"properties":{"GEO":"CRS5490RES200mN1619600E714600","GEO_OBJECT":"C200M","OBS_STATUS":"A","lcog_geo":"97213","ind":73.5,"men":38,"men_pauv":3,"men_1ind":15,"men_5ind":0,"men_prop":26,"men_fmp":12,"ind_snv":2524581.4,"men_surf":2580,"men_coll":35,"men_mais":3,"log_soc":0,"ind_inc":0,"log":38,"ind_0_17":20.5,"ind_65p":2}},{"type":"Feature","geometry":{"type":"Polygon","coordinates":[[[-61.00188732147217,14.644918653944544],[-61.001930236816406,14.64309171887453],[-61.00377559661865,14.64309171887453],[-61.003732681274414,14.644918653944544],[-61.00188732147217,14.644918653944544]]]},"id":1331294079,"properties":{"GEO":"CRS5490RES200mN1619800E715000","GEO_OBJECT":"C200M","OBS_STATUS":"I","lcog_geo":"97213","ind":1,"men":0.4,"men_pauv":0.1,"men_1ind":0.1,"men_5ind":0,"men_prop":0.3,"men_fmp":0.1,"ind_snv":26447.2,"men_surf":35.2,"men_coll":0.1,"men_mais":0.3,"log_soc":0,"ind_inc":0,"log":0.4,"ind_0_17":0.2,"ind_65p":0.30000000000000004}},{"type":"Feature","geometry":{"type":"Polygon","coordinates":[[[-61.003732681274414,14.648530958024466],[-61.003732681274414,14.646704053055373],[-61.00557804107666,14.646745573791947],[-61.00557804107666,14.648530958024466],[-61.003732681274414,14.648530958024466]]]},"id":1331294247,"properties":{"GEO":"CRS5490RES200mN1620200E714800","GEO_OBJECT":"C200M","OBS_STATUS":"A","lcog_geo":"97213","ind":86,"men":39,"men_pauv":6,"men_1ind":12,"men_5ind":2,"men_prop":34,"men_fmp":4,"ind_snv":2621699.9,"men_surf":3207,"men_coll":4,"men_mais":35,"log_soc":0,"ind_inc":0,"log":39,"ind_0_17":11.5,"ind_65p":25}},{"type":"Feature","geometry":{"type":"Polygon","coordinates":[[[-61.0056209564209,14.643133240295171],[-61.00377559661865,14.64309171887453],[-61.00377559661865,14.641306290350201],[-61.0056209564209,14.641306290350201],[-61.0056209564209,14.643133240295171]]]},"id":1331293970,"properties":{"GEO":"CRS5490RES200mN1619600E714800","GEO_OBJECT":"C200M","OBS_STATUS":"I","lcog_geo":"97213","ind":9,"men":3.5,"men_pauv":1,"men_1ind":0.8,"men_5ind":0.3,"men_prop":2.7,"men_fmp":0.5,"ind_snv":228419.9,"men_surf":351.7,"men_coll":0.9,"men_mais":2.6,"log_soc":0,"ind_inc":0,"log":3.5,"ind_0_17":2.1,"ind_65p":2.8}},{"type":"Feature","geometry":{"type":"Polygon","coordinates":[[[-61.00557804107666,14.646745573791947],[-61.003732681274414,14.646704053055373],[-61.003732681274414,14.644918653944544],[-61.0056209564209,14.644918653944544],[-61.00557804107666,14.646745573791947]]]},"id":1331294165,"properties":{"GEO":"CRS5490RES200mN1620000E714800","GEO_OBJECT":"C200M","OBS_STATUS":"A","lcog_geo":"97213","ind":23.5,"men":13,"men_pauv":0,"men_1ind":4,"men_5ind":0,"men_prop":12,"men_fmp":6,"ind_snv":757713.6,"men_surf":964,"men_coll":10,"men_mais":3,"log_soc":0,"ind_inc":0,"log":13,"ind_0_17":5.5,"ind_65p":5}},{"type":"Feature","geometry":{"type":"Polygon","coordinates":[[[-61.00759506225586,14.630510366424218],[-61.00759506225586,14.628683311363844],[-61.009483337402344,14.628683311363844],[-61.009440422058105,14.630510366424218],[-61.00759506225586,14.630510366424218]]]},"id":1331293307,"properties":{"GEO":"CRS5490RES200mN1618200E714400","GEO_OBJECT":"C200M","OBS_STATUS":"A","lcog_geo":"97213","ind":51,"men":22,"men_pauv":4,"men_1ind":7,"men_5ind":2,"men_prop":13,"men_fmp":3,"ind_snv":1476068.6,"men_surf":2245,"men_coll":8,"men_mais":14,"log_soc":0,"ind_inc":0,"log":22,"ind_0_17":9,"ind_65p":19}},{"type":"Feature","geometry":{"type":"Polygon","coordinates":[[[-61.00759506225586,14.628683311363844],[-61.0076379776001,14.626856241096263],[-61.009483337402344,14.62689776558939],[-61.009483337402344,14.628683311363844],[-61.00759506225586,14.628683311363844]]]},"id":1331293221,"properties":{"GEO":"CRS5490RES200mN1618000E714400","GEO_OBJECT":"C200M","OBS_STATUS":"A","lcog_geo":"97213","ind":80,"men":38,"men_pauv":5,"men_1ind":15,"men_5ind":1,"men_prop":23,"men_fmp":8,"ind_snv":2441456.2,"men_surf":4079,"men_coll":13,"men_mais":25,"log_soc":0,"ind_inc":0,"log":38,"ind_0_17":13.5,"ind_65p":15}},{"type":"Feature","geometry":{"type":"Polygon","coordinates":[[[-61.009483337402344,14.62689776558939],[-61.0076379776001,14.626856241096263],[-61.0076379776001,14.62507068046186],[-61.009483337402344,14.62507068046186],[-61.009483337402344,14.62689776558939]]]},"id":1331293143,"properties":{"GEO":"CRS5490RES200mN1617800E714400","GEO_OBJECT":"C200M","OBS_STATUS":"A","lcog_geo":"97213","ind":53,"men":27,"men_pauv":9,"men_1ind":12,"men_5ind":0,"men_prop":16,"men_fmp":4,"ind_snv":1091079.2,"men_surf":2455,"men_coll":9,"men_mais":18,"log_soc":0,"ind_inc":0,"log":27,"ind_0_17":5,"ind_65p":17}},{"type":"Feature","geometry":{"type":"Polygon","coordinates":[[[-61.005706787109375,14.632295882811547],[-61.00574970245361,14.630468842614462],[-61.00759506225586,14.630510366424218],[-61.00759506225586,14.632295882811547],[-61.005706787109375,14.632295882811547]]]},"id":1331293398,"properties":{"GEO":"CRS5490RES200mN1618400E714600","GEO_OBJECT":"C200M","OBS_STATUS":"A","lcog_geo":"97213","ind":100,"men":46,"men_pauv":10,"men_1ind":19,"men_5ind":2,"men_prop":20,"men_fmp":12,"ind_snv":2276203.3,"men_surf":4002,"men_coll":35,"men_mais":11,"log_soc":0,"ind_inc":0,"log":46,"ind_0_17":25,"ind_65p":17}},{"type":"Feature","geometry":{"type":"Polygon","coordinates":[[[-61.00759506225586,14.630510366424218],[-61.00574970245361,14.630468842614462],[-61.00574970245361,14.628683311363844],[-61.00759506225586,14.628683311363844],[-61.00759506225586,14.630510366424218]]]},"id":1331293308,"properties":{"GEO":"CRS5490RES200mN1618200E714600","GEO_OBJECT":"C200M","OBS_STATUS":"A","lcog_geo":"97213","ind":61,"men":33,"men_pauv":4,"men_1ind":16,"men_5ind":1,"men_prop":23,"men_fmp":5,"ind_snv":1934488.1,"men_surf":3536,"men_coll":13,"men_mais":20,"log_soc":0,"ind_inc":1,"log":33,"ind_0_17":4,"ind_65p":23}},{"type":"Feature","geometry":{"type":"Polygon","coordinates":[[[-61.01132869720459,14.628724835511377],[-61.01132869720459,14.62689776558939],[-61.013174057006836,14.626939290074674],[-61.013174057006836,14.628724835511377],[-61.01132869720459,14.628724835511377]]]},"id":1331293219,"properties":{"GEO":"CRS5490RES200mN1618000E714000","GEO_OBJECT":"C200M","OBS_STATUS":"A","lcog_geo":"97213","ind":48,"men":26,"men_pauv":7,"men_1ind":12,"men_5ind":1,"men_prop":13,"men_fmp":5,"ind_snv":1216982.4,"men_surf":2188,"men_coll":9,"men_mais":17,"log_soc":0,"ind_inc":0,"log":26,"ind_0_17":6,"ind_65p":14}},{"type":"Feature","geometry":{"type":"Polygon","coordinates":[[[-61.01132869720459,14.628724835511377],[-61.009483337402344,14.628683311363844],[-61.009483337402344,14.62689776558939],[-61.01132869720459,14.62689776558939],[-61.01132869720459,14.628724835511377]]]},"id":1331293220,"properties":{"GEO":"CRS5490RES200mN1618000E714200","GEO_OBJECT":"C200M","OBS_STATUS":"A","lcog_geo":"97213","ind":18,"men":11,"men_pauv":3,"men_1ind":6,"men_5ind":0,"men_prop":6,"men_fmp":0,"ind_snv":454864.4,"men_surf":1005,"men_coll":0,"men_mais":11,"log_soc":0,"ind_inc":0,"log":11,"ind_0_17":0,"ind_65p":10}},{"type":"Feature","geometry":{"type":"Polygon","coordinates":[[[-61.01128578186035,14.632337406275624],[-61.01128578186035,14.630510366424218],[-61.013174057006836,14.630551890226101],[-61.0131311416626,14.632337406275624],[-61.01128578186035,14.632337406275624]]]},"id":1331293395,"properties":{"GEO":"CRS5490RES200mN1618400E714000","GEO_OBJECT":"C200M","OBS_STATUS":"A","lcog_geo":"97213","ind":73.5,"men":32,"men_pauv":4,"men_1ind":10,"men_5ind":2,"men_prop":18,"men_fmp":4,"ind_snv":1655668,"men_surf":3056,"men_coll":4,"men_mais":28,"log_soc":0,"ind_inc":0,"log":32,"ind_0_17":17.5,"ind_65p":25}},{"type":"Feature","geometry":{"type":"Polygon","coordinates":[[[-61.009440422058105,14.630510366424218],[-61.009483337402344,14.628683311363844],[-61.01132869720459,14.628724835511377],[-61.01128578186035,14.630510366424218],[-61.009440422058105,14.630510366424218]]]},"id":1331293306,"properties":{"GEO":"CRS5490RES200mN1618200E714200","GEO_OBJECT":"C200M","OBS_STATUS":"A","lcog_geo":"97213","ind":113.5,"men":55,"men_pauv":8,"men_1ind":27,"men_5ind":3,"men_prop":30,"men_fmp":8,"ind_snv":2841926.6,"men_surf":4407,"men_coll":35,"men_mais":20,"log_soc":0,"ind_inc":0,"log":55,"ind_0_17":21.5,"ind_65p":24}},{"type":"Feature","geometry":{"type":"Polygon","coordinates":[[[-61.013174057006836,14.630551890226101],[-61.01128578186035,14.630510366424218],[-61.01132869720459,14.628724835511377],[-61.013174057006836,14.628724835511377],[-61.013174057006836,14.630551890226101]]]},"id":1331293305,"properties":{"GEO":"CRS5490RES200mN1618200E714000","GEO_OBJECT":"C200M","OBS_STATUS":"A","lcog_geo":"97213","ind":55,"men":26,"men_pauv":2,"men_1ind":7,"men_5ind":0,"men_prop":19,"men_fmp":6,"ind_snv":1383325.5,"men_surf":2651,"men_coll":6,"men_mais":20,"log_soc":0,"ind_inc":0,"log":26,"ind_0_17":12,"ind_65p":24}},{"type":"Feature","geometry":{"type":"Polygon","coordinates":[[[-61.00755214691162,14.634122907797988],[-61.005706787109375,14.634081384671774],[-61.005706787109375,14.632295882811547],[-61.00759506225586,14.632295882811547],[-61.00755214691162,14.634122907797988]]]},"id":1331293497,"properties":{"GEO":"CRS5490RES200mN1618600E714600","GEO_OBJECT":"C200M","OBS_STATUS":"A","lcog_geo":"97213","ind":73,"men":35,"men_pauv":5,"men_1ind":13,"men_5ind":1,"men_prop":19,"men_fmp":10,"ind_snv":1897726.7,"men_surf":3225,"men_coll":17,"men_mais":18,"log_soc":0,"ind_inc":0,"log":35,"ind_0_17":15.5,"ind_65p":22}},{"type":"Feature","geometry":{"type":"Polygon","coordinates":[[[-61.00759506225586,14.632295882811547],[-61.00759506225586,14.630510366424218],[-61.009440422058105,14.630510366424218],[-61.009440422058105,14.632295882811547],[-61.00759506225586,14.632295882811547]]]},"id":1331293397,"properties":{"GEO":"CRS5490RES200mN1618400E714400","GEO_OBJECT":"C200M","OBS_STATUS":"A","lcog_geo":"97213","ind":90,"men":48,"men_pauv":14,"men_1ind":22,"men_5ind":2,"men_prop":29,"men_fmp":6,"ind_snv":2221756.3,"men_surf":4368,"men_coll":22,"men_mais":26,"log_soc":0,"ind_inc":0,"log":48,"ind_0_17":8,"ind_65p":33}},{"type":"Feature","geometry":{"type":"Polygon","coordinates":[[[-61.00755214691162,14.634122907797988],[-61.00759506225586,14.632295882811547],[-61.009440422058105,14.632295882811547],[-61.00939750671387,14.634122907797988],[-61.00755214691162,14.634122907797988]]]},"id":1331293496,"properties":{"GEO":"CRS5490RES200mN1618600E714400","GEO_OBJECT":"C200M","OBS_STATUS":"A","lcog_geo":"97213","ind":68,"men":34,"men_pauv":9,"men_1ind":16,"men_5ind":2,"men_prop":14,"men_fmp":2,"ind_snv":1567047.9,"men_surf":2674,"men_coll":22,"men_mais":12,"log_soc":0,"ind_inc":0,"log":34,"ind_0_17":11,"ind_65p":22}},{"type":"Feature","geometry":{"type":"Polygon","coordinates":[[[-61.00755214691162,14.635908394791585],[-61.00755214691162,14.634122907797988],[-61.00939750671387,14.634122907797988],[-61.00939750671387,14.635908394791585],[-61.00755214691162,14.635908394791585]]]},"id":1331293599,"properties":{"GEO":"CRS5490RES200mN1618800E714400","GEO_OBJECT":"C200M","OBS_STATUS":"I","lcog_geo":"97213","ind":7,"men":4,"men_pauv":0.8,"men_1ind":2.1,"men_5ind":0,"men_prop":2.6,"men_fmp":0.5,"ind_snv":177912.3,"men_surf":382,"men_coll":1.9,"men_mais":2.1,"log_soc":0,"ind_inc":0,"log":4,"ind_0_17":1.4,"ind_65p":1.4000000000000001}},{"type":"Feature","geometry":{"type":"Polygon","coordinates":[[[-61.00939750671387,14.63773538969734],[-61.00939750671387,14.635908394791585],[-61.01124286651611,14.635949917572049],[-61.01124286651611,14.63773538969734],[-61.00939750671387,14.63773538969734]]]},"id":1331293697,"properties":{"GEO":"CRS5490RES200mN1619000E714200","GEO_OBJECT":"C200M","OBS_STATUS":"A","lcog_geo":"97213","ind":113.5,"men":49,"men_pauv":3,"men_1ind":14,"men_5ind":1,"men_prop":3,"men_fmp":21,"ind_snv":3021492.5,"men_surf":3404,"men_coll":46,"men_mais":3,"log_soc":0,"ind_inc":0,"log":49,"ind_0_17":41.5,"ind_65p":1}},{"type":"Feature","geometry":{"type":"Polygon","coordinates":[[[-61.00939750671387,14.634122907797988],[-61.009440422058105,14.632295882811547],[-61.01128578186035,14.632337406275624],[-61.01128578186035,14.634122907797988],[-61.00939750671387,14.634122907797988]]]},"id":1331293495,"properties":{"GEO":"CRS5490RES200mN1618600E714200","GEO_OBJECT":"C200M","OBS_STATUS":"A","lcog_geo":"97213","ind":73,"men":43,"men_pauv":12,"men_1ind":29,"men_5ind":3,"men_prop":28,"men_fmp":7,"ind_snv":1387078.2,"men_surf":3744,"men_coll":11,"men_mais":32,"log_soc":0,"ind_inc":0,"log":43,"ind_0_17":6,"ind_65p":25}},{"type":"Feature","geometry":{"type":"Polygon","coordinates":[[[-61.01128578186035,14.632337406275624],[-61.009440422058105,14.632295882811547],[-61.009440422058105,14.630510366424218],[-61.01128578186035,14.630510366424218],[-61.01128578186035,14.632337406275624]]]},"id":1331293396,"properties":{"GEO":"CRS5490RES200mN1618400E714200","GEO_OBJECT":"C200M","OBS_STATUS":"A","lcog_geo":"97213","ind":78,"men":33,"men_pauv":8,"men_1ind":10,"men_5ind":2,"men_prop":23,"men_fmp":5,"ind_snv":1755453.4,"men_surf":3352,"men_coll":6,"men_mais":27,"log_soc":0,"ind_inc":0,"log":33,"ind_0_17":14,"ind_65p":24}},{"type":"Feature","geometry":{"type":"Polygon","coordinates":[[[-61.01124286651611,14.635949917572049],[-61.00939750671387,14.635908394791585],[-61.00939750671387,14.634122907797988],[-61.01128578186035,14.634122907797988],[-61.01124286651611,14.635949917572049]]]},"id":1331293598,"properties":{"GEO":"CRS5490RES200mN1618800E714200","GEO_OBJECT":"C200M","OBS_STATUS":"A","lcog_geo":"97213","ind":36,"men":21,"men_pauv":3,"men_1ind":9,"men_5ind":0,"men_prop":14,"men_fmp":6,"ind_snv":819266.7,"men_surf":1924,"men_coll":4,"men_mais":17,"log_soc":0,"ind_inc":0,"log":21,"ind_0_17":3,"ind_65p":12}},{"type":"Feature","geometry":{"type":"Polygon","coordinates":[[[-61.013174057006836,14.630551890226101],[-61.013174057006836,14.628724835511377],[-61.01501941680908,14.628766359651053],[-61.01501941680908,14.630551890226101],[-61.013174057006836,14.630551890226101]]]},"id":1331293304,"properties":{"GEO":"CRS5490RES200mN1618200E713800","GEO_OBJECT":"C200M","OBS_STATUS":"I","lcog_geo":"97213","ind":17,"men":9.1,"men_pauv":2.1,"men_1ind":4.2,"men_5ind":0.5,"men_prop":6.5,"men_fmp":1.2,"ind_snv":513644.4,"men_surf":1142.3,"men_coll":1.9,"men_mais":7.2,"log_soc":0,"ind_inc":0,"log":9.1,"ind_0_17":1.5999999999999999,"ind_65p":6.300000000000001}},{"type":"Feature","geometry":{"type":"Polygon","coordinates":[[[-61.01501941680908,14.628766359651053],[-61.013174057006836,14.628724835511377],[-61.013174057006836,14.626939290074674],[-61.01506233215332,14.626939290074674],[-61.01501941680908,14.628766359651053]]]},"id":1331293218,"properties":{"GEO":"CRS5490RES200mN1618000E713800","GEO_OBJECT":"C200M","OBS_STATUS":"A","lcog_geo":"97213","ind":76,"men":36,"men_pauv":1,"men_1ind":13,"men_5ind":1,"men_prop":30,"men_fmp":5,"ind_snv":2679348.7,"men_surf":3867,"men_coll":10,"men_mais":26,"log_soc":0,"ind_inc":0,"log":36,"ind_0_17":12,"ind_65p":22}},{"type":"Feature","geometry":{"type":"Polygon","coordinates":[[[-61.018710136413574,14.630593414020154],[-61.01686477661133,14.630551890226101],[-61.016907691955566,14.628766359651053],[-61.01875305175781,14.628766359651053],[-61.018710136413574,14.630593414020154]]]},"id":1331293302,"properties":{"GEO":"CRS5490RES200mN1618200E713400","GEO_OBJECT":"C200M","OBS_STATUS":"A","lcog_geo":"97213","ind":51,"men":27,"men_pauv":1,"men_1ind":10,"men_5ind":0,"men_prop":15,"men_fmp":9,"ind_snv":1510292.9,"men_surf":1773,"men_coll":25,"men_mais":2,"log_soc":0,"ind_inc":0,"log":27,"ind_0_17":12,"ind_65p":2}},{"type":"Feature","geometry":{"type":"Polygon","coordinates":[[[-61.01501941680908,14.628766359651053],[-61.01506233215332,14.626939290074674],[-61.016907691955566,14.626939290074674],[-61.016907691955566,14.628766359651053],[-61.01501941680908,14.628766359651053]]]},"id":1331293217,"properties":{"GEO":"CRS5490RES200mN1618000E713600","GEO_OBJECT":"C200M","OBS_STATUS":"A","lcog_geo":"97213","ind":358.5,"men":171,"men_pauv":37,"men_1ind":63,"men_5ind":5,"men_prop":6,"men_fmp":68,"ind_snv":7064703.2,"men_surf":10292,"men_coll":171,"men_mais":0,"log_soc":145,"ind_inc":1,"log":171,"ind_0_17":88.5,"ind_65p":20}},{"type":"Feature","geometry":{"type":"Polygon","coordinates":[[[-61.01501941680908,14.632378929731857],[-61.01501941680908,14.630551890226101],[-61.01686477661133,14.630551890226101],[-61.01686477661133,14.632378929731857],[-61.01501941680908,14.632378929731857]]]},"id":1331293393,"properties":{"GEO":"CRS5490RES200mN1618400E713600","GEO_OBJECT":"C200M","OBS_STATUS":"I","lcog_geo":"97213","ind":12,"men":6.4,"men_pauv":1.5,"men_1ind":3,"men_5ind":0.3,"men_prop":4.6,"men_fmp":0.8,"ind_snv":362572.5,"men_surf":806.3,"men_coll":1.3,"men_mais":5.1,"log_soc":0,"ind_inc":0,"log":6.4,"ind_0_17":1.2,"ind_65p":4.5}},{"type":"Feature","geometry":{"type":"Polygon","coordinates":[[[-61.01686477661133,14.632378929731857],[-61.01686477661133,14.630551890226101],[-61.018710136413574,14.630593414020154],[-61.018710136413574,14.632378929731857],[-61.01686477661133,14.632378929731857]]]},"id":1331293392,"properties":{"GEO":"CRS5490RES200mN1618400E713400","GEO_OBJECT":"C200M","OBS_STATUS":"A","lcog_geo":"97213","ind":89,"men":42,"men_pauv":0,"men_1ind":14,"men_5ind":0,"men_prop":24,"men_fmp":11,"ind_snv":2927461.3,"men_surf":3282,"men_coll":37,"men_mais":5,"log_soc":0,"ind_inc":0,"log":42,"ind_0_17":24,"ind_65p":16}},{"type":"Feature","geometry":{"type":"Polygon","coordinates":[[[-61.01501941680908,14.630551890226101],[-61.01501941680908,14.628766359651053],[-61.016907691955566,14.628766359651053],[-61.01686477661133,14.630551890226101],[-61.01501941680908,14.630551890226101]]]},"id":1331293303,"properties":{"GEO":"CRS5490RES200mN1618200E713600","GEO_OBJECT":"C200M","OBS_STATUS":"A","lcog_geo":"97213","ind":69,"men":42,"men_pauv":2,"men_1ind":26,"men_5ind":1,"men_prop":25,"men_fmp":6,"ind_snv":2327609.6,"men_surf":2755,"men_coll":42,"men_mais":0,"log_soc":0,"ind_inc":0,"log":42,"ind_0_17":9,"ind_65p":5}},{"type":"Feature","geometry":{"type":"Polygon","coordinates":[[[-61.0131311416626,14.634164430916357],[-61.0131311416626,14.632337406275624],[-61.01501941680908,14.632378929731857],[-61.014976501464844,14.634164430916357],[-61.0131311416626,14.634164430916357]]]},"id":1331293493,"properties":{"GEO":"CRS5490RES200mN1618600E713800","GEO_OBJECT":"C200M","OBS_STATUS":"A","lcog_geo":"97213","ind":89.5,"men":41,"men_pauv":7,"men_1ind":15,"men_5ind":2,"men_prop":22,"men_fmp":6,"ind_snv":2283242,"men_surf":3933,"men_coll":9,"men_mais":32,"log_soc":0,"ind_inc":0,"log":41,"ind_0_17":12.5,"ind_65p":22}},{"type":"Feature","geometry":{"type":"Polygon","coordinates":[[[-61.01501941680908,14.632378929731857],[-61.0131311416626,14.632337406275624],[-61.013174057006836,14.630551890226101],[-61.01501941680908,14.630551890226101],[-61.01501941680908,14.632378929731857]]]},"id":1331293394,"properties":{"GEO":"CRS5490RES200mN1618400E713800","GEO_OBJECT":"C200M","OBS_STATUS":"A","lcog_geo":"97213","ind":31,"men":16,"men_pauv":3,"men_1ind":8,"men_5ind":1,"men_prop":10,"men_fmp":4,"ind_snv":835406.4,"men_surf":1225,"men_coll":0,"men_mais":16,"log_soc":0,"ind_inc":0,"log":16,"ind_0_17":4,"ind_65p":6}},{"type":"Feature","geometry":{"type":"Polygon","coordinates":[[[-61.014976501464844,14.634164430916357],[-61.01501941680908,14.632378929731857],[-61.01686477661133,14.632378929731857],[-61.01682186126709,14.634164430916357],[-61.014976501464844,14.634164430916357]]]},"id":1331293492,"properties":{"GEO":"CRS5490RES200mN1618600E713600","GEO_OBJECT":"C200M","OBS_STATUS":"A","lcog_geo":"97213","ind":74,"men":35,"men_pauv":5,"men_1ind":13,"men_5ind":1,"men_prop":25,"men_fmp":4,"ind_snv":1884609.5,"men_surf":3713,"men_coll":15,"men_mais":20,"log_soc":0,"ind_inc":0,"log":35,"ind_0_17":16,"ind_65p":32}},{"type":"Feature","geometry":{"type":"Polygon","coordinates":[[[-61.01124286651611,14.635949917572049],[-61.01128578186035,14.634122907797988],[-61.0131311416626,14.634164430916357],[-61.0131311416626,14.635949917572049],[-61.01124286651611,14.635949917572049]]]},"id":1331293597,"properties":{"GEO":"CRS5490RES200mN1618800E714000","GEO_OBJECT":"C200M","OBS_STATUS":"A","lcog_geo":"97213","ind":70,"men":31,"men_pauv":8,"men_1ind":13,"men_5ind":4,"men_prop":18,"men_fmp":5,"ind_snv":1949384.2,"men_surf":3318,"men_coll":6,"men_mais":25,"log_soc":0,"ind_inc":0,"log":31,"ind_0_17":18,"ind_65p":20}},{"type":"Feature","geometry":{"type":"Polygon","coordinates":[[[-61.0131311416626,14.634164430916357],[-61.01128578186035,14.634122907797988],[-61.01128578186035,14.632337406275624],[-61.0131311416626,14.632337406275624],[-61.0131311416626,14.634164430916357]]]},"id":1331293494,"properties":{"GEO":"CRS5490RES200mN1618600E714000","GEO_OBJECT":"C200M","OBS_STATUS":"A","lcog_geo":"97213","ind":70.5,"men":33,"men_pauv":7,"men_1ind":12,"men_5ind":1,"men_prop":20,"men_fmp":10,"ind_snv":1897173.8,"men_surf":3156,"men_coll":5,"men_mais":28,"log_soc":0,"ind_inc":0,"log":33,"ind_0_17":10.5,"ind_65p":24}},{"type":"Feature","geometry":{"type":"Polygon","coordinates":[[[-61.01308822631836,14.637776912132011],[-61.01124286651611,14.63773538969734],[-61.01124286651611,14.635949917572049],[-61.0131311416626,14.635949917572049],[-61.01308822631836,14.637776912132011]]]},"id":1331293696,"properties":{"GEO":"CRS5490RES200mN1619000E714000","GEO_OBJECT":"C200M","OBS_STATUS":"I","lcog_geo":"97213","ind":4,"men":1.6,"men_pauv":0.5,"men_1ind":0.4,"men_5ind":0.2,"men_prop":1.2,"men_fmp":0.2,"ind_snv":101519.9,"men_surf":156.3,"men_coll":0.4,"men_mais":1.2,"log_soc":0,"ind_inc":0,"log":1.6,"ind_0_17":0.9,"ind_65p":1.2}},{"type":"Feature","geometry":{"type":"Polygon","coordinates":[[[-61.014976501464844,14.63599144034464],[-61.0131311416626,14.635949917572049],[-61.0131311416626,14.634164430916357],[-61.014976501464844,14.634164430916357],[-61.014976501464844,14.63599144034464]]]},"id":1331293596,"properties":{"GEO":"CRS5490RES200mN1618800E713800","GEO_OBJECT":"C200M","OBS_STATUS":"A","lcog_geo":"97213","ind":22,"men":11,"men_pauv":2,"men_1ind":2,"men_5ind":0,"men_prop":7,"men_fmp":2,"ind_snv":556200.6,"men_surf":1068,"men_coll":3,"men_mais":8,"log_soc":0,"ind_inc":0,"log":11,"ind_0_17":1,"ind_65p":12}},{"type":"Feature","geometry":{"type":"Polygon","coordinates":[[[-61.014976501464844,14.63599144034464],[-61.014976501464844,14.634164430916357],[-61.01682186126709,14.634164430916357],[-61.01682186126709,14.63599144034464],[-61.014976501464844,14.63599144034464]]]},"id":1331293595,"properties":{"GEO":"CRS5490RES200mN1618800E713600","GEO_OBJECT":"C200M","OBS_STATUS":"I","lcog_geo":"97213","ind":11,"men":5.9,"men_pauv":1.4,"men_1ind":2.7,"men_5ind":0.3,"men_prop":4.2,"men_fmp":0.8,"ind_snv":332358.1,"men_surf":739.1,"men_coll":1.2,"men_mais":4.7,"log_soc":0,"ind_inc":0,"log":5.9,"ind_0_17":1,"ind_65p":4.1}},{"type":"Feature","geometry":{"type":"Polygon","coordinates":[[[-61.01682186126709,14.63599144034464],[-61.01682186126709,14.634164430916357],[-61.018710136413574,14.63420595402684],[-61.018667221069336,14.63599144034464],[-61.01682186126709,14.63599144034464]]]},"id":1331293594,"properties":{"GEO":"CRS5490RES200mN1618800E713400","GEO_OBJECT":"C200M","OBS_STATUS":"I","lcog_geo":"97213","ind":22,"men":11.8,"men_pauv":2.7,"men_1ind":5.4,"men_5ind":0.6,"men_prop":8.4,"men_fmp":1.5,"ind_snv":664716.3,"men_surf":1478.2,"men_coll":2.4,"men_mais":9.4,"log_soc":0,"ind_inc":0,"log":11.8,"ind_0_17":2.1,"ind_65p":8.2}},{"type":"Feature","geometry":{"type":"Polygon","coordinates":[[[-61.018710136413574,14.63420595402684],[-61.01682186126709,14.634164430916357],[-61.01686477661133,14.632378929731857],[-61.018710136413574,14.632378929731857],[-61.018710136413574,14.63420595402684]]]},"id":1331293491,"properties":{"GEO":"CRS5490RES200mN1618600E713400","GEO_OBJECT":"C200M","OBS_STATUS":"A","lcog_geo":"97213","ind":33,"men":17,"men_pauv":2,"men_1ind":8,"men_5ind":0,"men_prop":15,"men_fmp":2,"ind_snv":1235782.1,"men_surf":2202,"men_coll":5,"men_mais":12,"log_soc":0,"ind_inc":0,"log":17,"ind_0_17":7,"ind_65p":10}},{"type":"Feature","geometry":{"type":"Polygon","coordinates":[[[-61.00935459136963,14.639562369387278],[-61.00750923156738,14.639520847290598],[-61.00750923156738,14.63773538969734],[-61.00939750671387,14.63773538969734],[-61.00935459136963,14.639562369387278]]]},"id":1331293791,"properties":{"GEO":"CRS5490RES200mN1619200E714400","GEO_OBJECT":"C200M","OBS_STATUS":"A","lcog_geo":"97213","ind":36,"men":16,"men_pauv":8,"men_1ind":7,"men_5ind":1,"men_prop":9,"men_fmp":2,"ind_snv":545597.8,"men_surf":1183,"men_coll":0,"men_mais":16,"log_soc":0,"ind_inc":0,"log":16,"ind_0_17":4,"ind_65p":10}},{"type":"Feature","geometry":{"type":"Polygon","coordinates":[[[-61.00750923156738,14.63773538969734],[-61.00755214691162,14.635908394791585],[-61.00939750671387,14.635908394791585],[-61.00939750671387,14.63773538969734],[-61.00750923156738,14.63773538969734]]]},"id":1331293698,"properties":{"GEO":"CRS5490RES200mN1619000E714400","GEO_OBJECT":"C200M","OBS_STATUS":"A","lcog_geo":"97213","ind":34,"men":13,"men_pauv":4,"men_1ind":5,"men_5ind":2,"men_prop":10,"men_fmp":0,"ind_snv":573896.1,"men_surf":1074,"men_coll":5,"men_mais":8,"log_soc":0,"ind_inc":0,"log":13,"ind_0_17":9,"ind_65p":6}},{"type":"Feature","geometry":{"type":"Polygon","coordinates":[[[-61.00750923156738,14.641347812108876],[-61.00750923156738,14.639520847290598],[-61.00935459136963,14.639562369387278],[-61.00935459136963,14.641347812108876],[-61.00750923156738,14.641347812108876]]]},"id":1331293877,"properties":{"GEO":"CRS5490RES200mN1619400E714400","GEO_OBJECT":"C200M","OBS_STATUS":"A","lcog_geo":"97213","ind":48,"men":21,"men_pauv":6,"men_1ind":8,"men_5ind":1,"men_prop":14,"men_fmp":1,"ind_snv":1298711.6,"men_surf":1818,"men_coll":4,"men_mais":17,"log_soc":0,"ind_inc":0,"log":21,"ind_0_17":11,"ind_65p":17}},{"type":"Feature","geometry":{"type":"Polygon","coordinates":[[[-61.01124286651611,14.639562369387278],[-61.01124286651611,14.63773538969734],[-61.01308822631836,14.637776912132011],[-61.01308822631836,14.639562369387278],[-61.01124286651611,14.639562369387278]]]},"id":1331293789,"properties":{"GEO":"CRS5490RES200mN1619200E714000","GEO_OBJECT":"C200M","OBS_STATUS":"I","lcog_geo":"97213","ind":7,"men":2.7,"men_pauv":0.8,"men_1ind":0.6,"men_5ind":0.3,"men_prop":2.1,"men_fmp":0.4,"ind_snv":177659.9,"men_surf":273.5,"men_coll":0.7,"men_mais":2,"log_soc":0,"ind_inc":0,"log":2.7,"ind_0_17":1.7,"ind_65p":2.1}},{"type":"Feature","geometry":{"type":"Polygon","coordinates":[[[-61.00935459136963,14.64317476170794],[-61.00935459136963,14.641347812108876],[-61.011199951171875,14.641347812108876],[-61.011199951171875,14.64317476170794],[-61.00935459136963,14.64317476170794]]]},"id":1331293967,"properties":{"GEO":"CRS5490RES200mN1619600E714200","GEO_OBJECT":"C200M","OBS_STATUS":"I","lcog_geo":"97213","ind":13,"men":5.1,"men_pauv":1.5,"men_1ind":1.2,"men_5ind":0.5,"men_prop":3.9,"men_fmp":0.7,"ind_snv":329939.8,"men_surf":508,"men_coll":1.3,"men_mais":3.8,"log_soc":0,"ind_inc":0,"log":5.1,"ind_0_17":3.1,"ind_65p":4}},{"type":"Feature","geometry":{"type":"Polygon","coordinates":[[[-61.011199951171875,14.64317476170794],[-61.011199951171875,14.641347812108876],[-61.01304531097412,14.641389333859678],[-61.01304531097412,14.64317476170794],[-61.011199951171875,14.64317476170794]]]},"id":1331293966,"properties":{"GEO":"CRS5490RES200mN1619600E714000","GEO_OBJECT":"C200M","OBS_STATUS":"A","lcog_geo":"97213","ind":52.5,"men":19,"men_pauv":4,"men_1ind":2,"men_5ind":1,"men_prop":14,"men_fmp":5,"ind_snv":1391911,"men_surf":2300,"men_coll":6,"men_mais":13,"log_soc":0,"ind_inc":0,"log":19,"ind_0_17":12.5,"ind_65p":11}},{"type":"Feature","geometry":{"type":"Polygon","coordinates":[[[-61.00935459136963,14.641347812108876],[-61.00935459136963,14.639562369387278],[-61.01124286651611,14.639562369387278],[-61.011199951171875,14.641347812108876],[-61.00935459136963,14.641347812108876]]]},"id":1331293876,"properties":{"GEO":"CRS5490RES200mN1619400E714200","GEO_OBJECT":"C200M","OBS_STATUS":"A","lcog_geo":"97213","ind":57,"men":29,"men_pauv":8,"men_1ind":13,"men_5ind":0,"men_prop":15,"men_fmp":5,"ind_snv":1381541.2,"men_surf":2298,"men_coll":10,"men_mais":19,"log_soc":0,"ind_inc":0,"log":29,"ind_0_17":11,"ind_65p":11}},{"type":"Feature","geometry":{"type":"Polygon","coordinates":[[[-61.01304531097412,14.641389333859678],[-61.011199951171875,14.641347812108876],[-61.01124286651611,14.639562369387278],[-61.01308822631836,14.639562369387278],[-61.01304531097412,14.641389333859678]]]},"id":1331293875,"properties":{"GEO":"CRS5490RES200mN1619400E714000","GEO_OBJECT":"C200M","OBS_STATUS":"A","lcog_geo":"97213","ind":29,"men":14,"men_pauv":5,"men_1ind":5,"men_5ind":0,"men_prop":7,"men_fmp":5,"ind_snv":608782.8,"men_surf":1254,"men_coll":7,"men_mais":7,"log_soc":0,"ind_inc":0,"log":14,"ind_0_17":7,"ind_65p":9}},{"type":"Feature","geometry":{"type":"Polygon","coordinates":[[[-61.00935459136963,14.639562369387278],[-61.00939750671387,14.63773538969734],[-61.01124286651611,14.63773538969734],[-61.01124286651611,14.639562369387278],[-61.00935459136963,14.639562369387278]]]},"id":1331293790,"properties":{"GEO":"CRS5490RES200mN1619200E714200","GEO_OBJECT":"C200M","OBS_STATUS":"A","lcog_geo":"97213","ind":44,"men":25,"men_pauv":9,"men_1ind":13,"men_5ind":0,"men_prop":14,"men_fmp":8,"ind_snv":782164.5,"men_surf":1753,"men_coll":2,"men_mais":23,"log_soc":0,"ind_inc":0,"log":25,"ind_0_17":4,"ind_65p":21}},{"type":"Feature","geometry":{"type":"Polygon","coordinates":[[[-61.007466316223145,14.644960175019222],[-61.007466316223145,14.643133240295171],[-61.00935459136963,14.64317476170794],[-61.00931167602539,14.644960175019222],[-61.007466316223145,14.644960175019222]]]},"id":1331294077,"properties":{"GEO":"CRS5490RES200mN1619800E714400","GEO_OBJECT":"C200M","OBS_STATUS":"I","lcog_geo":"97213","ind":1,"men":0.4,"men_pauv":0.1,"men_1ind":0.1,"men_5ind":0,"men_prop":0.3,"men_fmp":0.1,"ind_snv":25380,"men_surf":39.1,"men_coll":0.1,"men_mais":0.3,"log_soc":0,"ind_inc":0,"log":0.4,"ind_0_17":0.2,"ind_65p":0.30000000000000004}},{"type":"Feature","geometry":{"type":"Polygon","coordinates":[[[-61.00935459136963,14.64317476170794],[-61.007466316223145,14.643133240295171],[-61.00750923156738,14.641347812108876],[-61.00935459136963,14.641347812108876],[-61.00935459136963,14.64317476170794]]]},"id":1331293968,"properties":{"GEO":"CRS5490RES200mN1619600E714400","GEO_OBJECT":"C200M","OBS_STATUS":"I","lcog_geo":"97213","ind":7,"men":2.7,"men_pauv":0.8,"men_1ind":0.6,"men_5ind":0.3,"men_prop":2.1,"men_fmp":0.4,"ind_snv":177659.9,"men_surf":273.5,"men_coll":0.7,"men_mais":2,"log_soc":0,"ind_inc":0,"log":2.7,"ind_0_17":1.7,"ind_65p":2.1}},{"type":"Feature","geometry":{"type":"Polygon","coordinates":[[[-61.00931167602539,14.644960175019222],[-61.00935459136963,14.64317476170794],[-61.011199951171875,14.64317476170794],[-61.01115703582764,14.644960175019222],[-61.00931167602539,14.644960175019222]]]},"id":1331294076,"properties":{"GEO":"CRS5490RES200mN1619800E714200","GEO_OBJECT":"C200M","OBS_STATUS":"I","lcog_geo":"97213","ind":14,"men":5.5,"men_pauv":1.6,"men_1ind":1.2,"men_5ind":0.5,"men_prop":4.3,"men_fmp":0.7,"ind_snv":355319.8,"men_surf":547.1,"men_coll":1.4,"men_mais":4.1,"log_soc":0,"ind_inc":0,"log":5.5,"ind_0_17":3.3,"ind_65p":4.300000000000001}},{"type":"Feature","geometry":{"type":"Polygon","coordinates":[[[-61.00557804107666,14.646745573791947],[-61.0056209564209,14.644918653944544],[-61.007466316223145,14.644960175019222],[-61.007466316223145,14.646745573791947],[-61.00557804107666,14.646745573791947]]]},"id":1331294164,"properties":{"GEO":"CRS5490RES200mN1620000E714600","GEO_OBJECT":"C200M","OBS_STATUS":"I","lcog_geo":"97213","ind":4,"men":1.4,"men_pauv":0.1,"men_1ind":0.2,"men_5ind":0.2,"men_prop":1.2,"men_fmp":0.3,"ind_snv":113240.4,"men_surf":143.6,"men_coll":0.1,"men_mais":1.3,"log_soc":0,"ind_inc":0,"log":1.4,"ind_0_17":1.4,"ind_65p":0.6}},{"type":"Feature","geometry":{"type":"Polygon","coordinates":[[[-61.007466316223145,14.644960175019222],[-61.0056209564209,14.644918653944544],[-61.0056209564209,14.643133240295171],[-61.007466316223145,14.643133240295171],[-61.007466316223145,14.644960175019222]]]},"id":1331294078,"properties":{"GEO":"CRS5490RES200mN1619800E714600","GEO_OBJECT":"C200M","OBS_STATUS":"I","lcog_geo":"97213","ind":2,"men":0.8,"men_pauv":0.2,"men_1ind":0.2,"men_5ind":0.1,"men_prop":0.6,"men_fmp":0.1,"ind_snv":50760,"men_surf":78.2,"men_coll":0.2,"men_mais":0.6,"log_soc":0,"ind_inc":0,"log":0.8,"ind_0_17":0.5,"ind_65p":0.6}},{"type":"Feature","geometry":{"type":"Polygon","coordinates":[[[-61.007423400878906,14.64857247841499],[-61.00557804107666,14.648530958024466],[-61.00557804107666,14.646745573791947],[-61.007466316223145,14.646745573791947],[-61.007423400878906,14.64857247841499]]]},"id":1331294246,"properties":{"GEO":"CRS5490RES200mN1620200E714600","GEO_OBJECT":"C200M","OBS_STATUS":"A","lcog_geo":"97213","ind":22,"men":14,"men_pauv":4,"men_1ind":7,"men_5ind":0,"men_prop":10,"men_fmp":4,"ind_snv":529407,"men_surf":1257,"men_coll":2,"men_mais":12,"log_soc":0,"ind_inc":0,"log":14,"ind_0_17":1,"ind_65p":3}},{"type":"Feature","geometry":{"type":"Polygon","coordinates":[[[-61.00931167602539,14.646787094520633],[-61.00931167602539,14.644960175019222],[-61.01115703582764,14.644960175019222],[-61.01115703582764,14.646787094520633],[-61.00931167602539,14.646787094520633]]]},"id":1331294163,"properties":{"GEO":"CRS5490RES200mN1620000E714200","GEO_OBJECT":"C200M","OBS_STATUS":"A","lcog_geo":"97213","ind":75,"men":33,"men_pauv":5,"men_1ind":8,"men_5ind":1,"men_prop":8,"men_fmp":15,"ind_snv":1803145.9,"men_surf":2583,"men_coll":27,"men_mais":6,"log_soc":0,"ind_inc":0,"log":33,"ind_0_17":23,"ind_65p":0}},{"type":"Feature","geometry":{"type":"Polygon","coordinates":[[[-61.01115703582764,14.646787094520633],[-61.01115703582764,14.644960175019222],[-61.01304531097412,14.645001696086041],[-61.01300239562988,14.646787094520633],[-61.01115703582764,14.646787094520633]]]},"id":1331294162,"properties":{"GEO":"CRS5490RES200mN1620000E714000","GEO_OBJECT":"C200M","OBS_STATUS":"I","lcog_geo":"97213","ind":6,"men":2.1,"men_pauv":0.1,"men_1ind":0.4,"men_5ind":0.4,"men_prop":1.8,"men_fmp":0.4,"ind_snv":169860.5,"men_surf":215.4,"men_coll":0.2,"men_mais":1.9,"log_soc":0,"ind_inc":0,"log":2.0999999999999996,"ind_0_17":2.0999999999999996,"ind_65p":0.8}},{"type":"Feature","geometry":{"type":"Polygon","coordinates":[[[-61.01304531097412,14.645001696086041],[-61.01115703582764,14.644960175019222],[-61.011199951171875,14.64317476170794],[-61.01304531097412,14.64317476170794],[-61.01304531097412,14.645001696086041]]]},"id":1331294075,"properties":{"GEO":"CRS5490RES200mN1619800E714000","GEO_OBJECT":"C200M","OBS_STATUS":"I","lcog_geo":"97213","ind":22,"men":8.6,"men_pauv":2.5,"men_1ind":1.9,"men_5ind":0.8,"men_prop":6.7,"men_fmp":1.1,"ind_snv":558359.7,"men_surf":859.7,"men_coll":2.2,"men_mais":6.4,"log_soc":0,"ind_inc":0,"log":8.600000000000001,"ind_0_17":5.2,"ind_65p":6.7}},{"type":"Feature","geometry":{"type":"Polygon","coordinates":[[[-61.01308822631836,14.637776912132011],[-61.0131311416626,14.635949917572049],[-61.014976501464844,14.63599144034464],[-61.014933586120605,14.637776912132011],[-61.01308822631836,14.637776912132011]]]},"id":1331293695,"properties":{"GEO":"CRS5490RES200mN1619000E713800","GEO_OBJECT":"C200M","OBS_STATUS":"I","lcog_geo":"97213","ind":4,"men":1.9,"men_pauv":0.5,"men_1ind":0.8,"men_5ind":0.2,"men_prop":1.7,"men_fmp":0.3,"ind_snv":93643,"men_surf":205.7,"men_coll":0.2,"men_mais":1.7,"log_soc":0,"ind_inc":0,"log":1.9,"ind_0_17":0.7,"ind_65p":1.1}},{"type":"Feature","geometry":{"type":"Polygon","coordinates":[[[-61.01682186126709,14.63781843455881],[-61.014933586120605,14.637776912132011],[-61.014976501464844,14.63599144034464],[-61.01682186126709,14.63599144034464],[-61.01682186126709,14.63781843455881]]]},"id":1331293694,"properties":{"GEO":"CRS5490RES200mN1619000E713600","GEO_OBJECT":"C200M","OBS_STATUS":"I","lcog_geo":"97213","ind":8,"men":3.8,"men_pauv":1,"men_1ind":1.6,"men_5ind":0.3,"men_prop":3.4,"men_fmp":0.6,"ind_snv":187286.1,"men_surf":411.5,"men_coll":0.4,"men_mais":3.4,"log_soc":0,"ind_inc":0,"log":3.8,"ind_0_17":1.3,"ind_65p":2.2}},{"type":"Feature","geometry":{"type":"Polygon","coordinates":[[[-61.01304531097412,14.641389333859678],[-61.01308822631836,14.639562369387278],[-61.014933586120605,14.639603891476114],[-61.014933586120605,14.641389333859678],[-61.01304531097412,14.641389333859678]]]},"id":1331293874,"properties":{"GEO":"CRS5490RES200mN1619400E713800","GEO_OBJECT":"C200M","OBS_STATUS":"I","lcog_geo":"97213","ind":9,"men":4.3,"men_pauv":1.1,"men_1ind":1.8,"men_5ind":0.4,"men_prop":3.8,"men_fmp":0.6,"ind_snv":210696.8,"men_surf":462.9,"men_coll":0.5,"men_mais":3.8,"log_soc":0,"ind_inc":0,"log":4.3,"ind_0_17":1.6,"ind_65p":2.4}},{"type":"Feature","geometry":{"type":"Polygon","coordinates":[[[-61.01489067077637,14.643216283112835],[-61.014933586120605,14.641389333859678],[-61.01677894592285,14.64143085560265],[-61.01677894592285,14.643216283112835],[-61.01489067077637,14.643216283112835]]]},"id":1331293965,"properties":{"GEO":"CRS5490RES200mN1619600E713600","GEO_OBJECT":"C200M","OBS_STATUS":"I","lcog_geo":"97213","ind":8,"men":3.8,"men_pauv":1,"men_1ind":1.6,"men_5ind":0.3,"men_prop":3.4,"men_fmp":0.6,"ind_snv":187286.1,"men_surf":411.5,"men_coll":0.4,"men_mais":3.4,"log_soc":0,"ind_inc":0,"log":3.8,"ind_0_17":1.3,"ind_65p":2.2}},{"type":"Feature","geometry":{"type":"Polygon","coordinates":[[[-61.01677894592285,14.64143085560265],[-61.014933586120605,14.641389333859678],[-61.014933586120605,14.639603891476114],[-61.01677894592285,14.639603891476114],[-61.01677894592285,14.64143085560265]]]},"id":1331293873,"properties":{"GEO":"CRS5490RES200mN1619400E713600","GEO_OBJECT":"C200M","OBS_STATUS":"I","lcog_geo":"97213","ind":3,"men":1.4,"men_pauv":0.4,"men_1ind":0.6,"men_5ind":0.1,"men_prop":1.3,"men_fmp":0.2,"ind_snv":70232.3,"men_surf":154.3,"men_coll":0.2,"men_mais":1.2,"log_soc":0,"ind_inc":0,"log":1.4000000000000001,"ind_0_17":0.5,"ind_65p":0.8}},{"type":"Feature","geometry":{"type":"Polygon","coordinates":[[[-61.01304531097412,14.645001696086041],[-61.01304531097412,14.64317476170794],[-61.01489067077637,14.643216283112835],[-61.01489067077637,14.645001696086041],[-61.01304531097412,14.645001696086041]]]},"id":1331294074,"properties":{"GEO":"CRS5490RES200mN1619800E713800","GEO_OBJECT":"C200M","OBS_STATUS":"I","lcog_geo":"97213","ind":7,"men":3.4,"men_pauv":0.9,"men_1ind":1.4,"men_5ind":0.3,"men_prop":3,"men_fmp":0.5,"ind_snv":163875.3,"men_surf":360.1,"men_coll":0.4,"men_mais":3,"log_soc":0,"ind_inc":0,"log":3.4000000000000004,"ind_0_17":1.2,"ind_65p":1.9}},{"type":"Feature","geometry":{"type":"Polygon","coordinates":[[[-61.01115703582764,14.648613998797657],[-61.01115703582764,14.646787094520633],[-61.01300239562988,14.646787094520633],[-61.01300239562988,14.648613998797657],[-61.01115703582764,14.648613998797657]]]},"id":1331294243,"properties":{"GEO":"CRS5490RES200mN1620200E714000","GEO_OBJECT":"C200M","OBS_STATUS":"I","lcog_geo":"97213","ind":6,"men":2.1,"men_pauv":0.1,"men_1ind":0.4,"men_5ind":0.4,"men_prop":1.8,"men_fmp":0.4,"ind_snv":169860.5,"men_surf":215.4,"men_coll":0.2,"men_mais":1.9,"log_soc":0,"ind_inc":0,"log":2.0999999999999996,"ind_0_17":2.0999999999999996,"ind_65p":0.8}},{"type":"Feature","geometry":{"type":"Polygon","coordinates":[[[-61.01300239562988,14.648613998797657],[-61.01300239562988,14.646787094520633],[-61.01489067077637,14.64682861524146],[-61.01484775543213,14.648613998797657],[-61.01300239562988,14.648613998797657]]]},"id":1331294242,"properties":{"GEO":"CRS5490RES200mN1620200E713800","GEO_OBJECT":"C200M","OBS_STATUS":"I","lcog_geo":"97213","ind":6,"men":2.4,"men_pauv":0.3,"men_1ind":0.9,"men_5ind":0.3,"men_prop":2.1,"men_fmp":0.1,"ind_snv":164824.6,"men_surf":251.1,"men_coll":0.3,"men_mais":2.1,"log_soc":0,"ind_inc":0,"log":2.4000000000000004,"ind_0_17":1.3,"ind_65p":1.3}},{"type":"Feature","geometry":{"type":"Polygon","coordinates":[[[-61.01489067077637,14.64682861524146],[-61.01489067077637,14.645001696086041],[-61.01673603057861,14.645043217144988],[-61.01673603057861,14.64682861524146],[-61.01489067077637,14.64682861524146]]]},"id":1331294161,"properties":{"GEO":"CRS5490RES200mN1620000E713600","GEO_OBJECT":"C200M","OBS_STATUS":"I","lcog_geo":"97213","ind":1,"men":0.4,"men_pauv":0.1,"men_1ind":0.1,"men_5ind":0.1,"men_prop":0.4,"men_fmp":0,"ind_snv":27470.8,"men_surf":41.9,"men_coll":0.1,"men_mais":0.3,"log_soc":0,"ind_inc":0,"log":0.4,"ind_0_17":0.1,"ind_65p":0.30000000000000004}},{"type":"Feature","geometry":{"type":"Polygon","coordinates":[[[-61.01673603057861,14.645043217144988],[-61.01489067077637,14.645001696086041],[-61.01489067077637,14.643216283112835],[-61.01677894592285,14.643216283112835],[-61.01673603057861,14.645043217144988]]]},"id":1331294073,"properties":{"GEO":"CRS5490RES200mN1619800E713600","GEO_OBJECT":"C200M","OBS_STATUS":"I","lcog_geo":"97213","ind":5,"men":2.4,"men_pauv":0.6,"men_1ind":1,"men_5ind":0.2,"men_prop":2.1,"men_fmp":0.4,"ind_snv":117053.8,"men_surf":257.2,"men_coll":0.3,"men_mais":2.1,"log_soc":0,"ind_inc":0,"log":2.4000000000000004,"ind_0_17":0.8,"ind_65p":1.4}},{"type":"Feature","geometry":{"type":"Polygon","coordinates":[[[-61.01677894592285,14.643216283112835],[-61.01677894592285,14.64143085560265],[-61.0186243057251,14.64143085560265],[-61.0186243057251,14.643216283112835],[-61.01677894592285,14.643216283112835]]]},"id":1331293964,"properties":{"GEO":"CRS5490RES200mN1619600E713400","GEO_OBJECT":"C200M","OBS_STATUS":"I","lcog_geo":"97213","ind":9,"men":4.3,"men_pauv":1.1,"men_1ind":1.8,"men_5ind":0.4,"men_prop":3.8,"men_fmp":0.6,"ind_snv":210696.8,"men_surf":462.9,"men_coll":0.5,"men_mais":3.8,"log_soc":0,"ind_inc":0,"log":4.3,"ind_0_17":1.6,"ind_65p":2.4}},{"type":"Feature","geometry":{"type":"Polygon","coordinates":[[[-61.01673603057861,14.645043217144988],[-61.01677894592285,14.643216283112835],[-61.0186243057251,14.643216283112835],[-61.01858139038086,14.645043217144988],[-61.01673603057861,14.645043217144988]]]},"id":1331294072,"properties":{"GEO":"CRS5490RES200mN1619800E713400","GEO_OBJECT":"C200M","OBS_STATUS":"I","lcog_geo":"97213","ind":9,"men":4.3,"men_pauv":1.1,"men_1ind":1.8,"men_5ind":0.4,"men_prop":3.8,"men_fmp":0.6,"ind_snv":210696.8,"men_surf":462.9,"men_coll":0.5,"men_mais":3.8,"log_soc":0,"ind_inc":0,"log":4.3,"ind_0_17":1.6,"ind_65p":2.4}},{"type":"Feature","geometry":{"type":"Polygon","coordinates":[[[-61.018710136413574,14.630593414020154],[-61.01875305175781,14.628766359651053],[-61.02059841156006,14.628807883782883],[-61.02059841156006,14.630593414020154],[-61.018710136413574,14.630593414020154]]]},"id":1331293301,"properties":{"GEO":"CRS5490RES200mN1618200E713200","GEO_OBJECT":"C200M","OBS_STATUS":"I","lcog_geo":"97213","ind":7,"men":3.7,"men_pauv":0.9,"men_1ind":1.7,"men_5ind":0.2,"men_prop":2.7,"men_fmp":0.5,"ind_snv":211500.6,"men_surf":470.3,"men_coll":0.7,"men_mais":3,"log_soc":0,"ind_inc":0,"log":3.7,"ind_0_17":0.7,"ind_65p":2.5999999999999996}},{"type":"Feature","geometry":{"type":"Polygon","coordinates":[[[-61.02055549621582,14.632420453180202],[-61.018710136413574,14.632378929731857],[-61.018710136413574,14.630593414020154],[-61.02059841156006,14.630593414020154],[-61.02055549621582,14.632420453180202]]]},"id":1331293391,"properties":{"GEO":"CRS5490RES200mN1618400E713200","GEO_OBJECT":"C200M","OBS_STATUS":"I","lcog_geo":"97213","ind":4,"men":2.1,"men_pauv":0.5,"men_1ind":1,"men_5ind":0.1,"men_prop":1.5,"men_fmp":0.3,"ind_snv":120857.5,"men_surf":268.8,"men_coll":0.4,"men_mais":1.7,"log_soc":0,"ind_inc":0,"log":2.0999999999999996,"ind_0_17":0.4,"ind_65p":1.5}},{"type":"Feature","geometry":{"type":"Polygon","coordinates":[[[-61.02055549621582,14.632420453180202],[-61.02059841156006,14.630593414020154],[-61.022443771362305,14.630634937806335],[-61.022443771362305,14.632420453180202],[-61.02055549621582,14.632420453180202]]]},"id":1331293390,"properties":{"GEO":"CRS5490RES200mN1618400E713000","GEO_OBJECT":"C200M","OBS_STATUS":"A","lcog_geo":"97213","ind":74.5,"men":37,"men_pauv":6,"men_1ind":14,"men_5ind":1,"men_prop":23,"men_fmp":10,"ind_snv":1951508.2,"men_surf":2659,"men_coll":21,"men_mais":16,"log_soc":0,"ind_inc":0,"log":37,"ind_0_17":16.5,"ind_65p":7}},{"type":"Feature","geometry":{"type":"Polygon","coordinates":[[[-61.018710136413574,14.63420595402684],[-61.018710136413574,14.632378929731857],[-61.02055549621582,14.632420453180202],[-61.02055549621582,14.63420595402684],[-61.018710136413574,14.63420595402684]]]},"id":1331293490,"properties":{"GEO":"CRS5490RES200mN1618600E713200","GEO_OBJECT":"C200M","OBS_STATUS":"A","lcog_geo":"97213","ind":35,"men":15,"men_pauv":1,"men_1ind":4,"men_5ind":0,"men_prop":11,"men_fmp":3,"ind_snv":1289067.5,"men_surf":2003,"men_coll":2,"men_mais":13,"log_soc":0,"ind_inc":0,"log":15,"ind_0_17":10,"ind_65p":12}},{"type":"Feature","geometry":{"type":"Polygon","coordinates":[[[-61.01682186126709,14.63781843455881],[-61.01682186126709,14.63599144034464],[-61.018667221069336,14.63599144034464],[-61.018667221069336,14.63781843455881],[-61.01682186126709,14.63781843455881]]]},"id":1331293693,"properties":{"GEO":"CRS5490RES200mN1619000E713400","GEO_OBJECT":"C200M","OBS_STATUS":"I","lcog_geo":"97213","ind":2,"men":1,"men_pauv":0.3,"men_1ind":0.4,"men_5ind":0.1,"men_prop":0.8,"men_fmp":0.1,"ind_snv":46821.5,"men_surf":102.9,"men_coll":0.1,"men_mais":0.9,"log_soc":0,"ind_inc":0,"log":1,"ind_0_17":0.4,"ind_65p":0.5}},{"type":"Feature","geometry":{"type":"Polygon","coordinates":[[[-61.018667221069336,14.63781843455881],[-61.018667221069336,14.63599144034464],[-61.02055549621582,14.6360329631094],[-61.02051258087158,14.63781843455881],[-61.018667221069336,14.63781843455881]]]},"id":1331293692,"properties":{"GEO":"CRS5490RES200mN1619000E713200","GEO_OBJECT":"C200M","OBS_STATUS":"A","lcog_geo":"97213","ind":42.5,"men":18,"men_pauv":5,"men_1ind":6,"men_5ind":2,"men_prop":11,"men_fmp":4,"ind_snv":1286120,"men_surf":1799,"men_coll":7,"men_mais":11,"log_soc":0,"ind_inc":0,"log":18,"ind_0_17":8.5,"ind_65p":11}},{"type":"Feature","geometry":{"type":"Polygon","coordinates":[[[-61.02055549621582,14.6360329631094],[-61.018667221069336,14.63599144034464],[-61.018710136413574,14.63420595402684],[-61.02055549621582,14.63420595402684],[-61.02055549621582,14.6360329631094]]]},"id":1331293593,"properties":{"GEO":"CRS5490RES200mN1618800E713200","GEO_OBJECT":"C200M","OBS_STATUS":"A","lcog_geo":"97213","ind":41,"men":18,"men_pauv":3,"men_1ind":5,"men_5ind":1,"men_prop":9,"men_fmp":2,"ind_snv":1045774.9,"men_surf":1705,"men_coll":6,"men_mais":12,"log_soc":0,"ind_inc":0,"log":18,"ind_0_17":5,"ind_65p":11}},{"type":"Feature","geometry":{"type":"Polygon","coordinates":[[[-61.02055549621582,14.6360329631094],[-61.02055549621582,14.63420595402684],[-61.022400856018066,14.634247477129492],[-61.022400856018066,14.6360329631094],[-61.02055549621582,14.6360329631094]]]},"id":1331293592,"properties":{"GEO":"CRS5490RES200mN1618800E713000","GEO_OBJECT":"C200M","OBS_STATUS":"A","lcog_geo":"97213","ind":63,"men":23,"men_pauv":3,"men_1ind":2,"men_5ind":1,"men_prop":16,"men_fmp":5,"ind_snv":1886886.5,"men_surf":2440,"men_coll":8,"men_mais":15,"log_soc":0,"ind_inc":0,"log":23,"ind_0_17":12,"ind_65p":16}},{"type":"Feature","geometry":{"type":"Polygon","coordinates":[[[-61.02235794067383,14.63785995697775],[-61.02051258087158,14.63781843455881],[-61.02055549621582,14.6360329631094],[-61.022400856018066,14.6360329631094],[-61.02235794067383,14.63785995697775]]]},"id":1331293691,"properties":{"GEO":"CRS5490RES200mN1619000E713000","GEO_OBJECT":"C200M","OBS_STATUS":"A","lcog_geo":"97213","ind":29,"men":15,"men_pauv":3,"men_1ind":6,"men_5ind":1,"men_prop":6,"men_fmp":4,"ind_snv":698673.3,"men_surf":1302,"men_coll":9,"men_mais":6,"log_soc":0,"ind_inc":0,"log":15,"ind_0_17":6,"ind_65p":7}},{"type":"Feature","geometry":{"type":"Polygon","coordinates":[[[-61.022400856018066,14.634247477129492],[-61.02055549621582,14.63420595402684],[-61.02055549621582,14.632420453180202],[-61.022443771362305,14.632420453180202],[-61.022400856018066,14.634247477129492]]]},"id":1331293489,"properties":{"GEO":"CRS5490RES200mN1618600E713000","GEO_OBJECT":"C200M","OBS_STATUS":"A","lcog_geo":"97213","ind":27,"men":17,"men_pauv":1,"men_1ind":11,"men_5ind":1,"men_prop":7,"men_fmp":3,"ind_snv":845345.6,"men_surf":1356,"men_coll":12,"men_mais":5,"log_soc":0,"ind_inc":0,"log":17,"ind_0_17":2,"ind_65p":2}},{"type":"Feature","geometry":{"type":"Polygon","coordinates":[[[-61.022443771362305,14.632420453180202],[-61.022443771362305,14.630634937806335],[-61.02428913116455,14.630634937806335],[-61.02428913116455,14.632420453180202],[-61.022443771362305,14.632420453180202]]]},"id":1331293389,"properties":{"GEO":"CRS5490RES200mN1618400E712800","GEO_OBJECT":"C200M","OBS_STATUS":"I","lcog_geo":"97213","ind":5,"men":2,"men_pauv":0.4,"men_1ind":0.6,"men_5ind":0.1,"men_prop":1.1,"men_fmp":0.2,"ind_snv":112456.1,"men_surf":166.4,"men_coll":0.5,"men_mais":1.5,"log_soc":0,"ind_inc":0,"log":2,"ind_0_17":1.3,"ind_65p":0.6}},{"type":"Feature","geometry":{"type":"Polygon","coordinates":[[[-61.022400856018066,14.634247477129492],[-61.022443771362305,14.632420453180202],[-61.02428913116455,14.632420453180202],[-61.02424621582031,14.634247477129492],[-61.022400856018066,14.634247477129492]]]},"id":1331293488,"properties":{"GEO":"CRS5490RES200mN1618600E712800","GEO_OBJECT":"C200M","OBS_STATUS":"A","lcog_geo":"97213","ind":26.5,"men":15,"men_pauv":4,"men_1ind":5,"men_5ind":0,"men_prop":8,"men_fmp":6,"ind_snv":672226.1,"men_surf":1515,"men_coll":8,"men_mais":7,"log_soc":0,"ind_inc":0,"log":15,"ind_0_17":3.5,"ind_65p":10}},{"type":"Feature","geometry":{"type":"Polygon","coordinates":[[[-61.02424621582031,14.634247477129492],[-61.02428913116455,14.632420453180202],[-61.0261344909668,14.632461976620704],[-61.0261344909668,14.634247477129492],[-61.02424621582031,14.634247477129492]]]},"id":1331293487,"properties":{"GEO":"CRS5490RES200mN1618600E712600","GEO_OBJECT":"C200M","OBS_STATUS":"A","lcog_geo":"97213","ind":56.5,"men":31,"men_pauv":13,"men_1ind":18,"men_5ind":1,"men_prop":16,"men_fmp":8,"ind_snv":1118542,"men_surf":2383,"men_coll":6,"men_mais":25,"log_soc":0,"ind_inc":0,"log":31,"ind_0_17":16.5,"ind_65p":12}},{"type":"Feature","geometry":{"type":"Polygon","coordinates":[[[-61.0261344909668,14.632461976620704],[-61.02428913116455,14.632420453180202],[-61.02428913116455,14.630634937806335],[-61.0261344909668,14.630634937806335],[-61.0261344909668,14.632461976620704]]]},"id":1331293388,"properties":{"GEO":"CRS5490RES200mN1618400E712600","GEO_OBJECT":"C200M","OBS_STATUS":"A","lcog_geo":"97213","ind":92,"men":40,"men_pauv":9,"men_1ind":11,"men_5ind":2,"men_prop":16,"men_fmp":9,"ind_snv":2084606.4,"men_surf":3491,"men_coll":24,"men_mais":16,"log_soc":0,"ind_inc":0,"log":40,"ind_0_17":20,"ind_65p":17}},{"type":"Feature","geometry":{"type":"Polygon","coordinates":[[[-61.02424621582031,14.636074485866274],[-61.02424621582031,14.634247477129492],[-61.0261344909668,14.634247477129492],[-61.02609157562256,14.636074485866274],[-61.02424621582031,14.636074485866274]]]},"id":1331293590,"properties":{"GEO":"CRS5490RES200mN1618800E712600","GEO_OBJECT":"C200M","OBS_STATUS":"A","lcog_geo":"97213","ind":26.5,"men":17,"men_pauv":4,"men_1ind":9,"men_5ind":0,"men_prop":9,"men_fmp":7,"ind_snv":595242.2,"men_surf":1344,"men_coll":8,"men_mais":9,"log_soc":0,"ind_inc":0,"log":17,"ind_0_17":4.5,"ind_65p":6}},{"type":"Feature","geometry":{"type":"Polygon","coordinates":[[[-61.02235794067383,14.63785995697775],[-61.022400856018066,14.6360329631094],[-61.02424621582031,14.636074485866274],[-61.02424621582031,14.63785995697775],[-61.02235794067383,14.63785995697775]]]},"id":1331293690,"properties":{"GEO":"CRS5490RES200mN1619000E712800","GEO_OBJECT":"C200M","OBS_STATUS":"A","lcog_geo":"97213","ind":63,"men":39,"men_pauv":1,"men_1ind":24,"men_5ind":1,"men_prop":10,"men_fmp":5,"ind_snv":1760367.4,"men_surf":2051,"men_coll":32,"men_mais":7,"log_soc":0,"ind_inc":0,"log":39,"ind_0_17":6,"ind_65p":8}},{"type":"Feature","geometry":{"type":"Polygon","coordinates":[[[-61.02424621582031,14.636074485866274],[-61.022400856018066,14.6360329631094],[-61.022400856018066,14.634247477129492],[-61.02424621582031,14.634247477129492],[-61.02424621582031,14.636074485866274]]]},"id":1331293591,"properties":{"GEO":"CRS5490RES200mN1618800E712800","GEO_OBJECT":"C200M","OBS_STATUS":"A","lcog_geo":"97213","ind":483,"men":214,"men_pauv":57,"men_1ind":71,"men_5ind":9,"men_prop":9,"men_fmp":106,"ind_snv":9223566.4,"men_surf":15054,"men_coll":209,"men_mais":5,"log_soc":200,"ind_inc":0,"log":214,"ind_0_17":178,"ind_65p":35}},{"type":"Feature","geometry":{"type":"Polygon","coordinates":[[[-61.02609157562256,14.636074485866274],[-61.0261344909668,14.634247477129492],[-61.02797985076904,14.634289000224271],[-61.02797985076904,14.636074485866274],[-61.02609157562256,14.636074485866274]]]},"id":1331293589,"properties":{"GEO":"CRS5490RES200mN1618800E712400","GEO_OBJECT":"C200M","OBS_STATUS":"A","lcog_geo":"97213","ind":77,"men":35,"men_pauv":11,"men_1ind":14,"men_5ind":3,"men_prop":16,"men_fmp":5,"ind_snv":1748554.9,"men_surf":2804,"men_coll":10,"men_mais":25,"log_soc":0,"ind_inc":1,"log":35,"ind_0_17":17,"ind_65p":19}},{"type":"Feature","geometry":{"type":"Polygon","coordinates":[[[-61.02797985076904,14.634289000224271],[-61.0261344909668,14.634247477129492],[-61.0261344909668,14.632461976620704],[-61.02797985076904,14.632461976620704],[-61.02797985076904,14.634289000224271]]]},"id":1331293486,"properties":{"GEO":"CRS5490RES200mN1618600E712400","GEO_OBJECT":"C200M","OBS_STATUS":"A","lcog_geo":"97213","ind":68,"men":35,"men_pauv":4,"men_1ind":14,"men_5ind":0,"men_prop":23,"men_fmp":5,"ind_snv":1716383.7,"men_surf":3450,"men_coll":12,"men_mais":23,"log_soc":0,"ind_inc":0,"log":35,"ind_0_17":5,"ind_65p":21}},{"type":"Feature","geometry":{"type":"Polygon","coordinates":[[[-61.027936935424805,14.637901479388844],[-61.02609157562256,14.63785995697775],[-61.02609157562256,14.636074485866274],[-61.02797985076904,14.636074485866274],[-61.027936935424805,14.637901479388844]]]},"id":1331293688,"properties":{"GEO":"CRS5490RES200mN1619000E712400","GEO_OBJECT":"C200M","OBS_STATUS":"A","lcog_geo":"97213","ind":75,"men":31,"men_pauv":14,"men_1ind":13,"men_5ind":4,"men_prop":20,"men_fmp":3,"ind_snv":1574333.1,"men_surf":2832,"men_coll":6,"men_mais":25,"log_soc":0,"ind_inc":0,"log":31,"ind_0_17":22,"ind_65p":12}},{"type":"Feature","geometry":{"type":"Polygon","coordinates":[[[-61.02051258087158,14.639645413557076],[-61.02051258087158,14.63781843455881],[-61.02235794067383,14.63785995697775],[-61.02235794067383,14.639645413557076],[-61.02051258087158,14.639645413557076]]]},"id":1331293787,"properties":{"GEO":"CRS5490RES200mN1619200E713000","GEO_OBJECT":"C200M","OBS_STATUS":"A","lcog_geo":"97213","ind":54,"men":36,"men_pauv":14,"men_1ind":22,"men_5ind":0,"men_prop":19,"men_fmp":6,"ind_snv":1216916.3,"men_surf":3008,"men_coll":13,"men_mais":23,"log_soc":0,"ind_inc":0,"log":36,"ind_0_17":2,"ind_65p":23}},{"type":"Feature","geometry":{"type":"Polygon","coordinates":[[[-61.02051258087158,14.639645413557076],[-61.018667221069336,14.639603891476114],[-61.018667221069336,14.63781843455881],[-61.02051258087158,14.63781843455881],[-61.02051258087158,14.639645413557076]]]},"id":1331293788,"properties":{"GEO":"CRS5490RES200mN1619200E713200","GEO_OBJECT":"C200M","OBS_STATUS":"A","lcog_geo":"97213","ind":37.5,"men":14,"men_pauv":2,"men_1ind":5,"men_5ind":1,"men_prop":10,"men_fmp":2,"ind_snv":1165255.2,"men_surf":1387,"men_coll":3,"men_mais":11,"log_soc":0,"ind_inc":0,"log":14,"ind_0_17":10.5,"ind_65p":3}},{"type":"Feature","geometry":{"type":"Polygon","coordinates":[[[-61.020469665527344,14.643257804509886],[-61.020469665527344,14.64143085560265],[-61.02235794067383,14.641472377337749],[-61.02231502532959,14.643257804509886],[-61.020469665527344,14.643257804509886]]]},"id":1331293962,"properties":{"GEO":"CRS5490RES200mN1619600E713000","GEO_OBJECT":"C200M","OBS_STATUS":"A","lcog_geo":"97213","ind":26,"men":16,"men_pauv":7,"men_1ind":9,"men_5ind":0,"men_prop":14,"men_fmp":1,"ind_snv":436448.6,"men_surf":1624,"men_coll":2,"men_mais":14,"log_soc":0,"ind_inc":0,"log":16,"ind_0_17":2,"ind_65p":15}},{"type":"Feature","geometry":{"type":"Polygon","coordinates":[[[-61.0186243057251,14.64143085560265],[-61.018667221069336,14.639603891476114],[-61.02051258087158,14.639645413557076],[-61.020469665527344,14.64143085560265],[-61.0186243057251,14.64143085560265]]]},"id":1331293872,"properties":{"GEO":"CRS5490RES200mN1619400E713200","GEO_OBJECT":"C200M","OBS_STATUS":"I","lcog_geo":"97213","ind":1,"men":0.5,"men_pauv":0.1,"men_1ind":0.2,"men_5ind":0,"men_prop":0.4,"men_fmp":0.1,"ind_snv":23410.8,"men_surf":51.4,"men_coll":0.1,"men_mais":0.4,"log_soc":0,"ind_inc":0,"log":0.5,"ind_0_17":0.1,"ind_65p":0.30000000000000004}},{"type":"Feature","geometry":{"type":"Polygon","coordinates":[[[-61.02235794067383,14.641472377337749],[-61.020469665527344,14.64143085560265],[-61.02051258087158,14.639645413557076],[-61.02235794067383,14.639645413557076],[-61.02235794067383,14.641472377337749]]]},"id":1331293871,"properties":{"GEO":"CRS5490RES200mN1619400E713000","GEO_OBJECT":"C200M","OBS_STATUS":"A","lcog_geo":"97213","ind":52,"men":29,"men_pauv":10,"men_1ind":17,"men_5ind":1,"men_prop":13,"men_fmp":3,"ind_snv":1110022.6,"men_surf":2157,"men_coll":8,"men_mais":21,"log_soc":0,"ind_inc":0,"log":29,"ind_0_17":6,"ind_65p":14}},{"type":"Feature","geometry":{"type":"Polygon","coordinates":[[[-61.02235794067383,14.641472377337749],[-61.02235794067383,14.639645413557076],[-61.024203300476074,14.639686935630195],[-61.024203300476074,14.641472377337749],[-61.02235794067383,14.641472377337749]]]},"id":1331293870,"properties":{"GEO":"CRS5490RES200mN1619400E712800","GEO_OBJECT":"C200M","OBS_STATUS":"A","lcog_geo":"97213","ind":37,"men":22,"men_pauv":5,"men_1ind":11,"men_5ind":0,"men_prop":14,"men_fmp":0,"ind_snv":1043685.3,"men_surf":1927,"men_coll":2,"men_mais":20,"log_soc":0,"ind_inc":0,"log":22,"ind_0_17":3,"ind_65p":7}},{"type":"Feature","geometry":{"type":"Polygon","coordinates":[[[-61.01858139038086,14.645043217144988],[-61.0186243057251,14.643216283112835],[-61.020469665527344,14.643257804509886],[-61.020469665527344,14.645043217144988],[-61.01858139038086,14.645043217144988]]]},"id":1331294071,"properties":{"GEO":"CRS5490RES200mN1619800E713200","GEO_OBJECT":"C200M","OBS_STATUS":"A","lcog_geo":"97213","ind":33,"men":16,"men_pauv":6,"men_1ind":7,"men_5ind":1,"men_prop":12,"men_fmp":1,"ind_snv":568485.3,"men_surf":1542,"men_coll":2,"men_mais":14,"log_soc":0,"ind_inc":0,"log":16,"ind_0_17":6,"ind_65p":8}},{"type":"Feature","geometry":{"type":"Polygon","coordinates":[[[-61.020469665527344,14.643257804509886],[-61.0186243057251,14.643216283112835],[-61.0186243057251,14.64143085560265],[-61.020469665527344,14.64143085560265],[-61.020469665527344,14.643257804509886]]]},"id":1331293963,"properties":{"GEO":"CRS5490RES200mN1619600E713200","GEO_OBJECT":"C200M","OBS_STATUS":"I","lcog_geo":"97213","ind":6,"men":2.9,"men_pauv":0.8,"men_1ind":1.2,"men_5ind":0.3,"men_prop":2.5,"men_fmp":0.4,"ind_snv":140464.6,"men_surf":308.6,"men_coll":0.4,"men_mais":2.5,"log_soc":0,"ind_inc":0,"log":2.9000000000000004,"ind_0_17":1.1,"ind_65p":1.6}},{"type":"Feature","geometry":{"type":"Polygon","coordinates":[[[-61.01858139038086,14.64687013595443],[-61.01858139038086,14.645043217144988],[-61.020469665527344,14.645043217144988],[-61.020426750183105,14.64687013595443],[-61.01858139038086,14.64687013595443]]]},"id":1331294159,"properties":{"GEO":"CRS5490RES200mN1620000E713200","GEO_OBJECT":"C200M","OBS_STATUS":"A","lcog_geo":"97213","ind":56,"men":27,"men_pauv":8,"men_1ind":12,"men_5ind":1,"men_prop":14,"men_fmp":3,"ind_snv":1238278.9,"men_surf":2114,"men_coll":5,"men_mais":22,"log_soc":0,"ind_inc":0,"log":27,"ind_0_17":9,"ind_65p":16}},{"type":"Feature","geometry":{"type":"Polygon","coordinates":[[[-61.016693115234375,14.648655519172465],[-61.01673603057861,14.64682861524146],[-61.01858139038086,14.64687013595443],[-61.01858139038086,14.648655519172465],[-61.016693115234375,14.648655519172465]]]},"id":1331294241,"properties":{"GEO":"CRS5490RES200mN1620200E713400","GEO_OBJECT":"C200M","OBS_STATUS":"I","lcog_geo":"97213","ind":17,"men":6.9,"men_pauv":0.9,"men_1ind":2.5,"men_5ind":0.9,"men_prop":6,"men_fmp":0.4,"ind_snv":467003,"men_surf":711.5,"men_coll":0.9,"men_mais":6,"log_soc":0,"ind_inc":0,"log":6.9,"ind_0_17":3.7,"ind_65p":3.8000000000000003}},{"type":"Feature","geometry":{"type":"Polygon","coordinates":[[[-61.01858139038086,14.64687013595443],[-61.01673603057861,14.64682861524146],[-61.01673603057861,14.645043217144988],[-61.01858139038086,14.645043217144988],[-61.01858139038086,14.64687013595443]]]},"id":1331294160,"properties":{"GEO":"CRS5490RES200mN1620000E713400","GEO_OBJECT":"C200M","OBS_STATUS":"A","lcog_geo":"97213","ind":30,"men":11,"men_pauv":3,"men_1ind":3,"men_5ind":1,"men_prop":6,"men_fmp":2,"ind_snv":502988.2,"men_surf":1238,"men_coll":2,"men_mais":9,"log_soc":0,"ind_inc":0,"log":11,"ind_0_17":7,"ind_65p":6}},{"type":"Feature","geometry":{"type":"Polygon","coordinates":[[[-61.02231502532959,14.64508473819609],[-61.02231502532959,14.643257804509886],[-61.024203300476074,14.643299325899065],[-61.024160385131836,14.64508473819609],[-61.02231502532959,14.64508473819609]]]},"id":1331294069,"properties":{"GEO":"CRS5490RES200mN1619800E712800","GEO_OBJECT":"C200M","OBS_STATUS":"A","lcog_geo":"97213","ind":73,"men":31,"men_pauv":2,"men_1ind":12,"men_5ind":3,"men_prop":22,"men_fmp":1,"ind_snv":2220196.8,"men_surf":3237,"men_coll":6,"men_mais":25,"log_soc":0,"ind_inc":0,"log":31,"ind_0_17":16,"ind_65p":9}},{"type":"Feature","geometry":{"type":"Polygon","coordinates":[[[-61.024203300476074,14.643299325899065],[-61.02231502532959,14.643257804509886],[-61.02235794067383,14.641472377337749],[-61.024203300476074,14.641472377337749],[-61.024203300476074,14.643299325899065]]]},"id":1331293961,"properties":{"GEO":"CRS5490RES200mN1619600E712800","GEO_OBJECT":"C200M","OBS_STATUS":"A","lcog_geo":"97213","ind":34.5,"men":15,"men_pauv":3,"men_1ind":3,"men_5ind":1,"men_prop":8,"men_fmp":6,"ind_snv":819629.1,"men_surf":1215,"men_coll":2,"men_mais":13,"log_soc":0,"ind_inc":0,"log":15,"ind_0_17":6.5,"ind_65p":7}},{"type":"Feature","geometry":{"type":"Polygon","coordinates":[[[-61.020426750183105,14.64687013595443],[-61.020469665527344,14.645043217144988],[-61.02231502532959,14.64508473819609],[-61.02231502532959,14.64687013595443],[-61.020426750183105,14.64687013595443]]]},"id":1331294158,"properties":{"GEO":"CRS5490RES200mN1620000E713000","GEO_OBJECT":"C200M","OBS_STATUS":"A","lcog_geo":"97213","ind":75,"men":35,"men_pauv":12,"men_1ind":13,"men_5ind":1,"men_prop":26,"men_fmp":5,"ind_snv":1965731.2,"men_surf":2877,"men_coll":3,"men_mais":32,"log_soc":0,"ind_inc":0,"log":35,"ind_0_17":14,"ind_65p":16}},{"type":"Feature","geometry":{"type":"Polygon","coordinates":[[[-61.02231502532959,14.64508473819609],[-61.020469665527344,14.645043217144988],[-61.020469665527344,14.643257804509886],[-61.02231502532959,14.643257804509886],[-61.02231502532959,14.64508473819609]]]},"id":1331294070,"properties":{"GEO":"CRS5490RES200mN1619800E713000","GEO_OBJECT":"C200M","OBS_STATUS":"A","lcog_geo":"97213","ind":32,"men":17,"men_pauv":5,"men_1ind":7,"men_5ind":1,"men_prop":12,"men_fmp":1,"ind_snv":630490.6,"men_surf":1500,"men_coll":6,"men_mais":11,"log_soc":0,"ind_inc":0,"log":17,"ind_0_17":1,"ind_65p":16}},{"type":"Feature","geometry":{"type":"Polygon","coordinates":[[[-61.02227210998535,14.6486970395394],[-61.020426750183105,14.648655519172465],[-61.020426750183105,14.64687013595443],[-61.02231502532959,14.64687013595443],[-61.02227210998535,14.6486970395394]]]},"id":1331294239,"properties":{"GEO":"CRS5490RES200mN1620200E713000","GEO_OBJECT":"C200M","OBS_STATUS":"A","lcog_geo":"97213","ind":54,"men":25,"men_pauv":10,"men_1ind":7,"men_5ind":0,"men_prop":10,"men_fmp":7,"ind_snv":1071102.7,"men_surf":1842,"men_coll":12,"men_mais":13,"log_soc":0,"ind_inc":0,"log":25,"ind_0_17":10,"ind_65p":8}},{"type":"Feature","geometry":{"type":"Polygon","coordinates":[[[-61.024203300476074,14.639686935630195],[-61.02235794067383,14.639645413557076],[-61.02235794067383,14.63785995697775],[-61.02424621582031,14.63785995697775],[-61.024203300476074,14.639686935630195]]]},"id":1331293786,"properties":{"GEO":"CRS5490RES200mN1619200E712800","GEO_OBJECT":"C200M","OBS_STATUS":"A","lcog_geo":"97213","ind":40,"men":20,"men_pauv":7,"men_1ind":9,"men_5ind":1,"men_prop":11,"men_fmp":0,"ind_snv":997317.2,"men_surf":1997,"men_coll":2,"men_mais":18,"log_soc":0,"ind_inc":0,"log":20,"ind_0_17":7,"ind_65p":14}},{"type":"Feature","geometry":{"type":"Polygon","coordinates":[[[-61.02424621582031,14.63785995697775],[-61.02424621582031,14.636074485866274],[-61.02609157562256,14.636074485866274],[-61.02609157562256,14.63785995697775],[-61.02424621582031,14.63785995697775]]]},"id":1331293689,"properties":{"GEO":"CRS5490RES200mN1619000E712600","GEO_OBJECT":"C200M","OBS_STATUS":"A","lcog_geo":"97213","ind":27,"men":14,"men_pauv":2,"men_1ind":5,"men_5ind":0,"men_prop":12,"men_fmp":2,"ind_snv":659640.2,"men_surf":1422,"men_coll":3,"men_mais":11,"log_soc":0,"ind_inc":0,"log":14,"ind_0_17":3,"ind_65p":9}},{"type":"Feature","geometry":{"type":"Polygon","coordinates":[[[-61.02609157562256,14.639686935630195],[-61.02609157562256,14.63785995697775],[-61.027936935424805,14.637901479388844],[-61.027936935424805,14.639686935630195],[-61.02609157562256,14.639686935630195]]]},"id":1331293784,"properties":{"GEO":"CRS5490RES200mN1619200E712400","GEO_OBJECT":"C200M","OBS_STATUS":"I","lcog_geo":"97213","ind":5,"men":1.9,"men_pauv":0.3,"men_1ind":0.5,"men_5ind":0.3,"men_prop":1.7,"men_fmp":0.3,"ind_snv":105970.1,"men_surf":202.6,"men_coll":0,"men_mais":1.9,"log_soc":0,"ind_inc":0,"log":1.9000000000000001,"ind_0_17":1.4,"ind_65p":0.8999999999999999}},{"type":"Feature","geometry":{"type":"Polygon","coordinates":[[[-61.027894020080566,14.641513899064975],[-61.02604866027832,14.641472377337749],[-61.02609157562256,14.639686935630195],[-61.027936935424805,14.639686935630195],[-61.027894020080566,14.641513899064975]]]},"id":1331293869,"properties":{"GEO":"CRS5490RES200mN1619400E712400","GEO_OBJECT":"C200M","OBS_STATUS":"A","lcog_geo":"97213","ind":54.5,"men":18,"men_pauv":0,"men_1ind":2,"men_5ind":2,"men_prop":10,"men_fmp":3,"ind_snv":1999202.5,"men_surf":1863,"men_coll":10,"men_mais":8,"log_soc":0,"ind_inc":0,"log":18,"ind_0_17":17.5,"ind_65p":0}},{"type":"Feature","geometry":{"type":"Polygon","coordinates":[[[-61.024203300476074,14.639686935630195],[-61.02424621582031,14.63785995697775],[-61.02609157562256,14.63785995697775],[-61.02609157562256,14.639686935630195],[-61.024203300476074,14.639686935630195]]]},"id":1331293785,"properties":{"GEO":"CRS5490RES200mN1619200E712600","GEO_OBJECT":"C200M","OBS_STATUS":"A","lcog_geo":"97213","ind":34,"men":17,"men_pauv":7,"men_1ind":10,"men_5ind":2,"men_prop":14,"men_fmp":2,"ind_snv":654787.1,"men_surf":1153,"men_coll":5,"men_mais":12,"log_soc":0,"ind_inc":0,"log":17,"ind_0_17":6,"ind_65p":7}},{"type":"Feature","geometry":{"type":"Polygon","coordinates":[[[-61.02600574493408,14.64512625923932],[-61.024160385131836,14.64508473819609],[-61.024203300476074,14.643299325899065],[-61.02604866027832,14.643299325899065],[-61.02600574493408,14.64512625923932]]]},"id":1331294068,"properties":{"GEO":"CRS5490RES200mN1619800E712600","GEO_OBJECT":"C200M","OBS_STATUS":"I","lcog_geo":"97213","ind":7,"men":2.7,"men_pauv":0.5,"men_1ind":0.7,"men_5ind":0.5,"men_prop":2.4,"men_fmp":0.5,"ind_snv":148358.1,"men_surf":283.6,"men_coll":0,"men_mais":2.7,"log_soc":0,"ind_inc":0,"log":2.7,"ind_0_17":2,"ind_65p":1.2}},{"type":"Feature","geometry":{"type":"Polygon","coordinates":[[[-61.024160385131836,14.64691165665954],[-61.02231502532959,14.64687013595443],[-61.02231502532959,14.64508473819609],[-61.024160385131836,14.64508473819609],[-61.024160385131836,14.64691165665954]]]},"id":1331294157,"properties":{"GEO":"CRS5490RES200mN1620000E712800","GEO_OBJECT":"C200M","OBS_STATUS":"A","lcog_geo":"97213","ind":49.5,"men":21,"men_pauv":2,"men_1ind":7,"men_5ind":0,"men_prop":15,"men_fmp":3,"ind_snv":1678136.2,"men_surf":2170,"men_coll":4,"men_mais":17,"log_soc":0,"ind_inc":0,"log":21,"ind_0_17":12.5,"ind_65p":7}},{"type":"Feature","geometry":{"type":"Polygon","coordinates":[[[-61.02982521057129,14.636116008615303],[-61.02797985076904,14.636074485866274],[-61.02797985076904,14.634289000224271],[-61.02982521057129,14.634289000224271],[-61.02982521057129,14.636116008615303]]]},"id":1331293588,"properties":{"GEO":"CRS5490RES200mN1618800E712200","GEO_OBJECT":"C200M","OBS_STATUS":"I","lcog_geo":"97213","ind":21,"men":8.3,"men_pauv":1.8,"men_1ind":2.3,"men_5ind":0.5,"men_prop":4.7,"men_fmp":0.8,"ind_snv":472315.5,"men_surf":699,"men_coll":2.1,"men_mais":6.2,"log_soc":0,"ind_inc":0,"log":8.3,"ind_0_17":5.7,"ind_65p":2.4}},{"type":"Feature","geometry":{"type":"Polygon","coordinates":[[[-61.031670570373535,14.637943001792067],[-61.031670570373535,14.636116008615303],[-61.03351593017578,14.636116008615303],[-61.03351593017578,14.637943001792067],[-61.031670570373535,14.637943001792067]]]},"id":1331293686,"properties":{"GEO":"CRS5490RES200mN1619000E711800","GEO_OBJECT":"C200M","OBS_STATUS":"A","lcog_geo":"97213","ind":24,"men":14,"men_pauv":1,"men_1ind":9,"men_5ind":0,"men_prop":10,"men_fmp":0,"ind_snv":841473.2,"men_surf":1352,"men_coll":5,"men_mais":9,"log_soc":0,"ind_inc":0,"log":14,"ind_0_17":4,"ind_65p":7}},{"type":"Feature","geometry":{"type":"Polygon","coordinates":[[[-61.03351593017578,14.637943001792067],[-61.03351593017578,14.636116008615303],[-61.035404205322266,14.636157531356474],[-61.03536128997803,14.637943001792067],[-61.03351593017578,14.637943001792067]]]},"id":1331293685,"properties":{"GEO":"CRS5490RES200mN1619000E711600","GEO_OBJECT":"C200M","OBS_STATUS":"I","lcog_geo":"97213,97209","ind":8,"men":3.5,"men_pauv":0.8,"men_1ind":1.1,"men_5ind":0.5,"men_prop":1.9,"men_fmp":1.1,"ind_snv":221233.6,"men_surf":340.3,"men_coll":0.3,"men_mais":3.2,"log_soc":0,"ind_inc":0,"log":3.5,"ind_0_17":1.9000000000000001,"ind_65p":2.2}},{"type":"Feature","geometry":{"type":"Polygon","coordinates":[[[-61.031670570373535,14.636116008615303],[-61.031670570373535,14.634330523311192],[-61.03355884552002,14.634330523311192],[-61.03351593017578,14.636116008615303],[-61.031670570373535,14.636116008615303]]]},"id":1331293587,"properties":{"GEO":"CRS5490RES200mN1618800E711800","GEO_OBJECT":"C200M","OBS_STATUS":"A","lcog_geo":"97213","ind":40,"men":17,"men_pauv":0,"men_1ind":5,"men_5ind":2,"men_prop":16,"men_fmp":0,"ind_snv":1425878.6,"men_surf":2162,"men_coll":1,"men_mais":16,"log_soc":0,"ind_inc":0,"log":17,"ind_0_17":6,"ind_65p":23}},{"type":"Feature","geometry":{"type":"Polygon","coordinates":[[[-61.027936935424805,14.637901479388844],[-61.02797985076904,14.636074485866274],[-61.02982521057129,14.636116008615303],[-61.02978229522705,14.637901479388844],[-61.027936935424805,14.637901479388844]]]},"id":1331293687,"properties":{"GEO":"CRS5490RES200mN1619000E712200","GEO_OBJECT":"C200M","OBS_STATUS":"A","lcog_geo":"97213","ind":58.5,"men":20,"men_pauv":1,"men_1ind":5,"men_5ind":2,"men_prop":13,"men_fmp":4,"ind_snv":1375161.2,"men_surf":1731,"men_coll":1,"men_mais":19,"log_soc":0,"ind_inc":0,"log":20,"ind_0_17":9.5,"ind_65p":19}},{"type":"Feature","geometry":{"type":"Polygon","coordinates":[[[-61.027894020080566,14.641513899064975],[-61.027936935424805,14.639686935630195],[-61.02978229522705,14.63972845769544],[-61.02978229522705,14.641513899064975],[-61.027894020080566,14.641513899064975]]]},"id":1331293868,"properties":{"GEO":"CRS5490RES200mN1619400E712200","GEO_OBJECT":"C200M","OBS_STATUS":"A","lcog_geo":"97213","ind":30,"men":14,"men_pauv":3,"men_1ind":6,"men_5ind":1,"men_prop":9,"men_fmp":0,"ind_snv":660505,"men_surf":1249,"men_coll":2,"men_mais":12,"log_soc":0,"ind_inc":0,"log":14,"ind_0_17":4,"ind_65p":8}},{"type":"Feature","geometry":{"type":"Polygon","coordinates":[[[-61.02978229522705,14.63972845769544],[-61.027936935424805,14.639686935630195],[-61.027936935424805,14.637901479388844],[-61.02978229522705,14.637901479388844],[-61.02978229522705,14.63972845769544]]]},"id":1331293783,"properties":{"GEO":"CRS5490RES200mN1619200E712200","GEO_OBJECT":"C200M","OBS_STATUS":"A","lcog_geo":"97213","ind":22.5,"men":11,"men_pauv":4,"men_1ind":4,"men_5ind":0,"men_prop":9,"men_fmp":2,"ind_snv":502443.3,"men_surf":996,"men_coll":4,"men_mais":7,"log_soc":0,"ind_inc":0,"log":11,"ind_0_17":5.5,"ind_65p":5}},{"type":"Feature","geometry":{"type":"Polygon","coordinates":[[[-61.02973937988281,14.643340847280399],[-61.027894020080566,14.643299325899065],[-61.027894020080566,14.641513899064975],[-61.02978229522705,14.641513899064975],[-61.02973937988281,14.643340847280399]]]},"id":1331293960,"properties":{"GEO":"CRS5490RES200mN1619600E712200","GEO_OBJECT":"C200M","OBS_STATUS":"A","lcog_geo":"97213","ind":29,"men":12,"men_pauv":4,"men_1ind":2,"men_5ind":0,"men_prop":7,"men_fmp":1,"ind_snv":685318.8,"men_surf":1018,"men_coll":4,"men_mais":8,"log_soc":0,"ind_inc":0,"log":12,"ind_0_17":5,"ind_65p":12}},{"type":"Feature","geometry":{"type":"Polygon","coordinates":[[[-61.02973937988281,14.643340847280399],[-61.02978229522705,14.641513899064975],[-61.0316276550293,14.641555420784357],[-61.0316276550293,14.643340847280399],[-61.02973937988281,14.643340847280399]]]},"id":1331293959,"properties":{"GEO":"CRS5490RES200mN1619600E712000","GEO_OBJECT":"C200M","OBS_STATUS":"A","lcog_geo":"97213","ind":37,"men":14,"men_pauv":1,"men_1ind":0,"men_5ind":0,"men_prop":10,"men_fmp":1,"ind_snv":1222560.8,"men_surf":1444,"men_coll":4,"men_mais":10,"log_soc":0,"ind_inc":0,"log":14,"ind_0_17":4,"ind_65p":13}},{"type":"Feature","geometry":{"type":"Polygon","coordinates":[[[-61.0316276550293,14.641555420784357],[-61.02978229522705,14.641513899064975],[-61.02978229522705,14.63972845769544],[-61.0316276550293,14.63972845769544],[-61.0316276550293,14.641555420784357]]]},"id":1331293867,"properties":{"GEO":"CRS5490RES200mN1619400E712000","GEO_OBJECT":"C200M","OBS_STATUS":"I","lcog_geo":"97213","ind":5,"men":1.9,"men_pauv":0.3,"men_1ind":0.5,"men_5ind":0.3,"men_prop":1.7,"men_fmp":0.3,"ind_snv":105970.1,"men_surf":202.6,"men_coll":0,"men_mais":1.9,"log_soc":0,"ind_inc":0,"log":1.9000000000000001,"ind_0_17":1.4,"ind_65p":0.8999999999999999}},{"type":"Feature","geometry":{"type":"Polygon","coordinates":[[[-61.03158473968506,14.645167780274676],[-61.02973937988281,14.64512625923932],[-61.02973937988281,14.643340847280399],[-61.0316276550293,14.643340847280399],[-61.03158473968506,14.645167780274676]]]},"id":1331294067,"properties":{"GEO":"CRS5490RES200mN1619800E712000","GEO_OBJECT":"C200M","OBS_STATUS":"I","lcog_geo":"97213","ind":12,"men":4.6,"men_pauv":0.8,"men_1ind":1.2,"men_5ind":0.8,"men_prop":4.1,"men_fmp":0.8,"ind_snv":254328.2,"men_surf":486.2,"men_coll":0,"men_mais":4.6,"log_soc":0,"ind_inc":0,"log":4.6000000000000005,"ind_0_17":3.3,"ind_65p":2.1}},{"type":"Feature","geometry":{"type":"Polygon","coordinates":[[[-61.03154182434082,14.648780080249665],[-61.029696464538574,14.648738559898476],[-61.02973937988281,14.646953177356764],[-61.03158473968506,14.646953177356764],[-61.03154182434082,14.648780080249665]]]},"id":1331294236,"properties":{"GEO":"CRS5490RES200mN1620200E712000","GEO_OBJECT":"C200M","OBS_STATUS":"I","lcog_geo":"97213,97224","ind":2,"men":1,"men_pauv":0.1,"men_1ind":0.3,"men_5ind":0.1,"men_prop":0.8,"men_fmp":0,"ind_snv":63939.1,"men_surf":108.5,"men_coll":0.1,"men_mais":0.9,"log_soc":0,"ind_inc":0,"log":1,"ind_0_17":0.30000000000000004,"ind_65p":0.7}},{"type":"Feature","geometry":{"type":"Polygon","coordinates":[[[-61.033430099487305,14.645167780274676],[-61.03347301483154,14.643382368653846],[-61.03531837463379,14.643382368653846],[-61.03531837463379,14.645167780274676],[-61.033430099487305,14.645167780274676]]]},"id":1331294066,"properties":{"GEO":"CRS5490RES200mN1619800E711600","GEO_OBJECT":"C200M","OBS_STATUS":"A","lcog_geo":"97213","ind":64,"men":49,"men_pauv":1,"men_1ind":36,"men_5ind":0,"men_prop":10,"men_fmp":8,"ind_snv":1591568.2,"men_surf":1786,"men_coll":49,"men_mais":0,"log_soc":0,"ind_inc":0,"log":49,"ind_0_17":8,"ind_65p":0}},{"type":"Feature","geometry":{"type":"Polygon","coordinates":[[[-61.03347301483154,14.643382368653846],[-61.0316276550293,14.643340847280399],[-61.0316276550293,14.641555420784357],[-61.03347301483154,14.641555420784357],[-61.03347301483154,14.643382368653846]]]},"id":1331293958,"properties":{"GEO":"CRS5490RES200mN1619600E711800","GEO_OBJECT":"C200M","OBS_STATUS":"A","lcog_geo":"97213","ind":24.5,"men":12,"men_pauv":1,"men_1ind":3,"men_5ind":0,"men_prop":6,"men_fmp":6,"ind_snv":603984.7,"men_surf":1092,"men_coll":4,"men_mais":8,"log_soc":0,"ind_inc":0,"log":12,"ind_0_17":7.5,"ind_65p":3}},{"type":"Feature","geometry":{"type":"Polygon","coordinates":[[[-61.033430099487305,14.646994698046143],[-61.033430099487305,14.645167780274676],[-61.03531837463379,14.645167780274676],[-61.03527545928955,14.646994698046143],[-61.033430099487305,14.646994698046143]]]},"id":1331294155,"properties":{"GEO":"CRS5490RES200mN1620000E711600","GEO_OBJECT":"C200M","OBS_STATUS":"A","lcog_geo":"97213,97224","ind":51.5,"men":29,"men_pauv":5,"men_1ind":14,"men_5ind":1,"men_prop":14,"men_fmp":4,"ind_snv":1175142.4,"men_surf":2163,"men_coll":18,"men_mais":11,"log_soc":0,"ind_inc":0,"log":29,"ind_0_17":6.5,"ind_65p":8}},{"type":"Feature","geometry":{"type":"Polygon","coordinates":[[[-61.03154182434082,14.648780080249665],[-61.03158473968506,14.646953177356764],[-61.033430099487305,14.646994698046143],[-61.033430099487305,14.648780080249665],[-61.03154182434082,14.648780080249665]]]},"id":1331294235,"properties":{"GEO":"CRS5490RES200mN1620200E711800","GEO_OBJECT":"C200M","OBS_STATUS":"A","lcog_geo":"97224,97213","ind":44.5,"men":19,"men_pauv":8,"men_1ind":7,"men_5ind":1,"men_prop":14,"men_fmp":1,"ind_snv":929407.1,"men_surf":1690,"men_coll":3,"men_mais":16,"log_soc":0,"ind_inc":0,"log":19,"ind_0_17":9.5,"ind_65p":18}},{"type":"Feature","geometry":{"type":"Polygon","coordinates":[[[-61.033430099487305,14.646994698046143],[-61.03158473968506,14.646953177356764],[-61.03158473968506,14.645167780274676],[-61.033430099487305,14.645167780274676],[-61.033430099487305,14.646994698046143]]]},"id":1331294156,"properties":{"GEO":"CRS5490RES200mN1620000E711800","GEO_OBJECT":"C200M","OBS_STATUS":"I","lcog_geo":"97213,97224","ind":20,"men":8.9,"men_pauv":1,"men_1ind":3.3,"men_5ind":0.6,"men_prop":7.3,"men_fmp":1.4,"ind_snv":601939.6,"men_surf":971.8,"men_coll":1.4,"men_mais":7.5,"log_soc":0,"ind_inc":0,"log":8.9,"ind_0_17":4.1,"ind_65p":6.3}},{"type":"Feature","geometry":{"type":"Polygon","coordinates":[[[-61.03720664978027,14.64159694249588],[-61.03720664978027,14.639769979752828],[-61.03905200958252,14.639811501802356],[-61.03905200958252,14.64159694249588],[-61.03720664978027,14.64159694249588]]]},"id":1331293866,"properties":{"GEO":"CRS5490RES200mN1619400E711200","GEO_OBJECT":"C200M","OBS_STATUS":"A","lcog_geo":"97209,97213","ind":48,"men":14,"men_pauv":2,"men_1ind":1,"men_5ind":3,"men_prop":12,"men_fmp":1,"ind_snv":1688383.9,"men_surf":1657,"men_coll":1,"men_mais":13,"log_soc":0,"ind_inc":0,"log":14,"ind_0_17":15,"ind_65p":11}},{"type":"Feature","geometry":{"type":"Polygon","coordinates":[[[-61.03905200958252,14.639811501802356],[-61.03720664978027,14.639769979752828],[-61.03720664978027,14.637984524187445],[-61.03909492492676,14.637984524187445],[-61.03905200958252,14.639811501802356]]]},"id":1331293782,"properties":{"GEO":"CRS5490RES200mN1619200E711200","GEO_OBJECT":"C200M","OBS_STATUS":"I","lcog_geo":"97209","ind":18.5,"men":8.2,"men_pauv":1.9,"men_1ind":2.5,"men_5ind":1.3,"men_prop":4.4,"men_fmp":2.5,"ind_snv":511602.7,"men_surf":787,"men_coll":0.7,"men_mais":7.5,"log_soc":0,"ind_inc":0,"log":8.2,"ind_0_17":4.4,"ind_65p":5}},{"type":"Feature","geometry":{"type":"Polygon","coordinates":[[[-61.037163734436035,14.645209301302188],[-61.037163734436035,14.643382368653846],[-61.03905200958252,14.643423890019434],[-61.03900909423828,14.645209301302188],[-61.037163734436035,14.645209301302188]]]},"id":1331294064,"properties":{"GEO":"CRS5490RES200mN1619800E711200","GEO_OBJECT":"C200M","OBS_STATUS":"I","lcog_geo":"97213","ind":2,"men":0.9,"men_pauv":0.2,"men_1ind":0.3,"men_5ind":0.1,"men_prop":0.5,"men_fmp":0.3,"ind_snv":55308.4,"men_surf":85.1,"men_coll":0.1,"men_mais":0.8,"log_soc":0,"ind_inc":0,"log":0.9,"ind_0_17":0.5,"ind_65p":0.6}},{"type":"Feature","geometry":{"type":"Polygon","coordinates":[[[-61.03527545928955,14.646994698046143],[-61.03531837463379,14.645167780274676],[-61.037163734436035,14.645209301302188],[-61.037163734436035,14.646994698046143],[-61.03527545928955,14.646994698046143]]]},"id":1331294154,"properties":{"GEO":"CRS5490RES200mN1620000E711400","GEO_OBJECT":"C200M","OBS_STATUS":"A","lcog_geo":"97224,97213","ind":44,"men":19,"men_pauv":5,"men_1ind":8,"men_5ind":1,"men_prop":12,"men_fmp":2,"ind_snv":1160230.1,"men_surf":1848,"men_coll":5,"men_mais":14,"log_soc":0,"ind_inc":0,"log":19,"ind_0_17":10,"ind_65p":11}},{"type":"Feature","geometry":{"type":"Polygon","coordinates":[[[-61.037163734436035,14.645209301302188],[-61.03531837463379,14.645167780274676],[-61.03531837463379,14.643382368653846],[-61.037163734436035,14.643382368653846],[-61.037163734436035,14.645209301302188]]]},"id":1331294065,"properties":{"GEO":"CRS5490RES200mN1619800E711400","GEO_OBJECT":"C200M","OBS_STATUS":"A","lcog_geo":"97213","ind":25,"men":12,"men_pauv":7,"men_1ind":3,"men_5ind":1,"men_prop":10,"men_fmp":5,"ind_snv":385747.2,"men_surf":896,"men_coll":0,"men_mais":12,"log_soc":0,"ind_inc":0,"log":12,"ind_0_17":1,"ind_65p":13}},{"type":"Feature","geometry":{"type":"Polygon","coordinates":[[[-61.0371208190918,14.648821600593024],[-61.03527545928955,14.648780080249665],[-61.03527545928955,14.646994698046143],[-61.037163734436035,14.646994698046143],[-61.0371208190918,14.648821600593024]]]},"id":1331294233,"properties":{"GEO":"CRS5490RES200mN1620200E711400","GEO_OBJECT":"C200M","OBS_STATUS":"A","lcog_geo":"97224","ind":50,"men":27,"men_pauv":11,"men_1ind":10,"men_5ind":0,"men_prop":21,"men_fmp":6,"ind_snv":998437.3,"men_surf":2340,"men_coll":10,"men_mais":17,"log_soc":0,"ind_inc":0,"log":27,"ind_0_17":5,"ind_65p":20}},{"type":"Feature","geometry":{"type":"Polygon","coordinates":[[[-61.04085445404053,14.645250822321842],[-61.03900909423828,14.645209301302188],[-61.03905200958252,14.643423890019434],[-61.040897369384766,14.643423890019434],[-61.04085445404053,14.645250822321842]]]},"id":1331294063,"properties":{"GEO":"CRS5490RES200mN1619800E711000","GEO_OBJECT":"C200M","OBS_STATUS":"A","lcog_geo":"97224,97213","ind":43,"men":18,"men_pauv":5,"men_1ind":5,"men_5ind":0,"men_prop":12,"men_fmp":3,"ind_snv":988776.2,"men_surf":1547,"men_coll":11,"men_mais":7,"log_soc":0,"ind_inc":0,"log":18,"ind_0_17":11,"ind_65p":9}},{"type":"Feature","geometry":{"type":"Polygon","coordinates":[[[-61.03900909423828,14.64703621872765],[-61.03900909423828,14.645209301302188],[-61.04085445404053,14.645250822321842],[-61.04085445404053,14.64703621872765],[-61.03900909423828,14.64703621872765]]]},"id":1331294152,"properties":{"GEO":"CRS5490RES200mN1620000E711000","GEO_OBJECT":"C200M","OBS_STATUS":"I","lcog_geo":"97224,97213","ind":21,"men":9.3,"men_pauv":1,"men_1ind":3.4,"men_5ind":0.6,"men_prop":7.7,"men_fmp":1.4,"ind_snv":632036.6,"men_surf":1020.4,"men_coll":1.4,"men_mais":7.9,"log_soc":0,"ind_inc":0,"log":9.3,"ind_0_17":4.2,"ind_65p":6.699999999999999}},{"type":"Feature","geometry":{"type":"Polygon","coordinates":[[[-61.03900909423828,14.64703621872765],[-61.037163734436035,14.646994698046143],[-61.037163734436035,14.645209301302188],[-61.03900909423828,14.645209301302188],[-61.03900909423828,14.64703621872765]]]},"id":1331294153,"properties":{"GEO":"CRS5490RES200mN1620000E711200","GEO_OBJECT":"C200M","OBS_STATUS":"I","lcog_geo":"97224,97213","ind":15,"men":6.7,"men_pauv":0.7,"men_1ind":2.5,"men_5ind":0.4,"men_prop":5.5,"men_fmp":1,"ind_snv":451454.7,"men_surf":728.8,"men_coll":1,"men_mais":5.7,"log_soc":0,"ind_inc":0,"log":6.7,"ind_0_17":3.0000000000000004,"ind_65p":4.8}},{"type":"Feature","geometry":{"type":"Polygon","coordinates":[[[-60.999999046325684,14.650316327715203],[-60.999999046325684,14.648489437626083],[-61.00184440612793,14.648530958024466],[-61.00184440612793,14.650316327715203],[-60.999999046325684,14.650316327715203]]]},"id":1331294325,"properties":{"GEO":"CRS5490RES200mN1620400E715200","GEO_OBJECT":"C200M","OBS_STATUS":"I","lcog_geo":"97213","ind":4,"men":1.2,"men_pauv":0.1,"men_1ind":0.1,"men_5ind":0.2,"men_prop":0.6,"men_fmp":0.1,"ind_snv":123913.6,"men_surf":183.4,"men_coll":0.1,"men_mais":1.1,"log_soc":0,"ind_inc":0,"log":1.2,"ind_0_17":0.8,"ind_65p":0.6000000000000001}},{"type":"Feature","geometry":{"type":"Polygon","coordinates":[[[-60.999956130981445,14.653928542840617],[-60.999956130981445,14.652101682862508],[-61.00184440612793,14.652143202576596],[-61.00180149078369,14.653928542840617],[-60.999956130981445,14.653928542840617]]]},"id":1331294483,"properties":{"GEO":"CRS5490RES200mN1620800E715200","GEO_OBJECT":"C200M","OBS_STATUS":"I","lcog_geo":"97213","ind":4,"men":1.2,"men_pauv":0.1,"men_1ind":0.1,"men_5ind":0.2,"men_prop":0.6,"men_fmp":0.1,"ind_snv":123913.6,"men_surf":183.4,"men_coll":0.1,"men_mais":1.1,"log_soc":0,"ind_inc":0,"log":1.2,"ind_0_17":0.8,"ind_65p":0.6000000000000001}},{"type":"Feature","geometry":{"type":"Polygon","coordinates":[[[-60.9981107711792,14.652101682862508],[-60.99815368652344,14.65027480765501],[-60.999999046325684,14.650316327715203],[-60.999956130981445,14.652101682862508],[-60.9981107711792,14.652101682862508]]]},"id":1331294404,"properties":{"GEO":"CRS5490RES200mN1620600E715400","GEO_OBJECT":"C200M","OBS_STATUS":"I","lcog_geo":"97213","ind":2,"men":0.6,"men_pauv":0.1,"men_1ind":0.1,"men_5ind":0.1,"men_prop":0.3,"men_fmp":0.1,"ind_snv":61956.8,"men_surf":91.7,"men_coll":0.1,"men_mais":0.5,"log_soc":0,"ind_inc":0,"log":0.6000000000000001,"ind_0_17":0.4,"ind_65p":0.30000000000000004}},{"type":"Feature","geometry":{"type":"Polygon","coordinates":[[[-61.00184440612793,14.652143202576596],[-60.999956130981445,14.652101682862508],[-60.999999046325684,14.650316327715203],[-61.00184440612793,14.650316327715203],[-61.00184440612793,14.652143202576596]]]},"id":1331294403,"properties":{"GEO":"CRS5490RES200mN1620600E715200","GEO_OBJECT":"C200M","OBS_STATUS":"I","lcog_geo":"97213","ind":3,"men":0.9,"men_pauv":0.1,"men_1ind":0.1,"men_5ind":0.2,"men_prop":0.5,"men_fmp":0.1,"ind_snv":92935.2,"men_surf":137.5,"men_coll":0.1,"men_mais":0.8,"log_soc":0,"ind_inc":0,"log":0.9,"ind_0_17":0.6000000000000001,"ind_65p":0.5}},{"type":"Feature","geometry":{"type":"Polygon","coordinates":[[[-61.00557804107666,14.650357847767523],[-61.00557804107666,14.648530958024466],[-61.007423400878906,14.64857247841499],[-61.007423400878906,14.650357847767523],[-61.00557804107666,14.650357847767523]]]},"id":1331294323,"properties":{"GEO":"CRS5490RES200mN1620400E714600","GEO_OBJECT":"C200M","OBS_STATUS":"A","lcog_geo":"97213","ind":27,"men":14,"men_pauv":5,"men_1ind":5,"men_5ind":0,"men_prop":11,"men_fmp":4,"ind_snv":565969.6,"men_surf":1163,"men_coll":0,"men_mais":14,"log_soc":0,"ind_inc":0,"log":14,"ind_0_17":2,"ind_65p":5}},{"type":"Feature","geometry":{"type":"Polygon","coordinates":[[[-61.00738048553467,14.652184722282826],[-61.00553512573242,14.652143202576596],[-61.00557804107666,14.650357847767523],[-61.007423400878906,14.650357847767523],[-61.00738048553467,14.652184722282826]]]},"id":1331294401,"properties":{"GEO":"CRS5490RES200mN1620600E714600","GEO_OBJECT":"C200M","OBS_STATUS":"A","lcog_geo":"97213","ind":37.5,"men":13,"men_pauv":3,"men_1ind":3,"men_5ind":1,"men_prop":13,"men_fmp":5,"ind_snv":722173.6,"men_surf":1266,"men_coll":0,"men_mais":13,"log_soc":0,"ind_inc":0,"log":13,"ind_0_17":6.5,"ind_65p":7}},{"type":"Feature","geometry":{"type":"Polygon","coordinates":[[[-61.003689765930176,14.650357847767523],[-61.003732681274414,14.648530958024466],[-61.00557804107666,14.648530958024466],[-61.00557804107666,14.650357847767523],[-61.003689765930176,14.650357847767523]]]},"id":1331294324,"properties":{"GEO":"CRS5490RES200mN1620400E714800","GEO_OBJECT":"C200M","OBS_STATUS":"A","lcog_geo":"97213","ind":57,"men":21,"men_pauv":9,"men_1ind":6,"men_5ind":3,"men_prop":14,"men_fmp":3,"ind_snv":1173558.4,"men_surf":1849,"men_coll":3,"men_mais":18,"log_soc":0,"ind_inc":0,"log":21,"ind_0_17":13,"ind_65p":11}},{"type":"Feature","geometry":{"type":"Polygon","coordinates":[[[-61.003689765930176,14.653970062208543],[-61.003689765930176,14.652143202576596],[-61.00553512573242,14.652143202576596],[-61.00553512573242,14.653970062208543],[-61.003689765930176,14.653970062208543]]]},"id":1331294482,"properties":{"GEO":"CRS5490RES200mN1620800E714800","GEO_OBJECT":"C200M","OBS_STATUS":"A","lcog_geo":"97213","ind":43,"men":20,"men_pauv":6,"men_1ind":5,"men_5ind":1,"men_prop":14,"men_fmp":2,"ind_snv":908236.1,"men_surf":1870,"men_coll":0,"men_mais":20,"log_soc":0,"ind_inc":0,"log":20,"ind_0_17":1,"ind_65p":16}},{"type":"Feature","geometry":{"type":"Polygon","coordinates":[[[-61.00553512573242,14.653970062208543],[-61.00553512573242,14.652143202576596],[-61.00738048553467,14.652184722282826],[-61.00738048553467,14.653970062208543],[-61.00553512573242,14.653970062208543]]]},"id":1331294481,"properties":{"GEO":"CRS5490RES200mN1620800E714600","GEO_OBJECT":"C200M","OBS_STATUS":"A","lcog_geo":"97213","ind":54.5,"men":22,"men_pauv":6,"men_1ind":5,"men_5ind":2,"men_prop":18,"men_fmp":5,"ind_snv":1248515.8,"men_surf":2027,"men_coll":1,"men_mais":21,"log_soc":0,"ind_inc":0,"log":22,"ind_0_17":13.5,"ind_65p":8}},{"type":"Feature","geometry":{"type":"Polygon","coordinates":[[[-61.003689765930176,14.652143202576596],[-61.003689765930176,14.650357847767523],[-61.00557804107666,14.650357847767523],[-61.00553512573242,14.652143202576596],[-61.003689765930176,14.652143202576596]]]},"id":1331294402,"properties":{"GEO":"CRS5490RES200mN1620600E714800","GEO_OBJECT":"C200M","OBS_STATUS":"A","lcog_geo":"97213","ind":42,"men":21,"men_pauv":6,"men_1ind":6,"men_5ind":0,"men_prop":15,"men_fmp":4,"ind_snv":834323.4,"men_surf":1760,"men_coll":2,"men_mais":19,"log_soc":0,"ind_inc":0,"log":21,"ind_0_17":4,"ind_65p":19}},{"type":"Feature","geometry":{"type":"Polygon","coordinates":[[[-61.00364685058594,14.655755387587575],[-61.003689765930176,14.653970062208543],[-61.00553512573242,14.653970062208543],[-61.005492210388184,14.655755387587575],[-61.00364685058594,14.655755387587575]]]},"id":1331294560,"properties":{"GEO":"CRS5490RES200mN1621000E714800","GEO_OBJECT":"C200M","OBS_STATUS":"A","lcog_geo":"97213,97224","ind":57,"men":25,"men_pauv":5,"men_1ind":10,"men_5ind":2,"men_prop":16,"men_fmp":2,"ind_snv":1218111.2,"men_surf":2168,"men_coll":5,"men_mais":20,"log_soc":0,"ind_inc":0,"log":25,"ind_0_17":7,"ind_65p":11}},{"type":"Feature","geometry":{"type":"Polygon","coordinates":[[[-61.00364685058594,14.657582217101663],[-61.00364685058594,14.655755387587575],[-61.005492210388184,14.655755387587575],[-61.005492210388184,14.657582217101663],[-61.00364685058594,14.657582217101663]]]},"id":1331294639,"properties":{"GEO":"CRS5490RES200mN1621200E714800","GEO_OBJECT":"C200M","OBS_STATUS":"I","lcog_geo":"97224,97213","ind":3,"men":1.6,"men_pauv":0.2,"men_1ind":0.8,"men_5ind":0,"men_prop":1,"men_fmp":0.2,"ind_snv":89242.4,"men_surf":151.9,"men_coll":0.6,"men_mais":1,"log_soc":0,"ind_inc":0,"log":1.6,"ind_0_17":0.5,"ind_65p":0.8999999999999999}},{"type":"Feature","geometry":{"type":"Polygon","coordinates":[[[-61.005492210388184,14.657582217101663],[-61.005492210388184,14.655755387587575],[-61.00738048553467,14.65579690660934],[-61.00733757019043,14.657582217101663],[-61.005492210388184,14.657582217101663]]]},"id":1331294638,"properties":{"GEO":"CRS5490RES200mN1621200E714600","GEO_OBJECT":"C200M","OBS_STATUS":"A","lcog_geo":"97213,97224","ind":32,"men":13,"men_pauv":4,"men_1ind":4,"men_5ind":2,"men_prop":8,"men_fmp":3,"ind_snv":685526.8,"men_surf":1086,"men_coll":3,"men_mais":10,"log_soc":0,"ind_inc":0,"log":13,"ind_0_17":6,"ind_65p":6}},{"type":"Feature","geometry":{"type":"Polygon","coordinates":[[[-61.00738048553467,14.65579690660934],[-61.005492210388184,14.655755387587575],[-61.00553512573242,14.653970062208543],[-61.00738048553467,14.653970062208543],[-61.00738048553467,14.65579690660934]]]},"id":1331294559,"properties":{"GEO":"CRS5490RES200mN1621000E714600","GEO_OBJECT":"C200M","OBS_STATUS":"A","lcog_geo":"97213","ind":64,"men":29,"men_pauv":8,"men_1ind":7,"men_5ind":0,"men_prop":23,"men_fmp":6,"ind_snv":1650415,"men_surf":3134,"men_coll":7,"men_mais":22,"log_soc":0,"ind_inc":0,"log":29,"ind_0_17":11,"ind_65p":15}},{"type":"Feature","geometry":{"type":"Polygon","coordinates":[[[-60.99802494049072,14.661152794434713],[-60.99617958068848,14.661111276428116],[-60.99617958068848,14.65932599469896],[-60.99806785583496,14.65932599469896],[-60.99802494049072,14.661152794434713]]]},"id":1331294787,"properties":{"GEO":"CRS5490RES200mN1621600E715600","GEO_OBJECT":"C200M","OBS_STATUS":"I","lcog_geo":"97224","ind":6,"men":1.8,"men_pauv":0.2,"men_1ind":0.2,"men_5ind":0.3,"men_prop":1,"men_fmp":0.2,"ind_snv":185870.4,"men_surf":275,"men_coll":0.2,"men_mais":1.6,"log_soc":0,"ind_inc":0,"log":1.8,"ind_0_17":1.2999999999999998,"ind_65p":0.8999999999999999}},{"type":"Feature","geometry":{"type":"Polygon","coordinates":[[[-60.99982738494873,14.66837680773071],[-60.99982738494873,14.666550068264357],[-61.001715660095215,14.666591585239686],[-61.00167274475098,14.66837680773071],[-60.99982738494873,14.66837680773071]]]},"id":1331295051,"properties":{"GEO":"CRS5490RES200mN1622400E715200","GEO_OBJECT":"C200M","OBS_STATUS":"I","lcog_geo":"97224","ind":2,"men":0.9,"men_pauv":0.1,"men_1ind":0.3,"men_5ind":0.1,"men_prop":0.6,"men_fmp":0.1,"ind_snv":53029.8,"men_surf":83.5,"men_coll":0.1,"men_mais":0.8,"log_soc":0,"ind_inc":0,"log":0.9,"ind_0_17":0.30000000000000004,"ind_65p":0.5}},{"type":"Feature","geometry":{"type":"Polygon","coordinates":[[[-61.00926876068115,14.650399367812],[-61.00926876068115,14.64857247841499],[-61.01115703582764,14.648613998797657],[-61.0111141204834,14.650399367812],[-61.00926876068115,14.650399367812]]]},"id":1331294321,"properties":{"GEO":"CRS5490RES200mN1620400E714200","GEO_OBJECT":"C200M","OBS_STATUS":"A","lcog_geo":"97213","ind":69,"men":28,"men_pauv":8,"men_1ind":7,"men_5ind":2,"men_prop":11,"men_fmp":12,"ind_snv":1342363.9,"men_surf":2463,"men_coll":18,"men_mais":10,"log_soc":15,"ind_inc":0,"log":28,"ind_0_17":23,"ind_65p":7}},{"type":"Feature","geometry":{"type":"Polygon","coordinates":[[[-61.007423400878906,14.64857247841499],[-61.007466316223145,14.646745573791947],[-61.00931167602539,14.646787094520633],[-61.00926876068115,14.64857247841499],[-61.007423400878906,14.64857247841499]]]},"id":1331294245,"properties":{"GEO":"CRS5490RES200mN1620200E714400","GEO_OBJECT":"C200M","OBS_STATUS":"A","lcog_geo":"97213","ind":197.5,"men":88,"men_pauv":29,"men_1ind":28,"men_5ind":4,"men_prop":0,"men_fmp":48,"ind_snv":3264129.6,"men_surf":5460,"men_coll":87,"men_mais":1,"log_soc":88,"ind_inc":0,"log":88,"ind_0_17":89.5,"ind_65p":12}},{"type":"Feature","geometry":{"type":"Polygon","coordinates":[[[-61.01115703582764,14.648613998797657],[-61.00926876068115,14.64857247841499],[-61.00931167602539,14.646787094520633],[-61.01115703582764,14.646787094520633],[-61.01115703582764,14.648613998797657]]]},"id":1331294244,"properties":{"GEO":"CRS5490RES200mN1620200E714200","GEO_OBJECT":"C200M","OBS_STATUS":"A","lcog_geo":"97213","ind":109,"men":40,"men_pauv":20,"men_1ind":11,"men_5ind":6,"men_prop":0,"men_fmp":19,"ind_snv":1632950.1,"men_surf":2567,"men_coll":40,"men_mais":0,"log_soc":38,"ind_inc":0,"log":40,"ind_0_17":49,"ind_65p":2}},{"type":"Feature","geometry":{"type":"Polygon","coordinates":[[[-61.00738048553467,14.652184722282826],[-61.007423400878906,14.650357847767523],[-61.00926876068115,14.650399367812],[-61.00926876068115,14.652184722282826],[-61.00738048553467,14.652184722282826]]]},"id":1331294400,"properties":{"GEO":"CRS5490RES200mN1620600E714400","GEO_OBJECT":"C200M","OBS_STATUS":"A","lcog_geo":"97213","ind":71.5,"men":30,"men_pauv":10,"men_1ind":8,"men_5ind":2,"men_prop":18,"men_fmp":9,"ind_snv":1772502.1,"men_surf":2583,"men_coll":3,"men_mais":27,"log_soc":0,"ind_inc":0,"log":30,"ind_0_17":18.5,"ind_65p":12}},{"type":"Feature","geometry":{"type":"Polygon","coordinates":[[[-61.00926876068115,14.650399367812],[-61.007423400878906,14.650357847767523],[-61.007423400878906,14.64857247841499],[-61.00926876068115,14.64857247841499],[-61.00926876068115,14.650399367812]]]},"id":1331294322,"properties":{"GEO":"CRS5490RES200mN1620400E714400","GEO_OBJECT":"C200M","OBS_STATUS":"I","lcog_geo":"97213","ind":26,"men":8.9,"men_pauv":0.4,"men_1ind":1.6,"men_5ind":1.6,"men_prop":7.8,"men_fmp":1.9,"ind_snv":736062.3,"men_surf":933.3,"men_coll":0.8,"men_mais":8.1,"log_soc":0,"ind_inc":0,"log":8.9,"ind_0_17":9.3,"ind_65p":3.5}},{"type":"Feature","geometry":{"type":"Polygon","coordinates":[[[-61.009225845336914,14.65401158156864],[-61.00738048553467,14.653970062208543],[-61.00738048553467,14.652184722282826],[-61.00926876068115,14.652184722282826],[-61.009225845336914,14.65401158156864]]]},"id":1331294480,"properties":{"GEO":"CRS5490RES200mN1620800E714400","GEO_OBJECT":"C200M","OBS_STATUS":"A","lcog_geo":"97213","ind":28,"men":19,"men_pauv":9,"men_1ind":11,"men_5ind":0,"men_prop":14,"men_fmp":1,"ind_snv":611399.1,"men_surf":1908,"men_coll":3,"men_mais":16,"log_soc":0,"ind_inc":0,"log":19,"ind_0_17":2,"ind_65p":13}},{"type":"Feature","geometry":{"type":"Polygon","coordinates":[[[-61.0111141204834,14.650399367812],[-61.01115703582764,14.648613998797657],[-61.01300239562988,14.648613998797657],[-61.01300239562988,14.650399367812],[-61.0111141204834,14.650399367812]]]},"id":1331294320,"properties":{"GEO":"CRS5490RES200mN1620400E714000","GEO_OBJECT":"C200M","OBS_STATUS":"I","lcog_geo":"97213","ind":25,"men":8.6,"men_pauv":0.4,"men_1ind":1.5,"men_5ind":1.5,"men_prop":7.5,"men_fmp":1.9,"ind_snv":707752.2,"men_surf":897.4,"men_coll":0.8,"men_mais":7.8,"log_soc":0,"ind_inc":0,"log":8.6,"ind_0_17":8.899999999999999,"ind_65p":3.4}},{"type":"Feature","geometry":{"type":"Polygon","coordinates":[[[-61.0111141204834,14.652226241981182],[-61.0111141204834,14.650399367812],[-61.01300239562988,14.650399367812],[-61.012959480285645,14.652226241981182],[-61.0111141204834,14.652226241981182]]]},"id":1331294398,"properties":{"GEO":"CRS5490RES200mN1620600E714000","GEO_OBJECT":"C200M","OBS_STATUS":"A","lcog_geo":"97213","ind":49,"men":20,"men_pauv":3,"men_1ind":4,"men_5ind":2,"men_prop":10,"men_fmp":3,"ind_snv":1252490.8,"men_surf":2048,"men_coll":11,"men_mais":9,"log_soc":0,"ind_inc":0,"log":20,"ind_0_17":10,"ind_65p":12}},{"type":"Feature","geometry":{"type":"Polygon","coordinates":[[[-61.009225845336914,14.65401158156864],[-61.00926876068115,14.652184722282826],[-61.0111141204834,14.652226241981182],[-61.0111141204834,14.65401158156864],[-61.009225845336914,14.65401158156864]]]},"id":1331294479,"properties":{"GEO":"CRS5490RES200mN1620800E714200","GEO_OBJECT":"C200M","OBS_STATUS":"A","lcog_geo":"97213","ind":68,"men":39,"men_pauv":11,"men_1ind":22,"men_5ind":1,"men_prop":25,"men_fmp":6,"ind_snv":1531256.3,"men_surf":3358,"men_coll":11,"men_mais":28,"log_soc":0,"ind_inc":0,"log":39,"ind_0_17":9,"ind_65p":25}},{"type":"Feature","geometry":{"type":"Polygon","coordinates":[[[-61.0111141204834,14.652226241981182],[-61.00926876068115,14.652184722282826],[-61.00926876068115,14.650399367812],[-61.0111141204834,14.650399367812],[-61.0111141204834,14.652226241981182]]]},"id":1331294399,"properties":{"GEO":"CRS5490RES200mN1620600E714200","GEO_OBJECT":"C200M","OBS_STATUS":"A","lcog_geo":"97213","ind":29,"men":16,"men_pauv":5,"men_1ind":7,"men_5ind":1,"men_prop":8,"men_fmp":4,"ind_snv":682835.5,"men_surf":1276,"men_coll":8,"men_mais":8,"log_soc":0,"ind_inc":0,"log":16,"ind_0_17":6,"ind_65p":12}},{"type":"Feature","geometry":{"type":"Polygon","coordinates":[[[-61.00738048553467,14.65579690660934],[-61.00738048553467,14.653970062208543],[-61.009225845336914,14.65401158156864],[-61.009225845336914,14.65579690660934],[-61.00738048553467,14.65579690660934]]]},"id":1331294558,"properties":{"GEO":"CRS5490RES200mN1621000E714400","GEO_OBJECT":"C200M","OBS_STATUS":"A","lcog_geo":"97213","ind":46,"men":19,"men_pauv":6,"men_1ind":6,"men_5ind":1,"men_prop":13,"men_fmp":3,"ind_snv":1100458.3,"men_surf":1489,"men_coll":3,"men_mais":16,"log_soc":0,"ind_inc":0,"log":19,"ind_0_17":9,"ind_65p":13}},{"type":"Feature","geometry":{"type":"Polygon","coordinates":[[[-61.005492210388184,14.659409031381145],[-61.005492210388184,14.657582217101663],[-61.00733757019043,14.657582217101663],[-61.00733757019043,14.659409031381145],[-61.005492210388184,14.659409031381145]]]},"id":1331294711,"properties":{"GEO":"CRS5490RES200mN1621400E714600","GEO_OBJECT":"C200M","OBS_STATUS":"I","lcog_geo":"97224,97213","ind":13,"men":6.8,"men_pauv":0.8,"men_1ind":3.4,"men_5ind":0,"men_prop":4.2,"men_fmp":0.8,"ind_snv":386717,"men_surf":658.3,"men_coll":2.4,"men_mais":4.4,"log_soc":0,"ind_inc":0,"log":6.800000000000001,"ind_0_17":2.1,"ind_65p":4.1}},{"type":"Feature","geometry":{"type":"Polygon","coordinates":[[[-61.00733757019043,14.659409031381145],[-61.00733757019043,14.657582217101663],[-61.009225845336914,14.657623735777193],[-61.009182929992676,14.659409031381145],[-61.00733757019043,14.659409031381145]]]},"id":1331294710,"properties":{"GEO":"CRS5490RES200mN1621400E714400","GEO_OBJECT":"C200M","OBS_STATUS":"I","lcog_geo":"97224","ind":18,"men":9.4,"men_pauv":1.1,"men_1ind":4.7,"men_5ind":0,"men_prop":5.8,"men_fmp":1.1,"ind_snv":535454.3,"men_surf":911.5,"men_coll":3.3,"men_mais":6.1,"log_soc":0,"ind_inc":0,"log":9.4,"ind_0_17":2.9000000000000004,"ind_65p":5.699999999999999}},{"type":"Feature","geometry":{"type":"Polygon","coordinates":[[[-61.009225845336914,14.657623735777193],[-61.00733757019043,14.657582217101663],[-61.00738048553467,14.65579690660934],[-61.009225845336914,14.65579690660934],[-61.009225845336914,14.657623735777193]]]},"id":1331294637,"properties":{"GEO":"CRS5490RES200mN1621200E714400","GEO_OBJECT":"C200M","OBS_STATUS":"A","lcog_geo":"97213,97224","ind":40,"men":20,"men_pauv":8,"men_1ind":10,"men_5ind":2,"men_prop":14,"men_fmp":1,"ind_snv":1067523.5,"men_surf":1741,"men_coll":0,"men_mais":20,"log_soc":0,"ind_inc":0,"log":20,"ind_0_17":3,"ind_65p":12}},{"type":"Feature","geometry":{"type":"Polygon","coordinates":[[[-61.009225845336914,14.657623735777193],[-61.009225845336914,14.65579690660934],[-61.01107120513916,14.65583842562323],[-61.01107120513916,14.657623735777193],[-61.009225845336914,14.657623735777193]]]},"id":1331294636,"properties":{"GEO":"CRS5490RES200mN1621200E714200","GEO_OBJECT":"C200M","OBS_STATUS":"A","lcog_geo":"97224,97213","ind":54.5,"men":23,"men_pauv":9,"men_1ind":9,"men_5ind":2,"men_prop":16,"men_fmp":4,"ind_snv":977226.4,"men_surf":1980,"men_coll":6,"men_mais":17,"log_soc":0,"ind_inc":0,"log":23,"ind_0_17":11.5,"ind_65p":13}},{"type":"Feature","geometry":{"type":"Polygon","coordinates":[[[-61.01102828979492,14.659450549710428],[-61.009182929992676,14.659409031381145],[-61.009225845336914,14.657623735777193],[-61.01107120513916,14.657623735777193],[-61.01102828979492,14.659450549710428]]]},"id":1331294709,"properties":{"GEO":"CRS5490RES200mN1621400E714200","GEO_OBJECT":"C200M","OBS_STATUS":"A","lcog_geo":"97224","ind":40,"men":19,"men_pauv":6,"men_1ind":8,"men_5ind":0,"men_prop":12,"men_fmp":3,"ind_snv":1090146.9,"men_surf":2102,"men_coll":6,"men_mais":13,"log_soc":0,"ind_inc":0,"log":19,"ind_0_17":12,"ind_65p":12}},{"type":"Feature","geometry":{"type":"Polygon","coordinates":[[[-61.01107120513916,14.65583842562323],[-61.009225845336914,14.65579690660934],[-61.009225845336914,14.65401158156864],[-61.0111141204834,14.65401158156864],[-61.01107120513916,14.65583842562323]]]},"id":1331294557,"properties":{"GEO":"CRS5490RES200mN1621000E714200","GEO_OBJECT":"C200M","OBS_STATUS":"A","lcog_geo":"97213,97224","ind":43,"men":19,"men_pauv":4,"men_1ind":7,"men_5ind":3,"men_prop":14,"men_fmp":1,"ind_snv":1239287.8,"men_surf":1595,"men_coll":3,"men_mais":16,"log_soc":0,"ind_inc":0,"log":19,"ind_0_17":3,"ind_65p":14}},{"type":"Feature","geometry":{"type":"Polygon","coordinates":[[[-61.0111141204834,14.65401158156864],[-61.0111141204834,14.652226241981182],[-61.012959480285645,14.652226241981182],[-61.012959480285645,14.65401158156864],[-61.0111141204834,14.65401158156864]]]},"id":1331294478,"properties":{"GEO":"CRS5490RES200mN1620800E714000","GEO_OBJECT":"C200M","OBS_STATUS":"A","lcog_geo":"97213,97224","ind":29,"men":11,"men_pauv":2,"men_1ind":1,"men_5ind":1,"men_prop":10,"men_fmp":2,"ind_snv":824622.3,"men_surf":1464,"men_coll":1,"men_mais":10,"log_soc":0,"ind_inc":0,"log":11,"ind_0_17":6,"ind_65p":8}},{"type":"Feature","geometry":{"type":"Polygon","coordinates":[[[-61.01107120513916,14.65583842562323],[-61.0111141204834,14.65401158156864],[-61.012959480285645,14.65401158156864],[-61.012916564941406,14.65583842562323],[-61.01107120513916,14.65583842562323]]]},"id":1331294556,"properties":{"GEO":"CRS5490RES200mN1621000E714000","GEO_OBJECT":"C200M","OBS_STATUS":"A","lcog_geo":"97224,97213","ind":45,"men":18,"men_pauv":1,"men_1ind":5,"men_5ind":2,"men_prop":15,"men_fmp":1,"ind_snv":1331618.4,"men_surf":1831,"men_coll":4,"men_mais":14,"log_soc":0,"ind_inc":0,"log":18,"ind_0_17":7,"ind_65p":14}},{"type":"Feature","geometry":{"type":"Polygon","coordinates":[[[-61.01484775543213,14.650440887848589],[-61.01484775543213,14.648613998797657],[-61.016693115234375,14.648655519172465],[-61.016693115234375,14.650440887848589],[-61.01484775543213,14.650440887848589]]]},"id":1331294318,"properties":{"GEO":"CRS5490RES200mN1620400E713600","GEO_OBJECT":"C200M","OBS_STATUS":"I","lcog_geo":"97213,97224","ind":3,"men":1.2,"men_pauv":0.2,"men_1ind":0.4,"men_5ind":0.2,"men_prop":1.1,"men_fmp":0.1,"ind_snv":82412.3,"men_surf":125.6,"men_coll":0.2,"men_mais":1,"log_soc":0,"ind_inc":0,"log":1.2000000000000002,"ind_0_17":0.6000000000000001,"ind_65p":0.7}},{"type":"Feature","geometry":{"type":"Polygon","coordinates":[[[-61.01484775543213,14.650440887848589],[-61.01300239562988,14.650399367812],[-61.01300239562988,14.648613998797657],[-61.01484775543213,14.648613998797657],[-61.01484775543213,14.650440887848589]]]},"id":1331294319,"properties":{"GEO":"CRS5490RES200mN1620400E713800","GEO_OBJECT":"C200M","OBS_STATUS":"A","lcog_geo":"97213","ind":42,"men":14,"men_pauv":1,"men_1ind":3,"men_5ind":1,"men_prop":12,"men_fmp":0,"ind_snv":1288527.4,"men_surf":1399,"men_coll":0,"men_mais":14,"log_soc":0,"ind_inc":0,"log":14,"ind_0_17":6,"ind_65p":13}},{"type":"Feature","geometry":{"type":"Polygon","coordinates":[[[-61.012959480285645,14.652226241981182],[-61.01300239562988,14.650399367812],[-61.01484775543213,14.650440887848589],[-61.01480484008789,14.652226241981182],[-61.012959480285645,14.652226241981182]]]},"id":1331294397,"properties":{"GEO":"CRS5490RES200mN1620600E713800","GEO_OBJECT":"C200M","OBS_STATUS":"A","lcog_geo":"97213","ind":30,"men":13,"men_pauv":2,"men_1ind":4,"men_5ind":1,"men_prop":4,"men_fmp":4,"ind_snv":681180.9,"men_surf":1191,"men_coll":9,"men_mais":4,"log_soc":0,"ind_inc":0,"log":13,"ind_0_17":10,"ind_65p":3}},{"type":"Feature","geometry":{"type":"Polygon","coordinates":[[[-61.016693115234375,14.65226776167168],[-61.01480484008789,14.652226241981182],[-61.01484775543213,14.650440887848589],[-61.016693115234375,14.650440887848589],[-61.016693115234375,14.65226776167168]]]},"id":1331294396,"properties":{"GEO":"CRS5490RES200mN1620600E713600","GEO_OBJECT":"C200M","OBS_STATUS":"I","lcog_geo":"97224,97213","ind":6,"men":2.4,"men_pauv":0.3,"men_1ind":0.9,"men_5ind":0.3,"men_prop":2.1,"men_fmp":0.1,"ind_snv":164824.6,"men_surf":251.1,"men_coll":0.3,"men_mais":2.1,"log_soc":0,"ind_inc":0,"log":2.4000000000000004,"ind_0_17":1.3,"ind_65p":1.3}},{"type":"Feature","geometry":{"type":"Polygon","coordinates":[[[-61.012916564941406,14.65583842562323],[-61.012959480285645,14.65401158156864],[-61.01480484008789,14.654053100920848],[-61.01480484008789,14.65583842562323],[-61.012916564941406,14.65583842562323]]]},"id":1331294555,"properties":{"GEO":"CRS5490RES200mN1621000E713800","GEO_OBJECT":"C200M","OBS_STATUS":"A","lcog_geo":"97224","ind":32,"men":12,"men_pauv":1,"men_1ind":3,"men_5ind":0,"men_prop":11,"men_fmp":1,"ind_snv":936927.3,"men_surf":1147,"men_coll":3,"men_mais":9,"log_soc":0,"ind_inc":0,"log":12,"ind_0_17":10,"ind_65p":8}},{"type":"Feature","geometry":{"type":"Polygon","coordinates":[[[-61.01480484008789,14.654053100920848],[-61.012959480285645,14.65401158156864],[-61.012959480285645,14.652226241981182],[-61.01480484008789,14.652226241981182],[-61.01480484008789,14.654053100920848]]]},"id":1331294477,"properties":{"GEO":"CRS5490RES200mN1620800E713800","GEO_OBJECT":"C200M","OBS_STATUS":"I","lcog_geo":"97213,97224","ind":22,"men":8.9,"men_pauv":1.2,"men_1ind":3.3,"men_5ind":1.2,"men_prop":7.7,"men_fmp":0.5,"ind_snv":604356.8,"men_surf":920.7,"men_coll":1.2,"men_mais":7.7,"log_soc":0,"ind_inc":0,"log":8.9,"ind_0_17":4.8,"ind_65p":4.8}},{"type":"Feature","geometry":{"type":"Polygon","coordinates":[[[-61.012916564941406,14.657665254444879],[-61.012916564941406,14.65583842562323],[-61.01480484008789,14.65583842562323],[-61.01476192474365,14.657665254444879],[-61.012916564941406,14.657665254444879]]]},"id":1331294634,"properties":{"GEO":"CRS5490RES200mN1621200E713800","GEO_OBJECT":"C200M","OBS_STATUS":"A","lcog_geo":"97224","ind":34,"men":18,"men_pauv":6,"men_1ind":7,"men_5ind":0,"men_prop":15,"men_fmp":1,"ind_snv":725141.4,"men_surf":1412,"men_coll":3,"men_mais":15,"log_soc":0,"ind_inc":0,"log":18,"ind_0_17":4,"ind_65p":18}},{"type":"Feature","geometry":{"type":"Polygon","coordinates":[[[-61.01102828979492,14.659450549710428],[-61.01107120513916,14.657623735777193],[-61.012916564941406,14.657665254444879],[-61.012916564941406,14.659450549710428],[-61.01102828979492,14.659450549710428]]]},"id":1331294708,"properties":{"GEO":"CRS5490RES200mN1621400E714000","GEO_OBJECT":"C200M","OBS_STATUS":"A","lcog_geo":"97224","ind":52,"men":31,"men_pauv":9,"men_1ind":16,"men_5ind":1,"men_prop":16,"men_fmp":2,"ind_snv":1115458.4,"men_surf":2405,"men_coll":6,"men_mais":25,"log_soc":0,"ind_inc":0,"log":31,"ind_0_17":3,"ind_65p":22}},{"type":"Feature","geometry":{"type":"Polygon","coordinates":[[[-61.012916564941406,14.657665254444879],[-61.01107120513916,14.657623735777193],[-61.01107120513916,14.65583842562323],[-61.012916564941406,14.65583842562323],[-61.012916564941406,14.657665254444879]]]},"id":1331294635,"properties":{"GEO":"CRS5490RES200mN1621200E714000","GEO_OBJECT":"C200M","OBS_STATUS":"A","lcog_geo":"97224","ind":31,"men":18,"men_pauv":5,"men_1ind":8,"men_5ind":0,"men_prop":12,"men_fmp":3,"ind_snv":744702.5,"men_surf":1516,"men_coll":8,"men_mais":10,"log_soc":0,"ind_inc":0,"log":18,"ind_0_17":4,"ind_65p":12}},{"type":"Feature","geometry":{"type":"Polygon","coordinates":[[[-61.01665019989014,14.655879944629262],[-61.01665019989014,14.654053100920848],[-61.01853847503662,14.654094620265198],[-61.01849555969238,14.655879944629262],[-61.01665019989014,14.655879944629262]]]},"id":1331294554,"properties":{"GEO":"CRS5490RES200mN1621000E713400","GEO_OBJECT":"C200M","OBS_STATUS":"I","lcog_geo":"97224","ind":4,"men":1.7,"men_pauv":0.5,"men_1ind":0.6,"men_5ind":0.2,"men_prop":1.1,"men_fmp":0.2,"ind_snv":109474.2,"men_surf":171.8,"men_coll":0.3,"men_mais":1.4,"log_soc":0,"ind_inc":0,"log":1.7000000000000002,"ind_0_17":0.8999999999999999,"ind_65p":1.1}},{"type":"Feature","geometry":{"type":"Polygon","coordinates":[[[-61.01853847503662,14.654094620265198],[-61.01665019989014,14.654053100920848],[-61.016693115234375,14.65226776167168],[-61.01853847503662,14.65226776167168],[-61.01853847503662,14.654094620265198]]]},"id":1331294476,"properties":{"GEO":"CRS5490RES200mN1620800E713400","GEO_OBJECT":"C200M","OBS_STATUS":"I","lcog_geo":"97224,97213","ind":1,"men":0.4,"men_pauv":0.1,"men_1ind":0.1,"men_5ind":0.1,"men_prop":0.4,"men_fmp":0,"ind_snv":27470.8,"men_surf":41.9,"men_coll":0.1,"men_mais":0.3,"log_soc":0,"ind_inc":0,"log":0.4,"ind_0_17":0.1,"ind_65p":0.30000000000000004}},{"type":"Feature","geometry":{"type":"Polygon","coordinates":[[[-61.01476192474365,14.657665254444879],[-61.01480484008789,14.65583842562323],[-61.01665019989014,14.655879944629262],[-61.01665019989014,14.657665254444879],[-61.01476192474365,14.657665254444879]]]},"id":1331294633,"properties":{"GEO":"CRS5490RES200mN1621200E713600","GEO_OBJECT":"C200M","OBS_STATUS":"I","lcog_geo":"97224","ind":8,"men":3.4,"men_pauv":1.1,"men_1ind":1.1,"men_5ind":0.4,"men_prop":2.3,"men_fmp":0.5,"ind_snv":218948.4,"men_surf":343.6,"men_coll":0.6,"men_mais":2.8,"log_soc":0,"ind_inc":0,"log":3.4000000000000004,"ind_0_17":1.9000000000000001,"ind_65p":2.3}},{"type":"Feature","geometry":{"type":"Polygon","coordinates":[[[-61.0166072845459,14.659492068031838],[-61.01476192474365,14.659450549710428],[-61.01476192474365,14.657665254444879],[-61.01665019989014,14.657665254444879],[-61.0166072845459,14.659492068031838]]]},"id":1331294706,"properties":{"GEO":"CRS5490RES200mN1621400E713600","GEO_OBJECT":"C200M","OBS_STATUS":"I","lcog_geo":"97224","ind":5,"men":2.1,"men_pauv":0.7,"men_1ind":0.7,"men_5ind":0.3,"men_prop":1.4,"men_fmp":0.3,"ind_snv":136842.7,"men_surf":214.7,"men_coll":0.3,"men_mais":1.8,"log_soc":0,"ind_inc":0,"log":2.0999999999999996,"ind_0_17":1.1,"ind_65p":1.4}},{"type":"Feature","geometry":{"type":"Polygon","coordinates":[[[-61.01102828979492,14.66306261422939],[-61.00914001464844,14.66302109658487],[-61.009182929992676,14.661235830424289],[-61.01102828979492,14.661235830424289],[-61.01102828979492,14.66306261422939]]]},"id":1331294872,"properties":{"GEO":"CRS5490RES200mN1621800E714200","GEO_OBJECT":"C200M","OBS_STATUS":"A","lcog_geo":"97224","ind":28,"men":12,"men_pauv":5,"men_1ind":5,"men_5ind":1,"men_prop":10,"men_fmp":3,"ind_snv":488804.3,"men_surf":941,"men_coll":1,"men_mais":11,"log_soc":0,"ind_inc":0,"log":12,"ind_0_17":6,"ind_65p":8}},{"type":"Feature","geometry":{"type":"Polygon","coordinates":[[[-61.01102828979492,14.66306261422939],[-61.01102828979492,14.661235830424289],[-61.01287364959717,14.661277348407282],[-61.01287364959717,14.66306261422939],[-61.01102828979492,14.66306261422939]]]},"id":1331294871,"properties":{"GEO":"CRS5490RES200mN1621800E714000","GEO_OBJECT":"C200M","OBS_STATUS":"I","lcog_geo":"97224","ind":16,"men":8.3,"men_pauv":1,"men_1ind":4.2,"men_5ind":0,"men_prop":5.1,"men_fmp":1,"ind_snv":475959.4,"men_surf":810.2,"men_coll":2.9,"men_mais":5.4,"log_soc":0,"ind_inc":0,"log":8.3,"ind_0_17":2.6,"ind_65p":5.1}},{"type":"Feature","geometry":{"type":"Polygon","coordinates":[[[-61.00725173950195,14.668459840980617],[-61.00725173950195,14.666633102207172],[-61.00914001464844,14.666633102207172],[-61.0090970993042,14.668459840980617],[-61.00725173950195,14.668459840980617]]]},"id":1331295050,"properties":{"GEO":"CRS5490RES200mN1622400E714400","GEO_OBJECT":"C200M","OBS_STATUS":"I","lcog_geo":"97224","ind":10,"men":4.4,"men_pauv":0.3,"men_1ind":1.4,"men_5ind":0.3,"men_prop":3.2,"men_fmp":0.3,"ind_snv":265149.2,"men_surf":417.4,"men_coll":0.3,"men_mais":4.1,"log_soc":0,"ind_inc":0,"log":4.4,"ind_0_17":1.1,"ind_65p":2.5}},{"type":"Feature","geometry":{"type":"Polygon","coordinates":[[[-61.010985374450684,14.666674619166756],[-61.010985374450684,14.664847865496554],[-61.01283073425293,14.664889382794698],[-61.01283073425293,14.666674619166756],[-61.010985374450684,14.666674619166756]]]},"id":1331294998,"properties":{"GEO":"CRS5490RES200mN1622200E714000","GEO_OBJECT":"C200M","OBS_STATUS":"I","lcog_geo":"97224","ind":7,"men":3.1,"men_pauv":0.2,"men_1ind":1,"men_5ind":0.2,"men_prop":2.2,"men_fmp":0.2,"ind_snv":185604.5,"men_surf":292.2,"men_coll":0.2,"men_mais":2.9,"log_soc":0,"ind_inc":0,"log":3.1,"ind_0_17":0.8,"ind_65p":1.8}},{"type":"Feature","geometry":{"type":"Polygon","coordinates":[[[-61.0090970993042,14.668459840980617],[-61.00914001464844,14.666633102207172],[-61.010985374450684,14.666674619166756],[-61.010942459106445,14.668459840980617],[-61.0090970993042,14.668459840980617]]]},"id":1331295049,"properties":{"GEO":"CRS5490RES200mN1622400E714200","GEO_OBJECT":"C200M","OBS_STATUS":"I","lcog_geo":"97224","ind":8,"men":3.5,"men_pauv":0.2,"men_1ind":1.1,"men_5ind":0.2,"men_prop":2.5,"men_fmp":0.2,"ind_snv":212119.4,"men_surf":333.9,"men_coll":0.2,"men_mais":3.3,"log_soc":0,"ind_inc":0,"log":3.5,"ind_0_17":0.9000000000000001,"ind_65p":2}},{"type":"Feature","geometry":{"type":"Polygon","coordinates":[[[-61.01283073425293,14.668501357593755],[-61.010942459106445,14.668459840980617],[-61.010985374450684,14.666674619166756],[-61.01283073425293,14.666674619166756],[-61.01283073425293,14.668501357593755]]]},"id":1331295048,"properties":{"GEO":"CRS5490RES200mN1622400E714000","GEO_OBJECT":"C200M","OBS_STATUS":"I","lcog_geo":"97224","ind":8,"men":3.5,"men_pauv":0.2,"men_1ind":1.1,"men_5ind":0.2,"men_prop":2.5,"men_fmp":0.2,"ind_snv":212119.4,"men_surf":333.9,"men_coll":0.2,"men_mais":3.3,"log_soc":0,"ind_inc":0,"log":3.5,"ind_0_17":0.9000000000000001,"ind_65p":2}},{"type":"Feature","geometry":{"type":"Polygon","coordinates":[[[-61.01287364959717,14.661277348407282],[-61.01102828979492,14.661235830424289],[-61.01102828979492,14.659450549710428],[-61.012916564941406,14.659450549710428],[-61.01287364959717,14.661277348407282]]]},"id":1331294786,"properties":{"GEO":"CRS5490RES200mN1621600E714000","GEO_OBJECT":"C200M","OBS_STATUS":"A","lcog_geo":"97224","ind":39.5,"men":24,"men_pauv":7,"men_1ind":15,"men_5ind":1,"men_prop":11,"men_fmp":4,"ind_snv":817729.6,"men_surf":1733,"men_coll":6,"men_mais":18,"log_soc":0,"ind_inc":0,"log":24,"ind_0_17":5.5,"ind_65p":11}},{"type":"Feature","geometry":{"type":"Polygon","coordinates":[[[-61.012916564941406,14.659450549710428],[-61.012916564941406,14.657665254444879],[-61.01476192474365,14.657665254444879],[-61.01476192474365,14.659450549710428],[-61.012916564941406,14.659450549710428]]]},"id":1331294707,"properties":{"GEO":"CRS5490RES200mN1621400E713800","GEO_OBJECT":"C200M","OBS_STATUS":"A","lcog_geo":"97224","ind":45,"men":18,"men_pauv":1,"men_1ind":4,"men_5ind":1,"men_prop":18,"men_fmp":2,"ind_snv":1325199.1,"men_surf":1875,"men_coll":1,"men_mais":17,"log_soc":0,"ind_inc":0,"log":18,"ind_0_17":9,"ind_65p":13}},{"type":"Feature","geometry":{"type":"Polygon","coordinates":[[[-61.01476192474365,14.661277348407282],[-61.01476192474365,14.659450549710428],[-61.0166072845459,14.659492068031838],[-61.0166072845459,14.661277348407282],[-61.01476192474365,14.661277348407282]]]},"id":1331294784,"properties":{"GEO":"CRS5490RES200mN1621600E713600","GEO_OBJECT":"C200M","OBS_STATUS":"I","lcog_geo":"97224","ind":21,"men":9,"men_pauv":2.8,"men_1ind":3,"men_5ind":1.1,"men_prop":6,"men_fmp":1.3,"ind_snv":574739.4,"men_surf":901.9,"men_coll":1.5,"men_mais":7.5,"log_soc":0,"ind_inc":0,"log":9,"ind_0_17":5.1,"ind_65p":5.800000000000001}},{"type":"Feature","geometry":{"type":"Polygon","coordinates":[[[-61.014719009399414,14.663104131866021],[-61.01287364959717,14.66306261422939],[-61.01287364959717,14.661277348407282],[-61.01476192474365,14.661277348407282],[-61.014719009399414,14.663104131866021]]]},"id":1331294870,"properties":{"GEO":"CRS5490RES200mN1621800E713800","GEO_OBJECT":"C200M","OBS_STATUS":"A","lcog_geo":"97224","ind":26.5,"men":11,"men_pauv":0,"men_1ind":2,"men_5ind":0,"men_prop":10,"men_fmp":1,"ind_snv":824247.5,"men_surf":1169,"men_coll":3,"men_mais":8,"log_soc":0,"ind_inc":0,"log":11,"ind_0_17":5.5,"ind_65p":14}},{"type":"Feature","geometry":{"type":"Polygon","coordinates":[[[-61.01287364959717,14.661277348407282],[-61.012916564941406,14.659450549710428],[-61.01476192474365,14.659450549710428],[-61.01476192474365,14.661277348407282],[-61.01287364959717,14.661277348407282]]]},"id":1331294785,"properties":{"GEO":"CRS5490RES200mN1621600E713800","GEO_OBJECT":"C200M","OBS_STATUS":"A","lcog_geo":"97224","ind":59.5,"men":20,"men_pauv":8,"men_1ind":5,"men_5ind":4,"men_prop":16,"men_fmp":6,"ind_snv":1426240.6,"men_surf":1851,"men_coll":7,"men_mais":13,"log_soc":0,"ind_inc":0,"log":20,"ind_0_17":12.5,"ind_65p":16}},{"type":"Feature","geometry":{"type":"Polygon","coordinates":[[[-61.014719009399414,14.663104131866021],[-61.01476192474365,14.661277348407282],[-61.0166072845459,14.661277348407282],[-61.01656436920166,14.663104131866021],[-61.014719009399414,14.663104131866021]]]},"id":1331294869,"properties":{"GEO":"CRS5490RES200mN1621800E713600","GEO_OBJECT":"C200M","OBS_STATUS":"A","lcog_geo":"97224","ind":36,"men":18,"men_pauv":1,"men_1ind":7,"men_5ind":0,"men_prop":15,"men_fmp":0,"ind_snv":1072762,"men_surf":2094,"men_coll":4,"men_mais":14,"log_soc":0,"ind_inc":0,"log":18,"ind_0_17":4,"ind_65p":13}},{"type":"Feature","geometry":{"type":"Polygon","coordinates":[[[-61.014719009399414,14.664889382794698],[-61.014719009399414,14.663104131866021],[-61.01656436920166,14.663104131866021],[-61.01656436920166,14.664889382794698],[-61.014719009399414,14.664889382794698]]]},"id":1331294938,"properties":{"GEO":"CRS5490RES200mN1622000E713600","GEO_OBJECT":"C200M","OBS_STATUS":"A","lcog_geo":"97224","ind":30,"men":15,"men_pauv":3,"men_1ind":7,"men_5ind":1,"men_prop":10,"men_fmp":1,"ind_snv":997469,"men_surf":1550,"men_coll":4,"men_mais":11,"log_soc":0,"ind_inc":0,"log":15,"ind_0_17":2,"ind_65p":10}},{"type":"Feature","geometry":{"type":"Polygon","coordinates":[[[-61.01283073425293,14.668501357593755],[-61.01283073425293,14.666674619166756],[-61.014676094055176,14.666716136118481],[-61.014676094055176,14.668501357593755],[-61.01283073425293,14.668501357593755]]]},"id":1331295047,"properties":{"GEO":"CRS5490RES200mN1622400E713800","GEO_OBJECT":"C200M","OBS_STATUS":"I","lcog_geo":"97224","ind":12,"men":6.3,"men_pauv":1.6,"men_1ind":2.5,"men_5ind":0.3,"men_prop":4.2,"men_fmp":1,"ind_snv":268935.5,"men_surf":540.4,"men_coll":2.4,"men_mais":3.9,"log_soc":0,"ind_inc":0,"log":6.300000000000001,"ind_0_17":1.7999999999999998,"ind_65p":4.300000000000001}},{"type":"Feature","geometry":{"type":"Polygon","coordinates":[[[-61.014676094055176,14.666716136118481],[-61.014719009399414,14.664889382794698],[-61.01656436920166,14.664889382794698],[-61.01656436920166,14.666716136118481],[-61.014676094055176,14.666716136118481]]]},"id":1331294997,"properties":{"GEO":"CRS5490RES200mN1622200E713600","GEO_OBJECT":"C200M","OBS_STATUS":"I","lcog_geo":"97224","ind":3,"men":1.6,"men_pauv":0.4,"men_1ind":0.6,"men_5ind":0.1,"men_prop":1,"men_fmp":0.3,"ind_snv":67233.9,"men_surf":135.1,"men_coll":0.6,"men_mais":1,"log_soc":0,"ind_inc":0,"log":1.6,"ind_0_17":0.4,"ind_65p":1.1}},{"type":"Feature","geometry":{"type":"Polygon","coordinates":[[[-61.014676094055176,14.670328080775803],[-61.014676094055176,14.668501357593755],[-61.01652145385742,14.668501357593755],[-61.01652145385742,14.670328080775803],[-61.014676094055176,14.670328080775803]]]},"id":1331295105,"properties":{"GEO":"CRS5490RES200mN1622600E713600","GEO_OBJECT":"C200M","OBS_STATUS":"A","lcog_geo":"97224","ind":28,"men":14,"men_pauv":1,"men_1ind":7,"men_5ind":1,"men_prop":9,"men_fmp":0,"ind_snv":903780.1,"men_surf":1311,"men_coll":6,"men_mais":8,"log_soc":0,"ind_inc":0,"log":14,"ind_0_17":5,"ind_65p":8}},{"type":"Feature","geometry":{"type":"Polygon","coordinates":[[[-61.01652145385742,14.670328080775803],[-61.01652145385742,14.668501357593755],[-61.018409729003906,14.66854287419902],[-61.01836681365967,14.670328080775803],[-61.01652145385742,14.670328080775803]]]},"id":1331295104,"properties":{"GEO":"CRS5490RES200mN1622600E713400","GEO_OBJECT":"C200M","OBS_STATUS":"A","lcog_geo":"97224","ind":34,"men":16,"men_pauv":2,"men_1ind":6,"men_5ind":0,"men_prop":12,"men_fmp":4,"ind_snv":901833.1,"men_surf":1640,"men_coll":4,"men_mais":12,"log_soc":0,"ind_inc":0,"log":16,"ind_0_17":6,"ind_65p":8}},{"type":"Feature","geometry":{"type":"Polygon","coordinates":[[[-61.014676094055176,14.668501357593755],[-61.014676094055176,14.666716136118481],[-61.01656436920166,14.666716136118481],[-61.01652145385742,14.668501357593755],[-61.014676094055176,14.668501357593755]]]},"id":1331295046,"properties":{"GEO":"CRS5490RES200mN1622400E713600","GEO_OBJECT":"C200M","OBS_STATUS":"I","lcog_geo":"97224","ind":9,"men":4.7,"men_pauv":1.2,"men_1ind":1.9,"men_5ind":0.2,"men_prop":3.1,"men_fmp":0.8,"ind_snv":201701.6,"men_surf":405.3,"men_coll":1.8,"men_mais":2.9,"log_soc":0,"ind_inc":0,"log":4.699999999999999,"ind_0_17":1.4,"ind_65p":3.2}},{"type":"Feature","geometry":{"type":"Polygon","coordinates":[[[-61.018409729003906,14.66854287419902],[-61.01652145385742,14.668501357593755],[-61.01656436920166,14.666716136118481],[-61.018409729003906,14.666716136118481],[-61.018409729003906,14.66854287419902]]]},"id":1331295045,"properties":{"GEO":"CRS5490RES200mN1622400E713400","GEO_OBJECT":"C200M","OBS_STATUS":"I","lcog_geo":"97224","ind":9,"men":4.7,"men_pauv":1.2,"men_1ind":1.9,"men_5ind":0.2,"men_prop":3.1,"men_fmp":0.8,"ind_snv":201701.6,"men_surf":405.3,"men_coll":1.8,"men_mais":2.9,"log_soc":0,"ind_inc":0,"log":4.699999999999999,"ind_0_17":1.4,"ind_65p":3.2}},{"type":"Feature","geometry":{"type":"Polygon","coordinates":[[[-60.997939109802246,14.671988724983478],[-60.997939109802246,14.670162015661973],[-60.99982738494873,14.67020353195224],[-60.99978446960449,14.671988724983478],[-60.997939109802246,14.671988724983478]]]},"id":1331295170,"properties":{"GEO":"CRS5490RES200mN1622800E715400","GEO_OBJECT":"C200M","OBS_STATUS":"I","lcog_geo":"97224","ind":6,"men":2.6,"men_pauv":0.2,"men_1ind":0.8,"men_5ind":0.2,"men_prop":1.9,"men_fmp":0.2,"ind_snv":159089.5,"men_surf":250.5,"men_coll":0.2,"men_mais":2.4,"log_soc":0,"ind_inc":0,"log":2.6,"ind_0_17":0.8,"ind_65p":1.4}},{"type":"Feature","geometry":{"type":"Polygon","coordinates":[[[-60.99982738494873,14.67020353195224],[-60.997939109802246,14.670162015661973],[-60.997982025146484,14.66837680773071],[-60.99982738494873,14.66837680773071],[-60.99982738494873,14.67020353195224]]]},"id":1331295109,"properties":{"GEO":"CRS5490RES200mN1622600E715400","GEO_OBJECT":"C200M","OBS_STATUS":"I","lcog_geo":"97224","ind":3,"men":1.3,"men_pauv":0.1,"men_1ind":0.4,"men_5ind":0.1,"men_prop":1,"men_fmp":0.1,"ind_snv":79544.8,"men_surf":125.2,"men_coll":0.1,"men_mais":1.2,"log_soc":0,"ind_inc":0,"log":1.3,"ind_0_17":0.4,"ind_65p":0.7}},{"type":"Feature","geometry":{"type":"Polygon","coordinates":[[[-60.99605083465576,14.673773903451718],[-60.99609375,14.67194720903187],[-60.997939109802246,14.671988724983478],[-60.997939109802246,14.673773903451718],[-60.99605083465576,14.673773903451718]]]},"id":1331295236,"properties":{"GEO":"CRS5490RES200mN1623000E715600","GEO_OBJECT":"C200M","OBS_STATUS":"I","lcog_geo":"97224,97213","ind":7,"men":2.7,"men_pauv":0.7,"men_1ind":0.8,"men_5ind":0.3,"men_prop":2.1,"men_fmp":0.5,"ind_snv":152240.6,"men_surf":231.4,"men_coll":0.2,"men_mais":2.5,"log_soc":0,"ind_inc":0,"log":2.7,"ind_0_17":2,"ind_65p":1.7}},{"type":"Feature","geometry":{"type":"Polygon","coordinates":[[[-60.99978446960449,14.673815419056751],[-60.997939109802246,14.673773903451718],[-60.997939109802246,14.671988724983478],[-60.99978446960449,14.671988724983478],[-60.99978446960449,14.673815419056751]]]},"id":1331295235,"properties":{"GEO":"CRS5490RES200mN1623000E715400","GEO_OBJECT":"C200M","OBS_STATUS":"A","lcog_geo":"97224","ind":26,"men":11,"men_pauv":3,"men_1ind":3,"men_5ind":0,"men_prop":10,"men_fmp":3,"ind_snv":632813.2,"men_surf":1001,"men_coll":1,"men_mais":10,"log_soc":0,"ind_inc":0,"log":11,"ind_0_17":3,"ind_65p":11}},{"type":"Feature","geometry":{"type":"Polygon","coordinates":[[[-60.999741554260254,14.677427246539864],[-60.999741554260254,14.675600582621627],[-61.00162982940674,14.675642097880058],[-61.0015869140625,14.677427246539864],[-60.999741554260254,14.677427246539864]]]},"id":1331295356,"properties":{"GEO":"CRS5490RES200mN1623400E715200","GEO_OBJECT":"C200M","OBS_STATUS":"I","lcog_geo":"97224","ind":22,"men":8.6,"men_pauv":2.1,"men_1ind":2.5,"men_5ind":1,"men_prop":6.6,"men_fmp":1.6,"ind_snv":478470.3,"men_surf":727.2,"men_coll":0.6,"men_mais":8,"log_soc":0,"ind_inc":0,"log":8.6,"ind_0_17":6.2,"ind_65p":5.1}},{"type":"Feature","geometry":{"type":"Polygon","coordinates":[[[-60.99789619445801,14.675600582621627],[-60.997939109802246,14.673773903451718],[-60.99978446960449,14.673815419056751],[-60.999741554260254,14.675600582621627],[-60.99789619445801,14.675600582621627]]]},"id":1331295299,"properties":{"GEO":"CRS5490RES200mN1623200E715400","GEO_OBJECT":"C200M","OBS_STATUS":"A","lcog_geo":"97224","ind":25,"men":12,"men_pauv":4,"men_1ind":7,"men_5ind":1,"men_prop":7,"men_fmp":0,"ind_snv":545982.1,"men_surf":883,"men_coll":3,"men_mais":9,"log_soc":0,"ind_inc":0,"log":12,"ind_0_17":6,"ind_65p":6}},{"type":"Feature","geometry":{"type":"Polygon","coordinates":[[[-61.00162982940674,14.675642097880058],[-60.999741554260254,14.675600582621627],[-60.99978446960449,14.673815419056751],[-61.00162982940674,14.673815419056751],[-61.00162982940674,14.675642097880058]]]},"id":1331295298,"properties":{"GEO":"CRS5490RES200mN1623200E715200","GEO_OBJECT":"C200M","OBS_STATUS":"I","lcog_geo":"97224","ind":9,"men":3.5,"men_pauv":0.8,"men_1ind":1,"men_5ind":0.4,"men_prop":2.7,"men_fmp":0.7,"ind_snv":195737.9,"men_surf":297.5,"men_coll":0.2,"men_mais":3.3,"log_soc":0,"ind_inc":0,"log":3.5,"ind_0_17":2.5,"ind_65p":2.1}},{"type":"Feature","geometry":{"type":"Polygon","coordinates":[[[-60.999741554260254,14.677427246539864],[-60.99789619445801,14.677385731620205],[-60.99789619445801,14.675600582621627],[-60.999741554260254,14.675600582621627],[-60.999741554260254,14.677427246539864]]]},"id":1331295357,"properties":{"GEO":"CRS5490RES200mN1623400E715400","GEO_OBJECT":"C200M","OBS_STATUS":"I","lcog_geo":"97224,97212","ind":13,"men":5.1,"men_pauv":1.2,"men_1ind":1.5,"men_5ind":0.6,"men_prop":3.9,"men_fmp":1,"ind_snv":282732.5,"men_surf":429.7,"men_coll":0.4,"men_mais":4.7,"log_soc":0,"ind_inc":0,"log":5.1,"ind_0_17":3.7,"ind_65p":3.1}},{"type":"Feature","geometry":{"type":"Polygon","coordinates":[[[-61.0015869140625,14.67925389520471],[-60.999741554260254,14.679212380631725],[-60.999741554260254,14.677427246539864],[-61.0015869140625,14.677427246539864],[-61.0015869140625,14.67925389520471]]]},"id":1331295415,"properties":{"GEO":"CRS5490RES200mN1623600E715200","GEO_OBJECT":"C200M","OBS_STATUS":"I","lcog_geo":"97224,97212","ind":3,"men":1.2,"men_pauv":0.3,"men_1ind":0.3,"men_5ind":0.1,"men_prop":0.9,"men_fmp":0.2,"ind_snv":65246,"men_surf":99.2,"men_coll":0.1,"men_mais":1.1,"log_soc":0,"ind_inc":0,"log":1.2000000000000002,"ind_0_17":0.8,"ind_65p":0.7}},{"type":"Feature","geometry":{"type":"Polygon","coordinates":[[[-60.99978446960449,14.673815419056751],[-60.99978446960449,14.671988724983478],[-61.00162982940674,14.671988724983478],[-61.00162982940674,14.673815419056751],[-60.99978446960449,14.673815419056751]]]},"id":1331295234,"properties":{"GEO":"CRS5490RES200mN1623000E715200","GEO_OBJECT":"C200M","OBS_STATUS":"I","lcog_geo":"97224","ind":11,"men":4.3,"men_pauv":1,"men_1ind":1.2,"men_5ind":0.5,"men_prop":3.3,"men_fmp":0.8,"ind_snv":239235.2,"men_surf":363.6,"men_coll":0.3,"men_mais":4,"log_soc":0,"ind_inc":0,"log":4.300000000000001,"ind_0_17":3.1,"ind_65p":2.5999999999999996}},{"type":"Feature","geometry":{"type":"Polygon","coordinates":[[[-61.00162982940674,14.675642097880058],[-61.00162982940674,14.673815419056751],[-61.003475189208984,14.673815419056751],[-61.003475189208984,14.675642097880058],[-61.00162982940674,14.675642097880058]]]},"id":1331295297,"properties":{"GEO":"CRS5490RES200mN1623200E715000","GEO_OBJECT":"C200M","OBS_STATUS":"I","lcog_geo":"97224","ind":18,"men":7.1,"men_pauv":1.7,"men_1ind":2,"men_5ind":0.8,"men_prop":5.4,"men_fmp":1.3,"ind_snv":391475.7,"men_surf":595,"men_coll":0.5,"men_mais":6.6,"log_soc":0,"ind_inc":0,"log":7.1,"ind_0_17":5.1,"ind_65p":4.2}},{"type":"Feature","geometry":{"type":"Polygon","coordinates":[[[-61.003475189208984,14.675642097880058],[-61.003475189208984,14.673815419056751],[-61.00536346435547,14.673856934653926],[-61.00532054901123,14.675642097880058],[-61.003475189208984,14.675642097880058]]]},"id":1331295296,"properties":{"GEO":"CRS5490RES200mN1623200E714800","GEO_OBJECT":"C200M","OBS_STATUS":"I","lcog_geo":"97224","ind":18,"men":8.9,"men_pauv":2.7,"men_1ind":4.3,"men_5ind":0.4,"men_prop":5.4,"men_fmp":1,"ind_snv":389695.5,"men_surf":708.8,"men_coll":1,"men_mais":7.9,"log_soc":0,"ind_inc":0,"log":8.899999999999999,"ind_0_17":3.1,"ind_65p":5.6}},{"type":"Feature","geometry":{"type":"Polygon","coordinates":[[[-61.00536346435547,14.673856934653926],[-61.00536346435547,14.672030240927228],[-61.007208824157715,14.67207175686309],[-61.007208824157715,14.673856934653926],[-61.00536346435547,14.673856934653926]]]},"id":1331295233,"properties":{"GEO":"CRS5490RES200mN1623000E714600","GEO_OBJECT":"C200M","OBS_STATUS":"I","lcog_geo":"97224","ind":4,"men":2,"men_pauv":0.6,"men_1ind":1,"men_5ind":0.1,"men_prop":1.2,"men_fmp":0.2,"ind_snv":86599,"men_surf":157.5,"men_coll":0.2,"men_mais":1.8,"log_soc":0,"ind_inc":0,"log":2,"ind_0_17":0.7000000000000001,"ind_65p":1.2}},{"type":"Feature","geometry":{"type":"Polygon","coordinates":[[[-61.00716590881348,14.675683613130602],[-61.00532054901123,14.675642097880058],[-61.00536346435547,14.673856934653926],[-61.007208824157715,14.673856934653926],[-61.00716590881348,14.675683613130602]]]},"id":1331295295,"properties":{"GEO":"CRS5490RES200mN1623200E714600","GEO_OBJECT":"C200M","OBS_STATUS":"A","lcog_geo":"97224","ind":45,"men":16,"men_pauv":2,"men_1ind":2,"men_5ind":2,"men_prop":11,"men_fmp":2,"ind_snv":942612.5,"men_surf":1223,"men_coll":3,"men_mais":13,"log_soc":0,"ind_inc":0,"log":16,"ind_0_17":4,"ind_65p":16}},{"type":"Feature","geometry":{"type":"Polygon","coordinates":[[[-61.0015869140625,14.677427246539864],[-61.00162982940674,14.675642097880058],[-61.003475189208984,14.675642097880058],[-61.003475189208984,14.677427246539864],[-61.0015869140625,14.677427246539864]]]},"id":1331295355,"properties":{"GEO":"CRS5490RES200mN1623400E715000","GEO_OBJECT":"C200M","OBS_STATUS":"A","lcog_geo":"97224,97212","ind":33,"men":12,"men_pauv":3,"men_1ind":2,"men_5ind":2,"men_prop":9,"men_fmp":3,"ind_snv":822845,"men_surf":1026,"men_coll":0,"men_mais":12,"log_soc":0,"ind_inc":0,"log":12,"ind_0_17":3,"ind_65p":5}},{"type":"Feature","geometry":{"type":"Polygon","coordinates":[[[-61.00532054901123,14.67746876145165],[-61.003475189208984,14.677427246539864],[-61.003475189208984,14.675642097880058],[-61.00532054901123,14.675642097880058],[-61.00532054901123,14.67746876145165]]]},"id":1331295354,"properties":{"GEO":"CRS5490RES200mN1623400E714800","GEO_OBJECT":"C200M","OBS_STATUS":"I","lcog_geo":"97224,97212","ind":7,"men":3.5,"men_pauv":1,"men_1ind":1.7,"men_5ind":0.2,"men_prop":2.1,"men_fmp":0.4,"ind_snv":151548.3,"men_surf":275.7,"men_coll":0.4,"men_mais":3.1,"log_soc":0,"ind_inc":0,"log":3.5,"ind_0_17":1.2000000000000002,"ind_65p":2.2}},{"type":"Feature","geometry":{"type":"Polygon","coordinates":[[[-61.003432273864746,14.681080528614444],[-61.003432273864746,14.67925389520471],[-61.00527763366699,14.67925389520471],[-61.00527763366699,14.681080528614444],[-61.003432273864746,14.681080528614444]]]},"id":1331295464,"properties":{"GEO":"CRS5490RES200mN1623800E714800","GEO_OBJECT":"C200M","OBS_STATUS":"I","lcog_geo":"97212,97224","ind":8,"men":4,"men_pauv":1.2,"men_1ind":1.9,"men_5ind":0.2,"men_prop":2.4,"men_fmp":0.4,"ind_snv":173198,"men_surf":315,"men_coll":0.4,"men_mais":3.6,"log_soc":0,"ind_inc":0,"log":4,"ind_0_17":1.4,"ind_65p":2.5}},{"type":"Feature","geometry":{"type":"Polygon","coordinates":[[[-61.00527763366699,14.681080528614444],[-61.00527763366699,14.67925389520471],[-61.00716590881348,14.679295409769807],[-61.00712299346924,14.681080528614444],[-61.00527763366699,14.681080528614444]]]},"id":1331295463,"properties":{"GEO":"CRS5490RES200mN1623800E714600","GEO_OBJECT":"C200M","OBS_STATUS":"I","lcog_geo":"97212,97224","ind":1,"men":0.5,"men_pauv":0.1,"men_1ind":0.2,"men_5ind":0,"men_prop":0.3,"men_fmp":0.1,"ind_snv":21649.8,"men_surf":39.4,"men_coll":0.1,"men_mais":0.4,"log_soc":0,"ind_inc":0,"log":0.5,"ind_0_17":0.1,"ind_65p":0.30000000000000004}},{"type":"Feature","geometry":{"type":"Polygon","coordinates":[[[-61.003432273864746,14.67925389520471],[-61.003475189208984,14.677427246539864],[-61.00532054901123,14.67746876145165],[-61.00527763366699,14.67925389520471],[-61.003432273864746,14.67925389520471]]]},"id":1331295414,"properties":{"GEO":"CRS5490RES200mN1623600E714800","GEO_OBJECT":"C200M","OBS_STATUS":"I","lcog_geo":"97224,97212","ind":2,"men":1,"men_pauv":0.3,"men_1ind":0.5,"men_5ind":0,"men_prop":0.6,"men_fmp":0.1,"ind_snv":43299.5,"men_surf":78.8,"men_coll":0.1,"men_mais":0.9,"log_soc":0,"ind_inc":0,"log":1,"ind_0_17":0.30000000000000004,"ind_65p":0.6000000000000001}},{"type":"Feature","geometry":{"type":"Polygon","coordinates":[[[-60.99785327911377,14.682824119000472],[-60.99785327911377,14.68099750015405],[-60.999698638916016,14.68103901438819],[-60.999698638916016,14.682824119000472],[-60.99785327911377,14.682824119000472]]]},"id":1331295519,"properties":{"GEO":"CRS5490RES200mN1624000E715400","GEO_OBJECT":"C200M","OBS_STATUS":"I","lcog_geo":"97212","ind":4,"men":1.7,"men_pauv":0.7,"men_1ind":0.5,"men_5ind":0.1,"men_prop":1.3,"men_fmp":0.3,"ind_snv":79615,"men_surf":145,"men_coll":0.2,"men_mais":1.5,"log_soc":0,"ind_inc":0,"log":1.7000000000000002,"ind_0_17":0.7,"ind_65p":1.3}},{"type":"Feature","geometry":{"type":"Polygon","coordinates":[[[-61.00338935852051,14.68286563288784],[-61.003432273864746,14.681080528614444],[-61.00527763366699,14.681080528614444],[-61.00527763366699,14.68286563288784],[-61.00338935852051,14.68286563288784]]]},"id":1331295517,"properties":{"GEO":"CRS5490RES200mN1624000E714800","GEO_OBJECT":"C200M","OBS_STATUS":"I","lcog_geo":"97212","ind":14,"men":6.6,"men_pauv":1.8,"men_1ind":2.8,"men_5ind":0.4,"men_prop":4.2,"men_fmp":0.8,"ind_snv":321477.3,"men_surf":563.8,"men_coll":0.6,"men_mais":6,"log_soc":0,"ind_inc":0,"log":6.6,"ind_0_17":1.1,"ind_65p":5.8}},{"type":"Feature","geometry":{"type":"Polygon","coordinates":[[[-61.003432273864746,14.681080528614444],[-61.0015869140625,14.68103901438819],[-61.0015869140625,14.67925389520471],[-61.003432273864746,14.67925389520471],[-61.003432273864746,14.681080528614444]]]},"id":1331295465,"properties":{"GEO":"CRS5490RES200mN1623800E715000","GEO_OBJECT":"C200M","OBS_STATUS":"I","lcog_geo":"97212,97224","ind":3,"men":1.2,"men_pauv":0.3,"men_1ind":0.3,"men_5ind":0.1,"men_prop":0.9,"men_fmp":0.2,"ind_snv":65246,"men_surf":99.2,"men_coll":0.1,"men_mais":1.1,"log_soc":0,"ind_inc":0,"log":1.2000000000000002,"ind_0_17":0.8,"ind_65p":0.7}},{"type":"Feature","geometry":{"type":"Polygon","coordinates":[[[-61.00338935852051,14.684692236128953],[-61.00338935852051,14.68286563288784],[-61.00527763366699,14.68286563288784],[-61.005234718322754,14.684692236128953],[-61.00338935852051,14.684692236128953]]]},"id":1331295572,"properties":{"GEO":"CRS5490RES200mN1624200E714800","GEO_OBJECT":"C200M","OBS_STATUS":"I","lcog_geo":"97212","ind":23,"men":10.8,"men_pauv":3,"men_1ind":4.6,"men_5ind":0.6,"men_prop":6.8,"men_fmp":1.3,"ind_snv":528141.3,"men_surf":926.2,"men_coll":0.9,"men_mais":9.9,"log_soc":0,"ind_inc":0,"log":10.8,"ind_0_17":1.9000000000000001,"ind_65p":9.4}},{"type":"Feature","geometry":{"type":"Polygon","coordinates":[[[-61.00154399871826,14.68286563288784],[-61.0015869140625,14.68103901438819],[-61.003432273864746,14.681080528614444],[-61.00338935852051,14.68286563288784],[-61.00154399871826,14.68286563288784]]]},"id":1331295518,"properties":{"GEO":"CRS5490RES200mN1624000E715000","GEO_OBJECT":"C200M","OBS_STATUS":"I","lcog_geo":"97212","ind":8,"men":3.3,"men_pauv":1.4,"men_1ind":1,"men_5ind":0.2,"men_prop":2.5,"men_fmp":0.6,"ind_snv":159229.9,"men_surf":290,"men_coll":0.3,"men_mais":3,"log_soc":0,"ind_inc":0,"log":3.3,"ind_0_17":1.3,"ind_65p":2.6}},{"type":"Feature","geometry":{"type":"Polygon","coordinates":[[[-61.00338935852051,14.684692236128953],[-61.00154399871826,14.684650722588373],[-61.00154399871826,14.68286563288784],[-61.00338935852051,14.68286563288784],[-61.00338935852051,14.684692236128953]]]},"id":1331295573,"properties":{"GEO":"CRS5490RES200mN1624200E715000","GEO_OBJECT":"C200M","OBS_STATUS":"I","lcog_geo":"97212","ind":10,"men":4.1,"men_pauv":1.7,"men_1ind":1.2,"men_5ind":0.3,"men_prop":3.2,"men_fmp":0.7,"ind_snv":199037.4,"men_surf":362.5,"men_coll":0.4,"men_mais":3.7,"log_soc":0,"ind_inc":0,"log":4.1,"ind_0_17":1.6,"ind_65p":3.1999999999999997}},{"type":"Feature","geometry":{"type":"Polygon","coordinates":[[[-61.007208824157715,14.67207175686309],[-61.00536346435547,14.672030240927228],[-61.00536346435547,14.670245048234648],[-61.00725173950195,14.670245048234648],[-61.007208824157715,14.67207175686309]]]},"id":1331295169,"properties":{"GEO":"CRS5490RES200mN1622800E714600","GEO_OBJECT":"C200M","OBS_STATUS":"I","lcog_geo":"97224","ind":3,"men":1.3,"men_pauv":0.1,"men_1ind":0.4,"men_5ind":0.1,"men_prop":1,"men_fmp":0.1,"ind_snv":79544.8,"men_surf":125.2,"men_coll":0.1,"men_mais":1.2,"log_soc":0,"ind_inc":0,"log":1.3,"ind_0_17":0.4,"ind_65p":0.7}},{"type":"Feature","geometry":{"type":"Polygon","coordinates":[[[-61.00725173950195,14.670245048234648],[-61.00725173950195,14.668459840980617],[-61.0090970993042,14.668459840980617],[-61.0090970993042,14.670245048234648],[-61.00725173950195,14.670245048234648]]]},"id":1331295108,"properties":{"GEO":"CRS5490RES200mN1622600E714400","GEO_OBJECT":"C200M","OBS_STATUS":"A","lcog_geo":"97224","ind":33,"men":18,"men_pauv":6,"men_1ind":6,"men_5ind":0,"men_prop":11,"men_fmp":5,"ind_snv":660122.2,"men_surf":1385,"men_coll":4,"men_mais":14,"log_soc":0,"ind_inc":0,"log":18,"ind_0_17":3,"ind_65p":12}},{"type":"Feature","geometry":{"type":"Polygon","coordinates":[[[-61.007208824157715,14.67207175686309],[-61.00725173950195,14.670245048234648],[-61.0090970993042,14.670245048234648],[-61.00905418395996,14.67207175686309],[-61.007208824157715,14.67207175686309]]]},"id":1331295168,"properties":{"GEO":"CRS5490RES200mN1622800E714400","GEO_OBJECT":"C200M","OBS_STATUS":"I","lcog_geo":"97224","ind":4,"men":1.8,"men_pauv":0.1,"men_1ind":0.5,"men_5ind":0.1,"men_prop":1.3,"men_fmp":0.1,"ind_snv":106059.7,"men_surf":167,"men_coll":0.1,"men_mais":1.7,"log_soc":0,"ind_inc":0,"log":1.8,"ind_0_17":0.5,"ind_65p":1}},{"type":"Feature","geometry":{"type":"Polygon","coordinates":[[[-61.00905418395996,14.673898450243215],[-61.00905418395996,14.67207175686309],[-61.010942459106445,14.67207175686309],[-61.01089954376221,14.673898450243215],[-61.00905418395996,14.673898450243215]]]},"id":1331295231,"properties":{"GEO":"CRS5490RES200mN1623000E714200","GEO_OBJECT":"C200M","OBS_STATUS":"I","lcog_geo":"97224","ind":17,"men":8.4,"men_pauv":2.5,"men_1ind":4.1,"men_5ind":0.4,"men_prop":5.1,"men_fmp":0.9,"ind_snv":368045.8,"men_surf":669.5,"men_coll":0.9,"men_mais":7.5,"log_soc":0,"ind_inc":0,"log":8.4,"ind_0_17":2.9000000000000004,"ind_65p":5.300000000000001}},{"type":"Feature","geometry":{"type":"Polygon","coordinates":[[[-61.00716590881348,14.675683613130602],[-61.007208824157715,14.673856934653926],[-61.00905418395996,14.673898450243215],[-61.00905418395996,14.675683613130602],[-61.00716590881348,14.675683613130602]]]},"id":1331295294,"properties":{"GEO":"CRS5490RES200mN1623200E714400","GEO_OBJECT":"C200M","OBS_STATUS":"I","lcog_geo":"97224","ind":5,"men":2.5,"men_pauv":0.7,"men_1ind":1.2,"men_5ind":0.1,"men_prop":1.5,"men_fmp":0.3,"ind_snv":108248.8,"men_surf":196.9,"men_coll":0.3,"men_mais":2.2,"log_soc":0,"ind_inc":0,"log":2.5,"ind_0_17":0.9,"ind_65p":1.5}},{"type":"Feature","geometry":{"type":"Polygon","coordinates":[[[-61.00905418395996,14.673898450243215],[-61.007208824157715,14.673856934653926],[-61.007208824157715,14.67207175686309],[-61.00905418395996,14.67207175686309],[-61.00905418395996,14.673898450243215]]]},"id":1331295232,"properties":{"GEO":"CRS5490RES200mN1623000E714400","GEO_OBJECT":"C200M","OBS_STATUS":"I","lcog_geo":"97224","ind":1,"men":0.5,"men_pauv":0.1,"men_1ind":0.2,"men_5ind":0,"men_prop":0.3,"men_fmp":0.1,"ind_snv":21649.8,"men_surf":39.4,"men_coll":0.1,"men_mais":0.4,"log_soc":0,"ind_inc":0,"log":0.5,"ind_0_17":0.1,"ind_65p":0.30000000000000004}},{"type":"Feature","geometry":{"type":"Polygon","coordinates":[[[-61.00905418395996,14.67207175686309],[-61.0090970993042,14.670245048234648],[-61.010942459106445,14.67028656450914],[-61.010942459106445,14.67207175686309],[-61.00905418395996,14.67207175686309]]]},"id":1331295167,"properties":{"GEO":"CRS5490RES200mN1622800E714200","GEO_OBJECT":"C200M","OBS_STATUS":"I","lcog_geo":"97224","ind":6,"men":2.6,"men_pauv":0.2,"men_1ind":0.8,"men_5ind":0.2,"men_prop":1.9,"men_fmp":0.2,"ind_snv":159089.5,"men_surf":250.5,"men_coll":0.2,"men_mais":2.4,"log_soc":0,"ind_inc":0,"log":2.6,"ind_0_17":0.8,"ind_65p":1.4}},{"type":"Feature","geometry":{"type":"Polygon","coordinates":[[[-61.010942459106445,14.67028656450914],[-61.0090970993042,14.670245048234648],[-61.0090970993042,14.668459840980617],[-61.010942459106445,14.668459840980617],[-61.010942459106445,14.67028656450914]]]},"id":1331295107,"properties":{"GEO":"CRS5490RES200mN1622600E714200","GEO_OBJECT":"C200M","OBS_STATUS":"A","lcog_geo":"97224","ind":63,"men":29,"men_pauv":12,"men_1ind":11,"men_5ind":3,"men_prop":19,"men_fmp":7,"ind_snv":1312979.4,"men_surf":2303,"men_coll":2,"men_mais":27,"log_soc":0,"ind_inc":0,"log":29,"ind_0_17":9,"ind_65p":19}},{"type":"Feature","geometry":{"type":"Polygon","coordinates":[[[-61.00901126861572,14.677510276355548],[-61.00716590881348,14.67746876145165],[-61.00716590881348,14.675683613130602],[-61.00905418395996,14.675683613130602],[-61.00901126861572,14.677510276355548]]]},"id":1331295353,"properties":{"GEO":"CRS5490RES200mN1623400E714400","GEO_OBJECT":"C200M","OBS_STATUS":"I","lcog_geo":"97224","ind":7,"men":3.5,"men_pauv":1,"men_1ind":1.7,"men_5ind":0.2,"men_prop":2.1,"men_fmp":0.4,"ind_snv":151548.3,"men_surf":275.7,"men_coll":0.4,"men_mais":3.1,"log_soc":0,"ind_inc":0,"log":3.5,"ind_0_17":1.2000000000000002,"ind_65p":2.2}},{"type":"Feature","geometry":{"type":"Polygon","coordinates":[[[-61.00905418395996,14.675683613130602],[-61.00905418395996,14.673898450243215],[-61.01089954376221,14.673898450243215],[-61.01089954376221,14.675683613130602],[-61.00905418395996,14.675683613130602]]]},"id":1331295293,"properties":{"GEO":"CRS5490RES200mN1623200E714200","GEO_OBJECT":"C200M","OBS_STATUS":"I","lcog_geo":"97224","ind":18,"men":8.9,"men_pauv":2.7,"men_1ind":4.3,"men_5ind":0.4,"men_prop":5.4,"men_fmp":1,"ind_snv":389695.5,"men_surf":708.8,"men_coll":1,"men_mais":7.9,"log_soc":0,"ind_inc":0,"log":8.899999999999999,"ind_0_17":3.1,"ind_65p":5.6}},{"type":"Feature","geometry":{"type":"Polygon","coordinates":[[[-61.00716590881348,14.679295409769807],[-61.00716590881348,14.67746876145165],[-61.00901126861572,14.677510276355548],[-61.00901126861572,14.679295409769807],[-61.00716590881348,14.679295409769807]]]},"id":1331295413,"properties":{"GEO":"CRS5490RES200mN1623600E714400","GEO_OBJECT":"C200M","OBS_STATUS":"A","lcog_geo":"97224","ind":35,"men":13,"men_pauv":5,"men_1ind":5,"men_5ind":3,"men_prop":7,"men_fmp":1,"ind_snv":770153.6,"men_surf":1051,"men_coll":1,"men_mais":12,"log_soc":0,"ind_inc":0,"log":13,"ind_0_17":5,"ind_65p":13}},{"type":"Feature","geometry":{"type":"Polygon","coordinates":[[[-61.01085662841797,14.679336924327018],[-61.00901126861572,14.679295409769807],[-61.00901126861572,14.677510276355548],[-61.01089954376221,14.677510276355548],[-61.01085662841797,14.679336924327018]]]},"id":1331295412,"properties":{"GEO":"CRS5490RES200mN1623600E714200","GEO_OBJECT":"C200M","OBS_STATUS":"I","lcog_geo":"97224","ind":5,"men":2.5,"men_pauv":0.7,"men_1ind":1.2,"men_5ind":0.1,"men_prop":1.5,"men_fmp":0.3,"ind_snv":108248.8,"men_surf":196.9,"men_coll":0.3,"men_mais":2.2,"log_soc":0,"ind_inc":0,"log":2.5,"ind_0_17":0.9,"ind_65p":1.5}},{"type":"Feature","geometry":{"type":"Polygon","coordinates":[[[-61.00901126861572,14.677510276355548],[-61.00905418395996,14.675683613130602],[-61.01089954376221,14.675683613130602],[-61.01089954376221,14.677510276355548],[-61.00901126861572,14.677510276355548]]]},"id":1331295352,"properties":{"GEO":"CRS5490RES200mN1623400E714200","GEO_OBJECT":"C200M","OBS_STATUS":"A","lcog_geo":"97224","ind":18,"men":12,"men_pauv":7,"men_1ind":8,"men_5ind":0,"men_prop":12,"men_fmp":1,"ind_snv":274683.2,"men_surf":900,"men_coll":0,"men_mais":12,"log_soc":0,"ind_inc":0,"log":12,"ind_0_17":1,"ind_65p":9}},{"type":"Feature","geometry":{"type":"Polygon","coordinates":[[[-61.01278781890869,14.672113272791066],[-61.01278781890869,14.67028656450914],[-61.014676094055176,14.670328080775803],[-61.01463317871094,14.672113272791066],[-61.01278781890869,14.672113272791066]]]},"id":1331295165,"properties":{"GEO":"CRS5490RES200mN1622800E713800","GEO_OBJECT":"C200M","OBS_STATUS":"A","lcog_geo":"97224","ind":24,"men":14,"men_pauv":8,"men_1ind":9,"men_5ind":1,"men_prop":10,"men_fmp":3,"ind_snv":389344.7,"men_surf":863,"men_coll":3,"men_mais":11,"log_soc":0,"ind_inc":0,"log":14,"ind_0_17":4,"ind_65p":8}},{"type":"Feature","geometry":{"type":"Polygon","coordinates":[[[-61.014676094055176,14.670328080775803],[-61.01278781890869,14.67028656450914],[-61.01283073425293,14.668501357593755],[-61.014676094055176,14.668501357593755],[-61.014676094055176,14.670328080775803]]]},"id":1331295106,"properties":{"GEO":"CRS5490RES200mN1622600E713800","GEO_OBJECT":"C200M","OBS_STATUS":"I","lcog_geo":"97224","ind":2,"men":1,"men_pauv":0.3,"men_1ind":0.4,"men_5ind":0,"men_prop":0.7,"men_fmp":0.2,"ind_snv":44822.6,"men_surf":90.1,"men_coll":0.4,"men_mais":0.6,"log_soc":0,"ind_inc":0,"log":1,"ind_0_17":0.4,"ind_65p":0.7}},{"type":"Feature","geometry":{"type":"Polygon","coordinates":[[[-61.016478538513184,14.672154788711168],[-61.01463317871094,14.672113272791066],[-61.014676094055176,14.670328080775803],[-61.01652145385742,14.670328080775803],[-61.016478538513184,14.672154788711168]]]},"id":1331295164,"properties":{"GEO":"CRS5490RES200mN1622800E713600","GEO_OBJECT":"C200M","OBS_STATUS":"I","lcog_geo":"97224","ind":7.5,"men":3.9,"men_pauv":1,"men_1ind":1.6,"men_5ind":0.2,"men_prop":2.6,"men_fmp":0.7,"ind_snv":168084.7,"men_surf":337.7,"men_coll":1.5,"men_mais":2.4,"log_soc":0,"ind_inc":0,"log":3.9,"ind_0_17":1.2000000000000002,"ind_65p":2.7}},{"type":"Feature","geometry":{"type":"Polygon","coordinates":[[[-61.01089954376221,14.673898450243215],[-61.010942459106445,14.67207175686309],[-61.01278781890869,14.672113272791066],[-61.01278781890869,14.673898450243215],[-61.01089954376221,14.673898450243215]]]},"id":1331295230,"properties":{"GEO":"CRS5490RES200mN1623000E714000","GEO_OBJECT":"C200M","OBS_STATUS":"I","lcog_geo":"97224","ind":5,"men":2.5,"men_pauv":0.7,"men_1ind":1.2,"men_5ind":0.1,"men_prop":1.5,"men_fmp":0.3,"ind_snv":108248.8,"men_surf":196.9,"men_coll":0.3,"men_mais":2.2,"log_soc":0,"ind_inc":0,"log":2.5,"ind_0_17":0.9,"ind_65p":1.5}},{"type":"Feature","geometry":{"type":"Polygon","coordinates":[[[-61.01278781890869,14.672113272791066],[-61.010942459106445,14.67207175686309],[-61.010942459106445,14.67028656450914],[-61.01278781890869,14.67028656450914],[-61.01278781890869,14.672113272791066]]]},"id":1331295166,"properties":{"GEO":"CRS5490RES200mN1622800E714000","GEO_OBJECT":"C200M","OBS_STATUS":"I","lcog_geo":"97224","ind":1,"men":0.4,"men_pauv":0,"men_1ind":0.1,"men_5ind":0,"men_prop":0.3,"men_fmp":0,"ind_snv":26514.9,"men_surf":41.7,"men_coll":0,"men_mais":0.4,"log_soc":0,"ind_inc":0,"log":0.4,"ind_0_17":0.1,"ind_65p":0.30000000000000004}},{"type":"Feature","geometry":{"type":"Polygon","coordinates":[[[-61.01274490356445,14.675725128373287],[-61.01089954376221,14.675683613130602],[-61.01089954376221,14.673898450243215],[-61.01278781890869,14.673898450243215],[-61.01274490356445,14.675725128373287]]]},"id":1331295292,"properties":{"GEO":"CRS5490RES200mN1623200E714000","GEO_OBJECT":"C200M","OBS_STATUS":"I","lcog_geo":"97224","ind":13,"men":6.4,"men_pauv":1.9,"men_1ind":3.1,"men_5ind":0.3,"men_prop":3.9,"men_fmp":0.7,"ind_snv":281446.8,"men_surf":511.9,"men_coll":0.7,"men_mais":5.7,"log_soc":0,"ind_inc":0,"log":6.4,"ind_0_17":2.2,"ind_65p":4}},{"type":"Feature","geometry":{"type":"Polygon","coordinates":[[[-61.01463317871094,14.673939965824616],[-61.01463317871094,14.672113272791066],[-61.016478538513184,14.672154788711168],[-61.016478538513184,14.673939965824616],[-61.01463317871094,14.673939965824616]]]},"id":1331295228,"properties":{"GEO":"CRS5490RES200mN1623000E713600","GEO_OBJECT":"C200M","OBS_STATUS":"I","lcog_geo":"97224","ind":6,"men":2.3,"men_pauv":0.6,"men_1ind":0.6,"men_5ind":0.3,"men_prop":1.7,"men_fmp":0.2,"ind_snv":133662.8,"men_surf":206.4,"men_coll":0.6,"men_mais":1.7,"log_soc":0,"ind_inc":0,"log":2.3,"ind_0_17":0.9000000000000001,"ind_65p":1.5999999999999999}},{"type":"Feature","geometry":{"type":"Polygon","coordinates":[[[-61.01463317871094,14.673939965824616],[-61.01278781890869,14.673898450243215],[-61.01278781890869,14.672113272791066],[-61.01463317871094,14.672113272791066],[-61.01463317871094,14.673939965824616]]]},"id":1331295229,"properties":{"GEO":"CRS5490RES200mN1623000E713800","GEO_OBJECT":"C200M","OBS_STATUS":"A","lcog_geo":"97224","ind":20,"men":11,"men_pauv":2,"men_1ind":3,"men_5ind":0,"men_prop":9,"men_fmp":4,"ind_snv":536141.7,"men_surf":921,"men_coll":8,"men_mais":3,"log_soc":0,"ind_inc":0,"log":11,"ind_0_17":1,"ind_65p":7}},{"type":"Feature","geometry":{"type":"Polygon","coordinates":[[[-61.016435623168945,14.67937843887637],[-61.016435623168945,14.677551791251574],[-61.01832389831543,14.677593306139727],[-61.01828098297119,14.67937843887637],[-61.016435623168945,14.67937843887637]]]},"id":1331295411,"properties":{"GEO":"CRS5490RES200mN1623600E713400","GEO_OBJECT":"C200M","OBS_STATUS":"I","lcog_geo":"97224","ind":9,"men":3.4,"men_pauv":0.8,"men_1ind":0.9,"men_5ind":0.5,"men_prop":2.5,"men_fmp":0.4,"ind_snv":200494.2,"men_surf":309.7,"men_coll":0.9,"men_mais":2.5,"log_soc":0,"ind_inc":0,"log":3.4000000000000004,"ind_0_17":1.3,"ind_65p":2.3000000000000003}},{"type":"Feature","geometry":{"type":"Polygon","coordinates":[[[-61.01832389831543,14.677593306139727],[-61.016435623168945,14.677551791251574],[-61.016478538513184,14.675766643608085],[-61.01832389831543,14.675766643608085],[-61.01832389831543,14.677593306139727]]]},"id":1331295351,"properties":{"GEO":"CRS5490RES200mN1623400E713400","GEO_OBJECT":"C200M","OBS_STATUS":"I","lcog_geo":"97224","ind":9,"men":3.4,"men_pauv":0.8,"men_1ind":0.9,"men_5ind":0.5,"men_prop":2.5,"men_fmp":0.4,"ind_snv":200494.2,"men_surf":309.7,"men_coll":0.9,"men_mais":2.5,"log_soc":0,"ind_inc":0,"log":3.4000000000000004,"ind_0_17":1.3,"ind_65p":2.3000000000000003}},{"type":"Feature","geometry":{"type":"Polygon","coordinates":[[[-61.00901126861572,14.681122042832811],[-61.00712299346924,14.681080528614444],[-61.00716590881348,14.679295409769807],[-61.00901126861572,14.679295409769807],[-61.00901126861572,14.681122042832811]]]},"id":1331295462,"properties":{"GEO":"CRS5490RES200mN1623800E714400","GEO_OBJECT":"C200M","OBS_STATUS":"I","lcog_geo":"97212,97224","ind":4,"men":2,"men_pauv":0.6,"men_1ind":1,"men_5ind":0.1,"men_prop":1.2,"men_fmp":0.2,"ind_snv":86599,"men_surf":157.5,"men_coll":0.2,"men_mais":1.8,"log_soc":0,"ind_inc":0,"log":2,"ind_0_17":0.7000000000000001,"ind_65p":1.2}},{"type":"Feature","geometry":{"type":"Polygon","coordinates":[[[-61.00901126861572,14.681122042832811],[-61.00901126861572,14.679295409769807],[-61.01085662841797,14.679336924327018],[-61.01085662841797,14.681122042832811],[-61.00901126861572,14.681122042832811]]]},"id":1331295461,"properties":{"GEO":"CRS5490RES200mN1623800E714200","GEO_OBJECT":"C200M","OBS_STATUS":"I","lcog_geo":"97224,97212","ind":14,"men":6.9,"men_pauv":2.1,"men_1ind":3.4,"men_5ind":0.3,"men_prop":4.2,"men_fmp":0.8,"ind_snv":303096.5,"men_surf":551.3,"men_coll":0.7,"men_mais":6.2,"log_soc":0,"ind_inc":0,"log":6.9,"ind_0_17":2.4,"ind_65p":4.3}},{"type":"Feature","geometry":{"type":"Polygon","coordinates":[[[-61.005234718322754,14.684692236128953],[-61.00527763366699,14.68286563288784],[-61.00712299346924,14.682907146767334],[-61.00712299346924,14.684692236128953],[-61.005234718322754,14.684692236128953]]]},"id":1331295571,"properties":{"GEO":"CRS5490RES200mN1624200E714600","GEO_OBJECT":"C200M","OBS_STATUS":"I","lcog_geo":"97212","ind":27,"men":12.7,"men_pauv":3.6,"men_1ind":5.4,"men_5ind":0.7,"men_prop":8,"men_fmp":1.5,"ind_snv":619991.9,"men_surf":1087.3,"men_coll":1.1,"men_mais":11.6,"log_soc":0,"ind_inc":0,"log":12.7,"ind_0_17":2.1,"ind_65p":11}},{"type":"Feature","geometry":{"type":"Polygon","coordinates":[[[-61.00712299346924,14.682907146767334],[-61.00527763366699,14.68286563288784],[-61.00527763366699,14.681080528614444],[-61.00712299346924,14.681080528614444],[-61.00712299346924,14.682907146767334]]]},"id":1331295516,"properties":{"GEO":"CRS5490RES200mN1624000E714600","GEO_OBJECT":"C200M","OBS_STATUS":"I","lcog_geo":"97212","ind":5,"men":2.4,"men_pauv":0.7,"men_1ind":1,"men_5ind":0.1,"men_prop":1.5,"men_fmp":0.3,"ind_snv":114813.3,"men_surf":201.3,"men_coll":0.2,"men_mais":2.2,"log_soc":0,"ind_inc":0,"log":2.4,"ind_0_17":0.4,"ind_65p":2}},{"type":"Feature","geometry":{"type":"Polygon","coordinates":[[[-61.008968353271484,14.684733749661632],[-61.008968353271484,14.682907146767334],[-61.01081371307373,14.682948660638928],[-61.01081371307373,14.684733749661632],[-61.008968353271484,14.684733749661632]]]},"id":1331295569,"properties":{"GEO":"CRS5490RES200mN1624200E714200","GEO_OBJECT":"C200M","OBS_STATUS":"I","lcog_geo":"97212,97224","ind":6,"men":2.8,"men_pauv":0.8,"men_1ind":1.2,"men_5ind":0.2,"men_prop":1.8,"men_fmp":0.3,"ind_snv":137776,"men_surf":241.6,"men_coll":0.2,"men_mais":2.6,"log_soc":0,"ind_inc":0,"log":2.8,"ind_0_17":0.5,"ind_65p":2.4}},{"type":"Feature","geometry":{"type":"Polygon","coordinates":[[[-61.007080078125,14.686518824109783],[-61.005234718322754,14.686477310916061],[-61.005234718322754,14.684692236128953],[-61.00712299346924,14.684692236128953],[-61.007080078125,14.686518824109783]]]},"id":1331295637,"properties":{"GEO":"CRS5490RES200mN1624400E714600","GEO_OBJECT":"C200M","OBS_STATUS":"I","lcog_geo":"97212","ind":11.5,"men":5.4,"men_pauv":1.5,"men_1ind":2.3,"men_5ind":0.3,"men_prop":3.4,"men_fmp":0.6,"ind_snv":264070.6,"men_surf":463.1,"men_coll":0.5,"men_mais":4.9,"log_soc":0,"ind_inc":0,"log":5.3999999999999995,"ind_0_17":1,"ind_65p":4.6}},{"type":"Feature","geometry":{"type":"Polygon","coordinates":[[[-61.008968353271484,14.684733749661632],[-61.00712299346924,14.684692236128953],[-61.00712299346924,14.682907146767334],[-61.008968353271484,14.682907146767334],[-61.008968353271484,14.684733749661632]]]},"id":1331295570,"properties":{"GEO":"CRS5490RES200mN1624200E714400","GEO_OBJECT":"C200M","OBS_STATUS":"A","lcog_geo":"97212","ind":35,"men":17,"men_pauv":8,"men_1ind":6,"men_5ind":1,"men_prop":11,"men_fmp":4,"ind_snv":791042.9,"men_surf":1719,"men_coll":0,"men_mais":17,"log_soc":0,"ind_inc":0,"log":17,"ind_0_17":5,"ind_65p":9}},{"type":"Feature","geometry":{"type":"Polygon","coordinates":[[[-61.007080078125,14.686518824109783],[-61.00712299346924,14.684692236128953],[-61.008968353271484,14.684733749661632],[-61.008925437927246,14.686518824109783],[-61.007080078125,14.686518824109783]]]},"id":1331295636,"properties":{"GEO":"CRS5490RES200mN1624400E714400","GEO_OBJECT":"C200M","OBS_STATUS":"I","lcog_geo":"97212","ind":11,"men":5.2,"men_pauv":1.4,"men_1ind":2.2,"men_5ind":0.3,"men_prop":3.3,"men_fmp":0.6,"ind_snv":252589.3,"men_surf":443,"men_coll":0.5,"men_mais":4.7,"log_soc":0,"ind_inc":0,"log":5.2,"ind_0_17":0.9,"ind_65p":4.5}},{"type":"Feature","geometry":{"type":"Polygon","coordinates":[[[-61.01081371307373,14.686560337295617],[-61.008925437927246,14.686518824109783],[-61.008968353271484,14.684733749661632],[-61.01081371307373,14.684733749661632],[-61.01081371307373,14.686560337295617]]]},"id":1331295635,"properties":{"GEO":"CRS5490RES200mN1624400E714200","GEO_OBJECT":"C200M","OBS_STATUS":"A","lcog_geo":"97212","ind":18,"men":11,"men_pauv":3,"men_1ind":7,"men_5ind":0,"men_prop":8,"men_fmp":1,"ind_snv":380435.7,"men_surf":992,"men_coll":4,"men_mais":7,"log_soc":0,"ind_inc":0,"log":11,"ind_0_17":3,"ind_65p":5}},{"type":"Feature","geometry":{"type":"Polygon","coordinates":[[[-61.012701988220215,14.682948660638928],[-61.012701988220215,14.681122042832811],[-61.01454734802246,14.681163557043291],[-61.01454734802246,14.682948660638928],[-61.012701988220215,14.682948660638928]]]},"id":1331295515,"properties":{"GEO":"CRS5490RES200mN1624000E713800","GEO_OBJECT":"C200M","OBS_STATUS":"A","lcog_geo":"97224","ind":55,"men":29,"men_pauv":10,"men_1ind":14,"men_5ind":0,"men_prop":13,"men_fmp":7,"ind_snv":978853.8,"men_surf":2232,"men_coll":10,"men_mais":19,"log_soc":0,"ind_inc":0,"log":29,"ind_0_17":12,"ind_65p":6}},{"type":"Feature","geometry":{"type":"Polygon","coordinates":[[[-61.01454734802246,14.684775263186424],[-61.01454734802246,14.682948660638928],[-61.01639270782471,14.682990174502649],[-61.01639270782471,14.684775263186424],[-61.01454734802246,14.684775263186424]]]},"id":1331295567,"properties":{"GEO":"CRS5490RES200mN1624200E713600","GEO_OBJECT":"C200M","OBS_STATUS":"I","lcog_geo":"97224,97212","ind":9,"men":4.2,"men_pauv":1.2,"men_1ind":1.9,"men_5ind":0.2,"men_prop":2.1,"men_fmp":0.2,"ind_snv":229003,"men_surf":363.8,"men_coll":0.6,"men_mais":3.6,"log_soc":0,"ind_inc":0,"log":4.2,"ind_0_17":1.4,"ind_65p":1.8}},{"type":"Feature","geometry":{"type":"Polygon","coordinates":[[[-61.01454734802246,14.681163557043291],[-61.0145902633667,14.679336924327018],[-61.016435623168945,14.67937843887637],[-61.016435623168945,14.681163557043291],[-61.01454734802246,14.681163557043291]]]},"id":1331295460,"properties":{"GEO":"CRS5490RES200mN1623800E713600","GEO_OBJECT":"C200M","OBS_STATUS":"I","lcog_geo":"97224","ind":37,"men":14.1,"men_pauv":3.4,"men_1ind":3.9,"men_5ind":1.9,"men_prop":10.2,"men_fmp":1.5,"ind_snv":824253.9,"men_surf":1273.1,"men_coll":3.9,"men_mais":10.2,"log_soc":0,"ind_inc":0,"log":14.1,"ind_0_17":5.3,"ind_65p":9.8}},{"type":"Feature","geometry":{"type":"Polygon","coordinates":[[[-61.01639270782471,14.682990174502649],[-61.01454734802246,14.682948660638928],[-61.01454734802246,14.681163557043291],[-61.016435623168945,14.681163557043291],[-61.01639270782471,14.682990174502649]]]},"id":1331295514,"properties":{"GEO":"CRS5490RES200mN1624000E713600","GEO_OBJECT":"C200M","OBS_STATUS":"A","lcog_geo":"97224","ind":54,"men":19,"men_pauv":4,"men_1ind":5,"men_5ind":3,"men_prop":10,"men_fmp":6,"ind_snv":1105556.9,"men_surf":1518,"men_coll":8,"men_mais":11,"log_soc":0,"ind_inc":0,"log":19,"ind_0_17":15,"ind_65p":6}},{"type":"Feature","geometry":{"type":"Polygon","coordinates":[[[-61.01081371307373,14.684733749661632],[-61.01081371307373,14.682948660638928],[-61.012701988220215,14.682948660638928],[-61.01265907287598,14.684733749661632],[-61.01081371307373,14.684733749661632]]]},"id":1331295568,"properties":{"GEO":"CRS5490RES200mN1624200E714000","GEO_OBJECT":"C200M","OBS_STATUS":"I","lcog_geo":"97224,97212","ind":3,"men":1.4,"men_pauv":0.4,"men_1ind":0.6,"men_5ind":0.1,"men_prop":0.9,"men_fmp":0.2,"ind_snv":68888,"men_surf":120.8,"men_coll":0.1,"men_mais":1.3,"log_soc":0,"ind_inc":0,"log":1.4,"ind_0_17":0.2,"ind_65p":1.3}},{"type":"Feature","geometry":{"type":"Polygon","coordinates":[[[-61.01634979248047,14.68660185047358],[-61.01450443267822,14.686560337295617],[-61.01454734802246,14.684775263186424],[-61.01639270782471,14.684775263186424],[-61.01634979248047,14.68660185047358]]]},"id":1331295634,"properties":{"GEO":"CRS5490RES200mN1624400E713600","GEO_OBJECT":"C200M","OBS_STATUS":"I","lcog_geo":"97212,97224","ind":5,"men":2.3,"men_pauv":0.7,"men_1ind":1.1,"men_5ind":0.1,"men_prop":1.2,"men_fmp":0.1,"ind_snv":127223.9,"men_surf":202.1,"men_coll":0.3,"men_mais":2,"log_soc":0,"ind_inc":0,"log":2.3,"ind_0_17":0.7,"ind_65p":1}},{"type":"Feature","geometry":{"type":"Polygon","coordinates":[[[-61.01634979248047,14.690213466775774],[-61.01634979248047,14.688386909667571],[-61.018195152282715,14.68842842249866],[-61.018195152282715,14.690213466775774],[-61.01634979248047,14.690213466775774]]]},"id":1331295753,"properties":{"GEO":"CRS5490RES200mN1624800E713400","GEO_OBJECT":"C200M","OBS_STATUS":"I","lcog_geo":"97212","ind":3,"men":1.4,"men_pauv":0.4,"men_1ind":0.6,"men_5ind":0.1,"men_prop":0.7,"men_fmp":0.1,"ind_snv":76334.3,"men_surf":121.3,"men_coll":0.2,"men_mais":1.2,"log_soc":0,"ind_inc":0,"log":1.4,"ind_0_17":0.5,"ind_65p":0.6000000000000001}},{"type":"Feature","geometry":{"type":"Polygon","coordinates":[[[-61.01853847503662,14.65048240787732],[-61.016693115234375,14.650440887848589],[-61.016693115234375,14.648655519172465],[-61.01858139038086,14.648655519172465],[-61.01853847503662,14.65048240787732]]]},"id":1331294317,"properties":{"GEO":"CRS5490RES200mN1620400E713400","GEO_OBJECT":"C200M","OBS_STATUS":"I","lcog_geo":"97213,97224","ind":6,"men":2.4,"men_pauv":0.3,"men_1ind":0.9,"men_5ind":0.3,"men_prop":2.1,"men_fmp":0.1,"ind_snv":164824.6,"men_surf":251.1,"men_coll":0.3,"men_mais":2.1,"log_soc":0,"ind_inc":0,"log":2.4000000000000004,"ind_0_17":1.3,"ind_65p":1.3}},{"type":"Feature","geometry":{"type":"Polygon","coordinates":[[[-61.01858139038086,14.648655519172465],[-61.01858139038086,14.64687013595443],[-61.020426750183105,14.64687013595443],[-61.020426750183105,14.648655519172465],[-61.01858139038086,14.648655519172465]]]},"id":1331294240,"properties":{"GEO":"CRS5490RES200mN1620200E713200","GEO_OBJECT":"C200M","OBS_STATUS":"A","lcog_geo":"97213","ind":33,"men":14,"men_pauv":4,"men_1ind":5,"men_5ind":0,"men_prop":12,"men_fmp":4,"ind_snv":1001514.7,"men_surf":1214,"men_coll":0,"men_mais":14,"log_soc":0,"ind_inc":0,"log":14,"ind_0_17":7,"ind_65p":9}},{"type":"Feature","geometry":{"type":"Polygon","coordinates":[[[-61.020426750183105,14.65048240787732],[-61.020426750183105,14.648655519172465],[-61.02227210998535,14.6486970395394],[-61.02227210998535,14.65048240787732],[-61.020426750183105,14.65048240787732]]]},"id":1331294315,"properties":{"GEO":"CRS5490RES200mN1620400E713000","GEO_OBJECT":"C200M","OBS_STATUS":"I","lcog_geo":"97213,97224","ind":16,"men":6.5,"men_pauv":0.9,"men_1ind":2.4,"men_5ind":0.9,"men_prop":5.6,"men_fmp":0.4,"ind_snv":439532.2,"men_surf":669.6,"men_coll":0.9,"men_mais":5.6,"log_soc":0,"ind_inc":0,"log":6.5,"ind_0_17":3.5,"ind_65p":3.5}},{"type":"Feature","geometry":{"type":"Polygon","coordinates":[[[-61.02222919464111,14.652309281354306],[-61.02038383483887,14.65226776167168],[-61.020426750183105,14.65048240787732],[-61.02227210998535,14.65048240787732],[-61.02222919464111,14.652309281354306]]]},"id":1331294394,"properties":{"GEO":"CRS5490RES200mN1620600E713000","GEO_OBJECT":"C200M","OBS_STATUS":"I","lcog_geo":"97224,97213","ind":9,"men":3.7,"men_pauv":0.5,"men_1ind":1.3,"men_5ind":0.5,"men_prop":3.2,"men_fmp":0.2,"ind_snv":247236.9,"men_surf":376.7,"men_coll":0.5,"men_mais":3.2,"log_soc":0,"ind_inc":0,"log":3.6999999999999997,"ind_0_17":1.9000000000000001,"ind_65p":2}},{"type":"Feature","geometry":{"type":"Polygon","coordinates":[[[-61.01853847503662,14.65048240787732],[-61.01858139038086,14.648655519172465],[-61.020426750183105,14.648655519172465],[-61.020426750183105,14.65048240787732],[-61.01853847503662,14.65048240787732]]]},"id":1331294316,"properties":{"GEO":"CRS5490RES200mN1620400E713200","GEO_OBJECT":"C200M","OBS_STATUS":"I","lcog_geo":"97213,97224","ind":26,"men":10.6,"men_pauv":1.4,"men_1ind":3.9,"men_5ind":1.4,"men_prop":9.1,"men_fmp":0.6,"ind_snv":714239.9,"men_surf":1088.1,"men_coll":1.4,"men_mais":9.2,"log_soc":0,"ind_inc":0,"log":10.600000000000001,"ind_0_17":5.699999999999999,"ind_65p":5.699999999999999}},{"type":"Feature","geometry":{"type":"Polygon","coordinates":[[[-61.02038383483887,14.654094620265198],[-61.02038383483887,14.65226776167168],[-61.02222919464111,14.652309281354306],[-61.02222919464111,14.654094620265198],[-61.02038383483887,14.654094620265198]]]},"id":1331294475,"properties":{"GEO":"CRS5490RES200mN1620800E713000","GEO_OBJECT":"C200M","OBS_STATUS":"I","lcog_geo":"97224","ind":3,"men":1.2,"men_pauv":0.2,"men_1ind":0.4,"men_5ind":0.2,"men_prop":1.1,"men_fmp":0.1,"ind_snv":82412.3,"men_surf":125.6,"men_coll":0.2,"men_mais":1,"log_soc":0,"ind_inc":0,"log":1.2000000000000002,"ind_0_17":0.6000000000000001,"ind_65p":0.7}},{"type":"Feature","geometry":{"type":"Polygon","coordinates":[[[-61.01853847503662,14.65226776167168],[-61.01853847503662,14.65048240787732],[-61.020426750183105,14.65048240787732],[-61.02038383483887,14.65226776167168],[-61.01853847503662,14.65226776167168]]]},"id":1331294395,"properties":{"GEO":"CRS5490RES200mN1620600E713200","GEO_OBJECT":"C200M","OBS_STATUS":"I","lcog_geo":"97224,97213","ind":12,"men":4.9,"men_pauv":0.7,"men_1ind":1.8,"men_5ind":0.7,"men_prop":4.2,"men_fmp":0.3,"ind_snv":329649.2,"men_surf":502.2,"men_coll":0.7,"men_mais":4.2,"log_soc":0,"ind_inc":0,"log":4.9,"ind_0_17":2.7,"ind_65p":2.5999999999999996}},{"type":"Feature","geometry":{"type":"Polygon","coordinates":[[[-61.02034091949463,14.655921463627422],[-61.01849555969238,14.655879944629262],[-61.01853847503662,14.654094620265198],[-61.02038383483887,14.654094620265198],[-61.02034091949463,14.655921463627422]]]},"id":1331294553,"properties":{"GEO":"CRS5490RES200mN1621000E713200","GEO_OBJECT":"C200M","OBS_STATUS":"I","lcog_geo":"97224","ind":2,"men":0.9,"men_pauv":0.3,"men_1ind":0.3,"men_5ind":0.1,"men_prop":0.6,"men_fmp":0.1,"ind_snv":54737.1,"men_surf":85.9,"men_coll":0.2,"men_mais":0.7,"log_soc":0,"ind_inc":0,"log":0.9,"ind_0_17":0.4,"ind_65p":0.6}},{"type":"Feature","geometry":{"type":"Polygon","coordinates":[[[-61.01849555969238,14.657706773104678],[-61.01849555969238,14.655879944629262],[-61.02034091949463,14.655921463627422],[-61.02034091949463,14.657706773104678],[-61.01849555969238,14.657706773104678]]]},"id":1331294631,"properties":{"GEO":"CRS5490RES200mN1621200E713200","GEO_OBJECT":"C200M","OBS_STATUS":"I","lcog_geo":"97224","ind":13,"men":5.6,"men_pauv":1.7,"men_1ind":1.9,"men_5ind":0.7,"men_prop":3.7,"men_fmp":0.8,"ind_snv":355791.1,"men_surf":558.3,"men_coll":0.9,"men_mais":4.7,"log_soc":0,"ind_inc":0,"log":5.6,"ind_0_17":3.2,"ind_65p":3.6}},{"type":"Feature","geometry":{"type":"Polygon","coordinates":[[[-61.01849555969238,14.657706773104678],[-61.01665019989014,14.657665254444879],[-61.01665019989014,14.655879944629262],[-61.01849555969238,14.655879944629262],[-61.01849555969238,14.657706773104678]]]},"id":1331294632,"properties":{"GEO":"CRS5490RES200mN1621200E713400","GEO_OBJECT":"C200M","OBS_STATUS":"I","lcog_geo":"97224","ind":5,"men":2.1,"men_pauv":0.7,"men_1ind":0.7,"men_5ind":0.3,"men_prop":1.4,"men_fmp":0.3,"ind_snv":136842.7,"men_surf":214.7,"men_coll":0.3,"men_mais":1.8,"log_soc":0,"ind_inc":0,"log":2.0999999999999996,"ind_0_17":1.1,"ind_65p":1.4}},{"type":"Feature","geometry":{"type":"Polygon","coordinates":[[[-61.02034091949463,14.65953358634539],[-61.02034091949463,14.657706773104678],[-61.022186279296875,14.657706773104678],[-61.022186279296875,14.65953358634539],[-61.02034091949463,14.65953358634539]]]},"id":1331294703,"properties":{"GEO":"CRS5490RES200mN1621400E713000","GEO_OBJECT":"C200M","OBS_STATUS":"A","lcog_geo":"97224","ind":36,"men":18,"men_pauv":6,"men_1ind":8,"men_5ind":0,"men_prop":12,"men_fmp":4,"ind_snv":807212.8,"men_surf":1489,"men_coll":4,"men_mais":14,"log_soc":0,"ind_inc":0,"log":18,"ind_0_17":1,"ind_65p":6}},{"type":"Feature","geometry":{"type":"Polygon","coordinates":[[[-61.022186279296875,14.65953358634539],[-61.022186279296875,14.657706773104678],[-61.02407455444336,14.657748291756619],[-61.02403163909912,14.65953358634539],[-61.022186279296875,14.65953358634539]]]},"id":1331294702,"properties":{"GEO":"CRS5490RES200mN1621400E712800","GEO_OBJECT":"C200M","OBS_STATUS":"I","lcog_geo":"97224","ind":2,"men":0.8,"men_pauv":0.3,"men_1ind":0.2,"men_5ind":0,"men_prop":0.7,"men_fmp":0.2,"ind_snv":48833.3,"men_surf":75.7,"men_coll":0.2,"men_mais":0.6,"log_soc":0,"ind_inc":0,"log":0.8,"ind_0_17":0.4,"ind_65p":0.6000000000000001}},{"type":"Feature","geometry":{"type":"Polygon","coordinates":[[[-61.02034091949463,14.657706773104678],[-61.02034091949463,14.655921463627422],[-61.02222919464111,14.655921463627422],[-61.022186279296875,14.657706773104678],[-61.02034091949463,14.657706773104678]]]},"id":1331294630,"properties":{"GEO":"CRS5490RES200mN1621200E713000","GEO_OBJECT":"C200M","OBS_STATUS":"I","lcog_geo":"97224","ind":7,"men":3,"men_pauv":0.9,"men_1ind":1,"men_5ind":0.4,"men_prop":2,"men_fmp":0.4,"ind_snv":191579.8,"men_surf":300.6,"men_coll":0.5,"men_mais":2.5,"log_soc":0,"ind_inc":0,"log":3,"ind_0_17":1.8,"ind_65p":1.9000000000000001}},{"type":"Feature","geometry":{"type":"Polygon","coordinates":[[[-61.02407455444336,14.657748291756619],[-61.022186279296875,14.657706773104678],[-61.02222919464111,14.655921463627422],[-61.02407455444336,14.655921463627422],[-61.02407455444336,14.657748291756619]]]},"id":1331294629,"properties":{"GEO":"CRS5490RES200mN1621200E712800","GEO_OBJECT":"C200M","OBS_STATUS":"I","lcog_geo":"97224","ind":3,"men":1.2,"men_pauv":0.4,"men_1ind":0.3,"men_5ind":0.1,"men_prop":1,"men_fmp":0.2,"ind_snv":73250,"men_surf":113.5,"men_coll":0.3,"men_mais":0.9,"log_soc":0,"ind_inc":0,"log":1.2000000000000002,"ind_0_17":0.6000000000000001,"ind_65p":0.8999999999999999}},{"type":"Feature","geometry":{"type":"Polygon","coordinates":[[[-61.0241174697876,14.650523927898192],[-61.0241174697876,14.6486970395394],[-61.02600574493408,14.648738559898476],[-61.025962829589844,14.650523927898192],[-61.0241174697876,14.650523927898192]]]},"id":1331294313,"properties":{"GEO":"CRS5490RES200mN1620400E712600","GEO_OBJECT":"C200M","OBS_STATUS":"I","lcog_geo":"97224,97213","ind":12,"men":5.7,"men_pauv":0.8,"men_1ind":1.9,"men_5ind":0.5,"men_prop":4.9,"men_fmp":0,"ind_snv":383634.8,"men_surf":651,"men_coll":0.5,"men_mais":5.2,"log_soc":0,"ind_inc":0,"log":5.7,"ind_0_17":1.6,"ind_65p":4.6}},{"type":"Feature","geometry":{"type":"Polygon","coordinates":[[[-61.02227210998535,14.6486970395394],[-61.02231502532959,14.64687013595443],[-61.024160385131836,14.64691165665954],[-61.0241174697876,14.6486970395394],[-61.02227210998535,14.6486970395394]]]},"id":1331294238,"properties":{"GEO":"CRS5490RES200mN1620200E712800","GEO_OBJECT":"C200M","OBS_STATUS":"A","lcog_geo":"97213","ind":55,"men":23,"men_pauv":6,"men_1ind":11,"men_5ind":3,"men_prop":20,"men_fmp":3,"ind_snv":1237003.4,"men_surf":1865,"men_coll":2,"men_mais":21,"log_soc":0,"ind_inc":0,"log":23,"ind_0_17":16,"ind_65p":11}},{"type":"Feature","geometry":{"type":"Polygon","coordinates":[[[-61.02600574493408,14.648738559898476],[-61.0241174697876,14.6486970395394],[-61.024160385131836,14.64691165665954],[-61.02600574493408,14.64691165665954],[-61.02600574493408,14.648738559898476]]]},"id":1331294237,"properties":{"GEO":"CRS5490RES200mN1620200E712600","GEO_OBJECT":"C200M","OBS_STATUS":"I","lcog_geo":"97213,97224","ind":9,"men":4.3,"men_pauv":0.6,"men_1ind":1.4,"men_5ind":0.4,"men_prop":3.7,"men_fmp":0,"ind_snv":287726.1,"men_surf":488.3,"men_coll":0.4,"men_mais":3.9,"log_soc":0,"ind_inc":0,"log":4.300000000000001,"ind_0_17":1.2000000000000002,"ind_65p":3.5}},{"type":"Feature","geometry":{"type":"Polygon","coordinates":[[[-61.025962829589844,14.650523927898192],[-61.02600574493408,14.648738559898476],[-61.02785110473633,14.648738559898476],[-61.02785110473633,14.650523927898192],[-61.025962829589844,14.650523927898192]]]},"id":1331294312,"properties":{"GEO":"CRS5490RES200mN1620400E712400","GEO_OBJECT":"C200M","OBS_STATUS":"I","lcog_geo":"97224","ind":7,"men":3.3,"men_pauv":0.5,"men_1ind":1.1,"men_5ind":0.3,"men_prop":2.9,"men_fmp":0,"ind_snv":223787,"men_surf":379.8,"men_coll":0.3,"men_mais":3,"log_soc":0,"ind_inc":0,"log":3.3,"ind_0_17":0.9,"ind_65p":2.7}},{"type":"Feature","geometry":{"type":"Polygon","coordinates":[[[-61.02222919464111,14.652309281354306],[-61.02227210998535,14.65048240787732],[-61.0241174697876,14.650523927898192],[-61.0241174697876,14.652309281354306],[-61.02222919464111,14.652309281354306]]]},"id":1331294393,"properties":{"GEO":"CRS5490RES200mN1620600E712800","GEO_OBJECT":"C200M","OBS_STATUS":"A","lcog_geo":"97224,97213","ind":38,"men":20,"men_pauv":8,"men_1ind":9,"men_5ind":1,"men_prop":14,"men_fmp":3,"ind_snv":719234.4,"men_surf":1555,"men_coll":5,"men_mais":15,"log_soc":0,"ind_inc":0,"log":20,"ind_0_17":6,"ind_65p":11}},{"type":"Feature","geometry":{"type":"Polygon","coordinates":[[[-61.0241174697876,14.650523927898192],[-61.02227210998535,14.65048240787732],[-61.02227210998535,14.6486970395394],[-61.0241174697876,14.6486970395394],[-61.0241174697876,14.650523927898192]]]},"id":1331294314,"properties":{"GEO":"CRS5490RES200mN1620400E712800","GEO_OBJECT":"C200M","OBS_STATUS":"I","lcog_geo":"97213,97224","ind":14,"men":6.7,"men_pauv":1,"men_1ind":2.2,"men_5ind":0.6,"men_prop":5.7,"men_fmp":0,"ind_snv":447574,"men_surf":759.5,"men_coll":0.6,"men_mais":6.1,"log_soc":0,"ind_inc":0,"log":6.699999999999999,"ind_0_17":1.9,"ind_65p":5.4}},{"type":"Feature","geometry":{"type":"Polygon","coordinates":[[[-61.02407455444336,14.654136139601675],[-61.02222919464111,14.654094620265198],[-61.02222919464111,14.652309281354306],[-61.0241174697876,14.652309281354306],[-61.02407455444336,14.654136139601675]]]},"id":1331294474,"properties":{"GEO":"CRS5490RES200mN1620800E712800","GEO_OBJECT":"C200M","OBS_STATUS":"A","lcog_geo":"97224","ind":18,"men":11,"men_pauv":2,"men_1ind":5,"men_5ind":0,"men_prop":7,"men_fmp":1,"ind_snv":565823.5,"men_surf":1044,"men_coll":0,"men_mais":11,"log_soc":0,"ind_inc":0,"log":11,"ind_0_17":1,"ind_65p":7}},{"type":"Feature","geometry":{"type":"Polygon","coordinates":[[[-61.025962829589844,14.652350801029058],[-61.025962829589844,14.650523927898192],[-61.02785110473633,14.650523927898192],[-61.02780818939209,14.652350801029058],[-61.025962829589844,14.652350801029058]]]},"id":1331294391,"properties":{"GEO":"CRS5490RES200mN1620600E712400","GEO_OBJECT":"C200M","OBS_STATUS":"A","lcog_geo":"97224","ind":39,"men":19,"men_pauv":7,"men_1ind":8,"men_5ind":0,"men_prop":14,"men_fmp":2,"ind_snv":935780.2,"men_surf":2137,"men_coll":5,"men_mais":14,"log_soc":0,"ind_inc":0,"log":19,"ind_0_17":7,"ind_65p":13}},{"type":"Feature","geometry":{"type":"Polygon","coordinates":[[[-61.02407455444336,14.654136139601675],[-61.0241174697876,14.652309281354306],[-61.025962829589844,14.652350801029058],[-61.025962829589844,14.654136139601675],[-61.02407455444336,14.654136139601675]]]},"id":1331294473,"properties":{"GEO":"CRS5490RES200mN1620800E712600","GEO_OBJECT":"C200M","OBS_STATUS":"A","lcog_geo":"97224","ind":58,"men":28,"men_pauv":8,"men_1ind":11,"men_5ind":1,"men_prop":23,"men_fmp":3,"ind_snv":1230568.8,"men_surf":2738,"men_coll":8,"men_mais":20,"log_soc":0,"ind_inc":0,"log":28,"ind_0_17":9,"ind_65p":18}},{"type":"Feature","geometry":{"type":"Polygon","coordinates":[[[-61.025962829589844,14.652350801029058],[-61.0241174697876,14.652309281354306],[-61.0241174697876,14.650523927898192],[-61.025962829589844,14.650523927898192],[-61.025962829589844,14.652350801029058]]]},"id":1331294392,"properties":{"GEO":"CRS5490RES200mN1620600E712600","GEO_OBJECT":"C200M","OBS_STATUS":"A","lcog_geo":"97224","ind":33,"men":18,"men_pauv":7,"men_1ind":9,"men_5ind":0,"men_prop":12,"men_fmp":3,"ind_snv":784629.5,"men_surf":1557,"men_coll":3,"men_mais":15,"log_soc":0,"ind_inc":0,"log":18,"ind_0_17":1,"ind_65p":7}},{"type":"Feature","geometry":{"type":"Polygon","coordinates":[[[-61.02776527404785,14.655962982617723],[-61.02780818939209,14.654177658930294],[-61.029653549194336,14.654177658930294],[-61.029653549194336,14.655962982617723],[-61.02776527404785,14.655962982617723]]]},"id":1331294552,"properties":{"GEO":"CRS5490RES200mN1621000E712200","GEO_OBJECT":"C200M","OBS_STATUS":"A","lcog_geo":"97224","ind":30,"men":14,"men_pauv":1,"men_1ind":4,"men_5ind":0,"men_prop":14,"men_fmp":3,"ind_snv":890037.4,"men_surf":1562,"men_coll":4,"men_mais":10,"log_soc":0,"ind_inc":0,"log":14,"ind_0_17":6,"ind_65p":9}},{"type":"Feature","geometry":{"type":"Polygon","coordinates":[[[-61.02780818939209,14.654177658930294],[-61.025962829589844,14.654136139601675],[-61.025962829589844,14.652350801029058],[-61.02780818939209,14.652350801029058],[-61.02780818939209,14.654177658930294]]]},"id":1331294472,"properties":{"GEO":"CRS5490RES200mN1620800E712400","GEO_OBJECT":"C200M","OBS_STATUS":"A","lcog_geo":"97224","ind":28,"men":14,"men_pauv":3,"men_1ind":6,"men_5ind":1,"men_prop":8,"men_fmp":2,"ind_snv":889503.7,"men_surf":1302,"men_coll":5,"men_mais":9,"log_soc":0,"ind_inc":0,"log":14,"ind_0_17":5,"ind_65p":7}},{"type":"Feature","geometry":{"type":"Polygon","coordinates":[[[-61.018452644348145,14.661318866382388],[-61.018452644348145,14.659492068031838],[-61.02034091949463,14.65953358634539],[-61.02029800415039,14.661318866382388],[-61.018452644348145,14.661318866382388]]]},"id":1331294782,"properties":{"GEO":"CRS5490RES200mN1621600E713200","GEO_OBJECT":"C200M","OBS_STATUS":"I","lcog_geo":"97224","ind":15,"men":6.4,"men_pauv":2,"men_1ind":2.1,"men_5ind":0.8,"men_prop":4.3,"men_fmp":0.9,"ind_snv":410528.2,"men_surf":644.2,"men_coll":1.1,"men_mais":5.3,"log_soc":0,"ind_inc":0,"log":6.4,"ind_0_17":3.6,"ind_65p":4.2}},{"type":"Feature","geometry":{"type":"Polygon","coordinates":[[[-61.0166072845459,14.659492068031838],[-61.01665019989014,14.657665254444879],[-61.01849555969238,14.657706773104678],[-61.018452644348145,14.659492068031838],[-61.0166072845459,14.659492068031838]]]},"id":1331294705,"properties":{"GEO":"CRS5490RES200mN1621400E713400","GEO_OBJECT":"C200M","OBS_STATUS":"I","lcog_geo":"97224","ind":1,"men":0.4,"men_pauv":0.1,"men_1ind":0.1,"men_5ind":0.1,"men_prop":0.3,"men_fmp":0.1,"ind_snv":27368.5,"men_surf":42.9,"men_coll":0.1,"men_mais":0.3,"log_soc":0,"ind_inc":0,"log":0.4,"ind_0_17":0.30000000000000004,"ind_65p":0.30000000000000004}},{"type":"Feature","geometry":{"type":"Polygon","coordinates":[[[-61.02034091949463,14.65953358634539],[-61.018452644348145,14.659492068031838],[-61.01849555969238,14.657706773104678],[-61.02034091949463,14.657706773104678],[-61.02034091949463,14.65953358634539]]]},"id":1331294704,"properties":{"GEO":"CRS5490RES200mN1621400E713200","GEO_OBJECT":"C200M","OBS_STATUS":"A","lcog_geo":"97224","ind":37,"men":18,"men_pauv":3,"men_1ind":6,"men_5ind":0,"men_prop":16,"men_fmp":2,"ind_snv":1156275.8,"men_surf":1571,"men_coll":3,"men_mais":15,"log_soc":0,"ind_inc":0,"log":18,"ind_0_17":1,"ind_65p":8}},{"type":"Feature","geometry":{"type":"Polygon","coordinates":[[[-61.01656436920166,14.663104131866021],[-61.0166072845459,14.661277348407282],[-61.018452644348145,14.661318866382388],[-61.018452644348145,14.663104131866021],[-61.01656436920166,14.663104131866021]]]},"id":1331294868,"properties":{"GEO":"CRS5490RES200mN1621800E713400","GEO_OBJECT":"C200M","OBS_STATUS":"I","lcog_geo":"97224","ind":16,"men":6.9,"men_pauv":2.1,"men_1ind":2.3,"men_5ind":0.9,"men_prop":4.6,"men_fmp":1,"ind_snv":437896.7,"men_surf":687.1,"men_coll":1.2,"men_mais":5.7,"log_soc":0,"ind_inc":0,"log":6.9,"ind_0_17":3.9,"ind_65p":4.4}},{"type":"Feature","geometry":{"type":"Polygon","coordinates":[[[-61.018452644348145,14.661318866382388],[-61.0166072845459,14.661277348407282],[-61.0166072845459,14.659492068031838],[-61.018452644348145,14.659492068031838],[-61.018452644348145,14.661318866382388]]]},"id":1331294783,"properties":{"GEO":"CRS5490RES200mN1621600E713400","GEO_OBJECT":"C200M","OBS_STATUS":"I","lcog_geo":"97224","ind":5,"men":2.1,"men_pauv":0.7,"men_1ind":0.7,"men_5ind":0.3,"men_prop":1.4,"men_fmp":0.3,"ind_snv":136842.7,"men_surf":214.7,"men_coll":0.3,"men_mais":1.8,"log_soc":0,"ind_inc":0,"log":2.0999999999999996,"ind_0_17":1.1,"ind_65p":1.4}},{"type":"Feature","geometry":{"type":"Polygon","coordinates":[[[-61.018409729003906,14.664930900084968],[-61.01656436920166,14.664889382794698],[-61.01656436920166,14.663104131866021],[-61.018452644348145,14.663104131866021],[-61.018409729003906,14.664930900084968]]]},"id":1331294937,"properties":{"GEO":"CRS5490RES200mN1622000E713400","GEO_OBJECT":"C200M","OBS_STATUS":"A","lcog_geo":"97224","ind":68,"men":43,"men_pauv":4,"men_1ind":26,"men_5ind":2,"men_prop":8,"men_fmp":13,"ind_snv":1655244.6,"men_surf":2610,"men_coll":38,"men_mais":5,"log_soc":0,"ind_inc":0,"log":43,"ind_0_17":17,"ind_65p":6}},{"type":"Feature","geometry":{"type":"Polygon","coordinates":[[[-61.02029800415039,14.663145649494808],[-61.02029800415039,14.661318866382388],[-61.022186279296875,14.661360384349635],[-61.02214336395264,14.663145649494808],[-61.02029800415039,14.663145649494808]]]},"id":1331294866,"properties":{"GEO":"CRS5490RES200mN1621800E713000","GEO_OBJECT":"C200M","OBS_STATUS":"I","lcog_geo":"97224","ind":10,"men":4.3,"men_pauv":1.3,"men_1ind":1.4,"men_5ind":0.5,"men_prop":2.9,"men_fmp":0.6,"ind_snv":273685.4,"men_surf":429.5,"men_coll":0.7,"men_mais":3.6,"log_soc":0,"ind_inc":0,"log":4.300000000000001,"ind_0_17":2.4,"ind_65p":2.8}},{"type":"Feature","geometry":{"type":"Polygon","coordinates":[[[-61.022186279296875,14.661360384349635],[-61.02029800415039,14.661318866382388],[-61.02034091949463,14.65953358634539],[-61.022186279296875,14.65953358634539],[-61.022186279296875,14.661360384349635]]]},"id":1331294781,"properties":{"GEO":"CRS5490RES200mN1621600E713000","GEO_OBJECT":"C200M","OBS_STATUS":"A","lcog_geo":"97224","ind":24,"men":14,"men_pauv":5,"men_1ind":8,"men_5ind":0,"men_prop":10,"men_fmp":1,"ind_snv":535718.3,"men_surf":1666,"men_coll":5,"men_mais":9,"log_soc":0,"ind_inc":0,"log":14,"ind_0_17":1,"ind_65p":8}},{"type":"Feature","geometry":{"type":"Polygon","coordinates":[[[-61.018409729003906,14.664930900084968],[-61.018452644348145,14.663104131866021],[-61.02029800415039,14.663145649494808],[-61.02029800415039,14.664930900084968],[-61.018409729003906,14.664930900084968]]]},"id":1331294936,"properties":{"GEO":"CRS5490RES200mN1622000E713200","GEO_OBJECT":"C200M","OBS_STATUS":"I","lcog_geo":"97224","ind":4,"men":2.1,"men_pauv":0.5,"men_1ind":0.8,"men_5ind":0.1,"men_prop":1.4,"men_fmp":0.3,"ind_snv":89645.2,"men_surf":180.1,"men_coll":0.8,"men_mais":1.3,"log_soc":0,"ind_inc":0,"log":2.1,"ind_0_17":0.6000000000000001,"ind_65p":1.4}},{"type":"Feature","geometry":{"type":"Polygon","coordinates":[[[-61.02029800415039,14.663145649494808],[-61.018452644348145,14.663104131866021],[-61.018452644348145,14.661318866382388],[-61.02029800415039,14.661318866382388],[-61.02029800415039,14.663145649494808]]]},"id":1331294867,"properties":{"GEO":"CRS5490RES200mN1621800E713200","GEO_OBJECT":"C200M","OBS_STATUS":"A","lcog_geo":"97224","ind":34,"men":20,"men_pauv":12,"men_1ind":13,"men_5ind":1,"men_prop":12,"men_fmp":2,"ind_snv":486618.2,"men_surf":1643,"men_coll":7,"men_mais":13,"log_soc":0,"ind_inc":0,"log":20,"ind_0_17":6,"ind_65p":13}},{"type":"Feature","geometry":{"type":"Polygon","coordinates":[[[-61.020212173461914,14.670369597034565],[-61.01836681365967,14.670328080775803],[-61.018409729003906,14.66854287419902],[-61.02025508880615,14.66854287419902],[-61.020212173461914,14.670369597034565]]]},"id":1331295103,"properties":{"GEO":"CRS5490RES200mN1622600E713200","GEO_OBJECT":"C200M","OBS_STATUS":"I","lcog_geo":"97224","ind":18,"men":9.4,"men_pauv":2.5,"men_1ind":3.8,"men_5ind":0.4,"men_prop":6.3,"men_fmp":1.6,"ind_snv":403403.3,"men_surf":810.6,"men_coll":3.6,"men_mais":5.8,"log_soc":0,"ind_inc":0,"log":9.4,"ind_0_17":2.8,"ind_65p":6.5}},{"type":"Feature","geometry":{"type":"Polygon","coordinates":[[[-61.022186279296875,14.661360384349635],[-61.022186279296875,14.65953358634539],[-61.02403163909912,14.65953358634539],[-61.02403163909912,14.661360384349635],[-61.022186279296875,14.661360384349635]]]},"id":1331294780,"properties":{"GEO":"CRS5490RES200mN1621600E712800","GEO_OBJECT":"C200M","OBS_STATUS":"I","lcog_geo":"97224","ind":10,"men":4.1,"men_pauv":1.3,"men_1ind":1,"men_5ind":0.2,"men_prop":3.4,"men_fmp":0.8,"ind_snv":244166.7,"men_surf":378.4,"men_coll":0.9,"men_mais":3.2,"log_soc":0,"ind_inc":0,"log":4.1,"ind_0_17":1.9000000000000001,"ind_65p":3.1}},{"type":"Feature","geometry":{"type":"Polygon","coordinates":[[[-61.02398872375488,14.664972417367352],[-61.02398872375488,14.663145649494808],[-61.02587699890137,14.663187167115723],[-61.02583408355713,14.664972417367352],[-61.02398872375488,14.664972417367352]]]},"id":1331294935,"properties":{"GEO":"CRS5490RES200mN1622000E712600","GEO_OBJECT":"C200M","OBS_STATUS":"I","lcog_geo":"97224","ind":1,"men":0.5,"men_pauv":0.1,"men_1ind":0.2,"men_5ind":0,"men_prop":0.3,"men_fmp":0,"ind_snv":19082.7,"men_surf":43.4,"men_coll":0.1,"men_mais":0.4,"log_soc":0,"ind_inc":0,"log":0.5,"ind_0_17":0.2,"ind_65p":0.3}},{"type":"Feature","geometry":{"type":"Polygon","coordinates":[[[-61.02587699890137,14.663187167115723],[-61.02398872375488,14.663145649494808],[-61.02403163909912,14.661360384349635],[-61.02587699890137,14.661360384349635],[-61.02587699890137,14.663187167115723]]]},"id":1331294865,"properties":{"GEO":"CRS5490RES200mN1621800E712600","GEO_OBJECT":"C200M","OBS_STATUS":"I","lcog_geo":"97224","ind":14,"men":5.8,"men_pauv":1.8,"men_1ind":1.4,"men_5ind":0.3,"men_prop":4.8,"men_fmp":1.1,"ind_snv":341833.4,"men_surf":529.7,"men_coll":1.3,"men_mais":4.5,"log_soc":0,"ind_inc":0,"log":5.8,"ind_0_17":2.6,"ind_65p":4.4}},{"type":"Feature","geometry":{"type":"Polygon","coordinates":[[[-61.02587699890137,14.663187167115723],[-61.02587699890137,14.661360384349635],[-61.02772235870361,14.66140190230901],[-61.02772235870361,14.663187167115723],[-61.02587699890137,14.663187167115723]]]},"id":1331294864,"properties":{"GEO":"CRS5490RES200mN1621800E712400","GEO_OBJECT":"C200M","OBS_STATUS":"A","lcog_geo":"97224","ind":68.5,"men":28,"men_pauv":11,"men_1ind":11,"men_5ind":4,"men_prop":18,"men_fmp":6,"ind_snv":1233941.3,"men_surf":2493,"men_coll":9,"men_mais":19,"log_soc":0,"ind_inc":0,"log":28,"ind_0_17":20.5,"ind_65p":13}},{"type":"Feature","geometry":{"type":"Polygon","coordinates":[[[-61.02776527404785,14.659575104651054],[-61.02776527404785,14.657789810400686],[-61.0296106338501,14.657789810400686],[-61.0296106338501,14.659575104651054],[-61.02776527404785,14.659575104651054]]]},"id":1331294701,"properties":{"GEO":"CRS5490RES200mN1621400E712200","GEO_OBJECT":"C200M","OBS_STATUS":"I","lcog_geo":"97224","ind":4,"men":1.7,"men_pauv":0.5,"men_1ind":0.4,"men_5ind":0.1,"men_prop":1.4,"men_fmp":0.3,"ind_snv":97666.7,"men_surf":151.4,"men_coll":0.4,"men_mais":1.3,"log_soc":0,"ind_inc":0,"log":1.7000000000000002,"ind_0_17":0.8,"ind_65p":1.2000000000000002}},{"type":"Feature","geometry":{"type":"Polygon","coordinates":[[[-61.02772235870361,14.665013934641877],[-61.02772235870361,14.663187167115723],[-61.02956771850586,14.663228684728736],[-61.02956771850586,14.665013934641877],[-61.02772235870361,14.665013934641877]]]},"id":1331294933,"properties":{"GEO":"CRS5490RES200mN1622000E712200","GEO_OBJECT":"C200M","OBS_STATUS":"A","lcog_geo":"97224","ind":47,"men":20,"men_pauv":4,"men_1ind":6,"men_5ind":1,"men_prop":14,"men_fmp":4,"ind_snv":1065313.6,"men_surf":1883,"men_coll":5,"men_mais":15,"log_soc":0,"ind_inc":0,"log":20,"ind_0_17":11,"ind_65p":13}},{"type":"Feature","geometry":{"type":"Polygon","coordinates":[[[-61.02583408355713,14.6667991699983],[-61.02583408355713,14.664972417367352],[-61.02772235870361,14.665013934641877],[-61.027679443359375,14.6667991699983],[-61.02583408355713,14.6667991699983]]]},"id":1331294996,"properties":{"GEO":"CRS5490RES200mN1622200E712400","GEO_OBJECT":"C200M","OBS_STATUS":"I","lcog_geo":"97224","ind":6,"men":3,"men_pauv":0.8,"men_1ind":1.3,"men_5ind":0,"men_prop":2.1,"men_fmp":0.2,"ind_snv":114496.5,"men_surf":260.2,"men_coll":0.5,"men_mais":2.5,"log_soc":0,"ind_inc":0,"log":3,"ind_0_17":0.9,"ind_65p":1.8}},{"type":"Feature","geometry":{"type":"Polygon","coordinates":[[[-61.02772235870361,14.665013934641877],[-61.02583408355713,14.664972417367352],[-61.02587699890137,14.663187167115723],[-61.02772235870361,14.663187167115723],[-61.02772235870361,14.665013934641877]]]},"id":1331294934,"properties":{"GEO":"CRS5490RES200mN1622000E712400","GEO_OBJECT":"C200M","OBS_STATUS":"A","lcog_geo":"97224","ind":27,"men":14,"men_pauv":6,"men_1ind":5,"men_5ind":0,"men_prop":11,"men_fmp":3,"ind_snv":453416.4,"men_surf":1305,"men_coll":3,"men_mais":11,"log_soc":0,"ind_inc":0,"log":14,"ind_0_17":1,"ind_65p":12}},{"type":"Feature","geometry":{"type":"Polygon","coordinates":[[[-61.023945808410645,14.670411113285454],[-61.023945808410645,14.668584390796397],[-61.02583408355713,14.668584390796397],[-61.02579116821289,14.670411113285454],[-61.023945808410645,14.670411113285454]]]},"id":1331295102,"properties":{"GEO":"CRS5490RES200mN1622600E712600","GEO_OBJECT":"C200M","OBS_STATUS":"I","lcog_geo":"97224","ind":4,"men":2,"men_pauv":0.6,"men_1ind":0.8,"men_5ind":0,"men_prop":1.4,"men_fmp":0.2,"ind_snv":76331,"men_surf":173.5,"men_coll":0.4,"men_mais":1.6,"log_soc":0,"ind_inc":0,"log":2,"ind_0_17":0.6000000000000001,"ind_65p":1.2}},{"type":"Feature","geometry":{"type":"Polygon","coordinates":[[[-61.02952480316162,14.666840686926392],[-61.027679443359375,14.6667991699983],[-61.02772235870361,14.665013934641877],[-61.02956771850586,14.665013934641877],[-61.02952480316162,14.666840686926392]]]},"id":1331294995,"properties":{"GEO":"CRS5490RES200mN1622200E712200","GEO_OBJECT":"C200M","OBS_STATUS":"A","lcog_geo":"97224","ind":36,"men":12,"men_pauv":3,"men_1ind":1,"men_5ind":2,"men_prop":9,"men_fmp":1,"ind_snv":868644.3,"men_surf":1079,"men_coll":1,"men_mais":11,"log_soc":0,"ind_inc":0,"log":12,"ind_0_17":7,"ind_65p":7}},{"type":"Feature","geometry":{"type":"Polygon","coordinates":[[[-61.027679443359375,14.668625907385916],[-61.027679443359375,14.6667991699983],[-61.02952480316162,14.666840686926392],[-61.02952480316162,14.668625907385916],[-61.027679443359375,14.668625907385916]]]},"id":1331295043,"properties":{"GEO":"CRS5490RES200mN1622400E712200","GEO_OBJECT":"C200M","OBS_STATUS":"I","lcog_geo":"97224","ind":21,"men":10.6,"men_pauv":3,"men_1ind":4.5,"men_5ind":0,"men_prop":7.2,"men_fmp":0.8,"ind_snv":400737.6,"men_surf":910.6,"men_coll":1.9,"men_mais":8.7,"log_soc":0,"ind_inc":0,"log":10.6,"ind_0_17":3.2,"ind_65p":6.4}},{"type":"Feature","geometry":{"type":"Polygon","coordinates":[[[-61.027679443359375,14.668625907385916],[-61.02583408355713,14.668584390796397],[-61.02583408355713,14.6667991699983],[-61.027679443359375,14.6667991699983],[-61.027679443359375,14.668625907385916]]]},"id":1331295044,"properties":{"GEO":"CRS5490RES200mN1622400E712400","GEO_OBJECT":"C200M","OBS_STATUS":"A","lcog_geo":"97224","ind":50,"men":22,"men_pauv":7,"men_1ind":11,"men_5ind":3,"men_prop":11,"men_fmp":4,"ind_snv":1208641.7,"men_surf":1977,"men_coll":8,"men_mais":14,"log_soc":0,"ind_inc":0,"log":22,"ind_0_17":8,"ind_65p":17}},{"type":"Feature","geometry":{"type":"Polygon","coordinates":[[[-61.029696464538574,14.650565447911191],[-61.029696464538574,14.648738559898476],[-61.03154182434082,14.648780080249665],[-61.03154182434082,14.650565447911191],[-61.029696464538574,14.650565447911191]]]},"id":1331294311,"properties":{"GEO":"CRS5490RES200mN1620400E712000","GEO_OBJECT":"C200M","OBS_STATUS":"A","lcog_geo":"97224,97213","ind":45,"men":17,"men_pauv":2,"men_1ind":2,"men_5ind":2,"men_prop":13,"men_fmp":3,"ind_snv":1334884.4,"men_surf":1840,"men_coll":2,"men_mais":15,"log_soc":0,"ind_inc":0,"log":17,"ind_0_17":14,"ind_65p":9}},{"type":"Feature","geometry":{"type":"Polygon","coordinates":[[[-61.02780818939209,14.654177658930294],[-61.02780818939209,14.652350801029058],[-61.029653549194336,14.652350801029058],[-61.029653549194336,14.654177658930294],[-61.02780818939209,14.654177658930294]]]},"id":1331294471,"properties":{"GEO":"CRS5490RES200mN1620800E712200","GEO_OBJECT":"C200M","OBS_STATUS":"A","lcog_geo":"97224","ind":37,"men":20,"men_pauv":5,"men_1ind":11,"men_5ind":2,"men_prop":8,"men_fmp":4,"ind_snv":837702.2,"men_surf":1606,"men_coll":8,"men_mais":12,"log_soc":0,"ind_inc":0,"log":20,"ind_0_17":9,"ind_65p":8}},{"type":"Feature","geometry":{"type":"Polygon","coordinates":[[[-61.029653549194336,14.654177658930294],[-61.029653549194336,14.652350801029058],[-61.03154182434082,14.652392320695967],[-61.03149890899658,14.654177658930294],[-61.029653549194336,14.654177658930294]]]},"id":1331294470,"properties":{"GEO":"CRS5490RES200mN1620800E712000","GEO_OBJECT":"C200M","OBS_STATUS":"A","lcog_geo":"97224","ind":70.5,"men":33,"men_pauv":11,"men_1ind":12,"men_5ind":2,"men_prop":19,"men_fmp":9,"ind_snv":1355163.1,"men_surf":3089,"men_coll":17,"men_mais":16,"log_soc":0,"ind_inc":0,"log":33,"ind_0_17":18.5,"ind_65p":22}},{"type":"Feature","geometry":{"type":"Polygon","coordinates":[[[-61.02780818939209,14.652350801029058],[-61.02785110473633,14.650523927898192],[-61.029696464538574,14.650565447911191],[-61.029653549194336,14.652350801029058],[-61.02780818939209,14.652350801029058]]]},"id":1331294390,"properties":{"GEO":"CRS5490RES200mN1620600E712200","GEO_OBJECT":"C200M","OBS_STATUS":"A","lcog_geo":"97224","ind":47,"men":27,"men_pauv":5,"men_1ind":13,"men_5ind":1,"men_prop":20,"men_fmp":2,"ind_snv":1077110.5,"men_surf":2696,"men_coll":7,"men_mais":20,"log_soc":0,"ind_inc":0,"log":27,"ind_0_17":0,"ind_65p":24}},{"type":"Feature","geometry":{"type":"Polygon","coordinates":[[[-61.03154182434082,14.652392320695967],[-61.029653549194336,14.652350801029058],[-61.029696464538574,14.650565447911191],[-61.03154182434082,14.650565447911191],[-61.03154182434082,14.652392320695967]]]},"id":1331294389,"properties":{"GEO":"CRS5490RES200mN1620600E712000","GEO_OBJECT":"C200M","OBS_STATUS":"A","lcog_geo":"97224","ind":55.5,"men":27,"men_pauv":16,"men_1ind":12,"men_5ind":2,"men_prop":19,"men_fmp":3,"ind_snv":839541.9,"men_surf":2509,"men_coll":4,"men_mais":23,"log_soc":0,"ind_inc":0,"log":27,"ind_0_17":7.5,"ind_65p":15}},{"type":"Feature","geometry":{"type":"Polygon","coordinates":[[[-61.03154182434082,14.652392320695967],[-61.03154182434082,14.650565447911191],[-61.033387184143066,14.650606967916332],[-61.033387184143066,14.652392320695967],[-61.03154182434082,14.652392320695967]]]},"id":1331294388,"properties":{"GEO":"CRS5490RES200mN1620600E711800","GEO_OBJECT":"C200M","OBS_STATUS":"A","lcog_geo":"97224","ind":35,"men":14,"men_pauv":4,"men_1ind":2,"men_5ind":0,"men_prop":10,"men_fmp":3,"ind_snv":682872.3,"men_surf":1302,"men_coll":1,"men_mais":13,"log_soc":0,"ind_inc":0,"log":14,"ind_0_17":3,"ind_65p":11}},{"type":"Feature","geometry":{"type":"Polygon","coordinates":[[[-61.033387184143066,14.650606967916332],[-61.03154182434082,14.650565447911191],[-61.03154182434082,14.648780080249665],[-61.033430099487305,14.648780080249665],[-61.033387184143066,14.650606967916332]]]},"id":1331294310,"properties":{"GEO":"CRS5490RES200mN1620400E711800","GEO_OBJECT":"C200M","OBS_STATUS":"A","lcog_geo":"97224","ind":127.5,"men":71,"men_pauv":6,"men_1ind":39,"men_5ind":1,"men_prop":28,"men_fmp":13,"ind_snv":3236174.1,"men_surf":5768,"men_coll":49,"men_mais":22,"log_soc":0,"ind_inc":0,"log":71,"ind_0_17":19.5,"ind_65p":22}},{"type":"Feature","geometry":{"type":"Polygon","coordinates":[[[-61.033430099487305,14.648780080249665],[-61.033430099487305,14.646994698046143],[-61.03527545928955,14.646994698046143],[-61.03527545928955,14.648780080249665],[-61.033430099487305,14.648780080249665]]]},"id":1331294234,"properties":{"GEO":"CRS5490RES200mN1620200E711600","GEO_OBJECT":"C200M","OBS_STATUS":"A","lcog_geo":"97224,97213","ind":86,"men":39,"men_pauv":17,"men_1ind":15,"men_5ind":3,"men_prop":30,"men_fmp":8,"ind_snv":1790275.4,"men_surf":3464,"men_coll":13,"men_mais":26,"log_soc":0,"ind_inc":0,"log":39,"ind_0_17":12,"ind_65p":19}},{"type":"Feature","geometry":{"type":"Polygon","coordinates":[[[-61.033387184143066,14.65421917825104],[-61.033387184143066,14.652392320695967],[-61.03523254394531,14.652433840354988],[-61.03523254394531,14.65421917825104],[-61.033387184143066,14.65421917825104]]]},"id":1331294468,"properties":{"GEO":"CRS5490RES200mN1620800E711600","GEO_OBJECT":"C200M","OBS_STATUS":"A","lcog_geo":"97224","ind":41,"men":27,"men_pauv":14,"men_1ind":16,"men_5ind":0,"men_prop":17,"men_fmp":3,"ind_snv":741437.7,"men_surf":2403,"men_coll":7,"men_mais":20,"log_soc":0,"ind_inc":0,"log":27,"ind_0_17":1,"ind_65p":18}},{"type":"Feature","geometry":{"type":"Polygon","coordinates":[[[-61.03149890899658,14.656004501600137],[-61.03149890899658,14.654177658930294],[-61.033387184143066,14.65421917825104],[-61.03334426879883,14.656004501600137],[-61.03149890899658,14.656004501600137]]]},"id":1331294550,"properties":{"GEO":"CRS5490RES200mN1621000E711800","GEO_OBJECT":"C200M","OBS_STATUS":"I","lcog_geo":"97224","ind":13,"men":6.5,"men_pauv":1.4,"men_1ind":2.8,"men_5ind":0.2,"men_prop":4.3,"men_fmp":0.9,"ind_snv":336289.9,"men_surf":623.7,"men_coll":2.1,"men_mais":4.4,"log_soc":0,"ind_inc":0,"log":6.5,"ind_0_17":1.4000000000000001,"ind_65p":4.4}},{"type":"Feature","geometry":{"type":"Polygon","coordinates":[[[-61.033387184143066,14.65421917825104],[-61.03149890899658,14.654177658930294],[-61.03154182434082,14.652392320695967],[-61.033387184143066,14.652392320695967],[-61.033387184143066,14.65421917825104]]]},"id":1331294469,"properties":{"GEO":"CRS5490RES200mN1620800E711800","GEO_OBJECT":"C200M","OBS_STATUS":"A","lcog_geo":"97224","ind":63.5,"men":32,"men_pauv":7,"men_1ind":13,"men_5ind":1,"men_prop":20,"men_fmp":8,"ind_snv":1551370.8,"men_surf":2980,"men_coll":11,"men_mais":21,"log_soc":0,"ind_inc":0,"log":32,"ind_0_17":13.5,"ind_65p":19}},{"type":"Feature","geometry":{"type":"Polygon","coordinates":[[[-61.0296106338501,14.657789810400686],[-61.029653549194336,14.655962982617723],[-61.03149890899658,14.656004501600137],[-61.03149890899658,14.657789810400686],[-61.0296106338501,14.657789810400686]]]},"id":1331294628,"properties":{"GEO":"CRS5490RES200mN1621200E712000","GEO_OBJECT":"C200M","OBS_STATUS":"I","lcog_geo":"97224","ind":5,"men":2.1,"men_pauv":0.6,"men_1ind":0.5,"men_5ind":0.1,"men_prop":1.7,"men_fmp":0.4,"ind_snv":122083.4,"men_surf":189.2,"men_coll":0.5,"men_mais":1.6,"log_soc":0,"ind_inc":0,"log":2.1,"ind_0_17":0.9,"ind_65p":1.5}},{"type":"Feature","geometry":{"type":"Polygon","coordinates":[[[-61.03149890899658,14.656004501600137],[-61.029653549194336,14.655962982617723],[-61.029653549194336,14.654177658930294],[-61.03149890899658,14.654177658930294],[-61.03149890899658,14.656004501600137]]]},"id":1331294551,"properties":{"GEO":"CRS5490RES200mN1621000E712000","GEO_OBJECT":"C200M","OBS_STATUS":"A","lcog_geo":"97224","ind":30.5,"men":13,"men_pauv":1,"men_1ind":2,"men_5ind":0,"men_prop":13,"men_fmp":2,"ind_snv":933343.4,"men_surf":1439,"men_coll":1,"men_mais":12,"log_soc":0,"ind_inc":0,"log":13,"ind_0_17":6.5,"ind_65p":12}},{"type":"Feature","geometry":{"type":"Polygon","coordinates":[[[-61.031455993652344,14.65961662294886],[-61.0296106338501,14.659575104651054],[-61.0296106338501,14.657789810400686],[-61.03149890899658,14.657789810400686],[-61.031455993652344,14.65961662294886]]]},"id":1331294700,"properties":{"GEO":"CRS5490RES200mN1621400E712000","GEO_OBJECT":"C200M","OBS_STATUS":"I","lcog_geo":"97224","ind":6,"men":2.5,"men_pauv":0.8,"men_1ind":0.6,"men_5ind":0.1,"men_prop":2.1,"men_fmp":0.5,"ind_snv":146500,"men_surf":227,"men_coll":0.6,"men_mais":1.9,"log_soc":0,"ind_inc":0,"log":2.5,"ind_0_17":1.1,"ind_65p":1.9}},{"type":"Feature","geometry":{"type":"Polygon","coordinates":[[[-61.035189628601074,14.656046020574692],[-61.03334426879883,14.656004501600137],[-61.033387184143066,14.65421917825104],[-61.03523254394531,14.65421917825104],[-61.035189628601074,14.656046020574692]]]},"id":1331294549,"properties":{"GEO":"CRS5490RES200mN1621000E711600","GEO_OBJECT":"C200M","OBS_STATUS":"A","lcog_geo":"97224","ind":34,"men":17,"men_pauv":7,"men_1ind":6,"men_5ind":0,"men_prop":7,"men_fmp":3,"ind_snv":646208.4,"men_surf":1581,"men_coll":5,"men_mais":12,"log_soc":0,"ind_inc":0,"log":17,"ind_0_17":7,"ind_65p":8}},{"type":"Feature","geometry":{"type":"Polygon","coordinates":[[[-61.03334426879883,14.657831329036881],[-61.03334426879883,14.656004501600137],[-61.035189628601074,14.656046020574692],[-61.035189628601074,14.657831329036881],[-61.03334426879883,14.657831329036881]]]},"id":1331294626,"properties":{"GEO":"CRS5490RES200mN1621200E711600","GEO_OBJECT":"C200M","OBS_STATUS":"I","lcog_geo":"97224","ind":6,"men":3,"men_pauv":0.7,"men_1ind":1.3,"men_5ind":0.1,"men_prop":2,"men_fmp":0.4,"ind_snv":155210.7,"men_surf":287.9,"men_coll":1,"men_mais":2,"log_soc":0,"ind_inc":0,"log":3,"ind_0_17":0.7,"ind_65p":2}},{"type":"Feature","geometry":{"type":"Polygon","coordinates":[[[-61.03334426879883,14.657831329036881],[-61.03149890899658,14.657789810400686],[-61.03149890899658,14.656004501600137],[-61.03334426879883,14.656004501600137],[-61.03334426879883,14.657831329036881]]]},"id":1331294627,"properties":{"GEO":"CRS5490RES200mN1621200E711800","GEO_OBJECT":"C200M","OBS_STATUS":"I","lcog_geo":"97224","ind":2,"men":1,"men_pauv":0.2,"men_1ind":0.4,"men_5ind":0,"men_prop":0.7,"men_fmp":0.1,"ind_snv":51736.9,"men_surf":96,"men_coll":0.3,"men_mais":0.7,"log_soc":0,"ind_inc":0,"log":1,"ind_0_17":0.2,"ind_65p":0.7}},{"type":"Feature","geometry":{"type":"Polygon","coordinates":[[[-61.03527545928955,14.650606967916332],[-61.03527545928955,14.648780080249665],[-61.0371208190918,14.648821600593024],[-61.0371208190918,14.650606967916332],[-61.03527545928955,14.650606967916332]]]},"id":1331294308,"properties":{"GEO":"CRS5490RES200mN1620400E711400","GEO_OBJECT":"C200M","OBS_STATUS":"A","lcog_geo":"97224","ind":67,"men":31,"men_pauv":8,"men_1ind":12,"men_5ind":2,"men_prop":20,"men_fmp":3,"ind_snv":2064836.6,"men_surf":3704,"men_coll":8,"men_mais":23,"log_soc":0,"ind_inc":0,"log":31,"ind_0_17":13,"ind_65p":17}},{"type":"Feature","geometry":{"type":"Polygon","coordinates":[[[-61.03523254394531,14.652433840354988],[-61.033387184143066,14.652392320695967],[-61.033387184143066,14.650606967916332],[-61.03527545928955,14.650606967916332],[-61.03523254394531,14.652433840354988]]]},"id":1331294387,"properties":{"GEO":"CRS5490RES200mN1620600E711600","GEO_OBJECT":"C200M","OBS_STATUS":"A","lcog_geo":"97224","ind":29,"men":11,"men_pauv":3,"men_1ind":1,"men_5ind":1,"men_prop":7,"men_fmp":2,"ind_snv":613636.9,"men_surf":1149,"men_coll":7,"men_mais":4,"log_soc":0,"ind_inc":0,"log":11,"ind_0_17":5,"ind_65p":10}},{"type":"Feature","geometry":{"type":"Polygon","coordinates":[[[-61.033387184143066,14.650606967916332],[-61.033430099487305,14.648780080249665],[-61.03527545928955,14.648780080249665],[-61.03527545928955,14.650606967916332],[-61.033387184143066,14.650606967916332]]]},"id":1331294309,"properties":{"GEO":"CRS5490RES200mN1620400E711600","GEO_OBJECT":"C200M","OBS_STATUS":"I","lcog_geo":"97224","ind":16.5,"men":7.3,"men_pauv":0.8,"men_1ind":2.7,"men_5ind":0.5,"men_prop":6.1,"men_fmp":1.1,"ind_snv":496600.1,"men_surf":801.7,"men_coll":1.1,"men_mais":6.2,"log_soc":0,"ind_inc":0,"log":7.3,"ind_0_17":3.3000000000000003,"ind_65p":5.199999999999999}},{"type":"Feature","geometry":{"type":"Polygon","coordinates":[[[-61.03523254394531,14.652433840354988],[-61.03527545928955,14.650606967916332],[-61.0371208190918,14.650606967916332],[-61.03707790374756,14.652433840354988],[-61.03523254394531,14.652433840354988]]]},"id":1331294386,"properties":{"GEO":"CRS5490RES200mN1620600E711400","GEO_OBJECT":"C200M","OBS_STATUS":"I","lcog_geo":"97224","ind":20,"men":8.9,"men_pauv":1,"men_1ind":3.3,"men_5ind":0.6,"men_prop":7.3,"men_fmp":1.4,"ind_snv":601939.6,"men_surf":971.8,"men_coll":1.4,"men_mais":7.5,"log_soc":0,"ind_inc":0,"log":8.9,"ind_0_17":4.1,"ind_65p":6.3}},{"type":"Feature","geometry":{"type":"Polygon","coordinates":[[[-61.03896617889404,14.6506484879136],[-61.03896617889404,14.648821600593024],[-61.04085445404053,14.648863120928496],[-61.04081153869629,14.6506484879136],[-61.03896617889404,14.6506484879136]]]},"id":1331294306,"properties":{"GEO":"CRS5490RES200mN1620400E711000","GEO_OBJECT":"C200M","OBS_STATUS":"A","lcog_geo":"97224","ind":30,"men":13,"men_pauv":2,"men_1ind":3,"men_5ind":0,"men_prop":12,"men_fmp":1,"ind_snv":934846.4,"men_surf":1469,"men_coll":2,"men_mais":11,"log_soc":0,"ind_inc":0,"log":13,"ind_0_17":3.5,"ind_65p":10}},{"type":"Feature","geometry":{"type":"Polygon","coordinates":[[[-61.0371208190918,14.648821600593024],[-61.037163734436035,14.646994698046143],[-61.03900909423828,14.64703621872765],[-61.03896617889404,14.648821600593024],[-61.0371208190918,14.648821600593024]]]},"id":1331294232,"properties":{"GEO":"CRS5490RES200mN1620200E711200","GEO_OBJECT":"C200M","OBS_STATUS":"I","lcog_geo":"97224","ind":4,"men":1.8,"men_pauv":0.2,"men_1ind":0.7,"men_5ind":0.1,"men_prop":1.5,"men_fmp":0.3,"ind_snv":120387.9,"men_surf":194.4,"men_coll":0.3,"men_mais":1.5,"log_soc":0,"ind_inc":0,"log":1.7999999999999998,"ind_0_17":0.8,"ind_65p":1.3}},{"type":"Feature","geometry":{"type":"Polygon","coordinates":[[[-61.04085445404053,14.648863120928496],[-61.03896617889404,14.648821600593024],[-61.03900909423828,14.64703621872765],[-61.04085445404053,14.64703621872765],[-61.04085445404053,14.648863120928496]]]},"id":1331294231,"properties":{"GEO":"CRS5490RES200mN1620200E711000","GEO_OBJECT":"C200M","OBS_STATUS":"A","lcog_geo":"97224","ind":51,"men":24,"men_pauv":3,"men_1ind":7,"men_5ind":0,"men_prop":20,"men_fmp":0,"ind_snv":1611043.1,"men_surf":2916,"men_coll":2,"men_mais":22,"log_soc":0,"ind_inc":0,"log":24,"ind_0_17":4,"ind_65p":17}},{"type":"Feature","geometry":{"type":"Polygon","coordinates":[[[-61.03707790374756,14.652433840354988],[-61.0371208190918,14.650606967916332],[-61.03896617889404,14.6506484879136],[-61.03896617889404,14.652433840354988],[-61.03707790374756,14.652433840354988]]]},"id":1331294385,"properties":{"GEO":"CRS5490RES200mN1620600E711200","GEO_OBJECT":"C200M","OBS_STATUS":"A","lcog_geo":"97224","ind":48.5,"men":24,"men_pauv":1,"men_1ind":10,"men_5ind":0,"men_prop":19,"men_fmp":2,"ind_snv":1787526.6,"men_surf":2986,"men_coll":7,"men_mais":17,"log_soc":0,"ind_inc":0,"log":24,"ind_0_17":6.5,"ind_65p":11}},{"type":"Feature","geometry":{"type":"Polygon","coordinates":[[[-61.03896617889404,14.6506484879136],[-61.0371208190918,14.650606967916332],[-61.0371208190918,14.648821600593024],[-61.03896617889404,14.648821600593024],[-61.03896617889404,14.6506484879136]]]},"id":1331294307,"properties":{"GEO":"CRS5490RES200mN1620400E711200","GEO_OBJECT":"C200M","OBS_STATUS":"A","lcog_geo":"97224","ind":49,"men":26,"men_pauv":2,"men_1ind":12,"men_5ind":1,"men_prop":21,"men_fmp":1,"ind_snv":1487594.8,"men_surf":3298,"men_coll":12,"men_mais":14,"log_soc":0,"ind_inc":0,"log":26,"ind_0_17":6,"ind_65p":10}},{"type":"Feature","geometry":{"type":"Polygon","coordinates":[[[-61.038923263549805,14.654260697563913],[-61.03707790374756,14.65421917825104],[-61.03707790374756,14.652433840354988],[-61.03896617889404,14.652433840354988],[-61.038923263549805,14.654260697563913]]]},"id":1331294466,"properties":{"GEO":"CRS5490RES200mN1620800E711200","GEO_OBJECT":"C200M","OBS_STATUS":"A","lcog_geo":"97224","ind":33,"men":14,"men_pauv":1,"men_1ind":3,"men_5ind":0,"men_prop":11,"men_fmp":2,"ind_snv":1090852.2,"men_surf":1560,"men_coll":4,"men_mais":10,"log_soc":0,"ind_inc":0,"log":14,"ind_0_17":4,"ind_65p":5}},{"type":"Feature","geometry":{"type":"Polygon","coordinates":[[[-61.03523254394531,14.65421917825104],[-61.03523254394531,14.652433840354988],[-61.03707790374756,14.652433840354988],[-61.03707790374756,14.65421917825104],[-61.03523254394531,14.65421917825104]]]},"id":1331294467,"properties":{"GEO":"CRS5490RES200mN1620800E711400","GEO_OBJECT":"C200M","OBS_STATUS":"A","lcog_geo":"97224","ind":35,"men":17,"men_pauv":5,"men_1ind":7,"men_5ind":1,"men_prop":5,"men_fmp":3,"ind_snv":653732,"men_surf":1548,"men_coll":7,"men_mais":10,"log_soc":0,"ind_inc":0,"log":17,"ind_0_17":5,"ind_65p":13}},{"type":"Feature","geometry":{"type":"Polygon","coordinates":[[[-61.03707790374756,14.656046020574692],[-61.03707790374756,14.65421917825104],[-61.038923263549805,14.654260697563913],[-61.038923263549805,14.656046020574692],[-61.03707790374756,14.656046020574692]]]},"id":1331294547,"properties":{"GEO":"CRS5490RES200mN1621000E711200","GEO_OBJECT":"C200M","OBS_STATUS":"I","lcog_geo":"97224","ind":24,"men":11.9,"men_pauv":2.6,"men_1ind":5.1,"men_5ind":0.4,"men_prop":7.9,"men_fmp":1.6,"ind_snv":620842.9,"men_surf":1151.5,"men_coll":3.8,"men_mais":8.1,"log_soc":0,"ind_inc":0,"log":11.9,"ind_0_17":2.5,"ind_65p":8.2}},{"type":"Feature","geometry":{"type":"Polygon","coordinates":[[[-61.035189628601074,14.656046020574692],[-61.03523254394531,14.65421917825104],[-61.03707790374756,14.65421917825104],[-61.03707790374756,14.656046020574692],[-61.035189628601074,14.656046020574692]]]},"id":1331294548,"properties":{"GEO":"CRS5490RES200mN1621000E711400","GEO_OBJECT":"C200M","OBS_STATUS":"A","lcog_geo":"97224","ind":14,"men":11,"men_pauv":5,"men_1ind":8,"men_5ind":0,"men_prop":8,"men_fmp":2,"ind_snv":305946.3,"men_surf":940,"men_coll":1,"men_mais":10,"log_soc":0,"ind_inc":0,"log":11,"ind_0_17":1,"ind_65p":6}},{"type":"Feature","geometry":{"type":"Polygon","coordinates":[[[-61.03703498840332,14.659658141238793],[-61.03703498840332,14.657831329036881],[-61.038923263549805,14.657872847665217],[-61.038880348205566,14.659658141238793],[-61.03703498840332,14.659658141238793]]]},"id":1331294698,"properties":{"GEO":"CRS5490RES200mN1621400E711200","GEO_OBJECT":"C200M","OBS_STATUS":"A","lcog_geo":"97224","ind":27,"men":13,"men_pauv":3,"men_1ind":3,"men_5ind":0,"men_prop":9,"men_fmp":3,"ind_snv":621269.7,"men_surf":1057,"men_coll":7,"men_mais":6,"log_soc":0,"ind_inc":0,"log":13,"ind_0_17":6,"ind_65p":3}},{"type":"Feature","geometry":{"type":"Polygon","coordinates":[[[-61.038923263549805,14.657872847665217],[-61.03703498840332,14.657831329036881],[-61.03707790374756,14.656046020574692],[-61.038923263549805,14.656046020574692],[-61.038923263549805,14.657872847665217]]]},"id":1331294625,"properties":{"GEO":"CRS5490RES200mN1621200E711200","GEO_OBJECT":"C200M","OBS_STATUS":"I","lcog_geo":"97224","ind":9,"men":4.5,"men_pauv":1,"men_1ind":1.9,"men_5ind":0.1,"men_prop":3,"men_fmp":0.6,"ind_snv":232816.1,"men_surf":431.8,"men_coll":1.5,"men_mais":3,"log_soc":0,"ind_inc":0,"log":4.5,"ind_0_17":1,"ind_65p":3.0999999999999996}},{"type":"Feature","geometry":{"type":"Polygon","coordinates":[[[-61.038923263549805,14.657872847665217],[-61.038923263549805,14.656046020574692],[-61.04076862335205,14.656087539541389],[-61.04076862335205,14.657872847665217],[-61.038923263549805,14.657872847665217]]]},"id":1331294624,"properties":{"GEO":"CRS5490RES200mN1621200E711000","GEO_OBJECT":"C200M","OBS_STATUS":"A","lcog_geo":"97224","ind":37,"men":17,"men_pauv":8,"men_1ind":6,"men_5ind":1,"men_prop":4,"men_fmp":3,"ind_snv":699595.6,"men_surf":1245,"men_coll":12,"men_mais":5,"log_soc":0,"ind_inc":0,"log":17,"ind_0_17":9,"ind_65p":12}},{"type":"Feature","geometry":{"type":"Polygon","coordinates":[[[-61.04072570800781,14.659699659520854],[-61.038880348205566,14.659658141238793],[-61.038923263549805,14.657872847665217],[-61.04076862335205,14.657872847665217],[-61.04072570800781,14.659699659520854]]]},"id":1331294697,"properties":{"GEO":"CRS5490RES200mN1621400E711000","GEO_OBJECT":"C200M","OBS_STATUS":"A","lcog_geo":"97224","ind":59,"men":25,"men_pauv":10,"men_1ind":7,"men_5ind":2,"men_prop":18,"men_fmp":10,"ind_snv":1125500.8,"men_surf":2123,"men_coll":9,"men_mais":16,"log_soc":0,"ind_inc":0,"log":25,"ind_0_17":13,"ind_65p":14}},{"type":"Feature","geometry":{"type":"Polygon","coordinates":[[[-61.0296106338501,14.66140190230901],[-61.0296106338501,14.659575104651054],[-61.031455993652344,14.65961662294886],[-61.031455993652344,14.66140190230901],[-61.0296106338501,14.66140190230901]]]},"id":1331294778,"properties":{"GEO":"CRS5490RES200mN1621600E712000","GEO_OBJECT":"C200M","OBS_STATUS":"I","lcog_geo":"97224","ind":27,"men":11.2,"men_pauv":3.4,"men_1ind":2.8,"men_5ind":0.6,"men_prop":9.3,"men_fmp":2.2,"ind_snv":659250.1,"men_surf":1021.7,"men_coll":2.5,"men_mais":8.7,"log_soc":0,"ind_inc":0,"log":11.2,"ind_0_17":5.1,"ind_65p":8.399999999999999}},{"type":"Feature","geometry":{"type":"Polygon","coordinates":[[[-61.02956771850586,14.663228684728736],[-61.02772235870361,14.663187167115723],[-61.02772235870361,14.66140190230901],[-61.0296106338501,14.66140190230901],[-61.02956771850586,14.663228684728736]]]},"id":1331294863,"properties":{"GEO":"CRS5490RES200mN1621800E712200","GEO_OBJECT":"C200M","OBS_STATUS":"I","lcog_geo":"97224","ind":16,"men":6.6,"men_pauv":2,"men_1ind":1.7,"men_5ind":0.4,"men_prop":5.5,"men_fmp":1.3,"ind_snv":390666.7,"men_surf":605.4,"men_coll":1.5,"men_mais":5.1,"log_soc":0,"ind_inc":0,"log":6.6,"ind_0_17":3.0999999999999996,"ind_65p":4.9}},{"type":"Feature","geometry":{"type":"Polygon","coordinates":[[[-61.02772235870361,14.66140190230901],[-61.02776527404785,14.659575104651054],[-61.0296106338501,14.659575104651054],[-61.0296106338501,14.66140190230901],[-61.02772235870361,14.66140190230901]]]},"id":1331294779,"properties":{"GEO":"CRS5490RES200mN1621600E712200","GEO_OBJECT":"C200M","OBS_STATUS":"A","lcog_geo":"97224","ind":34,"men":14,"men_pauv":1,"men_1ind":4,"men_5ind":1,"men_prop":8,"men_fmp":1,"ind_snv":1036741.2,"men_surf":1532,"men_coll":10,"men_mais":4,"log_soc":0,"ind_inc":0,"log":14,"ind_0_17":9,"ind_65p":6}},{"type":"Feature","geometry":{"type":"Polygon","coordinates":[[[-61.02956771850586,14.663228684728736],[-61.0296106338501,14.66140190230901],[-61.031455993652344,14.66140190230901],[-61.031413078308105,14.663228684728736],[-61.02956771850586,14.663228684728736]]]},"id":1331294862,"properties":{"GEO":"CRS5490RES200mN1621800E712000","GEO_OBJECT":"C200M","OBS_STATUS":"A","lcog_geo":"97224","ind":52,"men":23,"men_pauv":5,"men_1ind":8,"men_5ind":2,"men_prop":19,"men_fmp":0,"ind_snv":1470079.8,"men_surf":2198,"men_coll":8,"men_mais":15,"log_soc":0,"ind_inc":0,"log":23,"ind_0_17":12,"ind_65p":19}},{"type":"Feature","geometry":{"type":"Polygon","coordinates":[[[-61.035189628601074,14.659658141238793],[-61.03330135345459,14.65961662294886],[-61.03334426879883,14.657831329036881],[-61.035189628601074,14.657831329036881],[-61.035189628601074,14.659658141238793]]]},"id":1331294699,"properties":{"GEO":"CRS5490RES200mN1621400E711600","GEO_OBJECT":"C200M","OBS_STATUS":"I","lcog_geo":"97224","ind":2,"men":1,"men_pauv":0.2,"men_1ind":0.4,"men_5ind":0,"men_prop":0.7,"men_fmp":0.1,"ind_snv":51736.9,"men_surf":96,"men_coll":0.3,"men_mais":0.7,"log_soc":0,"ind_inc":0,"log":1,"ind_0_17":0.2,"ind_65p":0.7}},{"type":"Feature","geometry":{"type":"Polygon","coordinates":[[[-61.031413078308105,14.663228684728736],[-61.031455993652344,14.66140190230901],[-61.03330135345459,14.661443420260497],[-61.03330135345459,14.663228684728736],[-61.031413078308105,14.663228684728736]]]},"id":1331294861,"properties":{"GEO":"CRS5490RES200mN1621800E711800","GEO_OBJECT":"C200M","OBS_STATUS":"I","lcog_geo":"97224","ind":11,"men":5.5,"men_pauv":1.2,"men_1ind":2.3,"men_5ind":0.2,"men_prop":3.6,"men_fmp":0.7,"ind_snv":284553,"men_surf":527.8,"men_coll":1.8,"men_mais":3.7,"log_soc":0,"ind_inc":0,"log":5.5,"ind_0_17":1.2000000000000002,"ind_65p":3.8}},{"type":"Feature","geometry":{"type":"Polygon","coordinates":[[[-61.03330135345459,14.661443420260497],[-61.031455993652344,14.66140190230901],[-61.031455993652344,14.65961662294886],[-61.03330135345459,14.65961662294886],[-61.03330135345459,14.661443420260497]]]},"id":1331294777,"properties":{"GEO":"CRS5490RES200mN1621600E711800","GEO_OBJECT":"C200M","OBS_STATUS":"I","lcog_geo":"97224","ind":4.5,"men":2.2,"men_pauv":0.5,"men_1ind":1,"men_5ind":0.1,"men_prop":1.5,"men_fmp":0.3,"ind_snv":116408,"men_surf":215.9,"men_coll":0.7,"men_mais":1.5,"log_soc":0,"ind_inc":0,"log":2.2,"ind_0_17":0.5,"ind_65p":1.6}},{"type":"Feature","geometry":{"type":"Polygon","coordinates":[[[-61.03325843811035,14.665055451908515],[-61.031413078308105,14.665013934641877],[-61.031413078308105,14.663228684728736],[-61.03330135345459,14.663228684728736],[-61.03325843811035,14.665055451908515]]]},"id":1331294931,"properties":{"GEO":"CRS5490RES200mN1622000E711800","GEO_OBJECT":"C200M","OBS_STATUS":"I","lcog_geo":"97224","ind":2,"men":1,"men_pauv":0.2,"men_1ind":0.5,"men_5ind":0.1,"men_prop":0.7,"men_fmp":0.1,"ind_snv":50686.7,"men_surf":85.8,"men_coll":0.4,"men_mais":0.6,"log_soc":0,"ind_inc":0,"log":1,"ind_0_17":0.30000000000000004,"ind_65p":0.6}},{"type":"Feature","geometry":{"type":"Polygon","coordinates":[[[-61.02956771850586,14.665013934641877],[-61.02956771850586,14.663228684728736],[-61.031413078308105,14.663228684728736],[-61.031413078308105,14.665013934641877],[-61.02956771850586,14.665013934641877]]]},"id":1331294932,"properties":{"GEO":"CRS5490RES200mN1622000E712000","GEO_OBJECT":"C200M","OBS_STATUS":"A","lcog_geo":"97224","ind":36.5,"men":16,"men_pauv":1,"men_1ind":4,"men_5ind":0,"men_prop":13,"men_fmp":3,"ind_snv":1324117.4,"men_surf":1682,"men_coll":1,"men_mais":15,"log_soc":0,"ind_inc":0,"log":16,"ind_0_17":6.5,"ind_65p":5}},{"type":"Feature","geometry":{"type":"Polygon","coordinates":[[[-61.031413078308105,14.666840686926392],[-61.031413078308105,14.665013934641877],[-61.03325843811035,14.665055451908515],[-61.03325843811035,14.666840686926392],[-61.031413078308105,14.666840686926392]]]},"id":1331294993,"properties":{"GEO":"CRS5490RES200mN1622200E711800","GEO_OBJECT":"C200M","OBS_STATUS":"I","lcog_geo":"97224","ind":18,"men":8.7,"men_pauv":2.2,"men_1ind":4.4,"men_5ind":0.8,"men_prop":6.5,"men_fmp":0.8,"ind_snv":456179.9,"men_surf":771.9,"men_coll":3.3,"men_mais":5.4,"log_soc":0,"ind_inc":0,"log":8.7,"ind_0_17":2.8,"ind_65p":5.5}},{"type":"Feature","geometry":{"type":"Polygon","coordinates":[[[-61.02952480316162,14.670452629528484],[-61.02952480316162,14.668625907385916],[-61.03137016296387,14.668667423967548],[-61.03137016296387,14.670452629528484],[-61.02952480316162,14.670452629528484]]]},"id":1331295099,"properties":{"GEO":"CRS5490RES200mN1622600E712000","GEO_OBJECT":"C200M","OBS_STATUS":"A","lcog_geo":"97224","ind":134,"men":60,"men_pauv":19,"men_1ind":25,"men_5ind":6,"men_prop":14,"men_fmp":17,"ind_snv":2742329.2,"men_surf":4592,"men_coll":49,"men_mais":11,"log_soc":42,"ind_inc":0,"log":60,"ind_0_17":34,"ind_65p":11}},{"type":"Feature","geometry":{"type":"Polygon","coordinates":[[[-61.03137016296387,14.668667423967548],[-61.02952480316162,14.668625907385916],[-61.02952480316162,14.666840686926392],[-61.031413078308105,14.666840686926392],[-61.03137016296387,14.668667423967548]]]},"id":1331295042,"properties":{"GEO":"CRS5490RES200mN1622400E712000","GEO_OBJECT":"C200M","OBS_STATUS":"A","lcog_geo":"97224","ind":26,"men":15,"men_pauv":2,"men_1ind":9,"men_5ind":0,"men_prop":8,"men_fmp":0,"ind_snv":657837,"men_surf":1515,"men_coll":6,"men_mais":9,"log_soc":0,"ind_inc":0,"log":15,"ind_0_17":3,"ind_65p":7}},{"type":"Feature","geometry":{"type":"Polygon","coordinates":[[[-61.02952480316162,14.666840686926392],[-61.02956771850586,14.665013934641877],[-61.031413078308105,14.665013934641877],[-61.031413078308105,14.666840686926392],[-61.02952480316162,14.666840686926392]]]},"id":1331294994,"properties":{"GEO":"CRS5490RES200mN1622200E712000","GEO_OBJECT":"C200M","OBS_STATUS":"I","lcog_geo":"97224","ind":19,"men":9.6,"men_pauv":2.7,"men_1ind":4,"men_5ind":0,"men_prop":6.5,"men_fmp":0.8,"ind_snv":362572.1,"men_surf":823.9,"men_coll":1.7,"men_mais":7.9,"log_soc":0,"ind_inc":0,"log":9.6,"ind_0_17":2.9,"ind_65p":5.8}},{"type":"Feature","geometry":{"type":"Polygon","coordinates":[[[-61.03325843811035,14.668667423967548],[-61.03325843811035,14.666840686926392],[-61.0351037979126,14.666882203846626],[-61.0351037979126,14.668667423967548],[-61.03325843811035,14.668667423967548]]]},"id":1331295040,"properties":{"GEO":"CRS5490RES200mN1622400E711600","GEO_OBJECT":"C200M","OBS_STATUS":"A","lcog_geo":"97224","ind":26,"men":18,"men_pauv":9,"men_1ind":11,"men_5ind":0,"men_prop":14,"men_fmp":2,"ind_snv":555824.5,"men_surf":1457,"men_coll":8,"men_mais":10,"log_soc":0,"ind_inc":0,"log":18,"ind_0_17":1,"ind_65p":11}},{"type":"Feature","geometry":{"type":"Polygon","coordinates":[[[-61.035146713256836,14.66327020233389],[-61.035146713256836,14.661443420260497],[-61.03703498840332,14.66148493820414],[-61.03699207305908,14.66327020233389],[-61.035146713256836,14.66327020233389]]]},"id":1331294859,"properties":{"GEO":"CRS5490RES200mN1621800E711400","GEO_OBJECT":"C200M","OBS_STATUS":"I","lcog_geo":"97224","ind":10,"men":5,"men_pauv":1.1,"men_1ind":2.1,"men_5ind":0.1,"men_prop":3.3,"men_fmp":0.7,"ind_snv":258684.5,"men_surf":479.8,"men_coll":1.6,"men_mais":3.4,"log_soc":0,"ind_inc":0,"log":5,"ind_0_17":1,"ind_65p":3.5}},{"type":"Feature","geometry":{"type":"Polygon","coordinates":[[[-61.03703498840332,14.66148493820414],[-61.035146713256836,14.661443420260497],[-61.035189628601074,14.659658141238793],[-61.03703498840332,14.659658141238793],[-61.03703498840332,14.66148493820414]]]},"id":1331294776,"properties":{"GEO":"CRS5490RES200mN1621600E711400","GEO_OBJECT":"C200M","OBS_STATUS":"I","lcog_geo":"97224","ind":19,"men":9.4,"men_pauv":2.1,"men_1ind":4,"men_5ind":0.3,"men_prop":6.2,"men_fmp":1.2,"ind_snv":491500.6,"men_surf":911.6,"men_coll":3,"men_mais":6.4,"log_soc":0,"ind_inc":0,"log":9.399999999999999,"ind_0_17":2,"ind_65p":6.5}},{"type":"Feature","geometry":{"type":"Polygon","coordinates":[[[-61.03325843811035,14.665055451908515],[-61.03330135345459,14.663228684728736],[-61.035146713256836,14.66327020233389],[-61.035146713256836,14.665055451908515],[-61.03325843811035,14.665055451908515]]]},"id":1331294930,"properties":{"GEO":"CRS5490RES200mN1622000E711600","GEO_OBJECT":"C200M","OBS_STATUS":"I","lcog_geo":"97224","ind":11,"men":5.3,"men_pauv":1.4,"men_1ind":2.7,"men_5ind":0.5,"men_prop":4,"men_fmp":0.5,"ind_snv":278776.6,"men_surf":471.7,"men_coll":2,"men_mais":3.3,"log_soc":0,"ind_inc":0,"log":5.3,"ind_0_17":1.7,"ind_65p":3.4}},{"type":"Feature","geometry":{"type":"Polygon","coordinates":[[[-61.035146713256836,14.66327020233389],[-61.03330135345459,14.663228684728736],[-61.03330135345459,14.661443420260497],[-61.035146713256836,14.661443420260497],[-61.035146713256836,14.66327020233389]]]},"id":1331294860,"properties":{"GEO":"CRS5490RES200mN1621800E711600","GEO_OBJECT":"C200M","OBS_STATUS":"I","lcog_geo":"97224","ind":9,"men":4.5,"men_pauv":1,"men_1ind":1.9,"men_5ind":0.1,"men_prop":3,"men_fmp":0.6,"ind_snv":232816.1,"men_surf":431.8,"men_coll":1.5,"men_mais":3,"log_soc":0,"ind_inc":0,"log":4.5,"ind_0_17":1,"ind_65p":3.0999999999999996}},{"type":"Feature","geometry":{"type":"Polygon","coordinates":[[[-61.03703498840332,14.66148493820414],[-61.03703498840332,14.659658141238793],[-61.038880348205566,14.659658141238793],[-61.038880348205566,14.66148493820414],[-61.03703498840332,14.66148493820414]]]},"id":1331294775,"properties":{"GEO":"CRS5490RES200mN1621600E711200","GEO_OBJECT":"C200M","OBS_STATUS":"I","lcog_geo":"97224","ind":4,"men":2,"men_pauv":0.4,"men_1ind":0.8,"men_5ind":0.1,"men_prop":1.3,"men_fmp":0.3,"ind_snv":103473.8,"men_surf":191.9,"men_coll":0.6,"men_mais":1.4,"log_soc":0,"ind_inc":0,"log":2,"ind_0_17":0.4,"ind_65p":1.4}},{"type":"Feature","geometry":{"type":"Polygon","coordinates":[[[-61.038880348205566,14.66148493820414],[-61.038880348205566,14.659658141238793],[-61.04072570800781,14.659699659520854],[-61.04072570800781,14.66148493820414],[-61.038880348205566,14.66148493820414]]]},"id":1331294774,"properties":{"GEO":"CRS5490RES200mN1621600E711000","GEO_OBJECT":"C200M","OBS_STATUS":"I","lcog_geo":"97224","ind":13.5,"men":6.7,"men_pauv":1.5,"men_1ind":2.9,"men_5ind":0.2,"men_prop":4.4,"men_fmp":0.9,"ind_snv":349224.1,"men_surf":647.7,"men_coll":2.2,"men_mais":4.5,"log_soc":0,"ind_inc":0,"log":6.699999999999999,"ind_0_17":1.4000000000000001,"ind_65p":4.6}},{"type":"Feature","geometry":{"type":"Polygon","coordinates":[[[-61.03699207305908,14.665096969167294],[-61.03699207305908,14.66327020233389],[-61.03883743286133,14.66327020233389],[-61.03883743286133,14.665096969167294],[-61.03699207305908,14.665096969167294]]]},"id":1331294928,"properties":{"GEO":"CRS5490RES200mN1622000E711200","GEO_OBJECT":"C200M","OBS_STATUS":"I","lcog_geo":"97224","ind":10,"men":4.8,"men_pauv":1.2,"men_1ind":2.4,"men_5ind":0.5,"men_prop":3.6,"men_fmp":0.5,"ind_snv":253433.3,"men_surf":428.8,"men_coll":1.8,"men_mais":3,"log_soc":0,"ind_inc":0,"log":4.8,"ind_0_17":1.6,"ind_65p":3.0999999999999996}},{"type":"Feature","geometry":{"type":"Polygon","coordinates":[[[-61.03883743286133,14.665096969167294],[-61.03883743286133,14.66327020233389],[-61.04072570800781,14.663311719931173],[-61.040682792663574,14.665096969167294],[-61.03883743286133,14.665096969167294]]]},"id":1331294927,"properties":{"GEO":"CRS5490RES200mN1622000E711000","GEO_OBJECT":"C200M","OBS_STATUS":"I","lcog_geo":"97224","ind":14,"men":6.8,"men_pauv":1.7,"men_1ind":3.4,"men_5ind":0.6,"men_prop":5,"men_fmp":0.6,"ind_snv":354806.6,"men_surf":600.4,"men_coll":2.6,"men_mais":4.2,"log_soc":0,"ind_inc":0,"log":6.800000000000001,"ind_0_17":2.2,"ind_65p":4.300000000000001}},{"type":"Feature","geometry":{"type":"Polygon","coordinates":[[[-61.04072570800781,14.663311719931173],[-61.03883743286133,14.66327020233389],[-61.038880348205566,14.66148493820414],[-61.04072570800781,14.66148493820414],[-61.04072570800781,14.663311719931173]]]},"id":1331294858,"properties":{"GEO":"CRS5490RES200mN1621800E711000","GEO_OBJECT":"C200M","OBS_STATUS":"I","lcog_geo":"97224","ind":10,"men":5,"men_pauv":1.1,"men_1ind":2.1,"men_5ind":0.1,"men_prop":3.3,"men_fmp":0.7,"ind_snv":258684.5,"men_surf":479.8,"men_coll":1.6,"men_mais":3.4,"log_soc":0,"ind_inc":0,"log":5,"ind_0_17":1,"ind_65p":3.5}},{"type":"Feature","geometry":{"type":"Polygon","coordinates":[[[-61.0351037979126,14.666882203846626],[-61.03325843811035,14.666840686926392],[-61.03325843811035,14.665055451908515],[-61.035146713256836,14.665055451908515],[-61.0351037979126,14.666882203846626]]]},"id":1331294992,"properties":{"GEO":"CRS5490RES200mN1622200E711600","GEO_OBJECT":"C200M","OBS_STATUS":"A","lcog_geo":"97224","ind":23.5,"men":14,"men_pauv":5,"men_1ind":7,"men_5ind":0,"men_prop":9,"men_fmp":3,"ind_snv":580407.5,"men_surf":1141,"men_coll":4,"men_mais":10,"log_soc":0,"ind_inc":0,"log":14,"ind_0_17":2,"ind_65p":7}},{"type":"Feature","geometry":{"type":"Polygon","coordinates":[[[-61.03699207305908,14.665096969167294],[-61.035146713256836,14.665055451908515],[-61.035146713256836,14.66327020233389],[-61.03699207305908,14.66327020233389],[-61.03699207305908,14.665096969167294]]]},"id":1331294929,"properties":{"GEO":"CRS5490RES200mN1622000E711400","GEO_OBJECT":"C200M","OBS_STATUS":"I","lcog_geo":"97224","ind":1,"men":0.5,"men_pauv":0.1,"men_1ind":0.2,"men_5ind":0,"men_prop":0.4,"men_fmp":0,"ind_snv":25343.3,"men_surf":42.9,"men_coll":0.2,"men_mais":0.3,"log_soc":0,"ind_inc":0,"log":0.5,"ind_0_17":0.1,"ind_65p":0.30000000000000004}},{"type":"Feature","geometry":{"type":"Polygon","coordinates":[[[-61.0351037979126,14.666882203846626],[-61.035146713256836,14.665055451908515],[-61.03699207305908,14.665096969167294],[-61.036949157714844,14.666882203846626],[-61.0351037979126,14.666882203846626]]]},"id":1331294991,"properties":{"GEO":"CRS5490RES200mN1622200E711400","GEO_OBJECT":"C200M","OBS_STATUS":"I","lcog_geo":"97224","ind":2,"men":1,"men_pauv":0.2,"men_1ind":0.5,"men_5ind":0.1,"men_prop":0.7,"men_fmp":0.1,"ind_snv":50686.7,"men_surf":85.8,"men_coll":0.4,"men_mais":0.6,"log_soc":0,"ind_inc":0,"log":1,"ind_0_17":0.30000000000000004,"ind_65p":0.6}},{"type":"Feature","geometry":{"type":"Polygon","coordinates":[[[-61.03883743286133,14.666923720758987],[-61.036949157714844,14.666882203846626],[-61.03699207305908,14.665096969167294],[-61.03883743286133,14.665096969167294],[-61.03883743286133,14.666923720758987]]]},"id":1331294990,"properties":{"GEO":"CRS5490RES200mN1622200E711200","GEO_OBJECT":"C200M","OBS_STATUS":"I","lcog_geo":"97224","ind":4,"men":1.9,"men_pauv":0.5,"men_1ind":1,"men_5ind":0.2,"men_prop":1.4,"men_fmp":0.2,"ind_snv":101373.3,"men_surf":171.5,"men_coll":0.7,"men_mais":1.2,"log_soc":0,"ind_inc":0,"log":1.9,"ind_0_17":0.6000000000000001,"ind_65p":1.2}},{"type":"Feature","geometry":{"type":"Polygon","coordinates":[[[-61.03879451751709,14.668708940541322],[-61.03883743286133,14.666923720758987],[-61.040682792663574,14.666923720758987],[-61.040682792663574,14.668708940541322],[-61.03879451751709,14.668708940541322]]]},"id":1331295038,"properties":{"GEO":"CRS5490RES200mN1622400E711000","GEO_OBJECT":"C200M","OBS_STATUS":"I","lcog_geo":"97224","ind":21,"men":10.2,"men_pauv":2.6,"men_1ind":5.1,"men_5ind":1,"men_prop":7.5,"men_fmp":1,"ind_snv":532209.9,"men_surf":900.5,"men_coll":3.9,"men_mais":6.3,"log_soc":0,"ind_inc":0,"log":10.2,"ind_0_17":3.3,"ind_65p":6.5}},{"type":"Feature","geometry":{"type":"Polygon","coordinates":[[[-61.01836681365967,14.672154788711168],[-61.01836681365967,14.670328080775803],[-61.020212173461914,14.670369597034565],[-61.020212173461914,14.672154788711168],[-61.01836681365967,14.672154788711168]]]},"id":1331295162,"properties":{"GEO":"CRS5490RES200mN1622800E713200","GEO_OBJECT":"C200M","OBS_STATUS":"A","lcog_geo":"97224","ind":33,"men":15,"men_pauv":4,"men_1ind":4,"men_5ind":1,"men_prop":11,"men_fmp":4,"ind_snv":710588.7,"men_surf":1341,"men_coll":5,"men_mais":10,"log_soc":0,"ind_inc":0,"log":15,"ind_0_17":8,"ind_65p":6}},{"type":"Feature","geometry":{"type":"Polygon","coordinates":[[[-61.016478538513184,14.672154788711168],[-61.01652145385742,14.670328080775803],[-61.01836681365967,14.670328080775803],[-61.01836681365967,14.672154788711168],[-61.016478538513184,14.672154788711168]]]},"id":1331295163,"properties":{"GEO":"CRS5490RES200mN1622800E713400","GEO_OBJECT":"C200M","OBS_STATUS":"A","lcog_geo":"97224","ind":39.5,"men":20,"men_pauv":4,"men_1ind":6,"men_5ind":1,"men_prop":10,"men_fmp":5,"ind_snv":1026339.3,"men_surf":1759,"men_coll":7,"men_mais":13,"log_soc":0,"ind_inc":0,"log":20,"ind_0_17":6.5,"ind_65p":13}},{"type":"Feature","geometry":{"type":"Polygon","coordinates":[[[-61.016478538513184,14.675766643608085],[-61.016478538513184,14.673939965824616],[-61.01832389831543,14.673939965824616],[-61.01832389831543,14.675766643608085],[-61.016478538513184,14.675766643608085]]]},"id":1331295291,"properties":{"GEO":"CRS5490RES200mN1623200E713400","GEO_OBJECT":"C200M","OBS_STATUS":"I","lcog_geo":"97224","ind":1,"men":0.4,"men_pauv":0.1,"men_1ind":0.1,"men_5ind":0.1,"men_prop":0.3,"men_fmp":0,"ind_snv":22277.1,"men_surf":34.4,"men_coll":0.1,"men_mais":0.3,"log_soc":0,"ind_inc":0,"log":0.4,"ind_0_17":0.1,"ind_65p":0.2}},{"type":"Feature","geometry":{"type":"Polygon","coordinates":[[[-61.01832389831543,14.675766643608085],[-61.01832389831543,14.673939965824616],[-61.020212173461914,14.673981481398158],[-61.020169258117676,14.675766643608085],[-61.01832389831543,14.675766643608085]]]},"id":1331295290,"properties":{"GEO":"CRS5490RES200mN1623200E713200","GEO_OBJECT":"C200M","OBS_STATUS":"I","lcog_geo":"97224","ind":10,"men":3.8,"men_pauv":0.9,"men_1ind":1.1,"men_5ind":0.5,"men_prop":2.8,"men_fmp":0.4,"ind_snv":222771.3,"men_surf":344.1,"men_coll":1,"men_mais":2.8,"log_soc":0,"ind_inc":0,"log":3.8,"ind_0_17":1.5,"ind_65p":2.6999999999999997}},{"type":"Feature","geometry":{"type":"Polygon","coordinates":[[[-61.020212173461914,14.673981481398158],[-61.01832389831543,14.673939965824616],[-61.01836681365967,14.672154788711168],[-61.020212173461914,14.672154788711168],[-61.020212173461914,14.673981481398158]]]},"id":1331295227,"properties":{"GEO":"CRS5490RES200mN1623000E713200","GEO_OBJECT":"C200M","OBS_STATUS":"A","lcog_geo":"97224","ind":41,"men":21,"men_pauv":5,"men_1ind":10,"men_5ind":2,"men_prop":16,"men_fmp":3,"ind_snv":809786.8,"men_surf":2069,"men_coll":10,"men_mais":11,"log_soc":0,"ind_inc":0,"log":21,"ind_0_17":9,"ind_65p":19}},{"type":"Feature","geometry":{"type":"Polygon","coordinates":[[[-61.020212173461914,14.673981481398158],[-61.020212173461914,14.672154788711168],[-61.02205753326416,14.672196304623412],[-61.02205753326416,14.673981481398158],[-61.020212173461914,14.673981481398158]]]},"id":1331295226,"properties":{"GEO":"CRS5490RES200mN1623000E713000","GEO_OBJECT":"C200M","OBS_STATUS":"A","lcog_geo":"97224","ind":49,"men":23,"men_pauv":3,"men_1ind":6,"men_5ind":1,"men_prop":19,"men_fmp":3,"ind_snv":1414264.6,"men_surf":2505,"men_coll":9,"men_mais":14,"log_soc":0,"ind_inc":0,"log":23,"ind_0_17":5,"ind_65p":23}},{"type":"Feature","geometry":{"type":"Polygon","coordinates":[[[-61.02205753326416,14.672196304623412],[-61.020212173461914,14.672154788711168],[-61.020212173461914,14.670369597034565],[-61.0221004486084,14.670369597034565],[-61.02205753326416,14.672196304623412]]]},"id":1331295161,"properties":{"GEO":"CRS5490RES200mN1622800E713000","GEO_OBJECT":"C200M","OBS_STATUS":"I","lcog_geo":"97224","ind":16,"men":8.3,"men_pauv":2.2,"men_1ind":3.4,"men_5ind":0.4,"men_prop":5.6,"men_fmp":1.4,"ind_snv":358580.7,"men_surf":720.5,"men_coll":3.2,"men_mais":5.1,"log_soc":0,"ind_inc":0,"log":8.3,"ind_0_17":2.5,"ind_65p":5.800000000000001}},{"type":"Feature","geometry":{"type":"Polygon","coordinates":[[[-61.02205753326416,14.67580815883501],[-61.020169258117676,14.675766643608085],[-61.020212173461914,14.673981481398158],[-61.02205753326416,14.673981481398158],[-61.02205753326416,14.67580815883501]]]},"id":1331295289,"properties":{"GEO":"CRS5490RES200mN1623200E713000","GEO_OBJECT":"C200M","OBS_STATUS":"A","lcog_geo":"97224","ind":52,"men":21,"men_pauv":2,"men_1ind":3,"men_5ind":2,"men_prop":15,"men_fmp":4,"ind_snv":1490082.3,"men_surf":2375,"men_coll":9,"men_mais":12,"log_soc":0,"ind_inc":0,"log":21,"ind_0_17":11,"ind_65p":19}},{"type":"Feature","geometry":{"type":"Polygon","coordinates":[[[-61.01828098297119,14.67937843887637],[-61.01832389831543,14.677593306139727],[-61.020169258117676,14.677593306139727],[-61.02012634277344,14.67937843887637],[-61.01828098297119,14.67937843887637]]]},"id":1331295410,"properties":{"GEO":"CRS5490RES200mN1623600E713200","GEO_OBJECT":"C200M","OBS_STATUS":"A","lcog_geo":"97224","ind":403,"men":184,"men_pauv":60,"men_1ind":68,"men_5ind":11,"men_prop":11,"men_fmp":71,"ind_snv":6942418.2,"men_surf":13501,"men_coll":184,"men_mais":0,"log_soc":173,"ind_inc":0,"log":184,"ind_0_17":123,"ind_65p":33}},{"type":"Feature","geometry":{"type":"Polygon","coordinates":[[[-61.02205753326416,14.67580815883501],[-61.02205753326416,14.673981481398158],[-61.023902893066406,14.674022996963814],[-61.023902893066406,14.67580815883501],[-61.02205753326416,14.67580815883501]]]},"id":1331295288,"properties":{"GEO":"CRS5490RES200mN1623200E712800","GEO_OBJECT":"C200M","OBS_STATUS":"A","lcog_geo":"97224","ind":38,"men":22,"men_pauv":6,"men_1ind":12,"men_5ind":1,"men_prop":16,"men_fmp":1,"ind_snv":888500.4,"men_surf":2126,"men_coll":7,"men_mais":15,"log_soc":0,"ind_inc":0,"log":22,"ind_0_17":4,"ind_65p":19}},{"type":"Feature","geometry":{"type":"Polygon","coordinates":[[[-61.02385997772217,14.677634821019993],[-61.02201461791992,14.677593306139727],[-61.02205753326416,14.67580815883501],[-61.023902893066406,14.67580815883501],[-61.02385997772217,14.677634821019993]]]},"id":1331295350,"properties":{"GEO":"CRS5490RES200mN1623400E712800","GEO_OBJECT":"C200M","OBS_STATUS":"A","lcog_geo":"97224","ind":30,"men":15,"men_pauv":5,"men_1ind":7,"men_5ind":0,"men_prop":7,"men_fmp":4,"ind_snv":574176.4,"men_surf":1111,"men_coll":3,"men_mais":12,"log_soc":0,"ind_inc":0,"log":15,"ind_0_17":4,"ind_65p":4}},{"type":"Feature","geometry":{"type":"Polygon","coordinates":[[[-61.02201461791992,14.67941995341782],[-61.02201461791992,14.677593306139727],[-61.02385997772217,14.677634821019993],[-61.02385997772217,14.67941995341782],[-61.02201461791992,14.67941995341782]]]},"id":1331295409,"properties":{"GEO":"CRS5490RES200mN1623600E712800","GEO_OBJECT":"C200M","OBS_STATUS":"I","lcog_geo":"97224","ind":6,"men":2.9,"men_pauv":0.6,"men_1ind":1,"men_5ind":0.1,"men_prop":2.1,"men_fmp":0.4,"ind_snv":166288.7,"men_surf":313.2,"men_coll":1.1,"men_mais":1.8,"log_soc":0,"ind_inc":0,"log":2.9,"ind_0_17":0.7,"ind_65p":1.8}},{"type":"Feature","geometry":{"type":"Polygon","coordinates":[[[-61.02205753326416,14.672196304623412],[-61.0221004486084,14.670369597034565],[-61.023945808410645,14.670411113285454],[-61.023945808410645,14.672196304623412],[-61.02205753326416,14.672196304623412]]]},"id":1331295160,"properties":{"GEO":"CRS5490RES200mN1622800E712800","GEO_OBJECT":"C200M","OBS_STATUS":"I","lcog_geo":"97224","ind":5,"men":2.5,"men_pauv":0.7,"men_1ind":1.1,"men_5ind":0,"men_prop":1.7,"men_fmp":0.2,"ind_snv":95413.7,"men_surf":216.8,"men_coll":0.4,"men_mais":2.1,"log_soc":0,"ind_inc":0,"log":2.5,"ind_0_17":0.7000000000000001,"ind_65p":1.5}},{"type":"Feature","geometry":{"type":"Polygon","coordinates":[[[-61.023902893066406,14.674022996963814],[-61.02205753326416,14.673981481398158],[-61.02205753326416,14.672196304623412],[-61.023945808410645,14.672196304623412],[-61.023902893066406,14.674022996963814]]]},"id":1331295225,"properties":{"GEO":"CRS5490RES200mN1623000E712800","GEO_OBJECT":"C200M","OBS_STATUS":"A","lcog_geo":"97224","ind":108.5,"men":55,"men_pauv":5,"men_1ind":17,"men_5ind":1,"men_prop":36,"men_fmp":15,"ind_snv":2897688.3,"men_surf":4778,"men_coll":40,"men_mais":15,"log_soc":0,"ind_inc":0,"log":55,"ind_0_17":13.5,"ind_65p":39}},{"type":"Feature","geometry":{"type":"Polygon","coordinates":[[[-61.023945808410645,14.672196304623412],[-61.023945808410645,14.670411113285454],[-61.02579116821289,14.670411113285454],[-61.02579116821289,14.672196304623412],[-61.023945808410645,14.672196304623412]]]},"id":1331295159,"properties":{"GEO":"CRS5490RES200mN1622800E712600","GEO_OBJECT":"C200M","OBS_STATUS":"I","lcog_geo":"97224","ind":24,"men":12.1,"men_pauv":3.4,"men_1ind":5.1,"men_5ind":0,"men_prop":8.2,"men_fmp":1,"ind_snv":457985.9,"men_surf":1040.7,"men_coll":2.2,"men_mais":9.9,"log_soc":0,"ind_inc":0,"log":12.1,"ind_0_17":3.5999999999999996,"ind_65p":7.3}},{"type":"Feature","geometry":{"type":"Polygon","coordinates":[[[-61.02763652801514,14.672237820527755],[-61.02763652801514,14.670411113285454],[-61.02952480316162,14.670452629528484],[-61.02948188781738,14.672237820527755],[-61.02763652801514,14.672237820527755]]]},"id":1331295157,"properties":{"GEO":"CRS5490RES200mN1622800E712200","GEO_OBJECT":"C200M","OBS_STATUS":"I","lcog_geo":"97224","ind":1,"men":0.5,"men_pauv":0.1,"men_1ind":0.2,"men_5ind":0,"men_prop":0.3,"men_fmp":0,"ind_snv":19082.7,"men_surf":43.4,"men_coll":0.1,"men_mais":0.4,"log_soc":0,"ind_inc":0,"log":0.5,"ind_0_17":0.2,"ind_65p":0.3}},{"type":"Feature","geometry":{"type":"Polygon","coordinates":[[[-61.02579116821289,14.670411113285454],[-61.02583408355713,14.668584390796397],[-61.027679443359375,14.668625907385916],[-61.02763652801514,14.670411113285454],[-61.02579116821289,14.670411113285454]]]},"id":1331295101,"properties":{"GEO":"CRS5490RES200mN1622600E712400","GEO_OBJECT":"C200M","OBS_STATUS":"I","lcog_geo":"97224","ind":2,"men":1,"men_pauv":0.3,"men_1ind":0.4,"men_5ind":0,"men_prop":0.7,"men_fmp":0.1,"ind_snv":38165.5,"men_surf":86.7,"men_coll":0.2,"men_mais":0.8,"log_soc":0,"ind_inc":0,"log":1,"ind_0_17":0.30000000000000004,"ind_65p":0.6}},{"type":"Feature","geometry":{"type":"Polygon","coordinates":[[[-61.02952480316162,14.670452629528484],[-61.02763652801514,14.670411113285454],[-61.027679443359375,14.668625907385916],[-61.02952480316162,14.668625907385916],[-61.02952480316162,14.670452629528484]]]},"id":1331295100,"properties":{"GEO":"CRS5490RES200mN1622600E712200","GEO_OBJECT":"C200M","OBS_STATUS":"A","lcog_geo":"97224","ind":47,"men":20,"men_pauv":4,"men_1ind":7,"men_5ind":2,"men_prop":18,"men_fmp":3,"ind_snv":1125222.8,"men_surf":1821,"men_coll":6,"men_mais":14,"log_soc":0,"ind_inc":0,"log":20,"ind_0_17":10,"ind_65p":10}},{"type":"Feature","geometry":{"type":"Polygon","coordinates":[[[-61.02574825286865,14.674022996963814],[-61.02579116821289,14.672196304623412],[-61.02763652801514,14.672237820527755],[-61.02763652801514,14.674022996963814],[-61.02574825286865,14.674022996963814]]]},"id":1331295223,"properties":{"GEO":"CRS5490RES200mN1623000E712400","GEO_OBJECT":"C200M","OBS_STATUS":"A","lcog_geo":"97224","ind":36,"men":16,"men_pauv":7,"men_1ind":6,"men_5ind":1,"men_prop":10,"men_fmp":3,"ind_snv":515130.3,"men_surf":1574,"men_coll":5,"men_mais":11,"log_soc":0,"ind_inc":0,"log":16,"ind_0_17":9,"ind_65p":12}},{"type":"Feature","geometry":{"type":"Polygon","coordinates":[[[-61.02763652801514,14.672237820527755],[-61.02579116821289,14.672196304623412],[-61.02579116821289,14.670411113285454],[-61.02763652801514,14.670411113285454],[-61.02763652801514,14.672237820527755]]]},"id":1331295158,"properties":{"GEO":"CRS5490RES200mN1622800E712400","GEO_OBJECT":"C200M","OBS_STATUS":"I","lcog_geo":"97224","ind":16,"men":8.1,"men_pauv":2.3,"men_1ind":3.4,"men_5ind":0,"men_prop":5.5,"men_fmp":0.6,"ind_snv":305323.9,"men_surf":693.8,"men_coll":1.5,"men_mais":6.6,"log_soc":0,"ind_inc":0,"log":8.100000000000001,"ind_0_17":2.4000000000000004,"ind_65p":4.9}},{"type":"Feature","geometry":{"type":"Polygon","coordinates":[[[-61.023902893066406,14.674022996963814],[-61.023945808410645,14.672196304623412],[-61.02579116821289,14.672196304623412],[-61.02574825286865,14.674022996963814],[-61.023902893066406,14.674022996963814]]]},"id":1331295224,"properties":{"GEO":"CRS5490RES200mN1623000E712600","GEO_OBJECT":"C200M","OBS_STATUS":"I","lcog_geo":"97224","ind":6,"men":2.9,"men_pauv":0.6,"men_1ind":1,"men_5ind":0.1,"men_prop":2.1,"men_fmp":0.4,"ind_snv":166288.7,"men_surf":313.2,"men_coll":1.1,"men_mais":1.8,"log_soc":0,"ind_inc":0,"log":2.9,"ind_0_17":0.7,"ind_65p":1.8}},{"type":"Feature","geometry":{"type":"Polygon","coordinates":[[[-61.02574825286865,14.675849674054035],[-61.02574825286865,14.674022996963814],[-61.02763652801514,14.674022996963814],[-61.0275936126709,14.675849674054035],[-61.02574825286865,14.675849674054035]]]},"id":1331295287,"properties":{"GEO":"CRS5490RES200mN1623200E712400","GEO_OBJECT":"C200M","OBS_STATUS":"I","lcog_geo":"97224","ind":9,"men":4.3,"men_pauv":0.9,"men_1ind":1.5,"men_5ind":0.1,"men_prop":3.1,"men_fmp":0.6,"ind_snv":249433.1,"men_surf":469.8,"men_coll":1.6,"men_mais":2.7,"log_soc":0,"ind_inc":0,"log":4.3,"ind_0_17":1.2000000000000002,"ind_65p":2.6}},{"type":"Feature","geometry":{"type":"Polygon","coordinates":[[[-61.02385997772217,14.677634821019993],[-61.023902893066406,14.67580815883501],[-61.02574825286865,14.675849674054035],[-61.02574825286865,14.677634821019993],[-61.02385997772217,14.677634821019993]]]},"id":1331295349,"properties":{"GEO":"CRS5490RES200mN1623400E712600","GEO_OBJECT":"C200M","OBS_STATUS":"I","lcog_geo":"97224","ind":1,"men":0.5,"men_pauv":0.1,"men_1ind":0.2,"men_5ind":0,"men_prop":0.3,"men_fmp":0.1,"ind_snv":27714.8,"men_surf":52.2,"men_coll":0.2,"men_mais":0.3,"log_soc":0,"ind_inc":0,"log":0.5,"ind_0_17":0.1,"ind_65p":0.30000000000000004}},{"type":"Feature","geometry":{"type":"Polygon","coordinates":[[[-61.01823806762695,14.682990174502649],[-61.01828098297119,14.681205071245913],[-61.02012634277344,14.681205071245913],[-61.02012634277344,14.682990174502649],[-61.01823806762695,14.682990174502649]]]},"id":1331295512,"properties":{"GEO":"CRS5490RES200mN1624000E713200","GEO_OBJECT":"C200M","OBS_STATUS":"A","lcog_geo":"97224","ind":54.5,"men":29,"men_pauv":7,"men_1ind":13,"men_5ind":0,"men_prop":10,"men_fmp":8,"ind_snv":1124861.6,"men_surf":2518,"men_coll":17,"men_mais":12,"log_soc":14,"ind_inc":0,"log":29,"ind_0_17":15.5,"ind_65p":8}},{"type":"Feature","geometry":{"type":"Polygon","coordinates":[[[-61.01828098297119,14.681205071245913],[-61.016435623168945,14.681163557043291],[-61.016435623168945,14.67937843887637],[-61.01828098297119,14.67937843887637],[-61.01828098297119,14.681205071245913]]]},"id":1331295459,"properties":{"GEO":"CRS5490RES200mN1623800E713400","GEO_OBJECT":"C200M","OBS_STATUS":"I","lcog_geo":"97224","ind":1,"men":0.4,"men_pauv":0.1,"men_1ind":0.1,"men_5ind":0.1,"men_prop":0.3,"men_fmp":0,"ind_snv":22277.1,"men_surf":34.4,"men_coll":0.1,"men_mais":0.3,"log_soc":0,"ind_inc":0,"log":0.4,"ind_0_17":0.1,"ind_65p":0.2}},{"type":"Feature","geometry":{"type":"Polygon","coordinates":[[[-61.01828098297119,14.681205071245913],[-61.01828098297119,14.67937843887637],[-61.02012634277344,14.67937843887637],[-61.02012634277344,14.681205071245913],[-61.01828098297119,14.681205071245913]]]},"id":1331295458,"properties":{"GEO":"CRS5490RES200mN1623800E713200","GEO_OBJECT":"C200M","OBS_STATUS":"A","lcog_geo":"97224","ind":35.5,"men":16,"men_pauv":4,"men_1ind":5,"men_5ind":2,"men_prop":11,"men_fmp":4,"ind_snv":999015.3,"men_surf":1340,"men_coll":2,"men_mais":14,"log_soc":0,"ind_inc":0,"log":16,"ind_0_17":5.5,"ind_65p":7}},{"type":"Feature","geometry":{"type":"Polygon","coordinates":[[[-61.02012634277344,14.681205071245913],[-61.02012634277344,14.67937843887637],[-61.02201461791992,14.67941995341782],[-61.021971702575684,14.681205071245913],[-61.02012634277344,14.681205071245913]]]},"id":1331295457,"properties":{"GEO":"CRS5490RES200mN1623800E713000","GEO_OBJECT":"C200M","OBS_STATUS":"I","lcog_geo":"97224","ind":3,"men":1.1,"men_pauv":0.3,"men_1ind":0.3,"men_5ind":0.2,"men_prop":0.8,"men_fmp":0.1,"ind_snv":66831.4,"men_surf":103.2,"men_coll":0.3,"men_mais":0.8,"log_soc":0,"ind_inc":0,"log":1.1,"ind_0_17":0.5,"ind_65p":0.7999999999999999}},{"type":"Feature","geometry":{"type":"Polygon","coordinates":[[[-61.01823806762695,14.684816776703329],[-61.01823806762695,14.682990174502649],[-61.02012634277344,14.682990174502649],[-61.0200834274292,14.684816776703329],[-61.01823806762695,14.684816776703329]]]},"id":1331295565,"properties":{"GEO":"CRS5490RES200mN1624200E713200","GEO_OBJECT":"C200M","OBS_STATUS":"A","lcog_geo":"97224","ind":37,"men":19,"men_pauv":4,"men_1ind":9,"men_5ind":1,"men_prop":11,"men_fmp":4,"ind_snv":708230.8,"men_surf":1943,"men_coll":2,"men_mais":17,"log_soc":0,"ind_inc":0,"log":19,"ind_0_17":8,"ind_65p":9}},{"type":"Feature","geometry":{"type":"Polygon","coordinates":[[[-61.01639270782471,14.682990174502649],[-61.016435623168945,14.681163557043291],[-61.01828098297119,14.681205071245913],[-61.01823806762695,14.682990174502649],[-61.01639270782471,14.682990174502649]]]},"id":1331295513,"properties":{"GEO":"CRS5490RES200mN1624000E713400","GEO_OBJECT":"C200M","OBS_STATUS":"A","lcog_geo":"97224","ind":21.5,"men":11,"men_pauv":2,"men_1ind":7,"men_5ind":1,"men_prop":9,"men_fmp":2,"ind_snv":527320.8,"men_surf":879,"men_coll":0,"men_mais":11,"log_soc":0,"ind_inc":0,"log":11,"ind_0_17":8.5,"ind_65p":6}},{"type":"Feature","geometry":{"type":"Polygon","coordinates":[[[-61.021971702575684,14.683031688358483],[-61.021971702575684,14.681205071245913],[-61.02385997772217,14.681246585440633],[-61.02381706237793,14.683031688358483],[-61.021971702575684,14.683031688358483]]]},"id":1331295510,"properties":{"GEO":"CRS5490RES200mN1624000E712800","GEO_OBJECT":"C200M","OBS_STATUS":"A","lcog_geo":"97224","ind":26,"men":15,"men_pauv":5,"men_1ind":5,"men_5ind":0,"men_prop":10,"men_fmp":4,"ind_snv":472003.5,"men_surf":1160,"men_coll":3,"men_mais":12,"log_soc":0,"ind_inc":0,"log":15,"ind_0_17":1,"ind_65p":7}},{"type":"Feature","geometry":{"type":"Polygon","coordinates":[[[-61.02385997772217,14.681246585440633],[-61.021971702575684,14.681205071245913],[-61.02201461791992,14.67941995341782],[-61.02385997772217,14.67941995341782],[-61.02385997772217,14.681246585440633]]]},"id":1331295456,"properties":{"GEO":"CRS5490RES200mN1623800E712800","GEO_OBJECT":"C200M","OBS_STATUS":"I","lcog_geo":"97224","ind":22,"men":10.6,"men_pauv":2.3,"men_1ind":3.6,"men_5ind":0.2,"men_prop":7.6,"men_fmp":1.5,"ind_snv":609725.4,"men_surf":1148.4,"men_coll":4,"men_mais":6.6,"log_soc":0,"ind_inc":0,"log":10.600000000000001,"ind_0_17":2.8,"ind_65p":6.5}},{"type":"Feature","geometry":{"type":"Polygon","coordinates":[[[-61.0200834274292,14.684816776703329],[-61.02012634277344,14.682990174502649],[-61.021971702575684,14.683031688358483],[-61.021971702575684,14.684816776703329],[-61.0200834274292,14.684816776703329]]]},"id":1331295564,"properties":{"GEO":"CRS5490RES200mN1624200E713000","GEO_OBJECT":"C200M","OBS_STATUS":"A","lcog_geo":"97224","ind":52,"men":18,"men_pauv":1,"men_1ind":6,"men_5ind":5,"men_prop":15,"men_fmp":2,"ind_snv":1311315,"men_surf":1500,"men_coll":3,"men_mais":15,"log_soc":0,"ind_inc":0,"log":18,"ind_0_17":9,"ind_65p":13}},{"type":"Feature","geometry":{"type":"Polygon","coordinates":[[[-61.021971702575684,14.683031688358483],[-61.02012634277344,14.682990174502649],[-61.02012634277344,14.681205071245913],[-61.021971702575684,14.681205071245913],[-61.021971702575684,14.683031688358483]]]},"id":1331295511,"properties":{"GEO":"CRS5490RES200mN1624000E713000","GEO_OBJECT":"C200M","OBS_STATUS":"A","lcog_geo":"97224","ind":44,"men":23,"men_pauv":10,"men_1ind":11,"men_5ind":0,"men_prop":8,"men_fmp":7,"ind_snv":715971.8,"men_surf":1585,"men_coll":18,"men_mais":5,"log_soc":13,"ind_inc":0,"log":23,"ind_0_17":11,"ind_65p":9}},{"type":"Feature","geometry":{"type":"Polygon","coordinates":[[[-61.01634979248047,14.68660185047358],[-61.01639270782471,14.684775263186424],[-61.01823806762695,14.684816776703329],[-61.01823806762695,14.68660185047358],[-61.01634979248047,14.68660185047358]]]},"id":1331295633,"properties":{"GEO":"CRS5490RES200mN1624400E713400","GEO_OBJECT":"C200M","OBS_STATUS":"I","lcog_geo":"97224,97212","ind":18,"men":8.3,"men_pauv":2.5,"men_1ind":3.8,"men_5ind":0.4,"men_prop":4.3,"men_fmp":0.4,"ind_snv":458005.9,"men_surf":727.6,"men_coll":1.1,"men_mais":7.2,"log_soc":0,"ind_inc":0,"log":8.3,"ind_0_17":2.6,"ind_65p":3.6999999999999997}},{"type":"Feature","geometry":{"type":"Polygon","coordinates":[[[-61.01823806762695,14.684816776703329],[-61.01639270782471,14.684775263186424],[-61.01639270782471,14.682990174502649],[-61.01823806762695,14.682990174502649],[-61.01823806762695,14.684816776703329]]]},"id":1331295566,"properties":{"GEO":"CRS5490RES200mN1624200E713400","GEO_OBJECT":"C200M","OBS_STATUS":"A","lcog_geo":"97224","ind":26,"men":12,"men_pauv":4,"men_1ind":4,"men_5ind":1,"men_prop":10,"men_fmp":2,"ind_snv":551682.3,"men_surf":893,"men_coll":0,"men_mais":12,"log_soc":0,"ind_inc":0,"log":12,"ind_0_17":2,"ind_65p":12}},{"type":"Feature","geometry":{"type":"Polygon","coordinates":[[[-61.0200834274292,14.68664336364364],[-61.0200834274292,14.684816776703329],[-61.021971702575684,14.684816776703329],[-61.021928787231445,14.68664336364364],[-61.0200834274292,14.68664336364364]]]},"id":1331295631,"properties":{"GEO":"CRS5490RES200mN1624400E713000","GEO_OBJECT":"C200M","OBS_STATUS":"I","lcog_geo":"97224","ind":3,"men":1.4,"men_pauv":0.4,"men_1ind":0.6,"men_5ind":0.1,"men_prop":0.7,"men_fmp":0.1,"ind_snv":76334.3,"men_surf":121.3,"men_coll":0.2,"men_mais":1.2,"log_soc":0,"ind_inc":0,"log":1.4,"ind_0_17":0.5,"ind_65p":0.6000000000000001}},{"type":"Feature","geometry":{"type":"Polygon","coordinates":[[[-61.018195152282715,14.68842842249866],[-61.01823806762695,14.68660185047358],[-61.0200834274292,14.68664336364364],[-61.0200834274292,14.68842842249866],[-61.018195152282715,14.68842842249866]]]},"id":1331295692,"properties":{"GEO":"CRS5490RES200mN1624600E713200","GEO_OBJECT":"C200M","OBS_STATUS":"I","lcog_geo":"97224,97212","ind":2,"men":0.9,"men_pauv":0.3,"men_1ind":0.4,"men_5ind":0,"men_prop":0.5,"men_fmp":0,"ind_snv":50889.5,"men_surf":80.9,"men_coll":0.1,"men_mais":0.8,"log_soc":0,"ind_inc":0,"log":0.9,"ind_0_17":0.2,"ind_65p":0.5}},{"type":"Feature","geometry":{"type":"Polygon","coordinates":[[[-61.0200834274292,14.68664336364364],[-61.01823806762695,14.68660185047358],[-61.01823806762695,14.684816776703329],[-61.0200834274292,14.684816776703329],[-61.0200834274292,14.68664336364364]]]},"id":1331295632,"properties":{"GEO":"CRS5490RES200mN1624400E713200","GEO_OBJECT":"C200M","OBS_STATUS":"I","lcog_geo":"97224","ind":12,"men":5.6,"men_pauv":1.6,"men_1ind":2.5,"men_5ind":0.3,"men_prop":2.9,"men_fmp":0.3,"ind_snv":305337.3,"men_surf":485.1,"men_coll":0.8,"men_mais":4.8,"log_soc":0,"ind_inc":0,"log":5.6,"ind_0_17":1.6999999999999997,"ind_65p":2.4}},{"type":"Feature","geometry":{"type":"Polygon","coordinates":[[[-61.02004051208496,14.690254979259919],[-61.018195152282715,14.690213466775774],[-61.018195152282715,14.68842842249866],[-61.0200834274292,14.68842842249866],[-61.02004051208496,14.690254979259919]]]},"id":1331295752,"properties":{"GEO":"CRS5490RES200mN1624800E713200","GEO_OBJECT":"C200M","OBS_STATUS":"I","lcog_geo":"97212,97224","ind":4,"men":1.9,"men_pauv":0.6,"men_1ind":0.9,"men_5ind":0.1,"men_prop":1,"men_fmp":0.1,"ind_snv":101779.1,"men_surf":161.7,"men_coll":0.3,"men_mais":1.6,"log_soc":0,"ind_inc":0,"log":1.9000000000000001,"ind_0_17":0.5,"ind_65p":0.8}},{"type":"Feature","geometry":{"type":"Polygon","coordinates":[[[-61.0200834274292,14.68842842249866],[-61.0200834274292,14.68664336364364],[-61.021928787231445,14.68664336364364],[-61.021928787231445,14.68842842249866],[-61.0200834274292,14.68842842249866]]]},"id":1331295691,"properties":{"GEO":"CRS5490RES200mN1624600E713000","GEO_OBJECT":"C200M","OBS_STATUS":"I","lcog_geo":"97224","ind":7,"men":3.2,"men_pauv":1,"men_1ind":1.5,"men_5ind":0.2,"men_prop":1.7,"men_fmp":0.2,"ind_snv":178113.4,"men_surf":283,"men_coll":0.4,"men_mais":2.8,"log_soc":0,"ind_inc":0,"log":3.2,"ind_0_17":1,"ind_65p":1.4}},{"type":"Feature","geometry":{"type":"Polygon","coordinates":[[[-61.02381706237793,14.684858290212375],[-61.02381706237793,14.683031688358483],[-61.025705337524414,14.683073202206444],[-61.025662422180176,14.684858290212375],[-61.02381706237793,14.684858290212375]]]},"id":1331295562,"properties":{"GEO":"CRS5490RES200mN1624200E712600","GEO_OBJECT":"C200M","OBS_STATUS":"I","lcog_geo":"97224","ind":12,"men":5.9,"men_pauv":2.2,"men_1ind":2.3,"men_5ind":0.3,"men_prop":3.6,"men_fmp":1.3,"ind_snv":226035.7,"men_surf":485.5,"men_coll":1.2,"men_mais":4.7,"log_soc":0,"ind_inc":0,"log":5.9,"ind_0_17":2,"ind_65p":3.6}},{"type":"Feature","geometry":{"type":"Polygon","coordinates":[[[-61.025705337524414,14.683073202206444],[-61.02381706237793,14.683031688358483],[-61.02385997772217,14.681246585440633],[-61.025705337524414,14.681246585440633],[-61.025705337524414,14.683073202206444]]]},"id":1331295509,"properties":{"GEO":"CRS5490RES200mN1624000E712600","GEO_OBJECT":"C200M","OBS_STATUS":"I","lcog_geo":"97224","ind":4,"men":2,"men_pauv":0.7,"men_1ind":0.8,"men_5ind":0.1,"men_prop":1.2,"men_fmp":0.4,"ind_snv":75345.2,"men_surf":161.8,"men_coll":0.4,"men_mais":1.6,"log_soc":0,"ind_inc":0,"log":2,"ind_0_17":0.7,"ind_65p":1.2}},{"type":"Feature","geometry":{"type":"Polygon","coordinates":[[[-61.02750778198242,14.68489980371352],[-61.025662422180176,14.684858290212375],[-61.025705337524414,14.683073202206444],[-61.02755069732666,14.683073202206444],[-61.02750778198242,14.68489980371352]]]},"id":1331295561,"properties":{"GEO":"CRS5490RES200mN1624200E712400","GEO_OBJECT":"C200M","OBS_STATUS":"I","lcog_geo":"97224","ind":24,"men":11.7,"men_pauv":4.4,"men_1ind":4.6,"men_5ind":0.6,"men_prop":7.3,"men_fmp":2.7,"ind_snv":452071.3,"men_surf":970.9,"men_coll":2.3,"men_mais":9.4,"log_soc":0,"ind_inc":0,"log":11.7,"ind_0_17":4,"ind_65p":7.1}},{"type":"Feature","geometry":{"type":"Polygon","coordinates":[[[-61.029396057128906,14.68128809962748],[-61.02755069732666,14.681246585440633],[-61.0275936126709,14.679461467951398],[-61.029438972473145,14.679461467951398],[-61.029396057128906,14.68128809962748]]]},"id":1331295455,"properties":{"GEO":"CRS5490RES200mN1623800E712200","GEO_OBJECT":"C200M","OBS_STATUS":"I","lcog_geo":"97224","ind":4,"men":1.9,"men_pauv":0.4,"men_1ind":0.7,"men_5ind":0,"men_prop":1.4,"men_fmp":0.3,"ind_snv":110859.2,"men_surf":208.8,"men_coll":0.7,"men_mais":1.2,"log_soc":0,"ind_inc":0,"log":1.9000000000000001,"ind_0_17":0.5,"ind_65p":1.1}},{"type":"Feature","geometry":{"type":"Polygon","coordinates":[[[-61.02381706237793,14.684858290212375],[-61.021971702575684,14.684816776703329],[-61.021971702575684,14.683031688358483],[-61.02381706237793,14.683031688358483],[-61.02381706237793,14.684858290212375]]]},"id":1331295563,"properties":{"GEO":"CRS5490RES200mN1624200E712800","GEO_OBJECT":"C200M","OBS_STATUS":"A","lcog_geo":"97224","ind":30,"men":13,"men_pauv":5,"men_1ind":3,"men_5ind":0,"men_prop":9,"men_fmp":2,"ind_snv":752116.6,"men_surf":1241,"men_coll":0,"men_mais":13,"log_soc":0,"ind_inc":0,"log":13,"ind_0_17":3,"ind_65p":7}},{"type":"Feature","geometry":{"type":"Polygon","coordinates":[[[-61.021928787231445,14.68664336364364],[-61.021971702575684,14.684816776703329],[-61.02381706237793,14.684858290212375],[-61.02377414703369,14.68664336364364],[-61.021928787231445,14.68664336364364]]]},"id":1331295630,"properties":{"GEO":"CRS5490RES200mN1624400E712800","GEO_OBJECT":"C200M","OBS_STATUS":"I","lcog_geo":"97224","ind":8,"men":3.9,"men_pauv":1.5,"men_1ind":1.5,"men_5ind":0.2,"men_prop":2.4,"men_fmp":0.9,"ind_snv":150690.4,"men_surf":323.6,"men_coll":0.8,"men_mais":3.1,"log_soc":0,"ind_inc":0,"log":3.9,"ind_0_17":1.3,"ind_65p":2.4}},{"type":"Feature","geometry":{"type":"Polygon","coordinates":[[[-61.025662422180176,14.686684876805828],[-61.02377414703369,14.68664336364364],[-61.02381706237793,14.684858290212375],[-61.025662422180176,14.684858290212375],[-61.025662422180176,14.686684876805828]]]},"id":1331295629,"properties":{"GEO":"CRS5490RES200mN1624400E712600","GEO_OBJECT":"C200M","OBS_STATUS":"A","lcog_geo":"97224","ind":33,"men":11,"men_pauv":2,"men_1ind":2,"men_5ind":1,"men_prop":4,"men_fmp":3,"ind_snv":667875.8,"men_surf":782,"men_coll":5,"men_mais":6,"log_soc":0,"ind_inc":0,"log":11,"ind_0_17":12,"ind_65p":6}},{"type":"Feature","geometry":{"type":"Polygon","coordinates":[[[-61.025662422180176,14.686684876805828],[-61.025662422180176,14.684858290212375],[-61.02750778198242,14.68489980371352],[-61.02750778198242,14.686684876805828],[-61.025662422180176,14.686684876805828]]]},"id":1331295628,"properties":{"GEO":"CRS5490RES200mN1624400E712400","GEO_OBJECT":"C200M","OBS_STATUS":"A","lcog_geo":"97224","ind":31,"men":19,"men_pauv":9,"men_1ind":11,"men_5ind":1,"men_prop":10,"men_fmp":5,"ind_snv":510070.3,"men_surf":1468,"men_coll":7,"men_mais":12,"log_soc":0,"ind_inc":0,"log":19,"ind_0_17":3,"ind_65p":13}},{"type":"Feature","geometry":{"type":"Polygon","coordinates":[[[-61.02188587188721,14.690254979259919],[-61.021928787231445,14.68842842249866],[-61.02377414703369,14.68846993532182],[-61.02377414703369,14.690254979259919],[-61.02188587188721,14.690254979259919]]]},"id":1331295750,"properties":{"GEO":"CRS5490RES200mN1624800E712800","GEO_OBJECT":"C200M","OBS_STATUS":"I","lcog_geo":"97224","ind":20,"men":9.8,"men_pauv":3.7,"men_1ind":3.8,"men_5ind":0.5,"men_prop":6.1,"men_fmp":2.2,"ind_snv":376726.1,"men_surf":809.1,"men_coll":1.9,"men_mais":7.9,"log_soc":0,"ind_inc":0,"log":9.8,"ind_0_17":3.4000000000000004,"ind_65p":5.9}},{"type":"Feature","geometry":{"type":"Polygon","coordinates":[[[-61.02377414703369,14.68846993532182],[-61.021928787231445,14.68842842249866],[-61.021928787231445,14.68664336364364],[-61.02377414703369,14.68664336364364],[-61.02377414703369,14.68846993532182]]]},"id":1331295690,"properties":{"GEO":"CRS5490RES200mN1624600E712800","GEO_OBJECT":"C200M","OBS_STATUS":"I","lcog_geo":"97224","ind":4,"men":2,"men_pauv":0.7,"men_1ind":0.8,"men_5ind":0.1,"men_prop":1.2,"men_fmp":0.4,"ind_snv":75345.2,"men_surf":161.8,"men_coll":0.4,"men_mais":1.6,"log_soc":0,"ind_inc":0,"log":2,"ind_0_17":0.7,"ind_65p":1.2}},{"type":"Feature","geometry":{"type":"Polygon","coordinates":[[[-61.02948188781738,14.674064512521596],[-61.02948188781738,14.672237820527755],[-61.03137016296387,14.672279336424253],[-61.03132724761963,14.674064512521596],[-61.02948188781738,14.674064512521596]]]},"id":1331295221,"properties":{"GEO":"CRS5490RES200mN1623000E712000","GEO_OBJECT":"C200M","OBS_STATUS":"A","lcog_geo":"97224","ind":99,"men":61,"men_pauv":21,"men_1ind":39,"men_5ind":2,"men_prop":14,"men_fmp":12,"ind_snv":1798929.2,"men_surf":4461,"men_coll":48,"men_mais":13,"log_soc":34,"ind_inc":0,"log":61,"ind_0_17":19,"ind_65p":39}},{"type":"Feature","geometry":{"type":"Polygon","coordinates":[[[-61.03137016296387,14.672279336424253],[-61.02948188781738,14.672237820527755],[-61.02952480316162,14.670452629528484],[-61.03137016296387,14.670452629528484],[-61.03137016296387,14.672279336424253]]]},"id":1331295156,"properties":{"GEO":"CRS5490RES200mN1622800E712000","GEO_OBJECT":"C200M","OBS_STATUS":"A","lcog_geo":"97224","ind":143.5,"men":56,"men_pauv":12,"men_1ind":12,"men_5ind":5,"men_prop":8,"men_fmp":29,"ind_snv":2516407.5,"men_surf":3389,"men_coll":52,"men_mais":4,"log_soc":45,"ind_inc":0,"log":56,"ind_0_17":49.5,"ind_65p":8}},{"type":"Feature","geometry":{"type":"Polygon","coordinates":[[[-61.03132724761963,14.674064512521596],[-61.03137016296387,14.672279336424253],[-61.03321552276611,14.672279336424253],[-61.033172607421875,14.674064512521596],[-61.03132724761963,14.674064512521596]]]},"id":1331295220,"properties":{"GEO":"CRS5490RES200mN1623000E711800","GEO_OBJECT":"C200M","OBS_STATUS":"I","lcog_geo":"97224","ind":1,"men":0.4,"men_pauv":0,"men_1ind":0.1,"men_5ind":0,"men_prop":0.3,"men_fmp":0.1,"ind_snv":26582.7,"men_surf":42.4,"men_coll":0.1,"men_mais":0.3,"log_soc":0,"ind_inc":0,"log":0.4,"ind_0_17":0.2,"ind_65p":0.2}},{"type":"Feature","geometry":{"type":"Polygon","coordinates":[[[-61.03506088256836,14.670494145763612],[-61.03321552276611,14.670452629528484],[-61.03325843811035,14.668667423967548],[-61.0351037979126,14.668667423967548],[-61.03506088256836,14.670494145763612]]]},"id":1331295097,"properties":{"GEO":"CRS5490RES200mN1622600E711600","GEO_OBJECT":"C200M","OBS_STATUS":"A","lcog_geo":"97224","ind":46,"men":23,"men_pauv":8,"men_1ind":11,"men_5ind":2,"men_prop":10,"men_fmp":4,"ind_snv":895360.6,"men_surf":2177,"men_coll":8,"men_mais":15,"log_soc":0,"ind_inc":0,"log":23,"ind_0_17":12,"ind_65p":15}},{"type":"Feature","geometry":{"type":"Polygon","coordinates":[[[-61.03137016296387,14.668667423967548],[-61.031413078308105,14.666840686926392],[-61.03325843811035,14.666840686926392],[-61.03325843811035,14.668667423967548],[-61.03137016296387,14.668667423967548]]]},"id":1331295041,"properties":{"GEO":"CRS5490RES200mN1622400E711800","GEO_OBJECT":"C200M","OBS_STATUS":"I","lcog_geo":"97224","ind":11,"men":5.3,"men_pauv":1.4,"men_1ind":2.7,"men_5ind":0.5,"men_prop":4,"men_fmp":0.5,"ind_snv":278776.6,"men_surf":471.7,"men_coll":2,"men_mais":3.3,"log_soc":0,"ind_inc":0,"log":5.3,"ind_0_17":1.7,"ind_65p":3.4}},{"type":"Feature","geometry":{"type":"Polygon","coordinates":[[[-61.03137016296387,14.672279336424253],[-61.03137016296387,14.670452629528484],[-61.03321552276611,14.670452629528484],[-61.03321552276611,14.672279336424253],[-61.03137016296387,14.672279336424253]]]},"id":1331295155,"properties":{"GEO":"CRS5490RES200mN1622800E711800","GEO_OBJECT":"C200M","OBS_STATUS":"I","lcog_geo":"97224","ind":5,"men":2.4,"men_pauv":0.6,"men_1ind":1.2,"men_5ind":0.2,"men_prop":1.8,"men_fmp":0.2,"ind_snv":126716.6,"men_surf":214.4,"men_coll":0.9,"men_mais":1.5,"log_soc":0,"ind_inc":0,"log":2.4,"ind_0_17":0.8,"ind_65p":1.5}},{"type":"Feature","geometry":{"type":"Polygon","coordinates":[[[-61.03321552276611,14.672279336424253],[-61.03321552276611,14.670452629528484],[-61.03506088256836,14.670494145763612],[-61.03506088256836,14.672279336424253],[-61.03321552276611,14.672279336424253]]]},"id":1331295154,"properties":{"GEO":"CRS5490RES200mN1622800E711600","GEO_OBJECT":"C200M","OBS_STATUS":"I","lcog_geo":"97224","ind":20,"men":9.7,"men_pauv":2.5,"men_1ind":4.8,"men_5ind":0.9,"men_prop":7.2,"men_fmp":0.9,"ind_snv":506866.6,"men_surf":857.6,"men_coll":3.7,"men_mais":6,"log_soc":0,"ind_inc":0,"log":9.7,"ind_0_17":3.1,"ind_65p":6.199999999999999}},{"type":"Feature","geometry":{"type":"Polygon","coordinates":[[[-61.03137016296387,14.670452629528484],[-61.03137016296387,14.668667423967548],[-61.03325843811035,14.668667423967548],[-61.03321552276611,14.670452629528484],[-61.03137016296387,14.670452629528484]]]},"id":1331295098,"properties":{"GEO":"CRS5490RES200mN1622600E711800","GEO_OBJECT":"C200M","OBS_STATUS":"I","lcog_geo":"97224","ind":21,"men":10.2,"men_pauv":2.6,"men_1ind":5.1,"men_5ind":1,"men_prop":7.5,"men_fmp":1,"ind_snv":532209.9,"men_surf":900.5,"men_coll":3.9,"men_mais":6.3,"log_soc":0,"ind_inc":0,"log":10.2,"ind_0_17":3.3,"ind_65p":6.5}},{"type":"Feature","geometry":{"type":"Polygon","coordinates":[[[-61.0275936126709,14.675849674054035],[-61.02763652801514,14.674022996963814],[-61.02948188781738,14.674064512521596],[-61.02948188781738,14.675849674054035],[-61.0275936126709,14.675849674054035]]]},"id":1331295286,"properties":{"GEO":"CRS5490RES200mN1623200E712200","GEO_OBJECT":"C200M","OBS_STATUS":"I","lcog_geo":"97224","ind":18,"men":8.7,"men_pauv":1.9,"men_1ind":2.9,"men_5ind":0.2,"men_prop":6.2,"men_fmp":1.2,"ind_snv":498866.2,"men_surf":939.6,"men_coll":3.3,"men_mais":5.4,"log_soc":0,"ind_inc":0,"log":8.7,"ind_0_17":2.4000000000000004,"ind_65p":5.3}},{"type":"Feature","geometry":{"type":"Polygon","coordinates":[[[-61.02948188781738,14.674064512521596],[-61.02763652801514,14.674022996963814],[-61.02763652801514,14.672237820527755],[-61.02948188781738,14.672237820527755],[-61.02948188781738,14.674064512521596]]]},"id":1331295222,"properties":{"GEO":"CRS5490RES200mN1623000E712200","GEO_OBJECT":"C200M","OBS_STATUS":"I","lcog_geo":"97224","ind":11,"men":5.3,"men_pauv":1.1,"men_1ind":1.8,"men_5ind":0.1,"men_prop":3.8,"men_fmp":0.8,"ind_snv":304862.7,"men_surf":574.2,"men_coll":2,"men_mais":3.3,"log_soc":0,"ind_inc":0,"log":5.300000000000001,"ind_0_17":1.5,"ind_65p":3.2}},{"type":"Feature","geometry":{"type":"Polygon","coordinates":[[[-61.03132724761963,14.675891189265215],[-61.02948188781738,14.675849674054035],[-61.02948188781738,14.674064512521596],[-61.03132724761963,14.674064512521596],[-61.03132724761963,14.675891189265215]]]},"id":1331295285,"properties":{"GEO":"CRS5490RES200mN1623200E712000","GEO_OBJECT":"C200M","OBS_STATUS":"I","lcog_geo":"97224","ind":17,"men":8.2,"men_pauv":1.8,"men_1ind":2.8,"men_5ind":0.1,"men_prop":5.9,"men_fmp":1.2,"ind_snv":471151.4,"men_surf":887.4,"men_coll":3.1,"men_mais":5.1,"log_soc":0,"ind_inc":0,"log":8.2,"ind_0_17":2.2,"ind_65p":5}},{"type":"Feature","geometry":{"type":"Polygon","coordinates":[[[-61.03128433227539,14.679502982477104],[-61.03128433227539,14.677676335892386],[-61.033172607421875,14.677717850756892],[-61.03312969207764,14.679502982477104],[-61.03128433227539,14.679502982477104]]]},"id":1331295407,"properties":{"GEO":"CRS5490RES200mN1623600E711800","GEO_OBJECT":"C200M","OBS_STATUS":"I","lcog_geo":"97224","ind":5,"men":2.2,"men_pauv":0.2,"men_1ind":0.7,"men_5ind":0.1,"men_prop":1.4,"men_fmp":0.5,"ind_snv":132913.3,"men_surf":211.9,"men_coll":0.8,"men_mais":1.4,"log_soc":0.2,"ind_inc":0,"log":2.2,"ind_0_17":1,"ind_65p":1}},{"type":"Feature","geometry":{"type":"Polygon","coordinates":[[[-61.029438972473145,14.677676335892386],[-61.02948188781738,14.675849674054035],[-61.03132724761963,14.675891189265215],[-61.03128433227539,14.677676335892386],[-61.029438972473145,14.677676335892386]]]},"id":1331295348,"properties":{"GEO":"CRS5490RES200mN1623400E712000","GEO_OBJECT":"C200M","OBS_STATUS":"I","lcog_geo":"97224","ind":11,"men":5.3,"men_pauv":1.1,"men_1ind":1.8,"men_5ind":0.1,"men_prop":3.8,"men_fmp":0.8,"ind_snv":304862.7,"men_surf":574.2,"men_coll":2,"men_mais":3.3,"log_soc":0,"ind_inc":0,"log":5.300000000000001,"ind_0_17":1.5,"ind_65p":3.2}},{"type":"Feature","geometry":{"type":"Polygon","coordinates":[[[-61.033172607421875,14.677717850756892],[-61.03128433227539,14.677676335892386],[-61.03132724761963,14.675891189265215],[-61.033172607421875,14.675891189265215],[-61.033172607421875,14.677717850756892]]]},"id":1331295347,"properties":{"GEO":"CRS5490RES200mN1623400E711800","GEO_OBJECT":"C200M","OBS_STATUS":"I","lcog_geo":"97224","ind":8,"men":3.5,"men_pauv":0.3,"men_1ind":1.2,"men_5ind":0.2,"men_prop":2.3,"men_fmp":0.8,"ind_snv":212661.3,"men_surf":339,"men_coll":1.2,"men_mais":2.3,"log_soc":0.3,"ind_inc":0,"log":3.5,"ind_0_17":1.7,"ind_65p":1.7000000000000002}},{"type":"Feature","geometry":{"type":"Polygon","coordinates":[[[-61.03132724761963,14.675891189265215],[-61.03132724761963,14.674064512521596],[-61.033172607421875,14.674064512521596],[-61.033172607421875,14.675891189265215],[-61.03132724761963,14.675891189265215]]]},"id":1331295284,"properties":{"GEO":"CRS5490RES200mN1623200E711800","GEO_OBJECT":"C200M","OBS_STATUS":"I","lcog_geo":"97224","ind":8,"men":3.5,"men_pauv":0.3,"men_1ind":1.2,"men_5ind":0.2,"men_prop":2.3,"men_fmp":0.8,"ind_snv":212661.3,"men_surf":339,"men_coll":1.2,"men_mais":2.3,"log_soc":0.3,"ind_inc":0,"log":3.5,"ind_0_17":1.7,"ind_65p":1.7000000000000002}},{"type":"Feature","geometry":{"type":"Polygon","coordinates":[[[-61.033172607421875,14.675891189265215],[-61.033172607421875,14.674064512521596],[-61.03506088256836,14.674106028071492],[-61.03501796722412,14.675891189265215],[-61.033172607421875,14.675891189265215]]]},"id":1331295283,"properties":{"GEO":"CRS5490RES200mN1623200E711600","GEO_OBJECT":"C200M","OBS_STATUS":"I","lcog_geo":"97224","ind":21,"men":9.1,"men_pauv":0.9,"men_1ind":3.1,"men_5ind":0.4,"men_prop":6,"men_fmp":2,"ind_snv":558235.9,"men_surf":890,"men_coll":3.1,"men_mais":6,"log_soc":0.9,"ind_inc":0,"log":9.1,"ind_0_17":4.4,"ind_65p":4.4}},{"type":"Feature","geometry":{"type":"Polygon","coordinates":[[[-61.03506088256836,14.674106028071492],[-61.033172607421875,14.674064512521596],[-61.03321552276611,14.672279336424253],[-61.03506088256836,14.672279336424253],[-61.03506088256836,14.674106028071492]]]},"id":1331295219,"properties":{"GEO":"CRS5490RES200mN1623000E711600","GEO_OBJECT":"C200M","OBS_STATUS":"I","lcog_geo":"97224","ind":1,"men":0.4,"men_pauv":0,"men_1ind":0.1,"men_5ind":0,"men_prop":0.3,"men_fmp":0.1,"ind_snv":26582.7,"men_surf":42.4,"men_coll":0.1,"men_mais":0.3,"log_soc":0,"ind_inc":0,"log":0.4,"ind_0_17":0.2,"ind_65p":0.2}},{"type":"Feature","geometry":{"type":"Polygon","coordinates":[[[-61.03312969207764,14.679502982477104],[-61.033172607421875,14.677717850756892],[-61.03501796722412,14.677717850756892],[-61.03501796722412,14.679502982477104],[-61.03312969207764,14.679502982477104]]]},"id":1331295406,"properties":{"GEO":"CRS5490RES200mN1623600E711600","GEO_OBJECT":"C200M","OBS_STATUS":"I","lcog_geo":"97224","ind":6,"men":2.6,"men_pauv":0.3,"men_1ind":0.9,"men_5ind":0.1,"men_prop":1.7,"men_fmp":0.6,"ind_snv":159496,"men_surf":254.3,"men_coll":0.9,"men_mais":1.7,"log_soc":0.3,"ind_inc":0,"log":2.5999999999999996,"ind_0_17":1.3,"ind_65p":1.2}},{"type":"Feature","geometry":{"type":"Polygon","coordinates":[[[-61.03506088256836,14.670494145763612],[-61.0351037979126,14.668667423967548],[-61.036949157714844,14.668708940541322],[-61.036949157714844,14.670494145763612],[-61.03506088256836,14.670494145763612]]]},"id":1331295096,"properties":{"GEO":"CRS5490RES200mN1622600E711400","GEO_OBJECT":"C200M","OBS_STATUS":"A","lcog_geo":"97224","ind":124,"men":63,"men_pauv":18,"men_1ind":22,"men_5ind":2,"men_prop":23,"men_fmp":22,"ind_snv":2422768,"men_surf":4518,"men_coll":42,"men_mais":21,"log_soc":29,"ind_inc":0,"log":63,"ind_0_17":32,"ind_65p":32}},{"type":"Feature","geometry":{"type":"Polygon","coordinates":[[[-61.036949157714844,14.668708940541322],[-61.0351037979126,14.668667423967548],[-61.0351037979126,14.666882203846626],[-61.036949157714844,14.666882203846626],[-61.036949157714844,14.668708940541322]]]},"id":1331295039,"properties":{"GEO":"CRS5490RES200mN1622400E711400","GEO_OBJECT":"C200M","OBS_STATUS":"A","lcog_geo":"97224","ind":46,"men":21,"men_pauv":9,"men_1ind":8,"men_5ind":1,"men_prop":14,"men_fmp":6,"ind_snv":991179.5,"men_surf":1719,"men_coll":13,"men_mais":8,"log_soc":0,"ind_inc":0,"log":21,"ind_0_17":15,"ind_65p":8}},{"type":"Feature","geometry":{"type":"Polygon","coordinates":[[[-61.036906242370605,14.67232085231285],[-61.03506088256836,14.672279336424253],[-61.03506088256836,14.670494145763612],[-61.036949157714844,14.670494145763612],[-61.036906242370605,14.67232085231285]]]},"id":1331295153,"properties":{"GEO":"CRS5490RES200mN1622800E711400","GEO_OBJECT":"C200M","OBS_STATUS":"A","lcog_geo":"97224","ind":56,"men":36,"men_pauv":14,"men_1ind":20,"men_5ind":0,"men_prop":18,"men_fmp":4,"ind_snv":1160623.7,"men_surf":2728,"men_coll":8,"men_mais":28,"log_soc":0,"ind_inc":0,"log":36,"ind_0_17":2,"ind_65p":19}},{"type":"Feature","geometry":{"type":"Polygon","coordinates":[[[-61.03506088256836,14.674106028071492],[-61.03506088256836,14.672279336424253],[-61.036906242370605,14.67232085231285],[-61.036906242370605,14.674106028071492],[-61.03506088256836,14.674106028071492]]]},"id":1331295218,"properties":{"GEO":"CRS5490RES200mN1623000E711400","GEO_OBJECT":"C200M","OBS_STATUS":"A","lcog_geo":"97224","ind":50.5,"men":23,"men_pauv":4,"men_1ind":9,"men_5ind":1,"men_prop":19,"men_fmp":2,"ind_snv":1272729.7,"men_surf":2149,"men_coll":6,"men_mais":17,"log_soc":0,"ind_inc":0,"log":23,"ind_0_17":4.5,"ind_65p":20}},{"type":"Feature","geometry":{"type":"Polygon","coordinates":[[[-61.03879451751709,14.670535661990868],[-61.03879451751709,14.668708940541322],[-61.040682792663574,14.668708940541322],[-61.040639877319336,14.670535661990868],[-61.03879451751709,14.670535661990868]]]},"id":1331295094,"properties":{"GEO":"CRS5490RES200mN1622600E711000","GEO_OBJECT":"C200M","OBS_STATUS":"A","lcog_geo":"97224","ind":60,"men":37,"men_pauv":18,"men_1ind":21,"men_5ind":0,"men_prop":12,"men_fmp":9,"ind_snv":1224205.5,"men_surf":2734,"men_coll":11,"men_mais":26,"log_soc":0,"ind_inc":0,"log":37,"ind_0_17":7,"ind_65p":18}},{"type":"Feature","geometry":{"type":"Polygon","coordinates":[[[-61.036906242370605,14.67232085231285],[-61.036949157714844,14.670494145763612],[-61.03879451751709,14.670535661990868],[-61.03879451751709,14.67232085231285],[-61.036906242370605,14.67232085231285]]]},"id":1331295152,"properties":{"GEO":"CRS5490RES200mN1622800E711200","GEO_OBJECT":"C200M","OBS_STATUS":"A","lcog_geo":"97224","ind":178,"men":95,"men_pauv":36,"men_1ind":52,"men_5ind":4,"men_prop":32,"men_fmp":15,"ind_snv":3237385.1,"men_surf":6710,"men_coll":54,"men_mais":41,"log_soc":9,"ind_inc":0,"log":95,"ind_0_17":30,"ind_65p":48}},{"type":"Feature","geometry":{"type":"Polygon","coordinates":[[[-61.03879451751709,14.670535661990868],[-61.036949157714844,14.670494145763612],[-61.036949157714844,14.668708940541322],[-61.03879451751709,14.668708940541322],[-61.03879451751709,14.670535661990868]]]},"id":1331295095,"properties":{"GEO":"CRS5490RES200mN1622600E711200","GEO_OBJECT":"C200M","OBS_STATUS":"A","lcog_geo":"97224","ind":122,"men":57,"men_pauv":26,"men_1ind":25,"men_5ind":2,"men_prop":8,"men_fmp":24,"ind_snv":1916220.1,"men_surf":3933,"men_coll":49,"men_mais":8,"log_soc":45,"ind_inc":0,"log":57,"ind_0_17":33,"ind_65p":15}},{"type":"Feature","geometry":{"type":"Polygon","coordinates":[[[-61.03875160217285,14.674147543613529],[-61.036906242370605,14.674106028071492],[-61.036906242370605,14.67232085231285],[-61.03879451751709,14.67232085231285],[-61.03875160217285,14.674147543613529]]]},"id":1331295217,"properties":{"GEO":"CRS5490RES200mN1623000E711200","GEO_OBJECT":"C200M","OBS_STATUS":"A","lcog_geo":"97224","ind":155,"men":94,"men_pauv":27,"men_1ind":52,"men_5ind":2,"men_prop":24,"men_fmp":26,"ind_snv":2994917.5,"men_surf":6246,"men_coll":43,"men_mais":51,"log_soc":53,"ind_inc":0,"log":94,"ind_0_17":25,"ind_65p":54}},{"type":"Feature","geometry":{"type":"Polygon","coordinates":[[[-61.03879451751709,14.67232085231285],[-61.03879451751709,14.670535661990868],[-61.040639877319336,14.670535661990868],[-61.040639877319336,14.67232085231285],[-61.03879451751709,14.67232085231285]]]},"id":1331295151,"properties":{"GEO":"CRS5490RES200mN1622800E711000","GEO_OBJECT":"C200M","OBS_STATUS":"A","lcog_geo":"97224","ind":155,"men":69,"men_pauv":21,"men_1ind":25,"men_5ind":4,"men_prop":13,"men_fmp":21,"ind_snv":2808589,"men_surf":4588,"men_coll":45,"men_mais":24,"log_soc":36,"ind_inc":0,"log":69,"ind_0_17":30,"ind_65p":30}},{"type":"Feature","geometry":{"type":"Polygon","coordinates":[[[-61.033172607421875,14.677717850756892],[-61.033172607421875,14.675891189265215],[-61.03501796722412,14.675891189265215],[-61.03501796722412,14.677717850756892],[-61.033172607421875,14.677717850756892]]]},"id":1331295346,"properties":{"GEO":"CRS5490RES200mN1623400E711600","GEO_OBJECT":"C200M","OBS_STATUS":"I","lcog_geo":"97224","ind":15,"men":6.5,"men_pauv":0.6,"men_1ind":2.2,"men_5ind":0.3,"men_prop":4.3,"men_fmp":1.4,"ind_snv":398739.9,"men_surf":635.7,"men_coll":2.2,"men_mais":4.3,"log_soc":0.6,"ind_inc":0,"log":6.5,"ind_0_17":3.2,"ind_65p":3.2}},{"type":"Feature","geometry":{"type":"Polygon","coordinates":[[[-61.03501796722412,14.677717850756892],[-61.03501796722412,14.675891189265215],[-61.036906242370605,14.675932704468494],[-61.03686332702637,14.677717850756892],[-61.03501796722412,14.677717850756892]]]},"id":1331295345,"properties":{"GEO":"CRS5490RES200mN1623400E711400","GEO_OBJECT":"C200M","OBS_STATUS":"I","lcog_geo":"97224","ind":22,"men":9.5,"men_pauv":0.9,"men_1ind":3.2,"men_5ind":0.5,"men_prop":6.3,"men_fmp":2.1,"ind_snv":584818.5,"men_surf":932.3,"men_coll":3.2,"men_mais":6.3,"log_soc":0.9,"ind_inc":0,"log":9.5,"ind_0_17":4.699999999999999,"ind_65p":4.6}},{"type":"Feature","geometry":{"type":"Polygon","coordinates":[[[-61.036906242370605,14.675932704468494],[-61.03501796722412,14.675891189265215],[-61.03506088256836,14.674106028071492],[-61.036906242370605,14.674106028071492],[-61.036906242370605,14.675932704468494]]]},"id":1331295282,"properties":{"GEO":"CRS5490RES200mN1623200E711400","GEO_OBJECT":"C200M","OBS_STATUS":"A","lcog_geo":"97224","ind":25,"men":12,"men_pauv":6,"men_1ind":4,"men_5ind":1,"men_prop":8,"men_fmp":4,"ind_snv":455251,"men_surf":970,"men_coll":3,"men_mais":9,"log_soc":0,"ind_inc":0,"log":12,"ind_0_17":3,"ind_65p":6}},{"type":"Feature","geometry":{"type":"Polygon","coordinates":[[[-61.036906242370605,14.675932704468494],[-61.036906242370605,14.674106028071492],[-61.03875160217285,14.674147543613529],[-61.03875160217285,14.675932704468494],[-61.036906242370605,14.675932704468494]]]},"id":1331295281,"properties":{"GEO":"CRS5490RES200mN1623200E711200","GEO_OBJECT":"C200M","OBS_STATUS":"A","lcog_geo":"97224","ind":74,"men":32,"men_pauv":6,"men_1ind":12,"men_5ind":2,"men_prop":22,"men_fmp":5,"ind_snv":1667445,"men_surf":2688,"men_coll":2,"men_mais":30,"log_soc":0,"ind_inc":0,"log":32,"ind_0_17":7,"ind_65p":30}},{"type":"Feature","geometry":{"type":"Polygon","coordinates":[[[-61.03870868682861,14.677759365613525],[-61.03686332702637,14.677717850756892],[-61.036906242370605,14.675932704468494],[-61.03875160217285,14.675932704468494],[-61.03870868682861,14.677759365613525]]]},"id":1331295344,"properties":{"GEO":"CRS5490RES200mN1623400E711200","GEO_OBJECT":"C200M","OBS_STATUS":"A","lcog_geo":"97224","ind":19,"men":11,"men_pauv":4,"men_1ind":5,"men_5ind":0,"men_prop":8,"men_fmp":3,"ind_snv":479161.2,"men_surf":966,"men_coll":2,"men_mais":9,"log_soc":0,"ind_inc":0,"log":11,"ind_0_17":2,"ind_65p":6}},{"type":"Feature","geometry":{"type":"Polygon","coordinates":[[[-61.03686332702637,14.679544496994907],[-61.03686332702637,14.677717850756892],[-61.03870868682861,14.677759365613525],[-61.03870868682861,14.679544496994907],[-61.03686332702637,14.679544496994907]]]},"id":1331295404,"properties":{"GEO":"CRS5490RES200mN1623600E711200","GEO_OBJECT":"C200M","OBS_STATUS":"A","lcog_geo":"97224","ind":72,"men":28,"men_pauv":10,"men_1ind":9,"men_5ind":3,"men_prop":18,"men_fmp":6,"ind_snv":1348098.1,"men_surf":2582,"men_coll":8,"men_mais":20,"log_soc":0,"ind_inc":0,"log":28,"ind_0_17":19,"ind_65p":21}},{"type":"Feature","geometry":{"type":"Polygon","coordinates":[[[-61.03875160217285,14.674147543613529],[-61.03879451751709,14.67232085231285],[-61.040639877319336,14.67232085231285],[-61.0405969619751,14.674147543613529],[-61.03875160217285,14.674147543613529]]]},"id":1331295216,"properties":{"GEO":"CRS5490RES200mN1623000E711000","GEO_OBJECT":"C200M","OBS_STATUS":"A","lcog_geo":"97224","ind":32,"men":16,"men_pauv":2,"men_1ind":4,"men_5ind":1,"men_prop":12,"men_fmp":6,"ind_snv":808220,"men_surf":1731,"men_coll":5,"men_mais":11,"log_soc":0,"ind_inc":0,"log":16,"ind_0_17":5,"ind_65p":14}},{"type":"Feature","geometry":{"type":"Polygon","coordinates":[[[-61.029396057128906,14.68128809962748],[-61.029438972473145,14.679461467951398],[-61.03128433227539,14.679502982477104],[-61.03128433227539,14.68128809962748],[-61.029396057128906,14.68128809962748]]]},"id":1331295454,"properties":{"GEO":"CRS5490RES200mN1623800E712000","GEO_OBJECT":"C200M","OBS_STATUS":"I","lcog_geo":"97224","ind":4,"men":1.9,"men_pauv":0.4,"men_1ind":0.7,"men_5ind":0,"men_prop":1.4,"men_fmp":0.3,"ind_snv":110859.2,"men_surf":208.8,"men_coll":0.7,"men_mais":1.2,"log_soc":0,"ind_inc":0,"log":1.9000000000000001,"ind_0_17":0.5,"ind_65p":1.1}},{"type":"Feature","geometry":{"type":"Polygon","coordinates":[[[-61.03128433227539,14.679502982477104],[-61.029438972473145,14.679461467951398],[-61.029438972473145,14.677676335892386],[-61.03128433227539,14.677676335892386],[-61.03128433227539,14.679502982477104]]]},"id":1331295408,"properties":{"GEO":"CRS5490RES200mN1623600E712000","GEO_OBJECT":"C200M","OBS_STATUS":"I","lcog_geo":"97224","ind":7,"men":3.4,"men_pauv":0.7,"men_1ind":1.1,"men_5ind":0.1,"men_prop":2.4,"men_fmp":0.5,"ind_snv":194003.5,"men_surf":365.4,"men_coll":1.3,"men_mais":2.1,"log_soc":0,"ind_inc":0,"log":3.4,"ind_0_17":0.8,"ind_65p":2.1}},{"type":"Feature","geometry":{"type":"Polygon","coordinates":[[[-61.03312969207764,14.68132961380644],[-61.03312969207764,14.679502982477104],[-61.03501796722412,14.679502982477104],[-61.03497505187988,14.68132961380644],[-61.03312969207764,14.68132961380644]]]},"id":1331295452,"properties":{"GEO":"CRS5490RES200mN1623800E711600","GEO_OBJECT":"C200M","OBS_STATUS":"I","lcog_geo":"97224","ind":1,"men":0.4,"men_pauv":0,"men_1ind":0.1,"men_5ind":0,"men_prop":0.3,"men_fmp":0.1,"ind_snv":26582.7,"men_surf":42.4,"men_coll":0.1,"men_mais":0.3,"log_soc":0,"ind_inc":0,"log":0.4,"ind_0_17":0.2,"ind_65p":0.2}},{"type":"Feature","geometry":{"type":"Polygon","coordinates":[[[-61.03312969207764,14.68132961380644],[-61.03128433227539,14.68128809962748],[-61.03128433227539,14.679502982477104],[-61.03312969207764,14.679502982477104],[-61.03312969207764,14.68132961380644]]]},"id":1331295453,"properties":{"GEO":"CRS5490RES200mN1623800E711800","GEO_OBJECT":"C200M","OBS_STATUS":"I","lcog_geo":"97224","ind":2,"men":0.9,"men_pauv":0.1,"men_1ind":0.3,"men_5ind":0,"men_prop":0.6,"men_fmp":0.2,"ind_snv":53165.3,"men_surf":84.8,"men_coll":0.3,"men_mais":0.6,"log_soc":0.1,"ind_inc":0,"log":0.9,"ind_0_17":0.4,"ind_65p":0.4}},{"type":"Feature","geometry":{"type":"Polygon","coordinates":[[[-61.02750778198242,14.68489980371352],[-61.02755069732666,14.683073202206444],[-61.029396057128906,14.683073202206444],[-61.029396057128906,14.68489980371352],[-61.02750778198242,14.68489980371352]]]},"id":1331295560,"properties":{"GEO":"CRS5490RES200mN1624200E712200","GEO_OBJECT":"C200M","OBS_STATUS":"I","lcog_geo":"97224","ind":18,"men":8.8,"men_pauv":3.3,"men_1ind":3.5,"men_5ind":0.4,"men_prop":5.5,"men_fmp":2,"ind_snv":339053.5,"men_surf":728.2,"men_coll":1.7,"men_mais":7.1,"log_soc":0,"ind_inc":0,"log":8.8,"ind_0_17":3,"ind_65p":5.3}},{"type":"Feature","geometry":{"type":"Polygon","coordinates":[[[-61.02750778198242,14.68851144813712],[-61.02750778198242,14.686684876805828],[-61.02935314178467,14.686684876805828],[-61.02935314178467,14.68851144813712],[-61.02750778198242,14.68851144813712]]]},"id":1331295689,"properties":{"GEO":"CRS5490RES200mN1624600E712200","GEO_OBJECT":"C200M","OBS_STATUS":"I","lcog_geo":"97224","ind":3,"men":1.5,"men_pauv":0.6,"men_1ind":0.6,"men_5ind":0.1,"men_prop":0.9,"men_fmp":0.3,"ind_snv":56508.9,"men_surf":121.4,"men_coll":0.3,"men_mais":1.2,"log_soc":0,"ind_inc":0,"log":1.5,"ind_0_17":0.5,"ind_65p":0.8999999999999999}},{"type":"Feature","geometry":{"type":"Polygon","coordinates":[[[-61.02935314178467,14.68851144813712],[-61.02935314178467,14.686684876805828],[-61.03124141693115,14.686726389960114],[-61.031198501586914,14.68851144813712],[-61.02935314178467,14.68851144813712]]]},"id":1331295688,"properties":{"GEO":"CRS5490RES200mN1624600E712000","GEO_OBJECT":"C200M","OBS_STATUS":"I","lcog_geo":"97224","ind":9,"men":4.4,"men_pauv":1.7,"men_1ind":1.7,"men_5ind":0.2,"men_prop":2.7,"men_fmp":1,"ind_snv":169526.7,"men_surf":364.1,"men_coll":0.9,"men_mais":3.5,"log_soc":0,"ind_inc":0,"log":4.4,"ind_0_17":1.6,"ind_65p":2.5999999999999996}},{"type":"Feature","geometry":{"type":"Polygon","coordinates":[[[-61.02750778198242,14.686684876805828],[-61.02750778198242,14.68489980371352],[-61.029396057128906,14.68489980371352],[-61.02935314178467,14.686684876805828],[-61.02750778198242,14.686684876805828]]]},"id":1331295627,"properties":{"GEO":"CRS5490RES200mN1624400E712200","GEO_OBJECT":"C200M","OBS_STATUS":"I","lcog_geo":"97224","ind":6,"men":2.9,"men_pauv":1.1,"men_1ind":1.2,"men_5ind":0.1,"men_prop":1.8,"men_fmp":0.7,"ind_snv":113017.8,"men_surf":242.7,"men_coll":0.6,"men_mais":2.3,"log_soc":0,"ind_inc":0,"log":2.9,"ind_0_17":1,"ind_65p":1.8}},{"type":"Feature","geometry":{"type":"Polygon","coordinates":[[[-61.03124141693115,14.686726389960114],[-61.02935314178467,14.686684876805828],[-61.029396057128906,14.68489980371352],[-61.03124141693115,14.68489980371352],[-61.03124141693115,14.686726389960114]]]},"id":1331295626,"properties":{"GEO":"CRS5490RES200mN1624400E712000","GEO_OBJECT":"C200M","OBS_STATUS":"A","lcog_geo":"97224","ind":28.5,"men":11,"men_pauv":3,"men_1ind":1,"men_5ind":1,"men_prop":10,"men_fmp":4,"ind_snv":610589,"men_surf":1016,"men_coll":1,"men_mais":10,"log_soc":0,"ind_inc":0,"log":11,"ind_0_17":3.5,"ind_65p":6}},{"type":"Feature","geometry":{"type":"Polygon","coordinates":[[[-61.03124141693115,14.686726389960114],[-61.03124141693115,14.68489980371352],[-61.0330867767334,14.684941317206778],[-61.0330867767334,14.686726389960114],[-61.03124141693115,14.686726389960114]]]},"id":1331295625,"properties":{"GEO":"CRS5490RES200mN1624400E711800","GEO_OBJECT":"C200M","OBS_STATUS":"I","lcog_geo":"97224","ind":2,"men":1.1,"men_pauv":0.4,"men_1ind":0.3,"men_5ind":0,"men_prop":0.6,"men_fmp":0.2,"ind_snv":36734.5,"men_surf":83.5,"men_coll":0.1,"men_mais":1,"log_soc":0,"ind_inc":0,"log":1.1,"ind_0_17":0.2,"ind_65p":0.8}},{"type":"Feature","geometry":{"type":"Polygon","coordinates":[[[-61.02935314178467,14.690338004204548],[-61.02935314178467,14.68851144813712],[-61.031198501586914,14.68851144813712],[-61.031198501586914,14.690338004204548],[-61.02935314178467,14.690338004204548]]]},"id":1331295747,"properties":{"GEO":"CRS5490RES200mN1624800E712000","GEO_OBJECT":"C200M","OBS_STATUS":"I","lcog_geo":"97224","ind":15,"men":7.3,"men_pauv":2.8,"men_1ind":2.9,"men_5ind":0.4,"men_prop":4.6,"men_fmp":1.7,"ind_snv":282544.6,"men_surf":606.8,"men_coll":1.4,"men_mais":5.9,"log_soc":0,"ind_inc":0,"log":7.3,"ind_0_17":2.6,"ind_65p":4.4}},{"type":"Feature","geometry":{"type":"Polygon","coordinates":[[[-61.031198501586914,14.690338004204548],[-61.031198501586914,14.68851144813712],[-61.03304386138916,14.688552960944534],[-61.03304386138916,14.690338004204548],[-61.031198501586914,14.690338004204548]]]},"id":1331295746,"properties":{"GEO":"CRS5490RES200mN1624800E711800","GEO_OBJECT":"C200M","OBS_STATUS":"I","lcog_geo":"97224","ind":2,"men":1.1,"men_pauv":0.4,"men_1ind":0.3,"men_5ind":0,"men_prop":0.6,"men_fmp":0.2,"ind_snv":36734.5,"men_surf":83.5,"men_coll":0.1,"men_mais":1,"log_soc":0,"ind_inc":0,"log":1.1,"ind_0_17":0.2,"ind_65p":0.8}},{"type":"Feature","geometry":{"type":"Polygon","coordinates":[[[-61.03686332702637,14.679544496994907],[-61.03501796722412,14.679502982477104],[-61.03501796722412,14.677717850756892],[-61.03686332702637,14.677717850756892],[-61.03686332702637,14.679544496994907]]]},"id":1331295405,"properties":{"GEO":"CRS5490RES200mN1623600E711400","GEO_OBJECT":"C200M","OBS_STATUS":"A","lcog_geo":"97224","ind":22.5,"men":14,"men_pauv":5,"men_1ind":7,"men_5ind":0,"men_prop":8,"men_fmp":2,"ind_snv":513974.8,"men_surf":1138,"men_coll":3,"men_mais":11,"log_soc":0,"ind_inc":0,"log":14,"ind_0_17":1.5,"ind_65p":6}},{"type":"Feature","geometry":{"type":"Polygon","coordinates":[[[-61.03497505187988,14.683156229878719],[-61.03497505187988,14.68132961380644],[-61.03682041168213,14.68132961380644],[-61.03682041168213,14.683156229878719],[-61.03497505187988,14.683156229878719]]]},"id":1331295507,"properties":{"GEO":"CRS5490RES200mN1624000E711400","GEO_OBJECT":"C200M","OBS_STATUS":"I","lcog_geo":"97224","ind":2,"men":1.1,"men_pauv":0.4,"men_1ind":0.3,"men_5ind":0,"men_prop":0.6,"men_fmp":0.2,"ind_snv":36734.5,"men_surf":83.5,"men_coll":0.1,"men_mais":1,"log_soc":0,"ind_inc":0,"log":1.1,"ind_0_17":0.2,"ind_65p":0.8}},{"type":"Feature","geometry":{"type":"Polygon","coordinates":[[[-61.03870868682861,14.681371127977528],[-61.03682041168213,14.68132961380644],[-61.03686332702637,14.679544496994907],[-61.03870868682861,14.679544496994907],[-61.03870868682861,14.681371127977528]]]},"id":1331295451,"properties":{"GEO":"CRS5490RES200mN1623800E711200","GEO_OBJECT":"C200M","OBS_STATUS":"I","lcog_geo":"97224","ind":5,"men":2.2,"men_pauv":0.2,"men_1ind":0.7,"men_5ind":0.1,"men_prop":1.4,"men_fmp":0.5,"ind_snv":132913.3,"men_surf":211.9,"men_coll":0.8,"men_mais":1.4,"log_soc":0.2,"ind_inc":0,"log":2.2,"ind_0_17":1,"ind_65p":1}},{"type":"Feature","geometry":{"type":"Polygon","coordinates":[[[-61.03497505187988,14.683156229878719],[-61.03312969207764,14.683114716046518],[-61.03312969207764,14.68132961380644],[-61.03497505187988,14.68132961380644],[-61.03497505187988,14.683156229878719]]]},"id":1331295508,"properties":{"GEO":"CRS5490RES200mN1624000E711600","GEO_OBJECT":"C200M","OBS_STATUS":"I","lcog_geo":"97224","ind":11,"men":5.8,"men_pauv":1.9,"men_1ind":1.6,"men_5ind":0,"men_prop":3.6,"men_fmp":1,"ind_snv":202039.8,"men_surf":459.4,"men_coll":0.3,"men_mais":5.5,"log_soc":0,"ind_inc":0,"log":5.8,"ind_0_17":0.8999999999999999,"ind_65p":4.6}},{"type":"Feature","geometry":{"type":"Polygon","coordinates":[[[-61.03870868682861,14.681371127977528],[-61.03870868682861,14.679544496994907],[-61.04055404663086,14.679586011504853],[-61.04055404663086,14.681371127977528],[-61.03870868682861,14.681371127977528]]]},"id":1331295450,"properties":{"GEO":"CRS5490RES200mN1623800E711000","GEO_OBJECT":"C200M","OBS_STATUS":"A","lcog_geo":"97224","ind":34,"men":12,"men_pauv":4,"men_1ind":3,"men_5ind":1,"men_prop":9,"men_fmp":2,"ind_snv":682877.3,"men_surf":1065,"men_coll":3,"men_mais":9,"log_soc":0,"ind_inc":0,"log":12,"ind_0_17":7,"ind_65p":11}},{"type":"Feature","geometry":{"type":"Polygon","coordinates":[[[-61.03304386138916,14.688552960944534],[-61.0330867767334,14.686726389960114],[-61.034932136535645,14.686767903106528],[-61.034932136535645,14.688552960944534],[-61.03304386138916,14.688552960944534]]]},"id":1331295687,"properties":{"GEO":"CRS5490RES200mN1624600E711600","GEO_OBJECT":"C200M","OBS_STATUS":"I","lcog_geo":"97224","ind":1,"men":0.5,"men_pauv":0.2,"men_1ind":0.1,"men_5ind":0,"men_prop":0.3,"men_fmp":0.1,"ind_snv":18367.2,"men_surf":41.8,"men_coll":0,"men_mais":0.5,"log_soc":0,"ind_inc":0,"log":0.5,"ind_0_17":0.1,"ind_65p":0.4}},{"type":"Feature","geometry":{"type":"Polygon","coordinates":[[[-61.034932136535645,14.686767903106528],[-61.0330867767334,14.686726389960114],[-61.0330867767334,14.684941317206778],[-61.034932136535645,14.684941317206778],[-61.034932136535645,14.686767903106528]]]},"id":1331295624,"properties":{"GEO":"CRS5490RES200mN1624400E711600","GEO_OBJECT":"C200M","OBS_STATUS":"I","lcog_geo":"97224","ind":2,"men":1.1,"men_pauv":0.4,"men_1ind":0.3,"men_5ind":0,"men_prop":0.6,"men_fmp":0.2,"ind_snv":36734.5,"men_surf":83.5,"men_coll":0.1,"men_mais":1,"log_soc":0,"ind_inc":0,"log":1.1,"ind_0_17":0.2,"ind_65p":0.8}},{"type":"Feature","geometry":{"type":"Polygon","coordinates":[[[-61.03677749633789,14.688594473744061],[-61.03677749633789,14.686767903106528],[-61.038665771484375,14.686767903106528],[-61.03862285614014,14.688594473744061],[-61.03677749633789,14.688594473744061]]]},"id":1331295686,"properties":{"GEO":"CRS5490RES200mN1624600E711200","GEO_OBJECT":"C200M","OBS_STATUS":"I","lcog_geo":"97224","ind":2,"men":1.1,"men_pauv":0.4,"men_1ind":0.3,"men_5ind":0,"men_prop":0.6,"men_fmp":0.2,"ind_snv":36734.5,"men_surf":83.5,"men_coll":0.1,"men_mais":1,"log_soc":0,"ind_inc":0,"log":1.1,"ind_0_17":0.2,"ind_65p":0.8}},{"type":"Feature","geometry":{"type":"Polygon","coordinates":[[[-61.034889221191406,14.690379516665033],[-61.03304386138916,14.690338004204548],[-61.03304386138916,14.688552960944534],[-61.034932136535645,14.688552960944534],[-61.034889221191406,14.690379516665033]]]},"id":1331295745,"properties":{"GEO":"CRS5490RES200mN1624800E711600","GEO_OBJECT":"C200M","OBS_STATUS":"A","lcog_geo":"97224","ind":52,"men":24,"men_pauv":9,"men_1ind":13,"men_5ind":3,"men_prop":11,"men_fmp":0,"ind_snv":994815.3,"men_surf":2021,"men_coll":4,"men_mais":20,"log_soc":0,"ind_inc":0,"log":24,"ind_0_17":7,"ind_65p":17}},{"type":"Feature","geometry":{"type":"Polygon","coordinates":[[[-61.04274272918701,14.641638464199517],[-61.040897369384766,14.64159694249588],[-61.040940284729004,14.639811501802356],[-61.04278564453125,14.639811501802356],[-61.04274272918701,14.641638464199517]]]},"id":1331293864,"properties":{"GEO":"CRS5490RES200mN1619400E710800","GEO_OBJECT":"C200M","OBS_STATUS":"A","lcog_geo":"97209","ind":100,"men":55,"men_pauv":5,"men_1ind":26,"men_5ind":1,"men_prop":33,"men_fmp":9,"ind_snv":3255060.9,"men_surf":4458,"men_coll":42,"men_mais":13,"log_soc":0,"ind_inc":0,"log":55,"ind_0_17":16,"ind_65p":13}},{"type":"Feature","geometry":{"type":"Polygon","coordinates":[[[-61.03905200958252,14.639811501802356],[-61.03909492492676,14.637984524187445],[-61.040940284729004,14.637984524187445],[-61.040940284729004,14.639811501802356],[-61.03905200958252,14.639811501802356]]]},"id":1331293781,"properties":{"GEO":"CRS5490RES200mN1619200E711000","GEO_OBJECT":"C200M","OBS_STATUS":"A","lcog_geo":"97209","ind":63,"men":27,"men_pauv":7,"men_1ind":13,"men_5ind":3,"men_prop":20,"men_fmp":1,"ind_snv":1517055.7,"men_surf":2513,"men_coll":5,"men_mais":22,"log_soc":0,"ind_inc":0,"log":27,"ind_0_17":8,"ind_65p":20}},{"type":"Feature","geometry":{"type":"Polygon","coordinates":[[[-61.03905200958252,14.643423890019434],[-61.03905200958252,14.64159694249588],[-61.040897369384766,14.64159694249588],[-61.040897369384766,14.643423890019434],[-61.03905200958252,14.643423890019434]]]},"id":1331293957,"properties":{"GEO":"CRS5490RES200mN1619600E711000","GEO_OBJECT":"C200M","OBS_STATUS":"A","lcog_geo":"97224,97209,97213","ind":90,"men":48,"men_pauv":6,"men_1ind":26,"men_5ind":2,"men_prop":25,"men_fmp":10,"ind_snv":2587159,"men_surf":3460,"men_coll":44,"men_mais":4,"log_soc":0,"ind_inc":0,"log":48,"ind_0_17":28,"ind_65p":4}},{"type":"Feature","geometry":{"type":"Polygon","coordinates":[[[-61.040897369384766,14.643423890019434],[-61.040897369384766,14.64159694249588],[-61.04274272918701,14.641638464199517],[-61.04274272918701,14.643423890019434],[-61.040897369384766,14.643423890019434]]]},"id":1331293956,"properties":{"GEO":"CRS5490RES200mN1619600E710800","GEO_OBJECT":"C200M","OBS_STATUS":"A","lcog_geo":"97209,97224","ind":27.5,"men":15,"men_pauv":0,"men_1ind":8,"men_5ind":1,"men_prop":13,"men_fmp":2,"ind_snv":887397.6,"men_surf":2088,"men_coll":2,"men_mais":13,"log_soc":0,"ind_inc":0,"log":15,"ind_0_17":2.5,"ind_65p":8}},{"type":"Feature","geometry":{"type":"Polygon","coordinates":[[[-61.03905200958252,14.64159694249588],[-61.03905200958252,14.639811501802356],[-61.040940284729004,14.639811501802356],[-61.040897369384766,14.64159694249588],[-61.03905200958252,14.64159694249588]]]},"id":1331293865,"properties":{"GEO":"CRS5490RES200mN1619400E711000","GEO_OBJECT":"C200M","OBS_STATUS":"A","lcog_geo":"97209,97213","ind":42,"men":18,"men_pauv":3,"men_1ind":6,"men_5ind":1,"men_prop":15,"men_fmp":3,"ind_snv":1426420.3,"men_surf":1808,"men_coll":9,"men_mais":9,"log_soc":0,"ind_inc":0,"log":18,"ind_0_17":10,"ind_65p":14}},{"type":"Feature","geometry":{"type":"Polygon","coordinates":[[[-61.04274272918701,14.641638464199517],[-61.04278564453125,14.639811501802356],[-61.044631004333496,14.639853023844026],[-61.044631004333496,14.641638464199517],[-61.04274272918701,14.641638464199517]]]},"id":1331293863,"properties":{"GEO":"CRS5490RES200mN1619400E710600","GEO_OBJECT":"C200M","OBS_STATUS":"I","lcog_geo":"97209","ind":5,"men":2.4,"men_pauv":0.4,"men_1ind":1,"men_5ind":0.2,"men_prop":1.7,"men_fmp":0.4,"ind_snv":132204.4,"men_surf":243.9,"men_coll":0.6,"men_mais":1.8,"log_soc":0,"ind_inc":0,"log":2.4000000000000004,"ind_0_17":0.9,"ind_65p":1.5}},{"type":"Feature","geometry":{"type":"Polygon","coordinates":[[[-61.04458808898926,14.643465411377164],[-61.04274272918701,14.643423890019434],[-61.04274272918701,14.641638464199517],[-61.044631004333496,14.641638464199517],[-61.04458808898926,14.643465411377164]]]},"id":1331293955,"properties":{"GEO":"CRS5490RES200mN1619600E710600","GEO_OBJECT":"C200M","OBS_STATUS":"A","lcog_geo":"97209,97224","ind":39,"men":17,"men_pauv":2,"men_1ind":4,"men_5ind":0,"men_prop":9,"men_fmp":4,"ind_snv":1052173.8,"men_surf":1502,"men_coll":12,"men_mais":5,"log_soc":0,"ind_inc":0,"log":17,"ind_0_17":9,"ind_65p":12}},{"type":"Feature","geometry":{"type":"Polygon","coordinates":[[[-61.04274272918701,14.645250822321842],[-61.04274272918701,14.643423890019434],[-61.04458808898926,14.643465411377164],[-61.04458808898926,14.645250822321842],[-61.04274272918701,14.645250822321842]]]},"id":1331294061,"properties":{"GEO":"CRS5490RES200mN1619800E710600","GEO_OBJECT":"C200M","OBS_STATUS":"A","lcog_geo":"97209,97224","ind":35,"men":18,"men_pauv":5,"men_1ind":10,"men_5ind":1,"men_prop":7,"men_fmp":2,"ind_snv":925737.1,"men_surf":1671,"men_coll":11,"men_mais":7,"log_soc":0,"ind_inc":0,"log":18,"ind_0_17":5,"ind_65p":5}},{"type":"Feature","geometry":{"type":"Polygon","coordinates":[[[-61.04085445404053,14.645250822321842],[-61.040897369384766,14.643423890019434],[-61.04274272918701,14.643423890019434],[-61.04274272918701,14.645250822321842],[-61.04085445404053,14.645250822321842]]]},"id":1331294062,"properties":{"GEO":"CRS5490RES200mN1619800E710800","GEO_OBJECT":"C200M","OBS_STATUS":"A","lcog_geo":"97224","ind":22.5,"men":13,"men_pauv":7,"men_1ind":8,"men_5ind":1,"men_prop":8,"men_fmp":1,"ind_snv":340755.7,"men_surf":1196,"men_coll":4,"men_mais":9,"log_soc":0,"ind_inc":0,"log":13,"ind_0_17":3.5,"ind_65p":9}},{"type":"Feature","geometry":{"type":"Polygon","coordinates":[[[-61.04085445404053,14.648863120928496],[-61.04085445404053,14.64703621872765],[-61.04269981384277,14.64703621872765],[-61.04269981384277,14.648863120928496],[-61.04085445404053,14.648863120928496]]]},"id":1331294230,"properties":{"GEO":"CRS5490RES200mN1620200E710800","GEO_OBJECT":"C200M","OBS_STATUS":"A","lcog_geo":"97224","ind":79.5,"men":41,"men_pauv":4,"men_1ind":14,"men_5ind":1,"men_prop":6,"men_fmp":13,"ind_snv":2112237.3,"men_surf":2964,"men_coll":38,"men_mais":3,"log_soc":0,"ind_inc":0,"log":41,"ind_0_17":19.5,"ind_65p":8}},{"type":"Feature","geometry":{"type":"Polygon","coordinates":[[[-61.04269981384277,14.648863120928496],[-61.04269981384277,14.64703621872765],[-61.04458808898926,14.647077739401311],[-61.04454517364502,14.648863120928496],[-61.04269981384277,14.648863120928496]]]},"id":1331294229,"properties":{"GEO":"CRS5490RES200mN1620200E710600","GEO_OBJECT":"C200M","OBS_STATUS":"A","lcog_geo":"97224","ind":31,"men":13,"men_pauv":0,"men_1ind":2,"men_5ind":2,"men_prop":9,"men_fmp":4,"ind_snv":1210896.2,"men_surf":1492,"men_coll":2,"men_mais":11,"log_soc":0,"ind_inc":0,"log":13,"ind_0_17":4,"ind_65p":12}},{"type":"Feature","geometry":{"type":"Polygon","coordinates":[[[-61.04085445404053,14.64703621872765],[-61.04085445404053,14.645250822321842],[-61.04274272918701,14.645250822321842],[-61.04269981384277,14.64703621872765],[-61.04085445404053,14.64703621872765]]]},"id":1331294151,"properties":{"GEO":"CRS5490RES200mN1620000E710800","GEO_OBJECT":"C200M","OBS_STATUS":"A","lcog_geo":"97224","ind":37,"men":15,"men_pauv":3,"men_1ind":5,"men_5ind":2,"men_prop":11,"men_fmp":4,"ind_snv":1075190.2,"men_surf":1348,"men_coll":4,"men_mais":11,"log_soc":0,"ind_inc":0,"log":15,"ind_0_17":10,"ind_65p":9}},{"type":"Feature","geometry":{"type":"Polygon","coordinates":[[[-61.04458808898926,14.647077739401311],[-61.04269981384277,14.64703621872765],[-61.04274272918701,14.645250822321842],[-61.04458808898926,14.645250822321842],[-61.04458808898926,14.647077739401311]]]},"id":1331294150,"properties":{"GEO":"CRS5490RES200mN1620000E710600","GEO_OBJECT":"C200M","OBS_STATUS":"I","lcog_geo":"97224,97209","ind":13,"men":5,"men_pauv":0.3,"men_1ind":1.5,"men_5ind":1,"men_prop":4.8,"men_fmp":1.3,"ind_snv":412724.8,"men_surf":643.7,"men_coll":1.2,"men_mais":3.8,"log_soc":0,"ind_inc":0,"log":5,"ind_0_17":3.4,"ind_65p":3.3}},{"type":"Feature","geometry":{"type":"Polygon","coordinates":[[[-61.04458808898926,14.647077739401311],[-61.04458808898926,14.645250822321842],[-61.046433448791504,14.645292343333608],[-61.046433448791504,14.647077739401311],[-61.04458808898926,14.647077739401311]]]},"id":1331294149,"properties":{"GEO":"CRS5490RES200mN1620000E710400","GEO_OBJECT":"C200M","OBS_STATUS":"I","lcog_geo":"97209,97224","ind":31.5,"men":12.2,"men_pauv":0.6,"men_1ind":3.7,"men_5ind":2.4,"men_prop":11.6,"men_fmp":3.1,"ind_snv":1000063.9,"men_surf":1559.7,"men_coll":3,"men_mais":9.2,"log_soc":0,"ind_inc":0,"log":12.2,"ind_0_17":8.2,"ind_65p":8}},{"type":"Feature","geometry":{"type":"Polygon","coordinates":[[[-61.04458808898926,14.643465411377164],[-61.044631004333496,14.641638464199517],[-61.04647636413574,14.641679985895308],[-61.04647636413574,14.643465411377164],[-61.04458808898926,14.643465411377164]]]},"id":1331293954,"properties":{"GEO":"CRS5490RES200mN1619600E710400","GEO_OBJECT":"C200M","OBS_STATUS":"A","lcog_geo":"97209","ind":92.5,"men":45,"men_pauv":4,"men_1ind":15,"men_5ind":1,"men_prop":37,"men_fmp":13,"ind_snv":2646464.1,"men_surf":3675,"men_coll":25,"men_mais":20,"log_soc":0,"ind_inc":0,"log":45,"ind_0_17":16.5,"ind_65p":26}},{"type":"Feature","geometry":{"type":"Polygon","coordinates":[[[-61.04647636413574,14.641679985895308],[-61.044631004333496,14.641638464199517],[-61.044631004333496,14.639853023844026],[-61.04647636413574,14.639853023844026],[-61.04647636413574,14.641679985895308]]]},"id":1331293862,"properties":{"GEO":"CRS5490RES200mN1619400E710400","GEO_OBJECT":"C200M","OBS_STATUS":"A","lcog_geo":"97209","ind":105,"men":47,"men_pauv":0,"men_1ind":15,"men_5ind":2,"men_prop":40,"men_fmp":6,"ind_snv":3577477.3,"men_surf":4165,"men_coll":19,"men_mais":28,"log_soc":0,"ind_inc":0,"log":47,"ind_0_17":23,"ind_65p":29}},{"type":"Feature","geometry":{"type":"Polygon","coordinates":[[[-61.04832172393799,14.64350693272705],[-61.04832172393799,14.641679985895308],[-61.050167083740234,14.641679985895308],[-61.050167083740234,14.64350693272705],[-61.04832172393799,14.64350693272705]]]},"id":1331293952,"properties":{"GEO":"CRS5490RES200mN1619600E710000","GEO_OBJECT":"C200M","OBS_STATUS":"I","lcog_geo":"97209","ind":1,"men":0.5,"men_pauv":0.1,"men_1ind":0.2,"men_5ind":0,"men_prop":0.3,"men_fmp":0.1,"ind_snv":26440.9,"men_surf":48.8,"men_coll":0.1,"men_mais":0.4,"log_soc":0,"ind_inc":0,"log":0.5,"ind_0_17":0.2,"ind_65p":0.3}},{"type":"Feature","geometry":{"type":"Polygon","coordinates":[[[-61.046433448791504,14.645292343333608],[-61.04458808898926,14.645250822321842],[-61.04458808898926,14.643465411377164],[-61.04647636413574,14.643465411377164],[-61.046433448791504,14.645292343333608]]]},"id":1331294060,"properties":{"GEO":"CRS5490RES200mN1619800E710400","GEO_OBJECT":"C200M","OBS_STATUS":"A","lcog_geo":"97209","ind":15,"men":12,"men_pauv":2,"men_1ind":10,"men_5ind":0,"men_prop":7,"men_fmp":1,"ind_snv":480524.7,"men_surf":1114,"men_coll":5,"men_mais":7,"log_soc":0,"ind_inc":0,"log":12,"ind_0_17":2,"ind_65p":5}},{"type":"Feature","geometry":{"type":"Polygon","coordinates":[[[-61.046433448791504,14.645292343333608],[-61.04647636413574,14.643465411377164],[-61.04832172393799,14.64350693272705],[-61.04827880859375,14.645292343333608],[-61.046433448791504,14.645292343333608]]]},"id":1331294059,"properties":{"GEO":"CRS5490RES200mN1619800E710200","GEO_OBJECT":"C200M","OBS_STATUS":"I","lcog_geo":"97209","ind":19,"men":8.9,"men_pauv":1.7,"men_1ind":3.6,"men_5ind":0.6,"men_prop":6.5,"men_fmp":1.3,"ind_snv":502376.7,"men_surf":926.8,"men_coll":2.3,"men_mais":6.6,"log_soc":0,"ind_inc":0,"log":8.9,"ind_0_17":3.6000000000000005,"ind_65p":5.699999999999999}},{"type":"Feature","geometry":{"type":"Polygon","coordinates":[[[-61.04827880859375,14.647119260067072],[-61.046433448791504,14.647077739401311],[-61.046433448791504,14.645292343333608],[-61.04827880859375,14.645292343333608],[-61.04827880859375,14.647119260067072]]]},"id":1331294148,"properties":{"GEO":"CRS5490RES200mN1620000E710200","GEO_OBJECT":"C200M","OBS_STATUS":"A","lcog_geo":"97209,97224","ind":32,"men":12,"men_pauv":3,"men_1ind":3,"men_5ind":1,"men_prop":9,"men_fmp":1,"ind_snv":792146.3,"men_surf":1116,"men_coll":1,"men_mais":11,"log_soc":0,"ind_inc":0,"log":12,"ind_0_17":5,"ind_65p":2}},{"type":"Feature","geometry":{"type":"Polygon","coordinates":[[[-61.04827880859375,14.645292343333608],[-61.04832172393799,14.64350693272705],[-61.050167083740234,14.64350693272705],[-61.050167083740234,14.645292343333608],[-61.04827880859375,14.645292343333608]]]},"id":1331294058,"properties":{"GEO":"CRS5490RES200mN1619800E710000","GEO_OBJECT":"C200M","OBS_STATUS":"I","lcog_geo":"97209","ind":5,"men":2.4,"men_pauv":0.4,"men_1ind":1,"men_5ind":0.2,"men_prop":1.7,"men_fmp":0.4,"ind_snv":132204.4,"men_surf":243.9,"men_coll":0.6,"men_mais":1.8,"log_soc":0,"ind_inc":0,"log":2.4000000000000004,"ind_0_17":0.9,"ind_65p":1.5}},{"type":"Feature","geometry":{"type":"Polygon","coordinates":[[[-61.04832172393799,14.64350693272705],[-61.04647636413574,14.643465411377164],[-61.04647636413574,14.641679985895308],[-61.04832172393799,14.641679985895308],[-61.04832172393799,14.64350693272705]]]},"id":1331293953,"properties":{"GEO":"CRS5490RES200mN1619600E710200","GEO_OBJECT":"C200M","OBS_STATUS":"A","lcog_geo":"97209","ind":20,"men":11,"men_pauv":0,"men_1ind":5,"men_5ind":0,"men_prop":10,"men_fmp":1,"ind_snv":734189.6,"men_surf":1172,"men_coll":0,"men_mais":11,"log_soc":0,"ind_inc":0,"log":11,"ind_0_17":2,"ind_65p":8}},{"type":"Feature","geometry":{"type":"Polygon","coordinates":[[[-61.05201244354248,14.64533386433753],[-61.05201244354248,14.64350693272705],[-61.053900718688965,14.643548454069048],[-61.05385780334473,14.64533386433753],[-61.05201244354248,14.64533386433753]]]},"id":1331294056,"properties":{"GEO":"CRS5490RES200mN1619800E709600","GEO_OBJECT":"C200M","OBS_STATUS":"A","lcog_geo":"97209","ind":37,"men":20,"men_pauv":2,"men_1ind":6,"men_5ind":0,"men_prop":15,"men_fmp":7,"ind_snv":1297833.8,"men_surf":1913,"men_coll":6,"men_mais":14,"log_soc":0,"ind_inc":0,"log":20,"ind_0_17":6,"ind_65p":10}},{"type":"Feature","geometry":{"type":"Polygon","coordinates":[[[-61.050124168395996,14.647119260067072],[-61.050167083740234,14.645292343333608],[-61.05201244354248,14.64533386433753],[-61.05201244354248,14.647119260067072],[-61.050124168395996,14.647119260067072]]]},"id":1331294147,"properties":{"GEO":"CRS5490RES200mN1620000E709800","GEO_OBJECT":"C200M","OBS_STATUS":"I","lcog_geo":"97224,97209","ind":1,"men":0.4,"men_pauv":0.1,"men_1ind":0.1,"men_5ind":0,"men_prop":0.2,"men_fmp":0.1,"ind_snv":24410.9,"men_surf":36.8,"men_coll":0.1,"men_mais":0.3,"log_soc":0,"ind_inc":0,"log":0.4,"ind_0_17":0.4,"ind_65p":0.2}},{"type":"Feature","geometry":{"type":"Polygon","coordinates":[[[-61.05201244354248,14.64533386433753],[-61.050167083740234,14.645292343333608],[-61.050167083740234,14.64350693272705],[-61.05201244354248,14.64350693272705],[-61.05201244354248,14.64533386433753]]]},"id":1331294057,"properties":{"GEO":"CRS5490RES200mN1619800E709800","GEO_OBJECT":"C200M","OBS_STATUS":"A","lcog_geo":"97209","ind":51,"men":27,"men_pauv":2,"men_1ind":13,"men_5ind":1,"men_prop":23,"men_fmp":3,"ind_snv":1567563,"men_surf":2981,"men_coll":6,"men_mais":21,"log_soc":0,"ind_inc":0,"log":27,"ind_0_17":6,"ind_65p":25}},{"type":"Feature","geometry":{"type":"Polygon","coordinates":[[[-61.05196952819824,14.648946161575864],[-61.050124168395996,14.64890464125611],[-61.050124168395996,14.647119260067072],[-61.05201244354248,14.647119260067072],[-61.05196952819824,14.648946161575864]]]},"id":1331294228,"properties":{"GEO":"CRS5490RES200mN1620200E709800","GEO_OBJECT":"C200M","OBS_STATUS":"I","lcog_geo":"97224","ind":6,"men":2.4,"men_pauv":0.4,"men_1ind":0.5,"men_5ind":0.3,"men_prop":1.4,"men_fmp":0.7,"ind_snv":146465.5,"men_surf":220.7,"men_coll":0.7,"men_mais":1.7,"log_soc":0,"ind_inc":0,"log":2.4000000000000004,"ind_0_17":1.7000000000000002,"ind_65p":1.2999999999999998}},{"type":"Feature","geometry":{"type":"Polygon","coordinates":[[[-61.05385780334473,14.647160780725002],[-61.05385780334473,14.64533386433753],[-61.05570316314697,14.64537538533358],[-61.05570316314697,14.647160780725002],[-61.05385780334473,14.647160780725002]]]},"id":1331294145,"properties":{"GEO":"CRS5490RES200mN1620000E709400","GEO_OBJECT":"C200M","OBS_STATUS":"A","lcog_geo":"97209","ind":44,"men":19,"men_pauv":5,"men_1ind":3,"men_5ind":1,"men_prop":9,"men_fmp":4,"ind_snv":942468.9,"men_surf":1754,"men_coll":5,"men_mais":14,"log_soc":0,"ind_inc":0,"log":19,"ind_0_17":6,"ind_65p":15}},{"type":"Feature","geometry":{"type":"Polygon","coordinates":[[[-61.05385780334473,14.647160780725002],[-61.05201244354248,14.647119260067072],[-61.05201244354248,14.64533386433753],[-61.05385780334473,14.64533386433753],[-61.05385780334473,14.647160780725002]]]},"id":1331294146,"properties":{"GEO":"CRS5490RES200mN1620000E709600","GEO_OBJECT":"C200M","OBS_STATUS":"A","lcog_geo":"97209,97224","ind":142.5,"men":71,"men_pauv":14,"men_1ind":28,"men_5ind":3,"men_prop":38,"men_fmp":19,"ind_snv":3499500.5,"men_surf":5219,"men_coll":48,"men_mais":23,"log_soc":0,"ind_inc":0,"log":71,"ind_0_17":30.5,"ind_65p":32}},{"type":"Feature","geometry":{"type":"Polygon","coordinates":[[[-61.05570316314697,14.648987681887732],[-61.05570316314697,14.647160780725002],[-61.05754852294922,14.647160780725002],[-61.05754852294922,14.648987681887732],[-61.05570316314697,14.648987681887732]]]},"id":1331294225,"properties":{"GEO":"CRS5490RES200mN1620200E709200","GEO_OBJECT":"C200M","OBS_STATUS":"A","lcog_geo":"97209","ind":97.5,"men":45,"men_pauv":9,"men_1ind":18,"men_5ind":2,"men_prop":16,"men_fmp":14,"ind_snv":2034910,"men_surf":3504,"men_coll":23,"men_mais":22,"log_soc":0,"ind_inc":0,"log":45,"ind_0_17":29.5,"ind_65p":19}},{"type":"Feature","geometry":{"type":"Polygon","coordinates":[[[-61.05754852294922,14.648987681887732],[-61.05754852294922,14.647160780725002],[-61.0594367980957,14.64720230137506],[-61.059393882751465,14.648987681887732],[-61.05754852294922,14.648987681887732]]]},"id":1331294224,"properties":{"GEO":"CRS5490RES200mN1620200E709000","GEO_OBJECT":"C200M","OBS_STATUS":"A","lcog_geo":"97209","ind":55.5,"men":29,"men_pauv":6,"men_1ind":15,"men_5ind":1,"men_prop":16,"men_fmp":5,"ind_snv":1387183.3,"men_surf":2749,"men_coll":13,"men_mais":16,"log_soc":0,"ind_inc":0,"log":29,"ind_0_17":10.5,"ind_65p":19}},{"type":"Feature","geometry":{"type":"Polygon","coordinates":[[[-61.05570316314697,14.647160780725002],[-61.05570316314697,14.64537538533358],[-61.05759143829346,14.64537538533358],[-61.05754852294922,14.647160780725002],[-61.05570316314697,14.647160780725002]]]},"id":1331294144,"properties":{"GEO":"CRS5490RES200mN1620000E709200","GEO_OBJECT":"C200M","OBS_STATUS":"A","lcog_geo":"97209","ind":83,"men":37,"men_pauv":8,"men_1ind":18,"men_5ind":4,"men_prop":19,"men_fmp":5,"ind_snv":2041024.7,"men_surf":3232,"men_coll":18,"men_mais":19,"log_soc":0,"ind_inc":0,"log":37,"ind_0_17":19,"ind_65p":12}},{"type":"Feature","geometry":{"type":"Polygon","coordinates":[[[-61.06128215789795,14.649029202191755],[-61.06128215789795,14.64720230137506],[-61.063127517700195,14.647243822017245],[-61.063127517700195,14.649029202191755],[-61.06128215789795,14.649029202191755]]]},"id":1331294222,"properties":{"GEO":"CRS5490RES200mN1620200E708600","GEO_OBJECT":"C200M","OBS_STATUS":"A","lcog_geo":"97209","ind":30.5,"men":16,"men_pauv":5,"men_1ind":7,"men_5ind":0,"men_prop":14,"men_fmp":2,"ind_snv":814516.8,"men_surf":1493,"men_coll":4,"men_mais":12,"log_soc":0,"ind_inc":0,"log":16,"ind_0_17":2,"ind_65p":12}},{"type":"Feature","geometry":{"type":"Polygon","coordinates":[[[-61.04081153869629,14.6506484879136],[-61.04085445404053,14.648863120928496],[-61.04269981384277,14.648863120928496],[-61.04269981384277,14.6506484879136],[-61.04081153869629,14.6506484879136]]]},"id":1331294305,"properties":{"GEO":"CRS5490RES200mN1620400E710800","GEO_OBJECT":"C200M","OBS_STATUS":"I","lcog_geo":"97224","ind":2,"men":0.8,"men_pauv":0,"men_1ind":0.2,"men_5ind":0.2,"men_prop":0.7,"men_fmp":0.2,"ind_snv":63496.1,"men_surf":99,"men_coll":0.2,"men_mais":0.6,"log_soc":0,"ind_inc":0,"log":0.8,"ind_0_17":0.5,"ind_65p":0.5}},{"type":"Feature","geometry":{"type":"Polygon","coordinates":[[[-61.038923263549805,14.654260697563913],[-61.03896617889404,14.652433840354988],[-61.04081153869629,14.652475360006136],[-61.04081153869629,14.654260697563913],[-61.038923263549805,14.654260697563913]]]},"id":1331294465,"properties":{"GEO":"CRS5490RES200mN1620800E711000","GEO_OBJECT":"C200M","OBS_STATUS":"I","lcog_geo":"97224","ind":6,"men":2.7,"men_pauv":0.3,"men_1ind":1,"men_5ind":0.2,"men_prop":2.2,"men_fmp":0.4,"ind_snv":180581.9,"men_surf":291.5,"men_coll":0.4,"men_mais":2.3,"log_soc":0,"ind_inc":0,"log":2.7,"ind_0_17":1.2,"ind_65p":1.9}},{"type":"Feature","geometry":{"type":"Polygon","coordinates":[[[-61.04081153869629,14.652475360006136],[-61.03896617889404,14.652433840354988],[-61.03896617889404,14.6506484879136],[-61.04081153869629,14.6506484879136],[-61.04081153869629,14.652475360006136]]]},"id":1331294384,"properties":{"GEO":"CRS5490RES200mN1620600E711000","GEO_OBJECT":"C200M","OBS_STATUS":"I","lcog_geo":"97224","ind":1,"men":0.4,"men_pauv":0,"men_1ind":0.2,"men_5ind":0,"men_prop":0.4,"men_fmp":0.1,"ind_snv":30097,"men_surf":48.6,"men_coll":0,"men_mais":0.4,"log_soc":0,"ind_inc":0,"log":0.4,"ind_0_17":0.1,"ind_65p":0.4}},{"type":"Feature","geometry":{"type":"Polygon","coordinates":[[[-61.04076862335205,14.656087539541389],[-61.038923263549805,14.656046020574692],[-61.038923263549805,14.654260697563913],[-61.04081153869629,14.654260697563913],[-61.04076862335205,14.656087539541389]]]},"id":1331294546,"properties":{"GEO":"CRS5490RES200mN1621000E711000","GEO_OBJECT":"C200M","OBS_STATUS":"A","lcog_geo":"97224","ind":30,"men":15,"men_pauv":3,"men_1ind":6,"men_5ind":0,"men_prop":10,"men_fmp":2,"ind_snv":871830.4,"men_surf":1417,"men_coll":7,"men_mais":8,"log_soc":0,"ind_inc":0,"log":15,"ind_0_17":4,"ind_65p":10}},{"type":"Feature","geometry":{"type":"Polygon","coordinates":[[[-61.0426139831543,14.656087539541389],[-61.042656898498535,14.654302216868928],[-61.04450225830078,14.654302216868928],[-61.04450225830078,14.656087539541389],[-61.0426139831543,14.656087539541389]]]},"id":1331294544,"properties":{"GEO":"CRS5490RES200mN1621000E710600","GEO_OBJECT":"C200M","OBS_STATUS":"I","lcog_geo":"97224","ind":1,"men":0.4,"men_pauv":0.1,"men_1ind":0.2,"men_5ind":0,"men_prop":0.4,"men_fmp":0,"ind_snv":29346.1,"men_surf":43.6,"men_coll":0.1,"men_mais":0.3,"log_soc":0,"ind_inc":0,"log":0.4,"ind_0_17":0.1,"ind_65p":0.30000000000000004}},{"type":"Feature","geometry":{"type":"Polygon","coordinates":[[[-61.0426139831543,14.65791436628568],[-61.0426139831543,14.656087539541389],[-61.04450225830078,14.656087539541389],[-61.04445934295654,14.65791436628568],[-61.0426139831543,14.65791436628568]]]},"id":1331294622,"properties":{"GEO":"CRS5490RES200mN1621200E710600","GEO_OBJECT":"C200M","OBS_STATUS":"I","lcog_geo":"97224","ind":12,"men":5.2,"men_pauv":0.7,"men_1ind":2,"men_5ind":0.3,"men_prop":4.3,"men_fmp":0.5,"ind_snv":352153.3,"men_surf":523.3,"men_coll":1.1,"men_mais":4.1,"log_soc":0,"ind_inc":0,"log":5.2,"ind_0_17":1.7000000000000002,"ind_65p":3.7}},{"type":"Feature","geometry":{"type":"Polygon","coordinates":[[[-61.04076862335205,14.656087539541389],[-61.04081153869629,14.654260697563913],[-61.042656898498535,14.654302216868928],[-61.0426139831543,14.656087539541389],[-61.04076862335205,14.656087539541389]]]},"id":1331294545,"properties":{"GEO":"CRS5490RES200mN1621000E710800","GEO_OBJECT":"C200M","OBS_STATUS":"I","lcog_geo":"97224","ind":12,"men":5.2,"men_pauv":0.7,"men_1ind":2,"men_5ind":0.3,"men_prop":4.3,"men_fmp":0.5,"ind_snv":352153.3,"men_surf":523.3,"men_coll":1.1,"men_mais":4.1,"log_soc":0,"ind_inc":0,"log":5.2,"ind_0_17":1.7000000000000002,"ind_65p":3.7}},{"type":"Feature","geometry":{"type":"Polygon","coordinates":[[[-61.04072570800781,14.659699659520854],[-61.04076862335205,14.657872847665217],[-61.0426139831543,14.65791436628568],[-61.0426139831543,14.659699659520854],[-61.04072570800781,14.659699659520854]]]},"id":1331294696,"properties":{"GEO":"CRS5490RES200mN1621400E710800","GEO_OBJECT":"C200M","OBS_STATUS":"I","lcog_geo":"97224","ind":8.5,"men":3.7,"men_pauv":0.5,"men_1ind":1.4,"men_5ind":0.2,"men_prop":3,"men_fmp":0.3,"ind_snv":249441.9,"men_surf":370.7,"men_coll":0.8,"men_mais":2.9,"log_soc":0,"ind_inc":0,"log":3.7,"ind_0_17":1.1,"ind_65p":2.7}},{"type":"Feature","geometry":{"type":"Polygon","coordinates":[[[-61.0426139831543,14.65791436628568],[-61.04076862335205,14.657872847665217],[-61.04076862335205,14.656087539541389],[-61.0426139831543,14.656087539541389],[-61.0426139831543,14.65791436628568]]]},"id":1331294623,"properties":{"GEO":"CRS5490RES200mN1621200E710800","GEO_OBJECT":"C200M","OBS_STATUS":"A","lcog_geo":"97224","ind":38,"men":15,"men_pauv":0,"men_1ind":2,"men_5ind":2,"men_prop":15,"men_fmp":1,"ind_snv":1350011.3,"men_surf":1714,"men_coll":2,"men_mais":13,"log_soc":0,"ind_inc":0,"log":15,"ind_0_17":9,"ind_65p":12}},{"type":"Feature","geometry":{"type":"Polygon","coordinates":[[[-61.04823589324951,14.654343736166055],[-61.04823589324951,14.65251687964944],[-61.05008125305176,14.652558399284857],[-61.05008125305176,14.654343736166055],[-61.04823589324951,14.654343736166055]]]},"id":1331294464,"properties":{"GEO":"CRS5490RES200mN1620800E710000","GEO_OBJECT":"C200M","OBS_STATUS":"I","lcog_geo":"97224","ind":5,"men":1.9,"men_pauv":0.1,"men_1ind":0.6,"men_5ind":0.4,"men_prop":1.8,"men_fmp":0.5,"ind_snv":158740.3,"men_surf":247.6,"men_coll":0.5,"men_mais":1.4,"log_soc":0,"ind_inc":0,"log":1.9000000000000001,"ind_0_17":1.2,"ind_65p":1.3}},{"type":"Feature","geometry":{"type":"Polygon","coordinates":[[[-61.050124168395996,14.650731527884545],[-61.050124168395996,14.64890464125611],[-61.05196952819824,14.648946161575864],[-61.05196952819824,14.650731527884545],[-61.050124168395996,14.650731527884545]]]},"id":1331294304,"properties":{"GEO":"CRS5490RES200mN1620400E709800","GEO_OBJECT":"C200M","OBS_STATUS":"I","lcog_geo":"97224","ind":3,"men":1.2,"men_pauv":0.2,"men_1ind":0.3,"men_5ind":0.1,"men_prop":0.7,"men_fmp":0.4,"ind_snv":73232.7,"men_surf":110.4,"men_coll":0.4,"men_mais":0.8,"log_soc":0,"ind_inc":0,"log":1.2,"ind_0_17":0.9,"ind_65p":0.7}},{"type":"Feature","geometry":{"type":"Polygon","coordinates":[[[-61.04634761810303,14.656129058500198],[-61.04634761810303,14.654302216868928],[-61.04823589324951,14.654343736166055],[-61.04819297790527,14.656129058500198],[-61.04634761810303,14.656129058500198]]]},"id":1331294543,"properties":{"GEO":"CRS5490RES200mN1621000E710200","GEO_OBJECT":"C200M","OBS_STATUS":"I","lcog_geo":"97224","ind":3,"men":1.3,"men_pauv":0.2,"men_1ind":0.5,"men_5ind":0.1,"men_prop":1.1,"men_fmp":0.1,"ind_snv":88038.3,"men_surf":130.8,"men_coll":0.3,"men_mais":1,"log_soc":0,"ind_inc":0,"log":1.3,"ind_0_17":0.4,"ind_65p":1}},{"type":"Feature","geometry":{"type":"Polygon","coordinates":[[[-61.05003833770752,14.656170577451164],[-61.04819297790527,14.656129058500198],[-61.04823589324951,14.654343736166055],[-61.05008125305176,14.654343736166055],[-61.05003833770752,14.656170577451164]]]},"id":1331294542,"properties":{"GEO":"CRS5490RES200mN1621000E710000","GEO_OBJECT":"C200M","OBS_STATUS":"I","lcog_geo":"97224","ind":2,"men":0.9,"men_pauv":0.1,"men_1ind":0.3,"men_5ind":0.1,"men_prop":0.7,"men_fmp":0.1,"ind_snv":58692.2,"men_surf":87.2,"men_coll":0.2,"men_mais":0.7,"log_soc":0,"ind_inc":0,"log":0.9,"ind_0_17":0.30000000000000004,"ind_65p":0.6}},{"type":"Feature","geometry":{"type":"Polygon","coordinates":[[[-61.04819297790527,14.657955884898257],[-61.04819297790527,14.656129058500198],[-61.05003833770752,14.656170577451164],[-61.05003833770752,14.657955884898257],[-61.04819297790527,14.657955884898257]]]},"id":1331294620,"properties":{"GEO":"CRS5490RES200mN1621200E710000","GEO_OBJECT":"C200M","OBS_STATUS":"A","lcog_geo":"97224","ind":31,"men":14,"men_pauv":2,"men_1ind":4,"men_5ind":1,"men_prop":9,"men_fmp":2,"ind_snv":719355.6,"men_surf":1010,"men_coll":1,"men_mais":13,"log_soc":0,"ind_inc":0,"log":14,"ind_0_17":5,"ind_65p":12}},{"type":"Feature","geometry":{"type":"Polygon","coordinates":[[[-61.04819297790527,14.657955884898257],[-61.04634761810303,14.65791436628568],[-61.04634761810303,14.656129058500198],[-61.04819297790527,14.656129058500198],[-61.04819297790527,14.657955884898257]]]},"id":1331294621,"properties":{"GEO":"CRS5490RES200mN1621200E710200","GEO_OBJECT":"C200M","OBS_STATUS":"A","lcog_geo":"97224","ind":30,"men":11,"men_pauv":3,"men_1ind":1,"men_5ind":1,"men_prop":9,"men_fmp":1,"ind_snv":830054,"men_surf":1227,"men_coll":1,"men_mais":10,"log_soc":0,"ind_inc":0,"log":11,"ind_0_17":8,"ind_65p":10}},{"type":"Feature","geometry":{"type":"Polygon","coordinates":[[[-61.04257106781006,14.661526456139896],[-61.04072570800781,14.66148493820414],[-61.04072570800781,14.659699659520854],[-61.0426139831543,14.659699659520854],[-61.04257106781006,14.661526456139896]]]},"id":1331294773,"properties":{"GEO":"CRS5490RES200mN1621600E710800","GEO_OBJECT":"C200M","OBS_STATUS":"I","lcog_geo":"97224","ind":9,"men":3.9,"men_pauv":0.5,"men_1ind":1.5,"men_5ind":0.2,"men_prop":3.2,"men_fmp":0.4,"ind_snv":264115,"men_surf":392.5,"men_coll":0.8,"men_mais":3.1,"log_soc":0,"ind_inc":0,"log":3.9000000000000004,"ind_0_17":1.2000000000000002,"ind_65p":2.9}},{"type":"Feature","geometry":{"type":"Polygon","coordinates":[[[-61.04072570800781,14.663311719931173],[-61.04072570800781,14.66148493820414],[-61.04257106781006,14.661526456139896],[-61.04257106781006,14.663311719931173],[-61.04072570800781,14.663311719931173]]]},"id":1331294857,"properties":{"GEO":"CRS5490RES200mN1621800E710800","GEO_OBJECT":"C200M","OBS_STATUS":"I","lcog_geo":"97224","ind":8,"men":3.4,"men_pauv":0.4,"men_1ind":1.3,"men_5ind":0.2,"men_prop":2.8,"men_fmp":0.3,"ind_snv":234768.9,"men_surf":348.9,"men_coll":0.7,"men_mais":2.7,"log_soc":0,"ind_inc":0,"log":3.4,"ind_0_17":1.1,"ind_65p":2.5}},{"type":"Feature","geometry":{"type":"Polygon","coordinates":[[[-61.04257106781006,14.6651384864182],[-61.04257106781006,14.663311719931173],[-61.044416427612305,14.663353237520582],[-61.044416427612305,14.6651384864182],[-61.04257106781006,14.6651384864182]]]},"id":1331294925,"properties":{"GEO":"CRS5490RES200mN1622000E710600","GEO_OBJECT":"C200M","OBS_STATUS":"I","lcog_geo":"97224","ind":8,"men":4.1,"men_pauv":1.2,"men_1ind":1.6,"men_5ind":0.2,"men_prop":2.9,"men_fmp":0.4,"ind_snv":170273.4,"men_surf":371.1,"men_coll":0.6,"men_mais":3.5,"log_soc":0,"ind_inc":0,"log":4.1,"ind_0_17":0.8,"ind_65p":2.9}},{"type":"Feature","geometry":{"type":"Polygon","coordinates":[[[-61.04257106781006,14.661526456139896],[-61.0426139831543,14.659699659520854],[-61.04445934295654,14.659741177795055],[-61.04445934295654,14.661526456139896],[-61.04257106781006,14.661526456139896]]]},"id":1331294772,"properties":{"GEO":"CRS5490RES200mN1621600E710600","GEO_OBJECT":"C200M","OBS_STATUS":"A","lcog_geo":"97224","ind":26,"men":15,"men_pauv":3,"men_1ind":9,"men_5ind":0,"men_prop":6,"men_fmp":0,"ind_snv":666039.7,"men_surf":1356,"men_coll":12,"men_mais":3,"log_soc":0,"ind_inc":0,"log":15,"ind_0_17":4,"ind_65p":8}},{"type":"Feature","geometry":{"type":"Polygon","coordinates":[[[-61.04445934295654,14.659741177795055],[-61.0426139831543,14.659699659520854],[-61.0426139831543,14.65791436628568],[-61.04445934295654,14.65791436628568],[-61.04445934295654,14.659741177795055]]]},"id":1331294695,"properties":{"GEO":"CRS5490RES200mN1621400E710600","GEO_OBJECT":"C200M","OBS_STATUS":"A","lcog_geo":"97224","ind":31,"men":15,"men_pauv":3,"men_1ind":5,"men_5ind":0,"men_prop":11,"men_fmp":2,"ind_snv":892346.9,"men_surf":1331,"men_coll":6,"men_mais":9,"log_soc":0,"ind_inc":0,"log":15,"ind_0_17":6,"ind_65p":13}},{"type":"Feature","geometry":{"type":"Polygon","coordinates":[[[-61.044416427612305,14.663353237520582],[-61.04257106781006,14.663311719931173],[-61.04257106781006,14.661526456139896],[-61.04445934295654,14.661526456139896],[-61.044416427612305,14.663353237520582]]]},"id":1331294856,"properties":{"GEO":"CRS5490RES200mN1621800E710600","GEO_OBJECT":"C200M","OBS_STATUS":"I","lcog_geo":"97224","ind":19,"men":8.2,"men_pauv":1,"men_1ind":3.1,"men_5ind":0.5,"men_prop":6.7,"men_fmp":0.8,"ind_snv":557576,"men_surf":828.6,"men_coll":1.7,"men_mais":6.5,"log_soc":0,"ind_inc":0,"log":8.2,"ind_0_17":2.7,"ind_65p":6}},{"type":"Feature","geometry":{"type":"Polygon","coordinates":[[[-61.04445934295654,14.661526456139896],[-61.04445934295654,14.659741177795055],[-61.04630470275879,14.659741177795055],[-61.04630470275879,14.661526456139896],[-61.04445934295654,14.661526456139896]]]},"id":1331294771,"properties":{"GEO":"CRS5490RES200mN1621600E710400","GEO_OBJECT":"C200M","OBS_STATUS":"A","lcog_geo":"97224","ind":22,"men":13,"men_pauv":2,"men_1ind":7,"men_5ind":0,"men_prop":9,"men_fmp":2,"ind_snv":613053.6,"men_surf":1287,"men_coll":5,"men_mais":8,"log_soc":0,"ind_inc":0,"log":13,"ind_0_17":4,"ind_65p":11}},{"type":"Feature","geometry":{"type":"Polygon","coordinates":[[[-61.03883743286133,14.666923720758987],[-61.03883743286133,14.665096969167294],[-61.040682792663574,14.665096969167294],[-61.040682792663574,14.666923720758987],[-61.03883743286133,14.666923720758987]]]},"id":1331294989,"properties":{"GEO":"CRS5490RES200mN1622200E711000","GEO_OBJECT":"C200M","OBS_STATUS":"I","lcog_geo":"97224","ind":13,"men":6.3,"men_pauv":1.6,"men_1ind":3.1,"men_5ind":0.6,"men_prop":4.7,"men_fmp":0.6,"ind_snv":329463.3,"men_surf":557.5,"men_coll":2.4,"men_mais":3.9,"log_soc":0,"ind_inc":0,"log":6.3,"ind_0_17":2.1,"ind_65p":4}},{"type":"Feature","geometry":{"type":"Polygon","coordinates":[[[-61.040682792663574,14.666923720758987],[-61.040682792663574,14.665096969167294],[-61.04257106781006,14.6651384864182],[-61.04252815246582,14.666923720758987],[-61.040682792663574,14.666923720758987]]]},"id":1331294988,"properties":{"GEO":"CRS5490RES200mN1622200E710800","GEO_OBJECT":"C200M","OBS_STATUS":"I","lcog_geo":"97224","ind":7,"men":3.6,"men_pauv":1,"men_1ind":1.4,"men_5ind":0.2,"men_prop":2.6,"men_fmp":0.3,"ind_snv":148989.2,"men_surf":324.7,"men_coll":0.5,"men_mais":3.1,"log_soc":0,"ind_inc":0,"log":3.5999999999999996,"ind_0_17":0.8,"ind_65p":2.5}},{"type":"Feature","geometry":{"type":"Polygon","coordinates":[[[-61.04257106781006,14.6651384864182],[-61.040682792663574,14.665096969167294],[-61.04072570800781,14.663311719931173],[-61.04257106781006,14.663311719931173],[-61.04257106781006,14.6651384864182]]]},"id":1331294926,"properties":{"GEO":"CRS5490RES200mN1622000E710800","GEO_OBJECT":"C200M","OBS_STATUS":"A","lcog_geo":"97224","ind":33,"men":17,"men_pauv":3,"men_1ind":5,"men_5ind":0,"men_prop":12,"men_fmp":3,"ind_snv":1010717.9,"men_surf":1447,"men_coll":5,"men_mais":12,"log_soc":0,"ind_inc":0,"log":17,"ind_0_17":3,"ind_65p":16}},{"type":"Feature","geometry":{"type":"Polygon","coordinates":[[[-61.044373512268066,14.666965237663447],[-61.04252815246582,14.666923720758987],[-61.04257106781006,14.6651384864182],[-61.044416427612305,14.6651384864182],[-61.044373512268066,14.666965237663447]]]},"id":1331294987,"properties":{"GEO":"CRS5490RES200mN1622200E710600","GEO_OBJECT":"C200M","OBS_STATUS":"I","lcog_geo":"97224","ind":3,"men":1.5,"men_pauv":0.4,"men_1ind":0.6,"men_5ind":0.1,"men_prop":1.1,"men_fmp":0.1,"ind_snv":63852.5,"men_surf":139.1,"men_coll":0.2,"men_mais":1.3,"log_soc":0,"ind_inc":0,"log":1.5,"ind_0_17":0.4,"ind_65p":1.1}},{"type":"Feature","geometry":{"type":"Polygon","coordinates":[[[-61.04252815246582,14.668750457107222],[-61.04252815246582,14.666923720758987],[-61.044373512268066,14.666965237663447],[-61.044373512268066,14.668750457107222],[-61.04252815246582,14.668750457107222]]]},"id":1331295036,"properties":{"GEO":"CRS5490RES200mN1622400E710600","GEO_OBJECT":"C200M","OBS_STATUS":"I","lcog_geo":"97224","ind":14,"men":7.2,"men_pauv":2,"men_1ind":2.8,"men_5ind":0.3,"men_prop":5.1,"men_fmp":0.7,"ind_snv":297978.5,"men_surf":649.3,"men_coll":1,"men_mais":6.2,"log_soc":0,"ind_inc":0,"log":7.2,"ind_0_17":1.4,"ind_65p":5.1}},{"type":"Feature","geometry":{"type":"Polygon","coordinates":[[[-61.044416427612305,14.663353237520582],[-61.04445934295654,14.661526456139896],[-61.04630470275879,14.661526456139896],[-61.04626178741455,14.663353237520582],[-61.044416427612305,14.663353237520582]]]},"id":1331294855,"properties":{"GEO":"CRS5490RES200mN1621800E710400","GEO_OBJECT":"C200M","OBS_STATUS":"I","lcog_geo":"97224","ind":32,"men":13.8,"men_pauv":1.7,"men_1ind":5.2,"men_5ind":0.9,"men_prop":11.4,"men_fmp":1.3,"ind_snv":939075.4,"men_surf":1395.5,"men_coll":2.9,"men_mais":10.9,"log_soc":0,"ind_inc":0,"log":13.8,"ind_0_17":4.5,"ind_65p":10.1}},{"type":"Feature","geometry":{"type":"Polygon","coordinates":[[[-61.044416427612305,14.6651384864182],[-61.044416427612305,14.663353237520582],[-61.04626178741455,14.663353237520582],[-61.04626178741455,14.6651384864182],[-61.044416427612305,14.6651384864182]]]},"id":1331294924,"properties":{"GEO":"CRS5490RES200mN1622000E710400","GEO_OBJECT":"C200M","OBS_STATUS":"I","lcog_geo":"97224","ind":3,"men":1.5,"men_pauv":0.4,"men_1ind":0.6,"men_5ind":0.1,"men_prop":1.1,"men_fmp":0.1,"ind_snv":63852.5,"men_surf":139.1,"men_coll":0.2,"men_mais":1.3,"log_soc":0,"ind_inc":0,"log":1.5,"ind_0_17":0.4,"ind_65p":1.1}},{"type":"Feature","geometry":{"type":"Polygon","coordinates":[[[-61.048150062561035,14.66156797406778],[-61.048150062561035,14.659741177795055],[-61.05003833770752,14.65978269606137],[-61.04999542236328,14.66156797406778],[-61.048150062561035,14.66156797406778]]]},"id":1331294769,"properties":{"GEO":"CRS5490RES200mN1621600E710000","GEO_OBJECT":"C200M","OBS_STATUS":"I","lcog_geo":"97224","ind":11,"men":4.7,"men_pauv":0.6,"men_1ind":1.8,"men_5ind":0.3,"men_prop":3.9,"men_fmp":0.5,"ind_snv":322807.2,"men_surf":479.7,"men_coll":1,"men_mais":3.7,"log_soc":0,"ind_inc":0,"log":4.7,"ind_0_17":1.5,"ind_65p":3.5}},{"type":"Feature","geometry":{"type":"Polygon","coordinates":[[[-61.04630470275879,14.659741177795055],[-61.04634761810303,14.65791436628568],[-61.04819297790527,14.657955884898257],[-61.048150062561035,14.659741177795055],[-61.04630470275879,14.659741177795055]]]},"id":1331294694,"properties":{"GEO":"CRS5490RES200mN1621400E710200","GEO_OBJECT":"C200M","OBS_STATUS":"I","lcog_geo":"97224","ind":13,"men":5.6,"men_pauv":0.7,"men_1ind":2.1,"men_5ind":0.4,"men_prop":4.6,"men_fmp":0.5,"ind_snv":381499.4,"men_surf":566.9,"men_coll":1.2,"men_mais":4.4,"log_soc":0,"ind_inc":0,"log":5.6000000000000005,"ind_0_17":1.8000000000000003,"ind_65p":4.1}},{"type":"Feature","geometry":{"type":"Polygon","coordinates":[[[-61.05003833770752,14.65978269606137],[-61.048150062561035,14.659741177795055],[-61.04819297790527,14.657955884898257],[-61.05003833770752,14.657955884898257],[-61.05003833770752,14.65978269606137]]]},"id":1331294693,"properties":{"GEO":"CRS5490RES200mN1621400E710000","GEO_OBJECT":"C200M","OBS_STATUS":"A","lcog_geo":"97224","ind":28,"men":13,"men_pauv":3,"men_1ind":5,"men_5ind":1,"men_prop":7,"men_fmp":0,"ind_snv":725202.1,"men_surf":1342,"men_coll":3,"men_mais":10,"log_soc":0,"ind_inc":0,"log":13,"ind_0_17":3,"ind_65p":11}},{"type":"Feature","geometry":{"type":"Polygon","coordinates":[[[-61.04626178741455,14.663353237520582],[-61.04630470275879,14.661526456139896],[-61.048150062561035,14.66156797406778],[-61.048150062561035,14.663353237520582],[-61.04626178741455,14.663353237520582]]]},"id":1331294854,"properties":{"GEO":"CRS5490RES200mN1621800E710200","GEO_OBJECT":"C200M","OBS_STATUS":"I","lcog_geo":"97224","ind":1,"men":0.4,"men_pauv":0.1,"men_1ind":0.2,"men_5ind":0,"men_prop":0.4,"men_fmp":0,"ind_snv":29346.1,"men_surf":43.6,"men_coll":0.1,"men_mais":0.3,"log_soc":0,"ind_inc":0,"log":0.4,"ind_0_17":0.1,"ind_65p":0.30000000000000004}},{"type":"Feature","geometry":{"type":"Polygon","coordinates":[[[-61.048150062561035,14.66156797406778],[-61.04630470275879,14.661526456139896],[-61.04630470275879,14.659741177795055],[-61.048150062561035,14.659741177795055],[-61.048150062561035,14.66156797406778]]]},"id":1331294770,"properties":{"GEO":"CRS5490RES200mN1621600E710200","GEO_OBJECT":"C200M","OBS_STATUS":"I","lcog_geo":"97224","ind":15,"men":6.5,"men_pauv":0.8,"men_1ind":2.5,"men_5ind":0.4,"men_prop":5.3,"men_fmp":0.6,"ind_snv":440191.6,"men_surf":654.2,"men_coll":1.4,"men_mais":5.1,"log_soc":0,"ind_inc":0,"log":6.5,"ind_0_17":2.1,"ind_65p":4.7}},{"type":"Feature","geometry":{"type":"Polygon","coordinates":[[[-61.04999542236328,14.663394755102132],[-61.04999542236328,14.66156797406778],[-61.051883697509766,14.66160949198779],[-61.05184078216553,14.663394755102132],[-61.04999542236328,14.663394755102132]]]},"id":1331294853,"properties":{"GEO":"CRS5490RES200mN1621800E709800","GEO_OBJECT":"C200M","OBS_STATUS":"I","lcog_geo":"97224","ind":4,"men":1.8,"men_pauv":0.2,"men_1ind":0.6,"men_5ind":0.1,"men_prop":1.3,"men_fmp":0.2,"ind_snv":112063.2,"men_surf":172.8,"men_coll":0.4,"men_mais":1.4,"log_soc":0,"ind_inc":0,"log":1.8,"ind_0_17":0.4,"ind_65p":1.5}},{"type":"Feature","geometry":{"type":"Polygon","coordinates":[[[-61.051883697509766,14.66160949198779],[-61.04999542236328,14.66156797406778],[-61.05003833770752,14.65978269606137],[-61.051883697509766,14.65978269606137],[-61.051883697509766,14.66160949198779]]]},"id":1331294768,"properties":{"GEO":"CRS5490RES200mN1621600E709800","GEO_OBJECT":"C200M","OBS_STATUS":"I","lcog_geo":"97224","ind":7,"men":3.2,"men_pauv":0.3,"men_1ind":1,"men_5ind":0.2,"men_prop":2.3,"men_fmp":0.4,"ind_snv":196110.6,"men_surf":302.4,"men_coll":0.7,"men_mais":2.5,"log_soc":0,"ind_inc":0,"log":3.2,"ind_0_17":0.8,"ind_65p":2.6}},{"type":"Feature","geometry":{"type":"Polygon","coordinates":[[[-61.04626178741455,14.666965237663447],[-61.04626178741455,14.6651384864182],[-61.0481071472168,14.66518000366122],[-61.0481071472168,14.666965237663447],[-61.04626178741455,14.666965237663447]]]},"id":1331294985,"properties":{"GEO":"CRS5490RES200mN1622200E710200","GEO_OBJECT":"C200M","OBS_STATUS":"I","lcog_geo":"97224","ind":13,"men":6.7,"men_pauv":1.9,"men_1ind":2.6,"men_5ind":0.3,"men_prop":4.8,"men_fmp":0.6,"ind_snv":276694.3,"men_surf":603,"men_coll":1,"men_mais":5.7,"log_soc":0,"ind_inc":0,"log":6.7,"ind_0_17":1.3,"ind_65p":4.8}},{"type":"Feature","geometry":{"type":"Polygon","coordinates":[[[-61.0481071472168,14.66518000366122],[-61.04626178741455,14.6651384864182],[-61.04626178741455,14.663353237520582],[-61.048150062561035,14.663353237520582],[-61.0481071472168,14.66518000366122]]]},"id":1331294923,"properties":{"GEO":"CRS5490RES200mN1622000E710200","GEO_OBJECT":"C200M","OBS_STATUS":"A","lcog_geo":"97224","ind":25.5,"men":11,"men_pauv":4,"men_1ind":4,"men_5ind":1,"men_prop":5,"men_fmp":4,"ind_snv":545406.5,"men_surf":955,"men_coll":2,"men_mais":9,"log_soc":0,"ind_inc":0,"log":11,"ind_0_17":6.5,"ind_65p":5}},{"type":"Feature","geometry":{"type":"Polygon","coordinates":[[[-61.044373512268066,14.666965237663447],[-61.044416427612305,14.6651384864182],[-61.04626178741455,14.6651384864182],[-61.04626178741455,14.666965237663447],[-61.044373512268066,14.666965237663447]]]},"id":1331294986,"properties":{"GEO":"CRS5490RES200mN1622200E710400","GEO_OBJECT":"C200M","OBS_STATUS":"I","lcog_geo":"97224","ind":2,"men":1,"men_pauv":0.3,"men_1ind":0.4,"men_5ind":0,"men_prop":0.7,"men_fmp":0.1,"ind_snv":42568.4,"men_surf":92.8,"men_coll":0.1,"men_mais":0.9,"log_soc":0,"ind_inc":0,"log":1,"ind_0_17":0.1,"ind_65p":0.8}},{"type":"Feature","geometry":{"type":"Polygon","coordinates":[[[-61.0481071472168,14.668791973665236],[-61.0481071472168,14.666965237663447],[-61.04995250701904,14.667006754560063],[-61.04995250701904,14.668791973665236],[-61.0481071472168,14.668791973665236]]]},"id":1331295034,"properties":{"GEO":"CRS5490RES200mN1622400E710000","GEO_OBJECT":"C200M","OBS_STATUS":"A","lcog_geo":"97224","ind":24,"men":16,"men_pauv":4,"men_1ind":10,"men_5ind":0,"men_prop":13,"men_fmp":1,"ind_snv":453594,"men_surf":1329,"men_coll":0,"men_mais":16,"log_soc":0,"ind_inc":0,"log":16,"ind_0_17":2,"ind_65p":3}},{"type":"Feature","geometry":{"type":"Polygon","coordinates":[[[-61.04995250701904,14.667006754560063],[-61.0481071472168,14.666965237663447],[-61.0481071472168,14.66518000366122],[-61.04999542236328,14.66518000366122],[-61.04995250701904,14.667006754560063]]]},"id":1331294984,"properties":{"GEO":"CRS5490RES200mN1622200E710000","GEO_OBJECT":"C200M","OBS_STATUS":"I","lcog_geo":"97224","ind":16,"men":8.2,"men_pauv":2.3,"men_1ind":3.3,"men_5ind":0.4,"men_prop":5.9,"men_fmp":0.8,"ind_snv":340546.8,"men_surf":742.1,"men_coll":1.2,"men_mais":7,"log_soc":0,"ind_inc":0,"log":8.2,"ind_0_17":1.6,"ind_65p":5.9}},{"type":"Feature","geometry":{"type":"Polygon","coordinates":[[[-61.05381488800049,14.650773047858209],[-61.05381488800049,14.648946161575864],[-61.05570316314697,14.648987681887732],[-61.055660247802734,14.650773047858209],[-61.05381488800049,14.650773047858209]]]},"id":1331294302,"properties":{"GEO":"CRS5490RES200mN1620400E709400","GEO_OBJECT":"C200M","OBS_STATUS":"A","lcog_geo":"97209,97224","ind":22,"men":13,"men_pauv":5,"men_1ind":8,"men_5ind":0,"men_prop":7,"men_fmp":2,"ind_snv":446520.1,"men_surf":1006,"men_coll":4,"men_mais":9,"log_soc":0,"ind_inc":0,"log":13,"ind_0_17":3,"ind_65p":7}},{"type":"Feature","geometry":{"type":"Polygon","coordinates":[[[-61.05196952819824,14.648946161575864],[-61.05201244354248,14.647119260067072],[-61.05385780334473,14.647160780725002],[-61.05381488800049,14.648946161575864],[-61.05196952819824,14.648946161575864]]]},"id":1331294227,"properties":{"GEO":"CRS5490RES200mN1620200E709600","GEO_OBJECT":"C200M","OBS_STATUS":"A","lcog_geo":"97209,97224","ind":25,"men":11,"men_pauv":2,"men_1ind":4,"men_5ind":0,"men_prop":7,"men_fmp":1,"ind_snv":754718,"men_surf":942,"men_coll":1,"men_mais":10,"log_soc":0,"ind_inc":0,"log":11,"ind_0_17":4,"ind_65p":5}},{"type":"Feature","geometry":{"type":"Polygon","coordinates":[[[-61.05570316314697,14.648987681887732],[-61.05381488800049,14.648946161575864],[-61.05385780334473,14.647160780725002],[-61.05570316314697,14.647160780725002],[-61.05570316314697,14.648987681887732]]]},"id":1331294226,"properties":{"GEO":"CRS5490RES200mN1620200E709400","GEO_OBJECT":"C200M","OBS_STATUS":"A","lcog_geo":"97209","ind":66,"men":31,"men_pauv":11,"men_1ind":13,"men_5ind":1,"men_prop":14,"men_fmp":6,"ind_snv":1262395,"men_surf":1994,"men_coll":16,"men_mais":15,"log_soc":0,"ind_inc":0,"log":31,"ind_0_17":9,"ind_65p":21}},{"type":"Feature","geometry":{"type":"Polygon","coordinates":[[[-61.055660247802734,14.650773047858209],[-61.05570316314697,14.648987681887732],[-61.05754852294922,14.648987681887732],[-61.05754852294922,14.650773047858209],[-61.055660247802734,14.650773047858209]]]},"id":1331294301,"properties":{"GEO":"CRS5490RES200mN1620400E709200","GEO_OBJECT":"C200M","OBS_STATUS":"A","lcog_geo":"97209,97224","ind":31,"men":15,"men_pauv":4,"men_1ind":6,"men_5ind":0,"men_prop":9,"men_fmp":2,"ind_snv":621059.3,"men_surf":1114,"men_coll":6,"men_mais":9,"log_soc":0,"ind_inc":0,"log":15,"ind_0_17":6,"ind_65p":7}},{"type":"Feature","geometry":{"type":"Polygon","coordinates":[[[-61.051926612854004,14.652558399284857],[-61.05196952819824,14.650731527884545],[-61.05381488800049,14.650773047858209],[-61.05381488800049,14.652558399284857],[-61.051926612854004,14.652558399284857]]]},"id":1331294383,"properties":{"GEO":"CRS5490RES200mN1620600E709600","GEO_OBJECT":"C200M","OBS_STATUS":"I","lcog_geo":"97224","ind":4,"men":1.6,"men_pauv":0.3,"men_1ind":0.3,"men_5ind":0.2,"men_prop":1,"men_fmp":0.5,"ind_snv":97643.6,"men_surf":147.1,"men_coll":0.5,"men_mais":1.1,"log_soc":0,"ind_inc":0,"log":1.6,"ind_0_17":1.2000000000000002,"ind_65p":0.9}},{"type":"Feature","geometry":{"type":"Polygon","coordinates":[[[-61.05381488800049,14.650773047858209],[-61.05196952819824,14.650731527884545],[-61.05196952819824,14.648946161575864],[-61.05381488800049,14.648946161575864],[-61.05381488800049,14.650773047858209]]]},"id":1331294303,"properties":{"GEO":"CRS5490RES200mN1620400E709600","GEO_OBJECT":"C200M","OBS_STATUS":"I","lcog_geo":"97224,97209","ind":5,"men":2,"men_pauv":0.3,"men_1ind":0.4,"men_5ind":0.2,"men_prop":1.2,"men_fmp":0.6,"ind_snv":122054.5,"men_surf":183.9,"men_coll":0.6,"men_mais":1.4,"log_soc":0,"ind_inc":0,"log":2,"ind_0_17":1.4,"ind_65p":1.1}},{"type":"Feature","geometry":{"type":"Polygon","coordinates":[[[-61.05377197265625,14.654385255455338],[-61.051926612854004,14.654343736166055],[-61.051926612854004,14.652558399284857],[-61.05381488800049,14.652558399284857],[-61.05377197265625,14.654385255455338]]]},"id":1331294463,"properties":{"GEO":"CRS5490RES200mN1620800E709600","GEO_OBJECT":"C200M","OBS_STATUS":"I","lcog_geo":"97224","ind":11,"men":4.3,"men_pauv":0.7,"men_1ind":1,"men_5ind":0.5,"men_prop":2.6,"men_fmp":1.3,"ind_snv":268520,"men_surf":404.7,"men_coll":1.3,"men_mais":3,"log_soc":0,"ind_inc":0,"log":4.3,"ind_0_17":3.2,"ind_65p":2.4000000000000004}},{"type":"Feature","geometry":{"type":"Polygon","coordinates":[[[-61.055660247802734,14.65259991891243],[-61.055660247802734,14.650773047858209],[-61.05754852294922,14.650773047858209],[-61.05750560760498,14.65259991891243],[-61.055660247802734,14.65259991891243]]]},"id":1331294381,"properties":{"GEO":"CRS5490RES200mN1620600E709200","GEO_OBJECT":"C200M","OBS_STATUS":"A","lcog_geo":"97224","ind":45,"men":15,"men_pauv":4,"men_1ind":1,"men_5ind":1,"men_prop":5,"men_fmp":4,"ind_snv":1079819.5,"men_surf":1193,"men_coll":5,"men_mais":10,"log_soc":0,"ind_inc":0,"log":15,"ind_0_17":15,"ind_65p":5}},{"type":"Feature","geometry":{"type":"Polygon","coordinates":[[[-61.05377197265625,14.654385255455338],[-61.05381488800049,14.652558399284857],[-61.055660247802734,14.65259991891243],[-61.055660247802734,14.654385255455338],[-61.05377197265625,14.654385255455338]]]},"id":1331294462,"properties":{"GEO":"CRS5490RES200mN1620800E709400","GEO_OBJECT":"C200M","OBS_STATUS":"A","lcog_geo":"97224","ind":21,"men":11,"men_pauv":1,"men_1ind":4,"men_5ind":0,"men_prop":11,"men_fmp":0,"ind_snv":749271.7,"men_surf":1739,"men_coll":0,"men_mais":11,"log_soc":0,"ind_inc":0,"log":11,"ind_0_17":0,"ind_65p":15}},{"type":"Feature","geometry":{"type":"Polygon","coordinates":[[[-61.055660247802734,14.65259991891243],[-61.05381488800049,14.652558399284857],[-61.05381488800049,14.650773047858209],[-61.055660247802734,14.650773047858209],[-61.055660247802734,14.65259991891243]]]},"id":1331294382,"properties":{"GEO":"CRS5490RES200mN1620600E709400","GEO_OBJECT":"C200M","OBS_STATUS":"A","lcog_geo":"97224","ind":33,"men":15,"men_pauv":1,"men_1ind":6,"men_5ind":1,"men_prop":8,"men_fmp":1,"ind_snv":1030733.3,"men_surf":1405,"men_coll":6,"men_mais":9,"log_soc":0,"ind_inc":0,"log":15,"ind_0_17":7,"ind_65p":8}},{"type":"Feature","geometry":{"type":"Polygon","coordinates":[[[-61.051926612854004,14.656170577451164],[-61.051926612854004,14.654343736166055],[-61.05377197265625,14.654385255455338],[-61.05377197265625,14.656170577451164],[-61.051926612854004,14.656170577451164]]]},"id":1331294540,"properties":{"GEO":"CRS5490RES200mN1621000E709600","GEO_OBJECT":"C200M","OBS_STATUS":"A","lcog_geo":"97224","ind":40.5,"men":23,"men_pauv":0,"men_1ind":10,"men_5ind":1,"men_prop":20,"men_fmp":1,"ind_snv":1430194,"men_surf":1726,"men_coll":9,"men_mais":14,"log_soc":0,"ind_inc":0,"log":23,"ind_0_17":3.5,"ind_65p":21}},{"type":"Feature","geometry":{"type":"Polygon","coordinates":[[[-61.05003833770752,14.656170577451164],[-61.05008125305176,14.654343736166055],[-61.051926612854004,14.654343736166055],[-61.051926612854004,14.656170577451164],[-61.05003833770752,14.656170577451164]]]},"id":1331294541,"properties":{"GEO":"CRS5490RES200mN1621000E709800","GEO_OBJECT":"C200M","OBS_STATUS":"I","lcog_geo":"97224","ind":2.5,"men":1.1,"men_pauv":0.1,"men_1ind":0.4,"men_5ind":0.1,"men_prop":0.8,"men_fmp":0.1,"ind_snv":70039.5,"men_surf":108,"men_coll":0.2,"men_mais":0.9,"log_soc":0,"ind_inc":0,"log":1.1,"ind_0_17":0.2,"ind_65p":0.8999999999999999}},{"type":"Feature","geometry":{"type":"Polygon","coordinates":[[[-61.05003833770752,14.65978269606137],[-61.05003833770752,14.657955884898257],[-61.051883697509766,14.657955884898257],[-61.051883697509766,14.65978269606137],[-61.05003833770752,14.65978269606137]]]},"id":1331294692,"properties":{"GEO":"CRS5490RES200mN1621400E709800","GEO_OBJECT":"C200M","OBS_STATUS":"I","lcog_geo":"97224","ind":11,"men":5,"men_pauv":0.5,"men_1ind":1.6,"men_5ind":0.3,"men_prop":3.6,"men_fmp":0.7,"ind_snv":308173.8,"men_surf":475.2,"men_coll":1.1,"men_mais":3.9,"log_soc":0,"ind_inc":0,"log":5,"ind_0_17":1.4,"ind_65p":4}},{"type":"Feature","geometry":{"type":"Polygon","coordinates":[[[-61.05003833770752,14.657955884898257],[-61.05003833770752,14.656170577451164],[-61.051926612854004,14.656170577451164],[-61.051883697509766,14.657955884898257],[-61.05003833770752,14.657955884898257]]]},"id":1331294619,"properties":{"GEO":"CRS5490RES200mN1621200E709800","GEO_OBJECT":"C200M","OBS_STATUS":"I","lcog_geo":"97224","ind":7,"men":3.2,"men_pauv":0.3,"men_1ind":1,"men_5ind":0.2,"men_prop":2.3,"men_fmp":0.4,"ind_snv":196110.6,"men_surf":302.4,"men_coll":0.7,"men_mais":2.5,"log_soc":0,"ind_inc":0,"log":3.2,"ind_0_17":0.8,"ind_65p":2.6}},{"type":"Feature","geometry":{"type":"Polygon","coordinates":[[[-61.05377197265625,14.657997403502975],[-61.051883697509766,14.657955884898257],[-61.051926612854004,14.656170577451164],[-61.05377197265625,14.656170577451164],[-61.05377197265625,14.657997403502975]]]},"id":1331294618,"properties":{"GEO":"CRS5490RES200mN1621200E709600","GEO_OBJECT":"C200M","OBS_STATUS":"I","lcog_geo":"97224","ind":9,"men":4.1,"men_pauv":0.4,"men_1ind":1.3,"men_5ind":0.2,"men_prop":2.9,"men_fmp":0.5,"ind_snv":252142.2,"men_surf":388.8,"men_coll":0.9,"men_mais":3.2,"log_soc":0,"ind_inc":0,"log":4.1,"ind_0_17":1,"ind_65p":3.3000000000000003}},{"type":"Feature","geometry":{"type":"Polygon","coordinates":[[[-61.05377197265625,14.657997403502975],[-61.05377197265625,14.656170577451164],[-61.055617332458496,14.656212096394228],[-61.055617332458496,14.657997403502975],[-61.05377197265625,14.657997403502975]]]},"id":1331294617,"properties":{"GEO":"CRS5490RES200mN1621200E709400","GEO_OBJECT":"C200M","OBS_STATUS":"I","lcog_geo":"97224","ind":2,"men":0.9,"men_pauv":0.1,"men_1ind":0.3,"men_5ind":0.1,"men_prop":0.7,"men_fmp":0.1,"ind_snv":56031.6,"men_surf":86.4,"men_coll":0.2,"men_mais":0.7,"log_soc":0,"ind_inc":0,"log":0.9,"ind_0_17":0.2,"ind_65p":0.7}},{"type":"Feature","geometry":{"type":"Polygon","coordinates":[[[-61.055617332458496,14.656212096394228],[-61.05377197265625,14.656170577451164],[-61.05377197265625,14.654385255455338],[-61.055660247802734,14.654385255455338],[-61.055617332458496,14.656212096394228]]]},"id":1331294539,"properties":{"GEO":"CRS5490RES200mN1621000E709400","GEO_OBJECT":"C200M","OBS_STATUS":"I","lcog_geo":"97224","ind":12,"men":5.5,"men_pauv":0.6,"men_1ind":1.8,"men_5ind":0.3,"men_prop":3.9,"men_fmp":0.7,"ind_snv":336189.6,"men_surf":518.4,"men_coll":1.2,"men_mais":4.3,"log_soc":0,"ind_inc":0,"log":5.5,"ind_0_17":1.5,"ind_65p":4.4}},{"type":"Feature","geometry":{"type":"Polygon","coordinates":[[[-61.05750560760498,14.654426774736748],[-61.05750560760498,14.65259991891243],[-61.059393882751465,14.65259991891243],[-61.05935096740723,14.654426774736748],[-61.05750560760498,14.654426774736748]]]},"id":1331294460,"properties":{"GEO":"CRS5490RES200mN1620800E709000","GEO_OBJECT":"C200M","OBS_STATUS":"I","lcog_geo":"97209,97224","ind":12,"men":4.7,"men_pauv":0.8,"men_1ind":1,"men_5ind":0.5,"men_prop":2.9,"men_fmp":1.4,"ind_snv":292930.9,"men_surf":441.4,"men_coll":1.4,"men_mais":3.3,"log_soc":0,"ind_inc":0,"log":4.7,"ind_0_17":3.5,"ind_65p":2.5999999999999996}},{"type":"Feature","geometry":{"type":"Polygon","coordinates":[[[-61.059393882751465,14.650814567824028],[-61.059393882751465,14.648987681887732],[-61.06128215789795,14.649029202191755],[-61.06123924255371,14.650814567824028],[-61.059393882751465,14.650814567824028]]]},"id":1331294299,"properties":{"GEO":"CRS5490RES200mN1620400E708800","GEO_OBJECT":"C200M","OBS_STATUS":"A","lcog_geo":"97209","ind":35,"men":14,"men_pauv":7,"men_1ind":4,"men_5ind":1,"men_prop":10,"men_fmp":5,"ind_snv":664221,"men_surf":954,"men_coll":1,"men_mais":13,"log_soc":0,"ind_inc":0,"log":14,"ind_0_17":6,"ind_65p":9}},{"type":"Feature","geometry":{"type":"Polygon","coordinates":[[[-61.06128215789795,14.649029202191755],[-61.059393882751465,14.648987681887732],[-61.0594367980957,14.64720230137506],[-61.06128215789795,14.64720230137506],[-61.06128215789795,14.649029202191755]]]},"id":1331294223,"properties":{"GEO":"CRS5490RES200mN1620200E708800","GEO_OBJECT":"C200M","OBS_STATUS":"A","lcog_geo":"97209","ind":61,"men":32,"men_pauv":5,"men_1ind":15,"men_5ind":2,"men_prop":21,"men_fmp":5,"ind_snv":1592365.1,"men_surf":2990,"men_coll":12,"men_mais":20,"log_soc":0,"ind_inc":0,"log":32,"ind_0_17":11,"ind_65p":21}},{"type":"Feature","geometry":{"type":"Polygon","coordinates":[[[-61.05750560760498,14.65259991891243],[-61.05754852294922,14.650773047858209],[-61.059393882751465,14.650814567824028],[-61.059393882751465,14.65259991891243],[-61.05750560760498,14.65259991891243]]]},"id":1331294380,"properties":{"GEO":"CRS5490RES200mN1620600E709000","GEO_OBJECT":"C200M","OBS_STATUS":"I","lcog_geo":"97224,97209","ind":21.5,"men":8.5,"men_pauv":1.4,"men_1ind":1.9,"men_5ind":0.9,"men_prop":5.2,"men_fmp":2.6,"ind_snv":524834.6,"men_surf":790.9,"men_coll":2.6,"men_mais":5.9,"log_soc":0,"ind_inc":0,"log":8.5,"ind_0_17":6.199999999999999,"ind_65p":4.7}},{"type":"Feature","geometry":{"type":"Polygon","coordinates":[[[-61.059393882751465,14.650814567824028],[-61.05754852294922,14.650773047858209],[-61.05754852294922,14.648987681887732],[-61.059393882751465,14.648987681887732],[-61.059393882751465,14.650814567824028]]]},"id":1331294300,"properties":{"GEO":"CRS5490RES200mN1620400E709000","GEO_OBJECT":"C200M","OBS_STATUS":"I","lcog_geo":"97209,97224","ind":28,"men":11,"men_pauv":1.8,"men_1ind":2.4,"men_5ind":1.2,"men_prop":6.7,"men_fmp":3.4,"ind_snv":683505.5,"men_surf":1030,"men_coll":3.4,"men_mais":7.6,"log_soc":0,"ind_inc":0,"log":11,"ind_0_17":8,"ind_65p":6.199999999999999}},{"type":"Feature","geometry":{"type":"Polygon","coordinates":[[[-61.06123924255371,14.652641438532115],[-61.059393882751465,14.65259991891243],[-61.059393882751465,14.650814567824028],[-61.06123924255371,14.650814567824028],[-61.06123924255371,14.652641438532115]]]},"id":1331294379,"properties":{"GEO":"CRS5490RES200mN1620600E708800","GEO_OBJECT":"C200M","OBS_STATUS":"A","lcog_geo":"97209","ind":40,"men":18,"men_pauv":0,"men_1ind":6,"men_5ind":0,"men_prop":12,"men_fmp":1,"ind_snv":1236184,"men_surf":1297,"men_coll":17,"men_mais":1,"log_soc":0,"ind_inc":0,"log":18,"ind_0_17":11,"ind_65p":4}},{"type":"Feature","geometry":{"type":"Polygon","coordinates":[[[-61.055617332458496,14.656212096394228],[-61.055660247802734,14.654385255455338],[-61.05750560760498,14.654426774736748],[-61.05750560760498,14.656212096394228],[-61.055617332458496,14.656212096394228]]]},"id":1331294538,"properties":{"GEO":"CRS5490RES200mN1621000E709200","GEO_OBJECT":"C200M","OBS_STATUS":"A","lcog_geo":"97224","ind":38,"men":16,"men_pauv":0,"men_1ind":4,"men_5ind":2,"men_prop":15,"men_fmp":3,"ind_snv":1393624.3,"men_surf":1969,"men_coll":1,"men_mais":15,"log_soc":0,"ind_inc":0,"log":16,"ind_0_17":7,"ind_65p":14}},{"type":"Feature","geometry":{"type":"Polygon","coordinates":[[[-61.05750560760498,14.654426774736748],[-61.055660247802734,14.654385255455338],[-61.055660247802734,14.65259991891243],[-61.05750560760498,14.65259991891243],[-61.05750560760498,14.654426774736748]]]},"id":1331294461,"properties":{"GEO":"CRS5490RES200mN1620800E709200","GEO_OBJECT":"C200M","OBS_STATUS":"A","lcog_geo":"97224","ind":34,"men":15,"men_pauv":2,"men_1ind":5,"men_5ind":0,"men_prop":12,"men_fmp":0,"ind_snv":963675.7,"men_surf":1470,"men_coll":8,"men_mais":7,"log_soc":0,"ind_inc":0,"log":15,"ind_0_17":2,"ind_65p":11}},{"type":"Feature","geometry":{"type":"Polygon","coordinates":[[[-61.05746269226074,14.658038922099848],[-61.055617332458496,14.657997403502975],[-61.055617332458496,14.656212096394228],[-61.05750560760498,14.656212096394228],[-61.05746269226074,14.658038922099848]]]},"id":1331294616,"properties":{"GEO":"CRS5490RES200mN1621200E709200","GEO_OBJECT":"C200M","OBS_STATUS":"A","lcog_geo":"97224","ind":79,"men":36,"men_pauv":2,"men_1ind":14,"men_5ind":1,"men_prop":28,"men_fmp":7,"ind_snv":2418215.8,"men_surf":3741,"men_coll":28,"men_mais":8,"log_soc":0,"ind_inc":0,"log":36,"ind_0_17":20,"ind_65p":14}},{"type":"Feature","geometry":{"type":"Polygon","coordinates":[[[-61.05750560760498,14.656212096394228],[-61.05750560760498,14.654426774736748],[-61.05935096740723,14.654426774736748],[-61.05935096740723,14.656212096394228],[-61.05750560760498,14.656212096394228]]]},"id":1331294537,"properties":{"GEO":"CRS5490RES200mN1621000E709000","GEO_OBJECT":"C200M","OBS_STATUS":"A","lcog_geo":"97224,97209","ind":19,"men":13,"men_pauv":1,"men_1ind":8,"men_5ind":0,"men_prop":12,"men_fmp":1,"ind_snv":618487,"men_surf":1160,"men_coll":0,"men_mais":13,"log_soc":0,"ind_inc":0,"log":13,"ind_0_17":2,"ind_65p":11}},{"type":"Feature","geometry":{"type":"Polygon","coordinates":[[[-61.05930805206299,14.658038922099848],[-61.05935096740723,14.656212096394228],[-61.06119632720947,14.656253615329447],[-61.06119632720947,14.658038922099848],[-61.05930805206299,14.658038922099848]]]},"id":1331294614,"properties":{"GEO":"CRS5490RES200mN1621200E708800","GEO_OBJECT":"C200M","OBS_STATUS":"A","lcog_geo":"97224,97209","ind":29,"men":12,"men_pauv":6,"men_1ind":4,"men_5ind":1,"men_prop":6,"men_fmp":2,"ind_snv":784631.7,"men_surf":927,"men_coll":1,"men_mais":11,"log_soc":0,"ind_inc":0,"log":12,"ind_0_17":3,"ind_65p":9}},{"type":"Feature","geometry":{"type":"Polygon","coordinates":[[[-61.051883697509766,14.66160949198779],[-61.051883697509766,14.65978269606137],[-61.05372905731201,14.65978269606137],[-61.05372905731201,14.66160949198779],[-61.051883697509766,14.66160949198779]]]},"id":1331294767,"properties":{"GEO":"CRS5490RES200mN1621600E709600","GEO_OBJECT":"C200M","OBS_STATUS":"I","lcog_geo":"97224","ind":5,"men":2.3,"men_pauv":0.2,"men_1ind":0.7,"men_5ind":0.1,"men_prop":1.6,"men_fmp":0.3,"ind_snv":140079,"men_surf":216,"men_coll":0.5,"men_mais":1.8,"log_soc":0,"ind_inc":0,"log":2.3,"ind_0_17":0.7,"ind_65p":1.8}},{"type":"Feature","geometry":{"type":"Polygon","coordinates":[[[-61.055617332458496,14.659824214319826],[-61.05372905731201,14.65978269606137],[-61.05377197265625,14.657997403502975],[-61.055617332458496,14.657997403502975],[-61.055617332458496,14.659824214319826]]]},"id":1331294691,"properties":{"GEO":"CRS5490RES200mN1621400E709400","GEO_OBJECT":"C200M","OBS_STATUS":"I","lcog_geo":"97224","ind":2,"men":0.9,"men_pauv":0.1,"men_1ind":0.3,"men_5ind":0.1,"men_prop":0.7,"men_fmp":0.1,"ind_snv":56031.6,"men_surf":86.4,"men_coll":0.2,"men_mais":0.7,"log_soc":0,"ind_inc":0,"log":0.9,"ind_0_17":0.2,"ind_65p":0.7}},{"type":"Feature","geometry":{"type":"Polygon","coordinates":[[[-61.05184078216553,14.663394755102132],[-61.051883697509766,14.66160949198779],[-61.05372905731201,14.66160949198779],[-61.05372905731201,14.663394755102132],[-61.05184078216553,14.663394755102132]]]},"id":1331294852,"properties":{"GEO":"CRS5490RES200mN1621800E709600","GEO_OBJECT":"C200M","OBS_STATUS":"I","lcog_geo":"97224","ind":2,"men":0.9,"men_pauv":0.1,"men_1ind":0.3,"men_5ind":0.1,"men_prop":0.7,"men_fmp":0.1,"ind_snv":56031.6,"men_surf":86.4,"men_coll":0.2,"men_mais":0.7,"log_soc":0,"ind_inc":0,"log":0.9,"ind_0_17":0.2,"ind_65p":0.7}},{"type":"Feature","geometry":{"type":"Polygon","coordinates":[[[-61.057419776916504,14.661651009899941],[-61.05557441711426,14.66160949198779],[-61.055617332458496,14.659824214319826],[-61.05746269226074,14.659824214319826],[-61.057419776916504,14.661651009899941]]]},"id":1331294766,"properties":{"GEO":"CRS5490RES200mN1621600E709200","GEO_OBJECT":"C200M","OBS_STATUS":"I","lcog_geo":"97224","ind":7,"men":3.2,"men_pauv":0.3,"men_1ind":1,"men_5ind":0.2,"men_prop":2.3,"men_fmp":0.4,"ind_snv":196110.6,"men_surf":302.4,"men_coll":0.7,"men_mais":2.5,"log_soc":0,"ind_inc":0,"log":3.2,"ind_0_17":0.8,"ind_65p":2.6}},{"type":"Feature","geometry":{"type":"Polygon","coordinates":[[[-61.05557441711426,14.663436272675796],[-61.05557441711426,14.66160949198779],[-61.057419776916504,14.661651009899941],[-61.057419776916504,14.663436272675796],[-61.05557441711426,14.663436272675796]]]},"id":1331294850,"properties":{"GEO":"CRS5490RES200mN1621800E709200","GEO_OBJECT":"C200M","OBS_STATUS":"I","lcog_geo":"97224","ind":15,"men":6.9,"men_pauv":0.7,"men_1ind":2.2,"men_5ind":0.4,"men_prop":4.9,"men_fmp":0.9,"ind_snv":420237,"men_surf":647.9,"men_coll":1.5,"men_mais":5.4,"log_soc":0,"ind_inc":0,"log":6.9,"ind_0_17":1.7000000000000002,"ind_65p":5.5}},{"type":"Feature","geometry":{"type":"Polygon","coordinates":[[[-61.05184078216553,14.665221520896367],[-61.05184078216553,14.663394755102132],[-61.05372905731201,14.663394755102132],[-61.05368614196777,14.665221520896367],[-61.05184078216553,14.665221520896367]]]},"id":1331294922,"properties":{"GEO":"CRS5490RES200mN1622000E709600","GEO_OBJECT":"C200M","OBS_STATUS":"I","lcog_geo":"97224","ind":14,"men":7.3,"men_pauv":1.8,"men_1ind":3.8,"men_5ind":0.6,"men_prop":4.8,"men_fmp":0.9,"ind_snv":318495.6,"men_surf":662.3,"men_coll":1.5,"men_mais":5.8,"log_soc":0,"ind_inc":0,"log":7.3,"ind_0_17":2,"ind_65p":5.1}},{"type":"Feature","geometry":{"type":"Polygon","coordinates":[[[-61.04995250701904,14.667006754560063],[-61.04999542236328,14.66518000366122],[-61.05184078216553,14.665221520896367],[-61.05184078216553,14.667006754560063],[-61.04995250701904,14.667006754560063]]]},"id":1331294983,"properties":{"GEO":"CRS5490RES200mN1622200E709800","GEO_OBJECT":"C200M","OBS_STATUS":"I","lcog_geo":"97224","ind":14,"men":7.3,"men_pauv":1.8,"men_1ind":3.8,"men_5ind":0.6,"men_prop":4.8,"men_fmp":0.9,"ind_snv":318495.6,"men_surf":662.3,"men_coll":1.5,"men_mais":5.8,"log_soc":0,"ind_inc":0,"log":7.3,"ind_0_17":2,"ind_65p":5.1}},{"type":"Feature","geometry":{"type":"Polygon","coordinates":[[[-61.05179786682129,14.668833490215377],[-61.04995250701904,14.668791973665236],[-61.04995250701904,14.667006754560063],[-61.05184078216553,14.667006754560063],[-61.05179786682129,14.668833490215377]]]},"id":1331295033,"properties":{"GEO":"CRS5490RES200mN1622400E709800","GEO_OBJECT":"C200M","OBS_STATUS":"A","lcog_geo":"97224","ind":77,"men":40,"men_pauv":14,"men_1ind":16,"men_5ind":2,"men_prop":25,"men_fmp":9,"ind_snv":1511380.1,"men_surf":3326,"men_coll":7,"men_mais":33,"log_soc":0,"ind_inc":0,"log":40,"ind_0_17":10,"ind_65p":16}},{"type":"Feature","geometry":{"type":"Polygon","coordinates":[[[-61.053643226623535,14.668833490215377],[-61.05368614196777,14.667048271448792],[-61.05553150177002,14.667048271448792],[-61.05553150177002,14.668833490215377],[-61.053643226623535,14.668833490215377]]]},"id":1331295031,"properties":{"GEO":"CRS5490RES200mN1622400E709400","GEO_OBJECT":"C200M","OBS_STATUS":"I","lcog_geo":"97224","ind":4,"men":2.1,"men_pauv":0.5,"men_1ind":1.1,"men_5ind":0.2,"men_prop":1.4,"men_fmp":0.3,"ind_snv":90998.7,"men_surf":189.2,"men_coll":0.4,"men_mais":1.7,"log_soc":0,"ind_inc":0,"log":2.1,"ind_0_17":0.6000000000000001,"ind_65p":1.5}},{"type":"Feature","geometry":{"type":"Polygon","coordinates":[[[-61.05368614196777,14.667048271448792],[-61.05184078216553,14.667006754560063],[-61.05184078216553,14.665221520896367],[-61.05368614196777,14.665221520896367],[-61.05368614196777,14.667048271448792]]]},"id":1331294982,"properties":{"GEO":"CRS5490RES200mN1622200E709600","GEO_OBJECT":"C200M","OBS_STATUS":"I","lcog_geo":"97224","ind":7,"men":3.7,"men_pauv":0.9,"men_1ind":1.9,"men_5ind":0.3,"men_prop":2.4,"men_fmp":0.4,"ind_snv":159247.8,"men_surf":331.2,"men_coll":0.8,"men_mais":2.9,"log_soc":0,"ind_inc":0,"log":3.6999999999999997,"ind_0_17":1,"ind_65p":2.5}},{"type":"Feature","geometry":{"type":"Polygon","coordinates":[[[-61.05557441711426,14.663436272675796],[-61.05372905731201,14.663394755102132],[-61.05372905731201,14.66160949198779],[-61.05557441711426,14.66160949198779],[-61.05557441711426,14.663436272675796]]]},"id":1331294851,"properties":{"GEO":"CRS5490RES200mN1621800E709400","GEO_OBJECT":"C200M","OBS_STATUS":"I","lcog_geo":"97224","ind":7,"men":3.2,"men_pauv":0.3,"men_1ind":1,"men_5ind":0.2,"men_prop":2.3,"men_fmp":0.4,"ind_snv":196110.6,"men_surf":302.4,"men_coll":0.7,"men_mais":2.5,"log_soc":0,"ind_inc":0,"log":3.2,"ind_0_17":0.8,"ind_65p":2.6}},{"type":"Feature","geometry":{"type":"Polygon","coordinates":[[[-61.05368614196777,14.667048271448792],[-61.05368614196777,14.665221520896367],[-61.05553150177002,14.665221520896367],[-61.05553150177002,14.667048271448792],[-61.05368614196777,14.667048271448792]]]},"id":1331294981,"properties":{"GEO":"CRS5490RES200mN1622200E709400","GEO_OBJECT":"C200M","OBS_STATUS":"A","lcog_geo":"97224","ind":37,"men":16,"men_pauv":6,"men_1ind":3,"men_5ind":0,"men_prop":13,"men_fmp":4,"ind_snv":780093.8,"men_surf":1367,"men_coll":3,"men_mais":13,"log_soc":0,"ind_inc":0,"log":16,"ind_0_17":1,"ind_65p":12}},{"type":"Feature","geometry":{"type":"Polygon","coordinates":[[[-61.05368614196777,14.665221520896367],[-61.05372905731201,14.663394755102132],[-61.05557441711426,14.663436272675796],[-61.05553150177002,14.665221520896367],[-61.05368614196777,14.665221520896367]]]},"id":1331294921,"properties":{"GEO":"CRS5490RES200mN1622000E709400","GEO_OBJECT":"C200M","OBS_STATUS":"I","lcog_geo":"97224","ind":5,"men":2.6,"men_pauv":0.6,"men_1ind":1.4,"men_5ind":0.2,"men_prop":1.7,"men_fmp":0.3,"ind_snv":113748.4,"men_surf":236.5,"men_coll":0.5,"men_mais":2.1,"log_soc":0,"ind_inc":0,"log":2.6,"ind_0_17":0.7,"ind_65p":1.7999999999999998}},{"type":"Feature","geometry":{"type":"Polygon","coordinates":[[[-61.05746269226074,14.658038922099848],[-61.05750560760498,14.656212096394228],[-61.05935096740723,14.656212096394228],[-61.05930805206299,14.658038922099848],[-61.05746269226074,14.658038922099848]]]},"id":1331294615,"properties":{"GEO":"CRS5490RES200mN1621200E709000","GEO_OBJECT":"C200M","OBS_STATUS":"I","lcog_geo":"97224","ind":13,"men":6,"men_pauv":0.6,"men_1ind":1.9,"men_5ind":0.3,"men_prop":4.2,"men_fmp":0.8,"ind_snv":364205.4,"men_surf":561.5,"men_coll":1.3,"men_mais":4.7,"log_soc":0,"ind_inc":0,"log":6,"ind_0_17":1.5,"ind_65p":4.8}},{"type":"Feature","geometry":{"type":"Polygon","coordinates":[[[-61.05930805206299,14.65986573257041],[-61.05930805206299,14.658038922099848],[-61.06119632720947,14.658038922099848],[-61.061153411865234,14.65986573257041],[-61.05930805206299,14.65986573257041]]]},"id":1331294689,"properties":{"GEO":"CRS5490RES200mN1621400E708800","GEO_OBJECT":"C200M","OBS_STATUS":"I","lcog_geo":"97224,97209","ind":4,"men":1.9,"men_pauv":0.5,"men_1ind":0.6,"men_5ind":0,"men_prop":1.1,"men_fmp":0.4,"ind_snv":92059.6,"men_surf":173.2,"men_coll":0.4,"men_mais":1.5,"log_soc":0,"ind_inc":0,"log":1.9000000000000001,"ind_0_17":0.4,"ind_65p":1.3}},{"type":"Feature","geometry":{"type":"Polygon","coordinates":[[[-61.057419776916504,14.661651009899941],[-61.05746269226074,14.659824214319826],[-61.05930805206299,14.65986573257041],[-61.05930805206299,14.661651009899941],[-61.057419776916504,14.661651009899941]]]},"id":1331294765,"properties":{"GEO":"CRS5490RES200mN1621600E709000","GEO_OBJECT":"C200M","OBS_STATUS":"I","lcog_geo":"97224","ind":8,"men":3.7,"men_pauv":0.4,"men_1ind":1.2,"men_5ind":0.2,"men_prop":2.6,"men_fmp":0.5,"ind_snv":224126.4,"men_surf":345.6,"men_coll":0.8,"men_mais":2.9,"log_soc":0,"ind_inc":0,"log":3.7,"ind_0_17":0.9,"ind_65p":2.9}},{"type":"Feature","geometry":{"type":"Polygon","coordinates":[[[-61.05930805206299,14.65986573257041],[-61.05746269226074,14.659824214319826],[-61.05746269226074,14.658038922099848],[-61.05930805206299,14.658038922099848],[-61.05930805206299,14.65986573257041]]]},"id":1331294690,"properties":{"GEO":"CRS5490RES200mN1621400E709000","GEO_OBJECT":"C200M","OBS_STATUS":"I","lcog_geo":"97224","ind":23,"men":10.5,"men_pauv":1.1,"men_1ind":3.4,"men_5ind":0.6,"men_prop":7.5,"men_fmp":1.4,"ind_snv":644363.4,"men_surf":993.5,"men_coll":2.3,"men_mais":8.2,"log_soc":0,"ind_inc":0,"log":10.5,"ind_0_17":2.7,"ind_65p":8.4}},{"type":"Feature","geometry":{"type":"Polygon","coordinates":[[[-61.05926513671875,14.6634777902416],[-61.057419776916504,14.663436272675796],[-61.057419776916504,14.661651009899941],[-61.05930805206299,14.661651009899941],[-61.05926513671875,14.6634777902416]]]},"id":1331294849,"properties":{"GEO":"CRS5490RES200mN1621800E709000","GEO_OBJECT":"C200M","OBS_STATUS":"I","lcog_geo":"97224","ind":14,"men":6.4,"men_pauv":0.7,"men_1ind":2,"men_5ind":0.4,"men_prop":4.6,"men_fmp":0.8,"ind_snv":392221.2,"men_surf":604.7,"men_coll":1.4,"men_mais":5,"log_soc":0,"ind_inc":0,"log":6.4,"ind_0_17":1.7000000000000002,"ind_65p":5.1000000000000005}},{"type":"Feature","geometry":{"type":"Polygon","coordinates":[[[-61.05930805206299,14.661651009899941],[-61.05930805206299,14.65986573257041],[-61.061153411865234,14.65986573257041],[-61.061153411865234,14.661651009899941],[-61.05930805206299,14.661651009899941]]]},"id":1331294764,"properties":{"GEO":"CRS5490RES200mN1621600E708800","GEO_OBJECT":"C200M","OBS_STATUS":"I","lcog_geo":"97224","ind":10,"men":4.9,"men_pauv":1.2,"men_1ind":1.5,"men_5ind":0,"men_prop":2.6,"men_fmp":1.1,"ind_snv":230149.1,"men_surf":432.9,"men_coll":1.1,"men_mais":3.8,"log_soc":0,"ind_inc":0,"log":4.9,"ind_0_17":1.2000000000000002,"ind_65p":3.1}},{"type":"Feature","geometry":{"type":"Polygon","coordinates":[[[-61.061153411865234,14.6634777902416],[-61.061153411865234,14.661651009899941],[-61.06299877166748,14.661692527804206],[-61.06299877166748,14.6634777902416],[-61.061153411865234,14.6634777902416]]]},"id":1331294847,"properties":{"GEO":"CRS5490RES200mN1621800E708600","GEO_OBJECT":"C200M","OBS_STATUS":"I","lcog_geo":"97224,97209","ind":4,"men":1.9,"men_pauv":0.5,"men_1ind":0.6,"men_5ind":0,"men_prop":1.1,"men_fmp":0.4,"ind_snv":92059.6,"men_surf":173.2,"men_coll":0.4,"men_mais":1.5,"log_soc":0,"ind_inc":0,"log":1.9000000000000001,"ind_0_17":0.4,"ind_65p":1.3}},{"type":"Feature","geometry":{"type":"Polygon","coordinates":[[[-61.057376861572266,14.668875006757645],[-61.057376861572266,14.667048271448792],[-61.05926513671875,14.667089788329648],[-61.05922222137451,14.668875006757645],[-61.057376861572266,14.668875006757645]]]},"id":1331295030,"properties":{"GEO":"CRS5490RES200mN1622400E709000","GEO_OBJECT":"C200M","OBS_STATUS":"A","lcog_geo":"97224","ind":35,"men":15,"men_pauv":3,"men_1ind":6,"men_5ind":1,"men_prop":9,"men_fmp":0,"ind_snv":826279.3,"men_surf":1173,"men_coll":4,"men_mais":11,"log_soc":0,"ind_inc":0,"log":15,"ind_0_17":2,"ind_65p":8}},{"type":"Feature","geometry":{"type":"Polygon","coordinates":[[[-61.05926513671875,14.667089788329648],[-61.057376861572266,14.667048271448792],[-61.057419776916504,14.665263038123655],[-61.05926513671875,14.665263038123655],[-61.05926513671875,14.667089788329648]]]},"id":1331294980,"properties":{"GEO":"CRS5490RES200mN1622200E709000","GEO_OBJECT":"C200M","OBS_STATUS":"A","lcog_geo":"97224","ind":23,"men":11,"men_pauv":5,"men_1ind":3,"men_5ind":0,"men_prop":5,"men_fmp":3,"ind_snv":400593.5,"men_surf":916,"men_coll":0,"men_mais":11,"log_soc":0,"ind_inc":0,"log":11,"ind_0_17":2,"ind_65p":9}},{"type":"Feature","geometry":{"type":"Polygon","coordinates":[[[-61.06106758117676,14.668916523292026],[-61.05922222137451,14.668875006757645],[-61.05926513671875,14.667089788329648],[-61.061110496520996,14.667089788329648],[-61.06106758117676,14.668916523292026]]]},"id":1331295029,"properties":{"GEO":"CRS5490RES200mN1622400E708800","GEO_OBJECT":"C200M","OBS_STATUS":"A","lcog_geo":"97224","ind":20,"men":13,"men_pauv":8,"men_1ind":8,"men_5ind":0,"men_prop":8,"men_fmp":2,"ind_snv":346756.2,"men_surf":948,"men_coll":2,"men_mais":11,"log_soc":0,"ind_inc":0,"log":13,"ind_0_17":2,"ind_65p":5}},{"type":"Feature","geometry":{"type":"Polygon","coordinates":[[[-61.06295585632324,14.66530455534307],[-61.061110496520996,14.665263038123655],[-61.061153411865234,14.6634777902416],[-61.06299877166748,14.6634777902416],[-61.06295585632324,14.66530455534307]]]},"id":1331294920,"properties":{"GEO":"CRS5490RES200mN1622000E708600","GEO_OBJECT":"C200M","OBS_STATUS":"I","lcog_geo":"97224","ind":2,"men":1,"men_pauv":0.4,"men_1ind":0.5,"men_5ind":0,"men_prop":0.5,"men_fmp":0.1,"ind_snv":40231.1,"men_surf":76.1,"men_coll":0.2,"men_mais":0.8,"log_soc":0,"ind_inc":0,"log":1,"ind_0_17":0.2,"ind_65p":0.6}},{"type":"Feature","geometry":{"type":"Polygon","coordinates":[[[-61.05926513671875,14.6634777902416],[-61.05930805206299,14.661651009899941],[-61.061153411865234,14.661651009899941],[-61.061153411865234,14.6634777902416],[-61.05926513671875,14.6634777902416]]]},"id":1331294848,"properties":{"GEO":"CRS5490RES200mN1621800E708800","GEO_OBJECT":"C200M","OBS_STATUS":"A","lcog_geo":"97224","ind":29,"men":15,"men_pauv":5,"men_1ind":6,"men_5ind":0,"men_prop":12,"men_fmp":0,"ind_snv":661873.3,"men_surf":1099,"men_coll":6,"men_mais":9,"log_soc":0,"ind_inc":0,"log":15,"ind_0_17":2,"ind_65p":17}},{"type":"Feature","geometry":{"type":"Polygon","coordinates":[[[-61.05926513671875,14.667089788329648],[-61.05926513671875,14.665263038123655],[-61.061110496520996,14.665263038123655],[-61.061110496520996,14.667089788329648],[-61.05926513671875,14.667089788329648]]]},"id":1331294979,"properties":{"GEO":"CRS5490RES200mN1622200E708800","GEO_OBJECT":"C200M","OBS_STATUS":"A","lcog_geo":"97224","ind":112,"men":49,"men_pauv":12,"men_1ind":18,"men_5ind":5,"men_prop":29,"men_fmp":3,"ind_snv":2408411.6,"men_surf":4999,"men_coll":11,"men_mais":38,"log_soc":0,"ind_inc":0,"log":49,"ind_0_17":17,"ind_65p":30}},{"type":"Feature","geometry":{"type":"Polygon","coordinates":[[[-61.04252815246582,14.668750457107222],[-61.040682792663574,14.668708940541322],[-61.040682792663574,14.666923720758987],[-61.04252815246582,14.666923720758987],[-61.04252815246582,14.668750457107222]]]},"id":1331295037,"properties":{"GEO":"CRS5490RES200mN1622400E710800","GEO_OBJECT":"C200M","OBS_STATUS":"A","lcog_geo":"97224","ind":73,"men":29,"men_pauv":8,"men_1ind":14,"men_5ind":3,"men_prop":20,"men_fmp":1,"ind_snv":1574033.5,"men_surf":2716,"men_coll":8,"men_mais":21,"log_soc":0,"ind_inc":0,"log":29,"ind_0_17":10,"ind_65p":15}},{"type":"Feature","geometry":{"type":"Polygon","coordinates":[[[-61.04248523712158,14.672362368193575],[-61.04248523712158,14.670535661990868],[-61.044373512268066,14.670577178210266],[-61.04433059692383,14.672362368193575],[-61.04248523712158,14.672362368193575]]]},"id":1331295149,"properties":{"GEO":"CRS5490RES200mN1622800E710600","GEO_OBJECT":"C200M","OBS_STATUS":"I","lcog_geo":"97224","ind":1,"men":0.5,"men_pauv":0.1,"men_1ind":0.2,"men_5ind":0,"men_prop":0.4,"men_fmp":0,"ind_snv":21284.2,"men_surf":46.4,"men_coll":0.1,"men_mais":0.4,"log_soc":0,"ind_inc":0,"log":0.5,"ind_0_17":0.1,"ind_65p":0.30000000000000004}},{"type":"Feature","geometry":{"type":"Polygon","coordinates":[[[-61.040639877319336,14.670535661990868],[-61.040682792663574,14.668708940541322],[-61.04252815246582,14.668750457107222],[-61.04248523712158,14.670535661990868],[-61.040639877319336,14.670535661990868]]]},"id":1331295093,"properties":{"GEO":"CRS5490RES200mN1622600E710800","GEO_OBJECT":"C200M","OBS_STATUS":"A","lcog_geo":"97224","ind":84.5,"men":38,"men_pauv":9,"men_1ind":14,"men_5ind":2,"men_prop":11,"men_fmp":10,"ind_snv":1561436.9,"men_surf":2535,"men_coll":24,"men_mais":14,"log_soc":0,"ind_inc":0,"log":38,"ind_0_17":19.5,"ind_65p":16}},{"type":"Feature","geometry":{"type":"Polygon","coordinates":[[[-61.044373512268066,14.670577178210266],[-61.04248523712158,14.670535661990868],[-61.04252815246582,14.668750457107222],[-61.044373512268066,14.668750457107222],[-61.044373512268066,14.670577178210266]]]},"id":1331295092,"properties":{"GEO":"CRS5490RES200mN1622600E710600","GEO_OBJECT":"C200M","OBS_STATUS":"I","lcog_geo":"97224","ind":12,"men":6.1,"men_pauv":1.8,"men_1ind":2.4,"men_5ind":0.3,"men_prop":4.4,"men_fmp":0.6,"ind_snv":255410.1,"men_surf":556.6,"men_coll":0.9,"men_mais":5.2,"log_soc":0,"ind_inc":0,"log":6.1,"ind_0_17":1.3,"ind_65p":4.4}},{"type":"Feature","geometry":{"type":"Polygon","coordinates":[[[-61.0405969619751,14.674147543613529],[-61.040639877319336,14.67232085231285],[-61.04248523712158,14.672362368193575],[-61.04248523712158,14.674147543613529],[-61.0405969619751,14.674147543613529]]]},"id":1331295215,"properties":{"GEO":"CRS5490RES200mN1623000E710800","GEO_OBJECT":"C200M","OBS_STATUS":"A","lcog_geo":"97224","ind":58,"men":28,"men_pauv":7,"men_1ind":9,"men_5ind":0,"men_prop":6,"men_fmp":12,"ind_snv":1088203.3,"men_surf":2052,"men_coll":25,"men_mais":3,"log_soc":22,"ind_inc":0,"log":28,"ind_0_17":15.5,"ind_65p":9}},{"type":"Feature","geometry":{"type":"Polygon","coordinates":[[[-61.04248523712158,14.672362368193575],[-61.040639877319336,14.67232085231285],[-61.040639877319336,14.670535661990868],[-61.04248523712158,14.670535661990868],[-61.04248523712158,14.672362368193575]]]},"id":1331295150,"properties":{"GEO":"CRS5490RES200mN1622800E710800","GEO_OBJECT":"C200M","OBS_STATUS":"A","lcog_geo":"97224","ind":64,"men":37,"men_pauv":11,"men_1ind":21,"men_5ind":2,"men_prop":20,"men_fmp":4,"ind_snv":1450374,"men_surf":2769,"men_coll":7,"men_mais":30,"log_soc":0,"ind_inc":0,"log":37,"ind_0_17":10,"ind_65p":21}},{"type":"Feature","geometry":{"type":"Polygon","coordinates":[[[-61.044373512268066,14.670577178210266],[-61.044373512268066,14.668750457107222],[-61.04621887207031,14.668791973665236],[-61.04621887207031,14.670577178210266],[-61.044373512268066,14.670577178210266]]]},"id":1331295091,"properties":{"GEO":"CRS5490RES200mN1622600E710400","GEO_OBJECT":"C200M","OBS_STATUS":"I","lcog_geo":"97224","ind":2,"men":1,"men_pauv":0.3,"men_1ind":0.4,"men_5ind":0,"men_prop":0.7,"men_fmp":0.1,"ind_snv":42568.4,"men_surf":92.8,"men_coll":0.1,"men_mais":0.9,"log_soc":0,"ind_inc":0,"log":1,"ind_0_17":0.1,"ind_65p":0.8}},{"type":"Feature","geometry":{"type":"Polygon","coordinates":[[[-61.04433059692383,14.674189059147665],[-61.04433059692383,14.672362368193575],[-61.04621887207031,14.672403884066426],[-61.046175956726074,14.674189059147665],[-61.04433059692383,14.674189059147665]]]},"id":1331295213,"properties":{"GEO":"CRS5490RES200mN1623000E710400","GEO_OBJECT":"C200M","OBS_STATUS":"I","lcog_geo":"97224","ind":9,"men":4.2,"men_pauv":1.1,"men_1ind":1.6,"men_5ind":0.3,"men_prop":3,"men_fmp":0.7,"ind_snv":211736.4,"men_surf":395.4,"men_coll":1,"men_mais":3.2,"log_soc":0,"ind_inc":0,"log":4.2,"ind_0_17":1.8,"ind_65p":2.2}},{"type":"Feature","geometry":{"type":"Polygon","coordinates":[[[-61.04621887207031,14.672403884066426],[-61.04433059692383,14.672362368193575],[-61.044373512268066,14.670577178210266],[-61.04621887207031,14.670577178210266],[-61.04621887207031,14.672403884066426]]]},"id":1331295148,"properties":{"GEO":"CRS5490RES200mN1622800E710400","GEO_OBJECT":"C200M","OBS_STATUS":"I","lcog_geo":"97224","ind":11,"men":5.6,"men_pauv":1.6,"men_1ind":2.2,"men_5ind":0.3,"men_prop":4,"men_fmp":0.5,"ind_snv":234126,"men_surf":510.2,"men_coll":0.8,"men_mais":4.8,"log_soc":0,"ind_inc":0,"log":5.6,"ind_0_17":1.2,"ind_65p":4}},{"type":"Feature","geometry":{"type":"Polygon","coordinates":[[[-61.0405969619751,14.6759742196639],[-61.0405969619751,14.674147543613529],[-61.04248523712158,14.674147543613529],[-61.042442321777344,14.6759742196639],[-61.0405969619751,14.6759742196639]]]},"id":1331295279,"properties":{"GEO":"CRS5490RES200mN1623200E710800","GEO_OBJECT":"C200M","OBS_STATUS":"A","lcog_geo":"97224","ind":28,"men":14,"men_pauv":1,"men_1ind":5,"men_5ind":0,"men_prop":12,"men_fmp":4,"ind_snv":907017.1,"men_surf":1413,"men_coll":1,"men_mais":13,"log_soc":0,"ind_inc":0,"log":14,"ind_0_17":9,"ind_65p":3}},{"type":"Feature","geometry":{"type":"Polygon","coordinates":[[[-61.0405969619751,14.6759742196639],[-61.03875160217285,14.675932704468494],[-61.03875160217285,14.674147543613529],[-61.0405969619751,14.674147543613529],[-61.0405969619751,14.6759742196639]]]},"id":1331295280,"properties":{"GEO":"CRS5490RES200mN1623200E711000","GEO_OBJECT":"C200M","OBS_STATUS":"A","lcog_geo":"97224","ind":33,"men":15,"men_pauv":0,"men_1ind":6,"men_5ind":1,"men_prop":8,"men_fmp":1,"ind_snv":936534.7,"men_surf":1405,"men_coll":7,"men_mais":8,"log_soc":0,"ind_inc":0,"log":15,"ind_0_17":5,"ind_65p":12}},{"type":"Feature","geometry":{"type":"Polygon","coordinates":[[[-61.04055404663086,14.679586011504853],[-61.03870868682861,14.679544496994907],[-61.03870868682861,14.677759365613525],[-61.0405969619751,14.677759365613525],[-61.04055404663086,14.679586011504853]]]},"id":1331295403,"properties":{"GEO":"CRS5490RES200mN1623600E711000","GEO_OBJECT":"C200M","OBS_STATUS":"A","lcog_geo":"97224","ind":75,"men":37,"men_pauv":11,"men_1ind":15,"men_5ind":1,"men_prop":26,"men_fmp":6,"ind_snv":1743013.5,"men_surf":3069,"men_coll":8,"men_mais":29,"log_soc":0,"ind_inc":0,"log":37,"ind_0_17":8,"ind_65p":19}},{"type":"Feature","geometry":{"type":"Polygon","coordinates":[[[-61.0405969619751,14.677759365613525],[-61.0405969619751,14.6759742196639],[-61.042442321777344,14.6759742196639],[-61.042442321777344,14.677759365613525],[-61.0405969619751,14.677759365613525]]]},"id":1331295343,"properties":{"GEO":"CRS5490RES200mN1623400E710800","GEO_OBJECT":"C200M","OBS_STATUS":"A","lcog_geo":"97224","ind":17,"men":11,"men_pauv":1,"men_1ind":6,"men_5ind":0,"men_prop":7,"men_fmp":2,"ind_snv":438728.6,"men_surf":940,"men_coll":3,"men_mais":8,"log_soc":0,"ind_inc":0,"log":11,"ind_0_17":2,"ind_65p":6}},{"type":"Feature","geometry":{"type":"Polygon","coordinates":[[[-61.042442321777344,14.679586011504853],[-61.042442321777344,14.677759365613525],[-61.04428768157959,14.677800880462271],[-61.04428768157959,14.679586011504853],[-61.042442321777344,14.679586011504853]]]},"id":1331295401,"properties":{"GEO":"CRS5490RES200mN1623600E710600","GEO_OBJECT":"C200M","OBS_STATUS":"A","lcog_geo":"97224","ind":28,"men":17,"men_pauv":7,"men_1ind":9,"men_5ind":0,"men_prop":9,"men_fmp":3,"ind_snv":658853.9,"men_surf":1368,"men_coll":8,"men_mais":9,"log_soc":0,"ind_inc":0,"log":17,"ind_0_17":2,"ind_65p":6}},{"type":"Feature","geometry":{"type":"Polygon","coordinates":[[[-61.042442321777344,14.6759742196639],[-61.04248523712158,14.674147543613529],[-61.04433059692383,14.674189059147665],[-61.04433059692383,14.6759742196639],[-61.042442321777344,14.6759742196639]]]},"id":1331295278,"properties":{"GEO":"CRS5490RES200mN1623200E710600","GEO_OBJECT":"C200M","OBS_STATUS":"A","lcog_geo":"97224","ind":42,"men":18,"men_pauv":5,"men_1ind":7,"men_5ind":1,"men_prop":15,"men_fmp":1,"ind_snv":1094397.6,"men_surf":1908,"men_coll":3,"men_mais":15,"log_soc":0,"ind_inc":0,"log":18,"ind_0_17":7,"ind_65p":16}},{"type":"Feature","geometry":{"type":"Polygon","coordinates":[[[-61.04433059692383,14.674189059147665],[-61.04248523712158,14.674147543613529],[-61.04248523712158,14.672362368193575],[-61.04433059692383,14.672362368193575],[-61.04433059692383,14.674189059147665]]]},"id":1331295214,"properties":{"GEO":"CRS5490RES200mN1623000E710600","GEO_OBJECT":"C200M","OBS_STATUS":"I","lcog_geo":"97224","ind":18,"men":8.3,"men_pauv":2.3,"men_1ind":3.2,"men_5ind":0.7,"men_prop":5.9,"men_fmp":1.4,"ind_snv":423472.7,"men_surf":790.8,"men_coll":1.9,"men_mais":6.4,"log_soc":0,"ind_inc":0,"log":8.3,"ind_0_17":3.5,"ind_65p":4.5}},{"type":"Feature","geometry":{"type":"Polygon","coordinates":[[[-61.04428768157959,14.677800880462271],[-61.042442321777344,14.677759365613525],[-61.042442321777344,14.6759742196639],[-61.04433059692383,14.6759742196639],[-61.04428768157959,14.677800880462271]]]},"id":1331295342,"properties":{"GEO":"CRS5490RES200mN1623400E710600","GEO_OBJECT":"C200M","OBS_STATUS":"A","lcog_geo":"97224","ind":24,"men":11,"men_pauv":1,"men_1ind":4,"men_5ind":0,"men_prop":11,"men_fmp":1,"ind_snv":815356.9,"men_surf":1171,"men_coll":0,"men_mais":11,"log_soc":0,"ind_inc":0,"log":11,"ind_0_17":4,"ind_65p":2}},{"type":"Feature","geometry":{"type":"Polygon","coordinates":[[[-61.04621887207031,14.668791973665236],[-61.04626178741455,14.666965237663447],[-61.0481071472168,14.666965237663447],[-61.0481071472168,14.668791973665236],[-61.04621887207031,14.668791973665236]]]},"id":1331295035,"properties":{"GEO":"CRS5490RES200mN1622400E710200","GEO_OBJECT":"C200M","OBS_STATUS":"I","lcog_geo":"97224","ind":7,"men":3.6,"men_pauv":1,"men_1ind":1.4,"men_5ind":0.2,"men_prop":2.6,"men_fmp":0.3,"ind_snv":148989.2,"men_surf":324.7,"men_coll":0.5,"men_mais":3.1,"log_soc":0,"ind_inc":0,"log":3.5999999999999996,"ind_0_17":0.8,"ind_65p":2.5}},{"type":"Feature","geometry":{"type":"Polygon","coordinates":[[[-61.04621887207031,14.672403884066426],[-61.04621887207031,14.670577178210266],[-61.04806423187256,14.670577178210266],[-61.04806423187256,14.672403884066426],[-61.04621887207031,14.672403884066426]]]},"id":1331295147,"properties":{"GEO":"CRS5490RES200mN1622800E710200","GEO_OBJECT":"C200M","OBS_STATUS":"I","lcog_geo":"97224","ind":13,"men":6.7,"men_pauv":1.9,"men_1ind":2.6,"men_5ind":0.3,"men_prop":4.8,"men_fmp":0.6,"ind_snv":276694.3,"men_surf":603,"men_coll":1,"men_mais":5.7,"log_soc":0,"ind_inc":0,"log":6.7,"ind_0_17":1.3,"ind_65p":4.8}},{"type":"Feature","geometry":{"type":"Polygon","coordinates":[[[-61.04806423187256,14.672403884066426],[-61.04806423187256,14.670577178210266],[-61.04995250701904,14.670618694421776],[-61.049909591674805,14.672403884066426],[-61.04806423187256,14.672403884066426]]]},"id":1331295146,"properties":{"GEO":"CRS5490RES200mN1622800E710000","GEO_OBJECT":"C200M","OBS_STATUS":"A","lcog_geo":"97224","ind":32,"men":18,"men_pauv":7,"men_1ind":11,"men_5ind":1,"men_prop":12,"men_fmp":0,"ind_snv":598376.8,"men_surf":1422,"men_coll":2,"men_mais":16,"log_soc":0,"ind_inc":0,"log":18,"ind_0_17":3,"ind_65p":11}},{"type":"Feature","geometry":{"type":"Polygon","coordinates":[[[-61.04621887207031,14.670577178210266],[-61.04621887207031,14.668791973665236],[-61.0481071472168,14.668791973665236],[-61.04806423187256,14.670577178210266],[-61.04621887207031,14.670577178210266]]]},"id":1331295090,"properties":{"GEO":"CRS5490RES200mN1622600E710200","GEO_OBJECT":"C200M","OBS_STATUS":"I","lcog_geo":"97224","ind":11,"men":5.6,"men_pauv":1.6,"men_1ind":2.2,"men_5ind":0.3,"men_prop":4,"men_fmp":0.5,"ind_snv":234126,"men_surf":510.2,"men_coll":0.8,"men_mais":4.8,"log_soc":0,"ind_inc":0,"log":5.6,"ind_0_17":1.2,"ind_65p":4}},{"type":"Feature","geometry":{"type":"Polygon","coordinates":[[[-61.04995250701904,14.670618694421776],[-61.04806423187256,14.670577178210266],[-61.0481071472168,14.668791973665236],[-61.04995250701904,14.668791973665236],[-61.04995250701904,14.670618694421776]]]},"id":1331295089,"properties":{"GEO":"CRS5490RES200mN1622600E710000","GEO_OBJECT":"C200M","OBS_STATUS":"A","lcog_geo":"97224","ind":61,"men":29,"men_pauv":9,"men_1ind":11,"men_5ind":1,"men_prop":16,"men_fmp":5,"ind_snv":1199872.5,"men_surf":2420,"men_coll":8,"men_mais":21,"log_soc":0,"ind_inc":0,"log":29,"ind_0_17":11,"ind_65p":15}},{"type":"Feature","geometry":{"type":"Polygon","coordinates":[[[-61.04995250701904,14.670618694421776],[-61.04995250701904,14.668791973665236],[-61.05179786682129,14.668833490215377],[-61.05179786682129,14.670618694421776],[-61.04995250701904,14.670618694421776]]]},"id":1331295088,"properties":{"GEO":"CRS5490RES200mN1622600E709800","GEO_OBJECT":"C200M","OBS_STATUS":"A","lcog_geo":"97224","ind":29,"men":15,"men_pauv":6,"men_1ind":5,"men_5ind":0,"men_prop":6,"men_fmp":2,"ind_snv":529369.9,"men_surf":1181,"men_coll":6,"men_mais":9,"log_soc":0,"ind_inc":0,"log":15,"ind_0_17":3,"ind_65p":9}},{"type":"Feature","geometry":{"type":"Polygon","coordinates":[[[-61.05175495147705,14.67244539993139],[-61.049909591674805,14.672403884066426],[-61.04995250701904,14.670618694421776],[-61.05179786682129,14.670618694421776],[-61.05175495147705,14.67244539993139]]]},"id":1331295145,"properties":{"GEO":"CRS5490RES200mN1622800E709800","GEO_OBJECT":"C200M","OBS_STATUS":"I","lcog_geo":"97224","ind":5,"men":2.6,"men_pauv":0.6,"men_1ind":1.4,"men_5ind":0.2,"men_prop":1.7,"men_fmp":0.3,"ind_snv":113748.4,"men_surf":236.5,"men_coll":0.5,"men_mais":2.1,"log_soc":0,"ind_inc":0,"log":2.6,"ind_0_17":0.7,"ind_65p":1.7999999999999998}},{"type":"Feature","geometry":{"type":"Polygon","coordinates":[[[-61.04806423187256,14.674230574673928],[-61.04806423187256,14.672403884066426],[-61.049909591674805,14.672403884066426],[-61.049909591674805,14.674230574673928],[-61.04806423187256,14.674230574673928]]]},"id":1331295211,"properties":{"GEO":"CRS5490RES200mN1623000E710000","GEO_OBJECT":"C200M","OBS_STATUS":"A","lcog_geo":"97224","ind":43,"men":17,"men_pauv":4,"men_1ind":6,"men_5ind":1,"men_prop":9,"men_fmp":2,"ind_snv":856979.2,"men_surf":1298,"men_coll":8,"men_mais":9,"log_soc":0,"ind_inc":0,"log":17,"ind_0_17":13,"ind_65p":8}},{"type":"Feature","geometry":{"type":"Polygon","coordinates":[[[-61.049909591674805,14.674230574673928],[-61.049909591674805,14.672403884066426],[-61.05175495147705,14.67244539993139],[-61.05175495147705,14.674230574673928],[-61.049909591674805,14.674230574673928]]]},"id":1331295210,"properties":{"GEO":"CRS5490RES200mN1623000E709800","GEO_OBJECT":"C200M","OBS_STATUS":"A","lcog_geo":"97224","ind":27,"men":14,"men_pauv":7,"men_1ind":5,"men_5ind":0,"men_prop":9,"men_fmp":3,"ind_snv":592050.7,"men_surf":1034,"men_coll":0,"men_mais":14,"log_soc":0,"ind_inc":0,"log":14,"ind_0_17":4,"ind_65p":9}},{"type":"Feature","geometry":{"type":"Polygon","coordinates":[[[-61.046175956726074,14.676015734851447],[-61.046175956726074,14.674189059147665],[-61.04806423187256,14.674230574673928],[-61.04802131652832,14.676015734851447],[-61.046175956726074,14.676015734851447]]]},"id":1331295276,"properties":{"GEO":"CRS5490RES200mN1623200E710200","GEO_OBJECT":"C200M","OBS_STATUS":"I","lcog_geo":"97224","ind":4,"men":1.9,"men_pauv":0.5,"men_1ind":0.7,"men_5ind":0.1,"men_prop":1.3,"men_fmp":0.3,"ind_snv":94105,"men_surf":175.7,"men_coll":0.4,"men_mais":1.5,"log_soc":0,"ind_inc":0,"log":1.9,"ind_0_17":0.8,"ind_65p":1}},{"type":"Feature","geometry":{"type":"Polygon","coordinates":[[[-61.04806423187256,14.674230574673928],[-61.046175956726074,14.674189059147665],[-61.04621887207031,14.672403884066426],[-61.04806423187256,14.672403884066426],[-61.04806423187256,14.674230574673928]]]},"id":1331295212,"properties":{"GEO":"CRS5490RES200mN1623000E710200","GEO_OBJECT":"C200M","OBS_STATUS":"I","lcog_geo":"97224","ind":8,"men":3.7,"men_pauv":1,"men_1ind":1.4,"men_5ind":0.3,"men_prop":2.6,"men_fmp":0.6,"ind_snv":188210.1,"men_surf":351.4,"men_coll":0.8,"men_mais":2.9,"log_soc":0,"ind_inc":0,"log":3.7,"ind_0_17":1.5,"ind_65p":2}},{"type":"Feature","geometry":{"type":"Polygon","coordinates":[[[-61.046175956726074,14.676015734851447],[-61.04433059692383,14.6759742196639],[-61.04433059692383,14.674189059147665],[-61.046175956726074,14.674189059147665],[-61.046175956726074,14.676015734851447]]]},"id":1331295277,"properties":{"GEO":"CRS5490RES200mN1623200E710400","GEO_OBJECT":"C200M","OBS_STATUS":"I","lcog_geo":"97224","ind":16,"men":7.4,"men_pauv":2,"men_1ind":2.8,"men_5ind":0.6,"men_prop":5.3,"men_fmp":1.3,"ind_snv":376420.2,"men_surf":702.9,"men_coll":1.7,"men_mais":5.7,"log_soc":0,"ind_inc":0,"log":7.4,"ind_0_17":3.0999999999999996,"ind_65p":4}},{"type":"Feature","geometry":{"type":"Polygon","coordinates":[[[-61.046133041381836,14.679627526006911],[-61.046133041381836,14.677800880462271],[-61.04802131652832,14.677842395303145],[-61.04797840118408,14.679627526006911],[-61.046133041381836,14.679627526006911]]]},"id":1331295399,"properties":{"GEO":"CRS5490RES200mN1623600E710200","GEO_OBJECT":"C200M","OBS_STATUS":"I","lcog_geo":"97224","ind":17,"men":7.9,"men_pauv":2.2,"men_1ind":3,"men_5ind":0.6,"men_prop":5.6,"men_fmp":1.4,"ind_snv":399946.5,"men_surf":746.8,"men_coll":1.8,"men_mais":6.1,"log_soc":0,"ind_inc":0,"log":7.9,"ind_0_17":3.3,"ind_65p":4.2}},{"type":"Feature","geometry":{"type":"Polygon","coordinates":[[[-61.04428768157959,14.677800880462271],[-61.04433059692383,14.6759742196639],[-61.046175956726074,14.676015734851447],[-61.046133041381836,14.677800880462271],[-61.04428768157959,14.677800880462271]]]},"id":1331295341,"properties":{"GEO":"CRS5490RES200mN1623400E710400","GEO_OBJECT":"C200M","OBS_STATUS":"I","lcog_geo":"97224","ind":17,"men":7.9,"men_pauv":2.2,"men_1ind":3,"men_5ind":0.6,"men_prop":5.6,"men_fmp":1.4,"ind_snv":399946.5,"men_surf":746.8,"men_coll":1.8,"men_mais":6.1,"log_soc":0,"ind_inc":0,"log":7.9,"ind_0_17":3.3,"ind_65p":4.2}},{"type":"Feature","geometry":{"type":"Polygon","coordinates":[[[-61.04802131652832,14.677842395303145],[-61.046133041381836,14.677800880462271],[-61.046175956726074,14.676015734851447],[-61.04802131652832,14.676015734851447],[-61.04802131652832,14.677842395303145]]]},"id":1331295340,"properties":{"GEO":"CRS5490RES200mN1623400E710200","GEO_OBJECT":"C200M","OBS_STATUS":"I","lcog_geo":"97224","ind":14,"men":6.5,"men_pauv":1.8,"men_1ind":2.5,"men_5ind":0.5,"men_prop":4.6,"men_fmp":1.1,"ind_snv":329367.7,"men_surf":615,"men_coll":1.5,"men_mais":5,"log_soc":0,"ind_inc":0,"log":6.5,"ind_0_17":2.7,"ind_65p":3.5}},{"type":"Feature","geometry":{"type":"Polygon","coordinates":[[[-61.04797840118408,14.679627526006911],[-61.04802131652832,14.677842395303145],[-61.049866676330566,14.677842395303145],[-61.049866676330566,14.679627526006911],[-61.04797840118408,14.679627526006911]]]},"id":1331295398,"properties":{"GEO":"CRS5490RES200mN1623600E710000","GEO_OBJECT":"C200M","OBS_STATUS":"I","lcog_geo":"97224","ind":9,"men":4.2,"men_pauv":1.1,"men_1ind":1.6,"men_5ind":0.3,"men_prop":3,"men_fmp":0.7,"ind_snv":211736.4,"men_surf":395.4,"men_coll":1,"men_mais":3.2,"log_soc":0,"ind_inc":0,"log":4.2,"ind_0_17":1.8,"ind_65p":2.2}},{"type":"Feature","geometry":{"type":"Polygon","coordinates":[[[-61.04802131652832,14.677842395303145],[-61.04802131652832,14.676015734851447],[-61.049866676330566,14.676015734851447],[-61.049866676330566,14.677842395303145],[-61.04802131652832,14.677842395303145]]]},"id":1331295339,"properties":{"GEO":"CRS5490RES200mN1623400E710000","GEO_OBJECT":"C200M","OBS_STATUS":"I","lcog_geo":"97224","ind":15,"men":6.9,"men_pauv":1.9,"men_1ind":2.6,"men_5ind":0.6,"men_prop":4.9,"men_fmp":1.2,"ind_snv":352893.9,"men_surf":659,"men_coll":1.6,"men_mais":5.3,"log_soc":0,"ind_inc":0,"log":6.9,"ind_0_17":2.9000000000000004,"ind_65p":3.8}},{"type":"Feature","geometry":{"type":"Polygon","coordinates":[[[-61.049866676330566,14.677842395303145],[-61.049866676330566,14.676015734851447],[-61.05175495147705,14.676057250031079],[-61.05171203613281,14.677842395303145],[-61.049866676330566,14.677842395303145]]]},"id":1331295338,"properties":{"GEO":"CRS5490RES200mN1623400E709800","GEO_OBJECT":"C200M","OBS_STATUS":"A","lcog_geo":"97224","ind":22,"men":11,"men_pauv":3,"men_1ind":4,"men_5ind":0,"men_prop":7,"men_fmp":0,"ind_snv":613496.2,"men_surf":859,"men_coll":3,"men_mais":8,"log_soc":0,"ind_inc":0,"log":11,"ind_0_17":3,"ind_65p":12}},{"type":"Feature","geometry":{"type":"Polygon","coordinates":[[[-61.05175495147705,14.676057250031079],[-61.049866676330566,14.676015734851447],[-61.049909591674805,14.674230574673928],[-61.05175495147705,14.674230574673928],[-61.05175495147705,14.676057250031079]]]},"id":1331295275,"properties":{"GEO":"CRS5490RES200mN1623200E709800","GEO_OBJECT":"C200M","OBS_STATUS":"I","lcog_geo":"97224","ind":20,"men":10,"men_pauv":4.2,"men_1ind":4.8,"men_5ind":0.4,"men_prop":7.8,"men_fmp":1.2,"ind_snv":367752.1,"men_surf":839.9,"men_coll":2.4,"men_mais":7.6,"log_soc":0,"ind_inc":0,"log":10,"ind_0_17":3.3,"ind_65p":5.9}},{"type":"Feature","geometry":{"type":"Polygon","coordinates":[[[-61.042399406433105,14.681412642140728],[-61.04055404663086,14.681371127977528],[-61.04055404663086,14.679586011504853],[-61.042442321777344,14.679586011504853],[-61.042399406433105,14.681412642140728]]]},"id":1331295449,"properties":{"GEO":"CRS5490RES200mN1623800E710800","GEO_OBJECT":"C200M","OBS_STATUS":"A","lcog_geo":"97224","ind":21,"men":11,"men_pauv":7,"men_1ind":5,"men_5ind":0,"men_prop":7,"men_fmp":1,"ind_snv":283440.4,"men_surf":734,"men_coll":0,"men_mais":11,"log_soc":0,"ind_inc":0,"log":11,"ind_0_17":0,"ind_65p":5}},{"type":"Feature","geometry":{"type":"Polygon","coordinates":[[[-61.04055404663086,14.679586011504853],[-61.0405969619751,14.677759365613525],[-61.042442321777344,14.677759365613525],[-61.042442321777344,14.679586011504853],[-61.04055404663086,14.679586011504853]]]},"id":1331295402,"properties":{"GEO":"CRS5490RES200mN1623600E710800","GEO_OBJECT":"C200M","OBS_STATUS":"A","lcog_geo":"97224","ind":24,"men":14,"men_pauv":5,"men_1ind":8,"men_5ind":1,"men_prop":10,"men_fmp":1,"ind_snv":427900.9,"men_surf":1045,"men_coll":0,"men_mais":14,"log_soc":0,"ind_inc":0,"log":14,"ind_0_17":0,"ind_65p":12}},{"type":"Feature","geometry":{"type":"Polygon","coordinates":[[[-61.042399406433105,14.681412642140728],[-61.042442321777344,14.679586011504853],[-61.04428768157959,14.679586011504853],[-61.04424476623535,14.681412642140728],[-61.042399406433105,14.681412642140728]]]},"id":1331295448,"properties":{"GEO":"CRS5490RES200mN1623800E710600","GEO_OBJECT":"C200M","OBS_STATUS":"A","lcog_geo":"97224","ind":46,"men":19,"men_pauv":3,"men_1ind":7,"men_5ind":2,"men_prop":14,"men_fmp":2,"ind_snv":1033461.7,"men_surf":1661,"men_coll":1,"men_mais":18,"log_soc":0,"ind_inc":0,"log":19,"ind_0_17":8,"ind_65p":16}},{"type":"Feature","geometry":{"type":"Polygon","coordinates":[[[-61.04235649108887,14.685024344169676],[-61.04051113128662,14.684982830692164],[-61.04055404663086,14.683197743703033],[-61.042399406433105,14.683197743703033],[-61.04235649108887,14.685024344169676]]]},"id":1331295559,"properties":{"GEO":"CRS5490RES200mN1624200E710800","GEO_OBJECT":"C200M","OBS_STATUS":"I","lcog_geo":"97224","ind":2,"men":0.8,"men_pauv":0.3,"men_1ind":0.2,"men_5ind":0,"men_prop":0.6,"men_fmp":0.1,"ind_snv":46273.4,"men_surf":71.6,"men_coll":0.1,"men_mais":0.7,"log_soc":0,"ind_inc":0,"log":0.8,"ind_0_17":0.2,"ind_65p":0.8}},{"type":"Feature","geometry":{"type":"Polygon","coordinates":[[[-61.042399406433105,14.683197743703033],[-61.042399406433105,14.681412642140728],[-61.04424476623535,14.681412642140728],[-61.04424476623535,14.683197743703033],[-61.042399406433105,14.683197743703033]]]},"id":1331295506,"properties":{"GEO":"CRS5490RES200mN1624000E710600","GEO_OBJECT":"C200M","OBS_STATUS":"I","lcog_geo":"97224","ind":15,"men":6.3,"men_pauv":2.2,"men_1ind":1.5,"men_5ind":0.4,"men_prop":4.7,"men_fmp":1.1,"ind_snv":347050.7,"men_surf":537.1,"men_coll":0.8,"men_mais":5.5,"log_soc":0,"ind_inc":0,"log":6.3,"ind_0_17":2.1,"ind_65p":5.4}},{"type":"Feature","geometry":{"type":"Polygon","coordinates":[[[-61.04424476623535,14.685024344169676],[-61.04424476623535,14.683197743703033],[-61.0460901260376,14.68323925751946],[-61.0460901260376,14.685024344169676],[-61.04424476623535,14.685024344169676]]]},"id":1331295557,"properties":{"GEO":"CRS5490RES200mN1624200E710400","GEO_OBJECT":"C200M","OBS_STATUS":"I","lcog_geo":"97224","ind":6,"men":2.5,"men_pauv":0.9,"men_1ind":0.6,"men_5ind":0.1,"men_prop":1.9,"men_fmp":0.4,"ind_snv":138820.3,"men_surf":214.8,"men_coll":0.3,"men_mais":2.2,"log_soc":0,"ind_inc":0,"log":2.5,"ind_0_17":0.9,"ind_65p":2.1}},{"type":"Feature","geometry":{"type":"Polygon","coordinates":[[[-61.04051113128662,14.686809416245069],[-61.04051113128662,14.684982830692164],[-61.04235649108887,14.685024344169676],[-61.04235649108887,14.686809416245069],[-61.04051113128662,14.686809416245069]]]},"id":1331295623,"properties":{"GEO":"CRS5490RES200mN1624400E710800","GEO_OBJECT":"C200M","OBS_STATUS":"I","lcog_geo":"97224","ind":4,"men":1.7,"men_pauv":0.6,"men_1ind":0.4,"men_5ind":0.1,"men_prop":1.2,"men_fmp":0.3,"ind_snv":92546.8,"men_surf":143.2,"men_coll":0.2,"men_mais":1.5,"log_soc":0,"ind_inc":0,"log":1.7000000000000002,"ind_0_17":0.5,"ind_65p":1.5}},{"type":"Feature","geometry":{"type":"Polygon","coordinates":[[[-61.04046821594238,14.69042102911763],[-61.04046821594238,14.688594473744061],[-61.04235649108887,14.688635986535715],[-61.04231357574463,14.69042102911763],[-61.04046821594238,14.69042102911763]]]},"id":1331295742,"properties":{"GEO":"CRS5490RES200mN1624800E710800","GEO_OBJECT":"C200M","OBS_STATUS":"A","lcog_geo":"97224","ind":38,"men":16,"men_pauv":5,"men_1ind":5,"men_5ind":2,"men_prop":7,"men_fmp":2,"ind_snv":787403,"men_surf":1254,"men_coll":0,"men_mais":16,"log_soc":0,"ind_inc":0,"log":16,"ind_0_17":5,"ind_65p":18}},{"type":"Feature","geometry":{"type":"Polygon","coordinates":[[[-61.03862285614014,14.688594473744061],[-61.038665771484375,14.686767903106528],[-61.04051113128662,14.686809416245069],[-61.04046821594238,14.688594473744061],[-61.03862285614014,14.688594473744061]]]},"id":1331295685,"properties":{"GEO":"CRS5490RES200mN1624600E711000","GEO_OBJECT":"C200M","OBS_STATUS":"I","lcog_geo":"97224","ind":3,"men":1.6,"men_pauv":0.5,"men_1ind":0.4,"men_5ind":0,"men_prop":1,"men_fmp":0.3,"ind_snv":55101.8,"men_surf":125.3,"men_coll":0.1,"men_mais":1.5,"log_soc":0,"ind_inc":0,"log":1.6,"ind_0_17":0.30000000000000004,"ind_65p":1.3}},{"type":"Feature","geometry":{"type":"Polygon","coordinates":[[[-61.04235649108887,14.688635986535715],[-61.04046821594238,14.688594473744061],[-61.04051113128662,14.686809416245069],[-61.04235649108887,14.686809416245069],[-61.04235649108887,14.688635986535715]]]},"id":1331295684,"properties":{"GEO":"CRS5490RES200mN1624600E710800","GEO_OBJECT":"C200M","OBS_STATUS":"I","lcog_geo":"97224","ind":2,"men":0.8,"men_pauv":0.3,"men_1ind":0.2,"men_5ind":0,"men_prop":0.6,"men_fmp":0.1,"ind_snv":46273.4,"men_surf":71.6,"men_coll":0.1,"men_mais":0.7,"log_soc":0,"ind_inc":0,"log":0.8,"ind_0_17":0.2,"ind_65p":0.8}},{"type":"Feature","geometry":{"type":"Polygon","coordinates":[[[-61.04235649108887,14.685024344169676],[-61.042399406433105,14.683197743703033],[-61.04424476623535,14.683197743703033],[-61.04424476623535,14.685024344169676],[-61.04235649108887,14.685024344169676]]]},"id":1331295558,"properties":{"GEO":"CRS5490RES200mN1624200E710600","GEO_OBJECT":"C200M","OBS_STATUS":"I","lcog_geo":"97224","ind":3,"men":1.3,"men_pauv":0.4,"men_1ind":0.3,"men_5ind":0.1,"men_prop":0.9,"men_fmp":0.2,"ind_snv":69410.1,"men_surf":107.4,"men_coll":0.2,"men_mais":1.1,"log_soc":0,"ind_inc":0,"log":1.3,"ind_0_17":0.4,"ind_65p":1.1}},{"type":"Feature","geometry":{"type":"Polygon","coordinates":[[[-61.04235649108887,14.688635986535715],[-61.04235649108887,14.686809416245069],[-61.04420185089111,14.686809416245069],[-61.04420185089111,14.688635986535715],[-61.04235649108887,14.688635986535715]]]},"id":1331295683,"properties":{"GEO":"CRS5490RES200mN1624600E710600","GEO_OBJECT":"C200M","OBS_STATUS":"I","lcog_geo":"97224","ind":17,"men":7.1,"men_pauv":2.5,"men_1ind":1.7,"men_5ind":0.4,"men_prop":5.3,"men_fmp":1.2,"ind_snv":393324.1,"men_surf":608.7,"men_coll":0.9,"men_mais":6.2,"log_soc":0,"ind_inc":0,"log":7.1,"ind_0_17":2.5,"ind_65p":6.1000000000000005}},{"type":"Feature","geometry":{"type":"Polygon","coordinates":[[[-61.04420185089111,14.688635986535715],[-61.04420185089111,14.686809416245069],[-61.0460901260376,14.686850929375723],[-61.04604721069336,14.688635986535715],[-61.04420185089111,14.688635986535715]]]},"id":1331295682,"properties":{"GEO":"CRS5490RES200mN1624600E710400","GEO_OBJECT":"C200M","OBS_STATUS":"I","lcog_geo":"97224","ind":3,"men":1.3,"men_pauv":0.4,"men_1ind":0.3,"men_5ind":0.1,"men_prop":0.9,"men_fmp":0.2,"ind_snv":69410.1,"men_surf":107.4,"men_coll":0.2,"men_mais":1.1,"log_soc":0,"ind_inc":0,"log":1.3,"ind_0_17":0.4,"ind_65p":1.1}},{"type":"Feature","geometry":{"type":"Polygon","coordinates":[[[-61.04235649108887,14.686809416245069],[-61.04235649108887,14.685024344169676],[-61.04424476623535,14.685024344169676],[-61.04420185089111,14.686809416245069],[-61.04235649108887,14.686809416245069]]]},"id":1331295622,"properties":{"GEO":"CRS5490RES200mN1624400E710600","GEO_OBJECT":"C200M","OBS_STATUS":"I","lcog_geo":"97224","ind":5,"men":2.1,"men_pauv":0.7,"men_1ind":0.5,"men_5ind":0.1,"men_prop":1.6,"men_fmp":0.4,"ind_snv":115683.6,"men_surf":179,"men_coll":0.3,"men_mais":1.8,"log_soc":0,"ind_inc":0,"log":2.1,"ind_0_17":0.7,"ind_65p":1.7999999999999998}},{"type":"Feature","geometry":{"type":"Polygon","coordinates":[[[-61.0460901260376,14.686850929375723],[-61.04420185089111,14.686809416245069],[-61.04424476623535,14.685024344169676],[-61.0460901260376,14.685024344169676],[-61.0460901260376,14.686850929375723]]]},"id":1331295621,"properties":{"GEO":"CRS5490RES200mN1624400E710400","GEO_OBJECT":"C200M","OBS_STATUS":"I","lcog_geo":"97224","ind":1,"men":0.4,"men_pauv":0.1,"men_1ind":0.1,"men_5ind":0,"men_prop":0.3,"men_fmp":0.1,"ind_snv":23136.7,"men_surf":35.8,"men_coll":0,"men_mais":0.4,"log_soc":0,"ind_inc":0,"log":0.4,"ind_0_17":0.2,"ind_65p":0.4}},{"type":"Feature","geometry":{"type":"Polygon","coordinates":[[[-61.04424476623535,14.681412642140728],[-61.04428768157959,14.679586011504853],[-61.046133041381836,14.679627526006911],[-61.046133041381836,14.681412642140728],[-61.04424476623535,14.681412642140728]]]},"id":1331295447,"properties":{"GEO":"CRS5490RES200mN1623800E710400","GEO_OBJECT":"C200M","OBS_STATUS":"I","lcog_geo":"97224","ind":22,"men":10.2,"men_pauv":2.8,"men_1ind":3.9,"men_5ind":0.8,"men_prop":7.3,"men_fmp":1.8,"ind_snv":517577.8,"men_surf":966.5,"men_coll":2.3,"men_mais":7.9,"log_soc":0,"ind_inc":0,"log":10.2,"ind_0_17":4.199999999999999,"ind_65p":5.5}},{"type":"Feature","geometry":{"type":"Polygon","coordinates":[[[-61.046133041381836,14.679627526006911],[-61.04428768157959,14.679586011504853],[-61.04428768157959,14.677800880462271],[-61.046133041381836,14.677800880462271],[-61.046133041381836,14.679627526006911]]]},"id":1331295400,"properties":{"GEO":"CRS5490RES200mN1623600E710400","GEO_OBJECT":"C200M","OBS_STATUS":"I","lcog_geo":"97224","ind":15,"men":6.9,"men_pauv":1.9,"men_1ind":2.6,"men_5ind":0.6,"men_prop":4.9,"men_fmp":1.2,"ind_snv":352893.9,"men_surf":659,"men_coll":1.6,"men_mais":5.3,"log_soc":0,"ind_inc":0,"log":6.9,"ind_0_17":2.9000000000000004,"ind_65p":3.8}},{"type":"Feature","geometry":{"type":"Polygon","coordinates":[[[-61.0460901260376,14.68323925751946],[-61.04424476623535,14.683197743703033],[-61.04424476623535,14.681412642140728],[-61.046133041381836,14.681412642140728],[-61.0460901260376,14.68323925751946]]]},"id":1331295505,"properties":{"GEO":"CRS5490RES200mN1624000E710400","GEO_OBJECT":"C200M","OBS_STATUS":"I","lcog_geo":"97224","ind":10,"men":4.2,"men_pauv":1.5,"men_1ind":1,"men_5ind":0.2,"men_prop":3.1,"men_fmp":0.7,"ind_snv":231367.1,"men_surf":358.1,"men_coll":0.5,"men_mais":3.7,"log_soc":0,"ind_inc":0,"log":4.2,"ind_0_17":1.4,"ind_65p":3.5999999999999996}},{"type":"Feature","geometry":{"type":"Polygon","coordinates":[[[-61.04797840118408,14.681454156296056],[-61.04797840118408,14.679627526006911],[-61.049866676330566,14.679627526006911],[-61.04982376098633,14.681454156296056],[-61.04797840118408,14.681454156296056]]]},"id":1331295445,"properties":{"GEO":"CRS5490RES200mN1623800E710000","GEO_OBJECT":"C200M","OBS_STATUS":"I","lcog_geo":"97224","ind":18,"men":8.3,"men_pauv":2.3,"men_1ind":3.2,"men_5ind":0.7,"men_prop":5.9,"men_fmp":1.4,"ind_snv":423472.7,"men_surf":790.8,"men_coll":1.9,"men_mais":6.4,"log_soc":0,"ind_inc":0,"log":8.3,"ind_0_17":3.5,"ind_65p":4.5}},{"type":"Feature","geometry":{"type":"Polygon","coordinates":[[[-61.0460901260376,14.68323925751946],[-61.046133041381836,14.681412642140728],[-61.04797840118408,14.681454156296056],[-61.04797840118408,14.68323925751946],[-61.0460901260376,14.68323925751946]]]},"id":1331295504,"properties":{"GEO":"CRS5490RES200mN1624000E710200","GEO_OBJECT":"C200M","OBS_STATUS":"I","lcog_geo":"97224","ind":28,"men":11.8,"men_pauv":4.1,"men_1ind":2.8,"men_5ind":0.7,"men_prop":8.7,"men_fmp":2,"ind_snv":647827.9,"men_surf":1002.6,"men_coll":1.5,"men_mais":10.3,"log_soc":0,"ind_inc":0,"log":11.8,"ind_0_17":3.9,"ind_65p":10.1}},{"type":"Feature","geometry":{"type":"Polygon","coordinates":[[[-61.04797840118408,14.681454156296056],[-61.046133041381836,14.681412642140728],[-61.046133041381836,14.679627526006911],[-61.04797840118408,14.679627526006911],[-61.04797840118408,14.681454156296056]]]},"id":1331295446,"properties":{"GEO":"CRS5490RES200mN1623800E710200","GEO_OBJECT":"C200M","OBS_STATUS":"I","lcog_geo":"97224","ind":6,"men":2.8,"men_pauv":0.8,"men_1ind":1.1,"men_5ind":0.2,"men_prop":2,"men_fmp":0.5,"ind_snv":141157.6,"men_surf":263.6,"men_coll":0.7,"men_mais":2.1,"log_soc":0,"ind_inc":0,"log":2.8,"ind_0_17":1.2,"ind_65p":1.5}},{"type":"Feature","geometry":{"type":"Polygon","coordinates":[[[-61.04982376098633,14.683280771328015],[-61.04982376098633,14.681454156296056],[-61.05171203613281,14.681454156296056],[-61.051669120788574,14.683280771328015],[-61.04982376098633,14.683280771328015]]]},"id":1331295502,"properties":{"GEO":"CRS5490RES200mN1624000E709800","GEO_OBJECT":"C200M","OBS_STATUS":"A","lcog_geo":"97224","ind":31.5,"men":15,"men_pauv":5,"men_1ind":8,"men_5ind":0,"men_prop":5,"men_fmp":3,"ind_snv":527373.1,"men_surf":1127,"men_coll":5,"men_mais":10,"log_soc":0,"ind_inc":0,"log":15,"ind_0_17":8,"ind_65p":7}},{"type":"Feature","geometry":{"type":"Polygon","coordinates":[[[-61.04982376098633,14.683280771328015],[-61.04797840118408,14.68323925751946],[-61.04797840118408,14.681454156296056],[-61.04982376098633,14.681454156296056],[-61.04982376098633,14.683280771328015]]]},"id":1331295503,"properties":{"GEO":"CRS5490RES200mN1624000E710000","GEO_OBJECT":"C200M","OBS_STATUS":"A","lcog_geo":"97224","ind":36,"men":17,"men_pauv":7,"men_1ind":6,"men_5ind":0,"men_prop":6,"men_fmp":5,"ind_snv":551047.8,"men_surf":1408,"men_coll":8,"men_mais":9,"log_soc":0,"ind_inc":0,"log":17,"ind_0_17":3,"ind_65p":10}},{"type":"Feature","geometry":{"type":"Polygon","coordinates":[[[-61.0460901260376,14.686850929375723],[-61.0460901260376,14.685024344169676],[-61.047935485839844,14.685065857639287],[-61.047935485839844,14.686850929375723],[-61.0460901260376,14.686850929375723]]]},"id":1331295620,"properties":{"GEO":"CRS5490RES200mN1624400E710200","GEO_OBJECT":"C200M","OBS_STATUS":"I","lcog_geo":"97224","ind":3.5,"men":1.5,"men_pauv":0.5,"men_1ind":0.4,"men_5ind":0.1,"men_prop":1.1,"men_fmp":0.2,"ind_snv":80978.5,"men_surf":125.3,"men_coll":0.2,"men_mais":1.3,"log_soc":0,"ind_inc":0,"log":1.5,"ind_0_17":0.5,"ind_65p":1.3}},{"type":"Feature","geometry":{"type":"Polygon","coordinates":[[[-61.04420185089111,14.69046254156234],[-61.04420185089111,14.688635986535715],[-61.04604721069336,14.688635986535715],[-61.04604721069336,14.69046254156234],[-61.04420185089111,14.69046254156234]]]},"id":1331295740,"properties":{"GEO":"CRS5490RES200mN1624800E710400","GEO_OBJECT":"C200M","OBS_STATUS":"I","lcog_geo":"97224","ind":19,"men":8,"men_pauv":2.8,"men_1ind":1.9,"men_5ind":0.4,"men_prop":5.9,"men_fmp":1.3,"ind_snv":439597.5,"men_surf":680.3,"men_coll":1,"men_mais":7,"log_soc":0,"ind_inc":0,"log":8,"ind_0_17":2.7,"ind_65p":6.8}},{"type":"Feature","geometry":{"type":"Polygon","coordinates":[[[-61.04973793029785,14.690504053999177],[-61.047892570495605,14.69046254156234],[-61.047935485839844,14.688677499319482],[-61.04978084564209,14.688677499319482],[-61.04973793029785,14.690504053999177]]]},"id":1331295739,"properties":{"GEO":"CRS5490RES200mN1624800E710000","GEO_OBJECT":"C200M","OBS_STATUS":"I","lcog_geo":"97224","ind":2,"men":0.8,"men_pauv":0.3,"men_1ind":0.2,"men_5ind":0,"men_prop":0.6,"men_fmp":0.1,"ind_snv":46273.4,"men_surf":71.6,"men_coll":0.1,"men_mais":0.7,"log_soc":0,"ind_inc":0,"log":0.8,"ind_0_17":0.2,"ind_65p":0.8}},{"type":"Feature","geometry":{"type":"Polygon","coordinates":[[[-61.053643226623535,14.670660210625414],[-61.053643226623535,14.668833490215377],[-61.05553150177002,14.668833490215377],[-61.05548858642578,14.670660210625414],[-61.053643226623535,14.670660210625414]]]},"id":1331295086,"properties":{"GEO":"CRS5490RES200mN1622600E709400","GEO_OBJECT":"C200M","OBS_STATUS":"I","lcog_geo":"97224","ind":1.5,"men":0.8,"men_pauv":0.2,"men_1ind":0.4,"men_5ind":0.1,"men_prop":0.5,"men_fmp":0.1,"ind_snv":34124.5,"men_surf":71,"men_coll":0.2,"men_mais":0.6,"log_soc":0,"ind_inc":0,"log":0.8,"ind_0_17":0.1,"ind_65p":0.6000000000000001}},{"type":"Feature","geometry":{"type":"Polygon","coordinates":[[[-61.05179786682129,14.668833490215377],[-61.05184078216553,14.667006754560063],[-61.05368614196777,14.667048271448792],[-61.053643226623535,14.668833490215377],[-61.05179786682129,14.668833490215377]]]},"id":1331295032,"properties":{"GEO":"CRS5490RES200mN1622400E709600","GEO_OBJECT":"C200M","OBS_STATUS":"I","lcog_geo":"97224","ind":15,"men":7.9,"men_pauv":1.9,"men_1ind":4.1,"men_5ind":0.6,"men_prop":5.2,"men_fmp":0.9,"ind_snv":341245.2,"men_surf":709.6,"men_coll":1.6,"men_mais":6.3,"log_soc":0,"ind_inc":0,"log":7.9,"ind_0_17":2.0999999999999996,"ind_65p":5.5}},{"type":"Feature","geometry":{"type":"Polygon","coordinates":[[[-61.05175495147705,14.67244539993139],[-61.05179786682129,14.670618694421776],[-61.053643226623535,14.670660210625414],[-61.053643226623535,14.67244539993139],[-61.05175495147705,14.67244539993139]]]},"id":1331295144,"properties":{"GEO":"CRS5490RES200mN1622800E709600","GEO_OBJECT":"C200M","OBS_STATUS":"I","lcog_geo":"97224","ind":3,"men":1.6,"men_pauv":0.4,"men_1ind":0.8,"men_5ind":0.1,"men_prop":1,"men_fmp":0.2,"ind_snv":68249,"men_surf":141.9,"men_coll":0.3,"men_mais":1.3,"log_soc":0,"ind_inc":0,"log":1.6,"ind_0_17":0.5,"ind_65p":1}},{"type":"Feature","geometry":{"type":"Polygon","coordinates":[[[-61.053643226623535,14.670660210625414],[-61.05179786682129,14.670618694421776],[-61.05179786682129,14.668833490215377],[-61.053643226623535,14.668833490215377],[-61.053643226623535,14.670660210625414]]]},"id":1331295087,"properties":{"GEO":"CRS5490RES200mN1622600E709600","GEO_OBJECT":"C200M","OBS_STATUS":"I","lcog_geo":"97224","ind":11,"men":5.8,"men_pauv":1.4,"men_1ind":3,"men_5ind":0.5,"men_prop":3.8,"men_fmp":0.7,"ind_snv":250246.5,"men_surf":520.4,"men_coll":1.2,"men_mais":4.6,"log_soc":0,"ind_inc":0,"log":5.8,"ind_0_17":1.5,"ind_65p":4.1}},{"type":"Feature","geometry":{"type":"Polygon","coordinates":[[[-61.053643226623535,14.67244539993139],[-61.053643226623535,14.670660210625414],[-61.05548858642578,14.670660210625414],[-61.05548858642578,14.67244539993139],[-61.053643226623535,14.67244539993139]]]},"id":1331295143,"properties":{"GEO":"CRS5490RES200mN1622800E709400","GEO_OBJECT":"C200M","OBS_STATUS":"A","lcog_geo":"97224","ind":100,"men":44,"men_pauv":16,"men_1ind":17,"men_5ind":4,"men_prop":29,"men_fmp":10,"ind_snv":1850687.3,"men_surf":4091,"men_coll":11,"men_mais":33,"log_soc":0,"ind_inc":0,"log":44,"ind_0_17":18,"ind_65p":26}},{"type":"Feature","geometry":{"type":"Polygon","coordinates":[[[-61.05548858642578,14.674272090192332],[-61.05548858642578,14.67244539993139],[-61.05733394622803,14.672486915788497],[-61.05733394622803,14.674272090192332],[-61.05548858642578,14.674272090192332]]]},"id":1331295208,"properties":{"GEO":"CRS5490RES200mN1623000E709200","GEO_OBJECT":"C200M","OBS_STATUS":"I","lcog_geo":"97224","ind":28,"men":14,"men_pauv":5.9,"men_1ind":6.7,"men_5ind":0.6,"men_prop":10.9,"men_fmp":1.7,"ind_snv":514852.9,"men_surf":1175.8,"men_coll":3.3,"men_mais":10.7,"log_soc":0,"ind_inc":0,"log":14,"ind_0_17":4.6000000000000005,"ind_65p":8.3}},{"type":"Feature","geometry":{"type":"Polygon","coordinates":[[[-61.05175495147705,14.676057250031079],[-61.05175495147705,14.674230574673928],[-61.0536003112793,14.674272090192332],[-61.0536003112793,14.676057250031079],[-61.05175495147705,14.676057250031079]]]},"id":1331295274,"properties":{"GEO":"CRS5490RES200mN1623200E709600","GEO_OBJECT":"C200M","OBS_STATUS":"A","lcog_geo":"97224","ind":21,"men":12,"men_pauv":4,"men_1ind":5,"men_5ind":0,"men_prop":9,"men_fmp":2,"ind_snv":382872.9,"men_surf":1108,"men_coll":0,"men_mais":12,"log_soc":0,"ind_inc":0,"log":12,"ind_0_17":1,"ind_65p":9}},{"type":"Feature","geometry":{"type":"Polygon","coordinates":[[[-61.0536003112793,14.677883910136146],[-61.0536003112793,14.676057250031079],[-61.05544567108154,14.676098765202866],[-61.05544567108154,14.677883910136146],[-61.0536003112793,14.677883910136146]]]},"id":1331295336,"properties":{"GEO":"CRS5490RES200mN1623400E709400","GEO_OBJECT":"C200M","OBS_STATUS":"A","lcog_geo":"97224","ind":40,"men":16,"men_pauv":9,"men_1ind":4,"men_5ind":1,"men_prop":12,"men_fmp":3,"ind_snv":657497.7,"men_surf":1048,"men_coll":6,"men_mais":10,"log_soc":0,"ind_inc":0,"log":16,"ind_0_17":10,"ind_65p":13}},{"type":"Feature","geometry":{"type":"Polygon","coordinates":[[[-61.05171203613281,14.679669040501068],[-61.05171203613281,14.677842395303145],[-61.0536003112793,14.677883910136146],[-61.05355739593506,14.679669040501068],[-61.05171203613281,14.679669040501068]]]},"id":1331295396,"properties":{"GEO":"CRS5490RES200mN1623600E709600","GEO_OBJECT":"C200M","OBS_STATUS":"I","lcog_geo":"97224","ind":14,"men":7,"men_pauv":2.9,"men_1ind":3.3,"men_5ind":0.3,"men_prop":5.4,"men_fmp":0.8,"ind_snv":257426.5,"men_surf":587.9,"men_coll":1.7,"men_mais":5.3,"log_soc":0,"ind_inc":0,"log":7,"ind_0_17":2.3,"ind_65p":4.199999999999999}},{"type":"Feature","geometry":{"type":"Polygon","coordinates":[[[-61.0536003112793,14.677883910136146],[-61.05171203613281,14.677842395303145],[-61.05175495147705,14.676057250031079],[-61.0536003112793,14.676057250031079],[-61.0536003112793,14.677883910136146]]]},"id":1331295337,"properties":{"GEO":"CRS5490RES200mN1623400E709600","GEO_OBJECT":"C200M","OBS_STATUS":"I","lcog_geo":"97224","ind":4,"men":2,"men_pauv":0.8,"men_1ind":1,"men_5ind":0.1,"men_prop":1.6,"men_fmp":0.2,"ind_snv":73550.4,"men_surf":168,"men_coll":0.5,"men_mais":1.5,"log_soc":0,"ind_inc":0,"log":2,"ind_0_17":0.6000000000000001,"ind_65p":1.2000000000000002}},{"type":"Feature","geometry":{"type":"Polygon","coordinates":[[[-61.055402755737305,14.67971055498738],[-61.05355739593506,14.679669040501068],[-61.0536003112793,14.677883910136146],[-61.05544567108154,14.677883910136146],[-61.055402755737305,14.67971055498738]]]},"id":1331295395,"properties":{"GEO":"CRS5490RES200mN1623600E709400","GEO_OBJECT":"C200M","OBS_STATUS":"A","lcog_geo":"97224","ind":25,"men":12,"men_pauv":4,"men_1ind":4,"men_5ind":0,"men_prop":6,"men_fmp":6,"ind_snv":474272.9,"men_surf":886,"men_coll":4,"men_mais":8,"log_soc":0,"ind_inc":0,"log":12,"ind_0_17":5,"ind_65p":7}},{"type":"Feature","geometry":{"type":"Polygon","coordinates":[[[-61.05544567108154,14.676098765202866],[-61.0536003112793,14.676057250031079],[-61.0536003112793,14.674272090192332],[-61.05548858642578,14.674272090192332],[-61.05544567108154,14.676098765202866]]]},"id":1331295273,"properties":{"GEO":"CRS5490RES200mN1623200E709400","GEO_OBJECT":"C200M","OBS_STATUS":"I","lcog_geo":"97224","ind":2,"men":1,"men_pauv":0.4,"men_1ind":0.5,"men_5ind":0,"men_prop":0.8,"men_fmp":0.1,"ind_snv":36775.2,"men_surf":84,"men_coll":0.2,"men_mais":0.8,"log_soc":0,"ind_inc":0,"log":1,"ind_0_17":0.30000000000000004,"ind_65p":0.6000000000000001}},{"type":"Feature","geometry":{"type":"Polygon","coordinates":[[[-61.0536003112793,14.674272090192332],[-61.053643226623535,14.67244539993139],[-61.05548858642578,14.67244539993139],[-61.05548858642578,14.674272090192332],[-61.0536003112793,14.674272090192332]]]},"id":1331295209,"properties":{"GEO":"CRS5490RES200mN1623000E709400","GEO_OBJECT":"C200M","OBS_STATUS":"I","lcog_geo":"97224","ind":6,"men":3,"men_pauv":1.3,"men_1ind":1.4,"men_5ind":0.1,"men_prop":2.3,"men_fmp":0.4,"ind_snv":110325.6,"men_surf":252,"men_coll":0.7,"men_mais":2.3,"log_soc":0,"ind_inc":0,"log":3,"ind_0_17":0.9,"ind_65p":1.7999999999999998}},{"type":"Feature","geometry":{"type":"Polygon","coordinates":[[[-61.05544567108154,14.676098765202866],[-61.05548858642578,14.674272090192332],[-61.05733394622803,14.674272090192332],[-61.05729103088379,14.676098765202866],[-61.05544567108154,14.676098765202866]]]},"id":1331295272,"properties":{"GEO":"CRS5490RES200mN1623200E709200","GEO_OBJECT":"C200M","OBS_STATUS":"I","lcog_geo":"97224","ind":14,"men":7,"men_pauv":2.9,"men_1ind":3.3,"men_5ind":0.3,"men_prop":5.4,"men_fmp":0.8,"ind_snv":257426.5,"men_surf":587.9,"men_coll":1.7,"men_mais":5.3,"log_soc":0,"ind_inc":0,"log":7,"ind_0_17":2.3,"ind_65p":4.199999999999999}},{"type":"Feature","geometry":{"type":"Polygon","coordinates":[[[-61.05548858642578,14.670660210625414],[-61.05553150177002,14.668833490215377],[-61.057376861572266,14.668875006757645],[-61.057376861572266,14.670660210625414],[-61.05548858642578,14.670660210625414]]]},"id":1331295085,"properties":{"GEO":"CRS5490RES200mN1622600E709200","GEO_OBJECT":"C200M","OBS_STATUS":"A","lcog_geo":"97224","ind":24.5,"men":12,"men_pauv":6,"men_1ind":4,"men_5ind":0,"men_prop":4,"men_fmp":4,"ind_snv":425429.4,"men_surf":947,"men_coll":4,"men_mais":8,"log_soc":0,"ind_inc":0,"log":12,"ind_0_17":4.5,"ind_65p":5}},{"type":"Feature","geometry":{"type":"Polygon","coordinates":[[[-61.05733394622803,14.672486915788497],[-61.05548858642578,14.67244539993139],[-61.05548858642578,14.670660210625414],[-61.057376861572266,14.670660210625414],[-61.05733394622803,14.672486915788497]]]},"id":1331295142,"properties":{"GEO":"CRS5490RES200mN1622800E709200","GEO_OBJECT":"C200M","OBS_STATUS":"I","lcog_geo":"97224","ind":10,"men":5.2,"men_pauv":1.3,"men_1ind":2.7,"men_5ind":0.4,"men_prop":3.5,"men_fmp":0.6,"ind_snv":227496.8,"men_surf":473.1,"men_coll":1,"men_mais":4.2,"log_soc":0,"ind_inc":0,"log":5.199999999999999,"ind_0_17":1.4,"ind_65p":3.7}},{"type":"Feature","geometry":{"type":"Polygon","coordinates":[[[-61.05922222137451,14.670701726821179],[-61.05922222137451,14.668875006757645],[-61.06106758117676,14.668916523292026],[-61.06106758117676,14.670701726821179],[-61.05922222137451,14.670701726821179]]]},"id":1331295083,"properties":{"GEO":"CRS5490RES200mN1622600E708800","GEO_OBJECT":"C200M","OBS_STATUS":"I","lcog_geo":"97224","ind":14,"men":7.2,"men_pauv":2.9,"men_1ind":3.2,"men_5ind":0.2,"men_prop":3.8,"men_fmp":0.5,"ind_snv":281617.6,"men_surf":532.9,"men_coll":1.3,"men_mais":5.9,"log_soc":0,"ind_inc":0,"log":7.2,"ind_0_17":1.5,"ind_65p":4.1}},{"type":"Feature","geometry":{"type":"Polygon","coordinates":[[[-61.05922222137451,14.670701726821179],[-61.057376861572266,14.670660210625414],[-61.057376861572266,14.668875006757645],[-61.05922222137451,14.668875006757645],[-61.05922222137451,14.670701726821179]]]},"id":1331295084,"properties":{"GEO":"CRS5490RES200mN1622600E709000","GEO_OBJECT":"C200M","OBS_STATUS":"I","lcog_geo":"97224","ind":2,"men":1,"men_pauv":0.3,"men_1ind":0.5,"men_5ind":0.1,"men_prop":0.7,"men_fmp":0.1,"ind_snv":45499.4,"men_surf":94.6,"men_coll":0.2,"men_mais":0.8,"log_soc":0,"ind_inc":0,"log":1,"ind_0_17":0.30000000000000004,"ind_65p":0.7}},{"type":"Feature","geometry":{"type":"Polygon","coordinates":[[[-61.05917930603027,14.67431360570285],[-61.05917930603027,14.672486915788497],[-61.06106758117676,14.672528431637716],[-61.06102466583252,14.67431360570285],[-61.05917930603027,14.67431360570285]]]},"id":1331295206,"properties":{"GEO":"CRS5490RES200mN1623000E708800","GEO_OBJECT":"C200M","OBS_STATUS":"I","lcog_geo":"97224","ind":9,"men":4.5,"men_pauv":1.3,"men_1ind":1.9,"men_5ind":0.1,"men_prop":3.5,"men_fmp":0.6,"ind_snv":177902.2,"men_surf":401,"men_coll":0.7,"men_mais":3.8,"log_soc":0,"ind_inc":0,"log":4.5,"ind_0_17":1.1,"ind_65p":2.5999999999999996}},{"type":"Feature","geometry":{"type":"Polygon","coordinates":[[[-61.05733394622803,14.672486915788497],[-61.057376861572266,14.670660210625414],[-61.05922222137451,14.670701726821179],[-61.05917930603027,14.672486915788497],[-61.05733394622803,14.672486915788497]]]},"id":1331295141,"properties":{"GEO":"CRS5490RES200mN1622800E709000","GEO_OBJECT":"C200M","OBS_STATUS":"I","lcog_geo":"97224","ind":4,"men":2.1,"men_pauv":0.5,"men_1ind":1.1,"men_5ind":0.2,"men_prop":1.4,"men_fmp":0.3,"ind_snv":90998.7,"men_surf":189.2,"men_coll":0.4,"men_mais":1.7,"log_soc":0,"ind_inc":0,"log":2.1,"ind_0_17":0.6000000000000001,"ind_65p":1.5}},{"type":"Feature","geometry":{"type":"Polygon","coordinates":[[[-61.06106758117676,14.672528431637716],[-61.05917930603027,14.672486915788497],[-61.05922222137451,14.670701726821179],[-61.06106758117676,14.670701726821179],[-61.06106758117676,14.672528431637716]]]},"id":1331295140,"properties":{"GEO":"CRS5490RES200mN1622800E708800","GEO_OBJECT":"C200M","OBS_STATUS":"I","lcog_geo":"97224","ind":17,"men":8.7,"men_pauv":3.5,"men_1ind":3.9,"men_5ind":0.2,"men_prop":4.6,"men_fmp":0.7,"ind_snv":341964.2,"men_surf":647.1,"men_coll":1.5,"men_mais":7.2,"log_soc":0,"ind_inc":0,"log":8.7,"ind_0_17":1.6999999999999997,"ind_65p":5.1000000000000005}},{"type":"Feature","geometry":{"type":"Polygon","coordinates":[[[-61.05729103088379,14.676098765202866],[-61.05733394622803,14.674272090192332],[-61.05917930603027,14.67431360570285],[-61.05917930603027,14.676098765202866],[-61.05729103088379,14.676098765202866]]]},"id":1331295271,"properties":{"GEO":"CRS5490RES200mN1623200E709000","GEO_OBJECT":"C200M","OBS_STATUS":"A","lcog_geo":"97224","ind":32,"men":12,"men_pauv":5,"men_1ind":5,"men_5ind":2,"men_prop":8,"men_fmp":0,"ind_snv":523977.8,"men_surf":1103,"men_coll":2,"men_mais":10,"log_soc":0,"ind_inc":0,"log":12,"ind_0_17":4,"ind_65p":10}},{"type":"Feature","geometry":{"type":"Polygon","coordinates":[[[-61.05917930603027,14.67431360570285],[-61.05733394622803,14.674272090192332],[-61.05733394622803,14.672486915788497],[-61.05917930603027,14.672486915788497],[-61.05917930603027,14.67431360570285]]]},"id":1331295207,"properties":{"GEO":"CRS5490RES200mN1623000E709000","GEO_OBJECT":"C200M","OBS_STATUS":"I","lcog_geo":"97224","ind":13,"men":6.5,"men_pauv":2.7,"men_1ind":3.1,"men_5ind":0.3,"men_prop":5,"men_fmp":0.8,"ind_snv":239038.9,"men_surf":545.9,"men_coll":1.6,"men_mais":4.9,"log_soc":0,"ind_inc":0,"log":6.5,"ind_0_17":2.2,"ind_65p":3.8}},{"type":"Feature","geometry":{"type":"Polygon","coordinates":[[[-61.059136390686035,14.677925424961273],[-61.05729103088379,14.677883910136146],[-61.05729103088379,14.676098765202866],[-61.05917930603027,14.676098765202866],[-61.059136390686035,14.677925424961273]]]},"id":1331295335,"properties":{"GEO":"CRS5490RES200mN1623400E709000","GEO_OBJECT":"C200M","OBS_STATUS":"A","lcog_geo":"97224","ind":31,"men":11,"men_pauv":6,"men_1ind":4,"men_5ind":3,"men_prop":8,"men_fmp":1,"ind_snv":491958.9,"men_surf":1083,"men_coll":3,"men_mais":8,"log_soc":0,"ind_inc":0,"log":11,"ind_0_17":6,"ind_65p":8}},{"type":"Feature","geometry":{"type":"Polygon","coordinates":[[[-61.05729103088379,14.67971055498738],[-61.05729103088379,14.677883910136146],[-61.059136390686035,14.677925424961273],[-61.059136390686035,14.67971055498738],[-61.05729103088379,14.67971055498738]]]},"id":1331295393,"properties":{"GEO":"CRS5490RES200mN1623600E709000","GEO_OBJECT":"C200M","OBS_STATUS":"I","lcog_geo":"97224","ind":1,"men":0.5,"men_pauv":0.2,"men_1ind":0.2,"men_5ind":0,"men_prop":0.4,"men_fmp":0.1,"ind_snv":18387.6,"men_surf":42,"men_coll":0.1,"men_mais":0.4,"log_soc":0,"ind_inc":0,"log":0.5,"ind_0_17":0.1,"ind_65p":0.30000000000000004}},{"type":"Feature","geometry":{"type":"Polygon","coordinates":[[[-61.06102466583252,14.676140280366766],[-61.06102466583252,14.67431360570285],[-61.062912940979004,14.674355121205494],[-61.062870025634766,14.676140280366766],[-61.06102466583252,14.676140280366766]]]},"id":1331295269,"properties":{"GEO":"CRS5490RES200mN1623200E708600","GEO_OBJECT":"C200M","OBS_STATUS":"I","lcog_geo":"97224","ind":7,"men":3.5,"men_pauv":1,"men_1ind":1.5,"men_5ind":0.1,"men_prop":2.7,"men_fmp":0.5,"ind_snv":138368.4,"men_surf":311.9,"men_coll":0.6,"men_mais":2.9,"log_soc":0,"ind_inc":0,"log":3.5,"ind_0_17":0.8,"ind_65p":2.1}},{"type":"Feature","geometry":{"type":"Polygon","coordinates":[[[-61.059136390686035,14.677925424961273],[-61.05917930603027,14.676098765202866],[-61.06102466583252,14.676140280366766],[-61.06102466583252,14.677925424961273],[-61.059136390686035,14.677925424961273]]]},"id":1331295334,"properties":{"GEO":"CRS5490RES200mN1623400E708800","GEO_OBJECT":"C200M","OBS_STATUS":"I","lcog_geo":"97224","ind":16.5,"men":8.2,"men_pauv":2.5,"men_1ind":3.4,"men_5ind":0.2,"men_prop":6.4,"men_fmp":1.1,"ind_snv":326154.1,"men_surf":735.1,"men_coll":1.3,"men_mais":6.9,"log_soc":0,"ind_inc":0,"log":8.2,"ind_0_17":2,"ind_65p":4.7}},{"type":"Feature","geometry":{"type":"Polygon","coordinates":[[[-61.06102466583252,14.676140280366766],[-61.05917930603027,14.676098765202866],[-61.05917930603027,14.67431360570285],[-61.06102466583252,14.67431360570285],[-61.06102466583252,14.676140280366766]]]},"id":1331295270,"properties":{"GEO":"CRS5490RES200mN1623200E708800","GEO_OBJECT":"C200M","OBS_STATUS":"A","lcog_geo":"97224","ind":30,"men":17,"men_pauv":3,"men_1ind":8,"men_5ind":0,"men_prop":9,"men_fmp":1,"ind_snv":618773.3,"men_surf":1206,"men_coll":2,"men_mais":15,"log_soc":0,"ind_inc":0,"log":17,"ind_0_17":0,"ind_65p":13}},{"type":"Feature","geometry":{"type":"Polygon","coordinates":[[[-61.06098175048828,14.679752069465792],[-61.059136390686035,14.67971055498738],[-61.059136390686035,14.677925424961273],[-61.06102466583252,14.677925424961273],[-61.06098175048828,14.679752069465792]]]},"id":1331295392,"properties":{"GEO":"CRS5490RES200mN1623600E708800","GEO_OBJECT":"C200M","OBS_STATUS":"I","lcog_geo":"97224","ind":2,"men":1,"men_pauv":0.3,"men_1ind":0.4,"men_5ind":0,"men_prop":0.8,"men_fmp":0.1,"ind_snv":39533.8,"men_surf":89.1,"men_coll":0.2,"men_mais":0.8,"log_soc":0,"ind_inc":0,"log":1,"ind_0_17":0.2,"ind_65p":0.6000000000000001}},{"type":"Feature","geometry":{"type":"Polygon","coordinates":[[[-61.04982376098633,14.681454156296056],[-61.049866676330566,14.679627526006911],[-61.05171203613281,14.679669040501068],[-61.05171203613281,14.681454156296056],[-61.04982376098633,14.681454156296056]]]},"id":1331295444,"properties":{"GEO":"CRS5490RES200mN1623800E709800","GEO_OBJECT":"C200M","OBS_STATUS":"A","lcog_geo":"97224","ind":17,"men":11,"men_pauv":5,"men_1ind":6,"men_5ind":0,"men_prop":10,"men_fmp":1,"ind_snv":303605,"men_surf":1106,"men_coll":0,"men_mais":11,"log_soc":0,"ind_inc":0,"log":11,"ind_0_17":1,"ind_65p":9}},{"type":"Feature","geometry":{"type":"Polygon","coordinates":[[[-61.05171203613281,14.679669040501068],[-61.049866676330566,14.679627526006911],[-61.049866676330566,14.677842395303145],[-61.05171203613281,14.677842395303145],[-61.05171203613281,14.679669040501068]]]},"id":1331295397,"properties":{"GEO":"CRS5490RES200mN1623600E709800","GEO_OBJECT":"C200M","OBS_STATUS":"I","lcog_geo":"97224","ind":9,"men":4.5,"men_pauv":1.9,"men_1ind":2.1,"men_5ind":0.2,"men_prop":3.5,"men_fmp":0.5,"ind_snv":165488.4,"men_surf":377.9,"men_coll":1.1,"men_mais":3.4,"log_soc":0,"ind_inc":0,"log":4.5,"ind_0_17":1.5,"ind_65p":2.7}},{"type":"Feature","geometry":{"type":"Polygon","coordinates":[[[-61.05355739593506,14.681495670443496],[-61.05355739593506,14.679669040501068],[-61.055402755737305,14.67971055498738],[-61.055402755737305,14.681495670443496],[-61.05355739593506,14.681495670443496]]]},"id":1331295442,"properties":{"GEO":"CRS5490RES200mN1623800E709400","GEO_OBJECT":"C200M","OBS_STATUS":"I","lcog_geo":"97224","ind":3,"men":1.5,"men_pauv":0.6,"men_1ind":0.7,"men_5ind":0.1,"men_prop":1.2,"men_fmp":0.2,"ind_snv":55162.8,"men_surf":126,"men_coll":0.4,"men_mais":1.1,"log_soc":0,"ind_inc":0,"log":1.5,"ind_0_17":0.5,"ind_65p":0.8999999999999999}},{"type":"Feature","geometry":{"type":"Polygon","coordinates":[[[-61.05355739593506,14.681495670443496],[-61.05171203613281,14.681454156296056],[-61.05171203613281,14.679669040501068],[-61.05355739593506,14.679669040501068],[-61.05355739593506,14.681495670443496]]]},"id":1331295443,"properties":{"GEO":"CRS5490RES200mN1623800E709600","GEO_OBJECT":"C200M","OBS_STATUS":"I","lcog_geo":"97224","ind":3,"men":1.5,"men_pauv":0.6,"men_1ind":0.7,"men_5ind":0.1,"men_prop":1.2,"men_fmp":0.2,"ind_snv":55162.8,"men_surf":126,"men_coll":0.4,"men_mais":1.1,"log_soc":0,"ind_inc":0,"log":1.5,"ind_0_17":0.5,"ind_65p":0.8999999999999999}},{"type":"Feature","geometry":{"type":"Polygon","coordinates":[[[-61.05351448059082,14.685107371101026],[-61.05351448059082,14.683280771328015],[-61.055402755737305,14.683322285128682],[-61.055359840393066,14.685107371101026],[-61.05351448059082,14.685107371101026]]]},"id":1331295555,"properties":{"GEO":"CRS5490RES200mN1624200E709400","GEO_OBJECT":"C200M","OBS_STATUS":"A","lcog_geo":"97224","ind":34.5,"men":14,"men_pauv":4,"men_1ind":7,"men_5ind":3,"men_prop":9,"men_fmp":0,"ind_snv":724314.4,"men_surf":1326,"men_coll":5,"men_mais":9,"log_soc":0,"ind_inc":0,"log":14,"ind_0_17":6.5,"ind_65p":8}},{"type":"Feature","geometry":{"type":"Polygon","coordinates":[[[-61.051669120788574,14.683280771328015],[-61.05171203613281,14.681454156296056],[-61.05355739593506,14.681495670443496],[-61.05351448059082,14.683280771328015],[-61.051669120788574,14.683280771328015]]]},"id":1331295501,"properties":{"GEO":"CRS5490RES200mN1624000E709600","GEO_OBJECT":"C200M","OBS_STATUS":"A","lcog_geo":"97224","ind":18,"men":11,"men_pauv":2,"men_1ind":6,"men_5ind":0,"men_prop":6,"men_fmp":1,"ind_snv":601463,"men_surf":911,"men_coll":2,"men_mais":9,"log_soc":0,"ind_inc":0,"log":11,"ind_0_17":1,"ind_65p":5}},{"type":"Feature","geometry":{"type":"Polygon","coordinates":[[[-61.055402755737305,14.683322285128682],[-61.05351448059082,14.683280771328015],[-61.05355739593506,14.681495670443496],[-61.055402755737305,14.681495670443496],[-61.055402755737305,14.683322285128682]]]},"id":1331295500,"properties":{"GEO":"CRS5490RES200mN1624000E709400","GEO_OBJECT":"C200M","OBS_STATUS":"I","lcog_geo":"97224","ind":9,"men":4.9,"men_pauv":1.5,"men_1ind":2.4,"men_5ind":0.2,"men_prop":2.4,"men_fmp":0.4,"ind_snv":174710.6,"men_surf":341.6,"men_coll":0.4,"men_mais":4.5,"log_soc":0,"ind_inc":0,"log":4.9,"ind_0_17":1.2000000000000002,"ind_65p":3.1999999999999997}},{"type":"Feature","geometry":{"type":"Polygon","coordinates":[[[-61.055402755737305,14.683322285128682],[-61.055402755737305,14.681495670443496],[-61.05724811553955,14.681537184583064],[-61.05724811553955,14.683322285128682],[-61.055402755737305,14.683322285128682]]]},"id":1331295499,"properties":{"GEO":"CRS5490RES200mN1624000E709200","GEO_OBJECT":"C200M","OBS_STATUS":"I","lcog_geo":"97224","ind":12,"men":6.5,"men_pauv":2,"men_1ind":3.2,"men_5ind":0.2,"men_prop":3.2,"men_fmp":0.5,"ind_snv":232947.5,"men_surf":455.5,"men_coll":0.5,"men_mais":6,"log_soc":0,"ind_inc":0,"log":6.5,"ind_0_17":1.5,"ind_65p":4.3}},{"type":"Feature","geometry":{"type":"Polygon","coordinates":[[[-61.05351448059082,14.685107371101026],[-61.051669120788574,14.685065857639287],[-61.051669120788574,14.683280771328015],[-61.05351448059082,14.683280771328015],[-61.05351448059082,14.685107371101026]]]},"id":1331295556,"properties":{"GEO":"CRS5490RES200mN1624200E709600","GEO_OBJECT":"C200M","OBS_STATUS":"I","lcog_geo":"97224","ind":2,"men":1.1,"men_pauv":0.3,"men_1ind":0.5,"men_5ind":0,"men_prop":0.5,"men_fmp":0.1,"ind_snv":38824.6,"men_surf":75.9,"men_coll":0.1,"men_mais":1,"log_soc":0,"ind_inc":0,"log":1.1,"ind_0_17":0.30000000000000004,"ind_65p":0.7}},{"type":"Feature","geometry":{"type":"Polygon","coordinates":[[[-61.055359840393066,14.686933955613384],[-61.055359840393066,14.685107371101026],[-61.05724811553955,14.685148884554877],[-61.05720520019531,14.686933955613384],[-61.055359840393066,14.686933955613384]]]},"id":1331295618,"properties":{"GEO":"CRS5490RES200mN1624400E709200","GEO_OBJECT":"C200M","OBS_STATUS":"A","lcog_geo":"97224","ind":23,"men":14,"men_pauv":2,"men_1ind":7,"men_5ind":0,"men_prop":12,"men_fmp":1,"ind_snv":585815.4,"men_surf":1221,"men_coll":0,"men_mais":14,"log_soc":0,"ind_inc":0,"log":14,"ind_0_17":0,"ind_65p":15}},{"type":"Feature","geometry":{"type":"Polygon","coordinates":[[[-61.05724811553955,14.685148884554877],[-61.055359840393066,14.685107371101026],[-61.055402755737305,14.683322285128682],[-61.05724811553955,14.683322285128682],[-61.05724811553955,14.685148884554877]]]},"id":1331295554,"properties":{"GEO":"CRS5490RES200mN1624200E709200","GEO_OBJECT":"C200M","OBS_STATUS":"I","lcog_geo":"97224","ind":1,"men":0.5,"men_pauv":0.2,"men_1ind":0.3,"men_5ind":0,"men_prop":0.3,"men_fmp":0,"ind_snv":19412.3,"men_surf":38,"men_coll":0,"men_mais":0.5,"log_soc":0,"ind_inc":0,"log":0.5,"ind_0_17":0.1,"ind_65p":0.4}},{"type":"Feature","geometry":{"type":"Polygon","coordinates":[[[-61.055359840393066,14.686933955613384],[-61.05351448059082,14.68689244249849],[-61.05351448059082,14.685107371101026],[-61.055359840393066,14.685107371101026],[-61.055359840393066,14.686933955613384]]]},"id":1331295619,"properties":{"GEO":"CRS5490RES200mN1624400E709400","GEO_OBJECT":"C200M","OBS_STATUS":"I","lcog_geo":"97224","ind":1,"men":0.5,"men_pauv":0.2,"men_1ind":0.3,"men_5ind":0,"men_prop":0.3,"men_fmp":0,"ind_snv":19412.3,"men_surf":38,"men_coll":0,"men_mais":0.5,"log_soc":0,"ind_inc":0,"log":0.5,"ind_0_17":0.1,"ind_65p":0.4}},{"type":"Feature","geometry":{"type":"Polygon","coordinates":[[[-61.05724811553955,14.681537184583064],[-61.055402755737305,14.681495670443496],[-61.055402755737305,14.67971055498738],[-61.05729103088379,14.67971055498738],[-61.05724811553955,14.681537184583064]]]},"id":1331295441,"properties":{"GEO":"CRS5490RES200mN1623800E709200","GEO_OBJECT":"C200M","OBS_STATUS":"I","lcog_geo":"97224","ind":14,"men":7,"men_pauv":2.9,"men_1ind":3.3,"men_5ind":0.3,"men_prop":5.4,"men_fmp":0.8,"ind_snv":257426.5,"men_surf":587.9,"men_coll":1.7,"men_mais":5.3,"log_soc":0,"ind_inc":0,"log":7,"ind_0_17":2.3,"ind_65p":4.199999999999999}},{"type":"Feature","geometry":{"type":"Polygon","coordinates":[[[-61.055402755737305,14.67971055498738],[-61.05544567108154,14.677883910136146],[-61.05729103088379,14.677883910136146],[-61.05729103088379,14.67971055498738],[-61.055402755737305,14.67971055498738]]]},"id":1331295394,"properties":{"GEO":"CRS5490RES200mN1623600E709200","GEO_OBJECT":"C200M","OBS_STATUS":"A","lcog_geo":"97224","ind":22,"men":14,"men_pauv":4,"men_1ind":7,"men_5ind":0,"men_prop":12,"men_fmp":2,"ind_snv":478459.9,"men_surf":1178,"men_coll":1,"men_mais":13,"log_soc":0,"ind_inc":0,"log":14,"ind_0_17":0,"ind_65p":14}},{"type":"Feature","geometry":{"type":"Polygon","coordinates":[[[-61.05724811553955,14.681537184583064],[-61.05729103088379,14.67971055498738],[-61.059136390686035,14.67971055498738],[-61.059136390686035,14.681537184583064],[-61.05724811553955,14.681537184583064]]]},"id":1331295440,"properties":{"GEO":"CRS5490RES200mN1623800E709000","GEO_OBJECT":"C200M","OBS_STATUS":"I","lcog_geo":"97224","ind":3,"men":1.5,"men_pauv":0.6,"men_1ind":0.7,"men_5ind":0.1,"men_prop":1.2,"men_fmp":0.2,"ind_snv":55162.8,"men_surf":126,"men_coll":0.4,"men_mais":1.1,"log_soc":0,"ind_inc":0,"log":1.5,"ind_0_17":0.5,"ind_65p":0.8999999999999999}},{"type":"Feature","geometry":{"type":"Polygon","coordinates":[[[-61.05720520019531,14.686933955613384],[-61.05724811553955,14.685148884554877],[-61.0590934753418,14.685148884554877],[-61.05905055999756,14.686933955613384],[-61.05720520019531,14.686933955613384]]]},"id":1331295617,"properties":{"GEO":"CRS5490RES200mN1624400E709000","GEO_OBJECT":"C200M","OBS_STATUS":"A","lcog_geo":"97224","ind":30,"men":12,"men_pauv":5,"men_1ind":4,"men_5ind":1,"men_prop":8,"men_fmp":2,"ind_snv":562891,"men_surf":1173,"men_coll":1,"men_mais":11,"log_soc":0,"ind_inc":0,"log":12,"ind_0_17":7,"ind_65p":5}},{"type":"Feature","geometry":{"type":"Polygon","coordinates":[[[-61.05720520019531,14.68876052486334],[-61.05720520019531,14.686933955613384],[-61.05905055999756,14.686933955613384],[-61.05905055999756,14.68876052486334],[-61.05720520019531,14.68876052486334]]]},"id":1331295680,"properties":{"GEO":"CRS5490RES200mN1624600E709000","GEO_OBJECT":"C200M","OBS_STATUS":"I","lcog_geo":"97224","ind":4,"men":2.2,"men_pauv":0.7,"men_1ind":1.1,"men_5ind":0.1,"men_prop":1.1,"men_fmp":0.2,"ind_snv":77649.2,"men_surf":151.8,"men_coll":0.2,"men_mais":2,"log_soc":0,"ind_inc":0,"log":2.2,"ind_0_17":0.5,"ind_65p":1.4}},{"type":"Feature","geometry":{"type":"Polygon","coordinates":[[[-61.05720520019531,14.68876052486334],[-61.055359840393066,14.688719012095362],[-61.055359840393066,14.686933955613384],[-61.05720520019531,14.686933955613384],[-61.05720520019531,14.68876052486334]]]},"id":1331295681,"properties":{"GEO":"CRS5490RES200mN1624600E709200","GEO_OBJECT":"C200M","OBS_STATUS":"I","lcog_geo":"97224","ind":8,"men":4.3,"men_pauv":1.3,"men_1ind":2.2,"men_5ind":0.2,"men_prop":2.2,"men_fmp":0.3,"ind_snv":155298.3,"men_surf":303.7,"men_coll":0.3,"men_mais":4,"log_soc":0,"ind_inc":0,"log":4.3,"ind_0_17":1,"ind_65p":2.8}},{"type":"Feature","geometry":{"type":"Polygon","coordinates":[[[-61.06497287750244,14.65085608778196],[-61.06497287750244,14.649029202191755],[-61.06681823730469,14.649070722487906],[-61.06681823730469,14.65085608778196],[-61.06497287750244,14.65085608778196]]]},"id":1331294298,"properties":{"GEO":"CRS5490RES200mN1620400E708200","GEO_OBJECT":"C200M","OBS_STATUS":"I","lcog_geo":"97209","ind":4,"men":2.2,"men_pauv":0.2,"men_1ind":1.1,"men_5ind":0.2,"men_prop":1.6,"men_fmp":0.4,"ind_snv":106609.1,"men_surf":211,"men_coll":0.9,"men_mais":1.3,"log_soc":0,"ind_inc":0,"log":2.2,"ind_0_17":0.4,"ind_65p":1.5}},{"type":"Feature","geometry":{"type":"Polygon","coordinates":[[[-61.06681823730469,14.652682958143942],[-61.06681823730469,14.65085608778196],[-61.068663597106934,14.650897607732048],[-61.068663597106934,14.652682958143942],[-61.06681823730469,14.652682958143942]]]},"id":1331294377,"properties":{"GEO":"CRS5490RES200mN1620600E708000","GEO_OBJECT":"C200M","OBS_STATUS":"I","lcog_geo":"97209","ind":18,"men":9.7,"men_pauv":1,"men_1ind":4.8,"men_5ind":0.7,"men_prop":7.3,"men_fmp":1.7,"ind_snv":479741,"men_surf":949.5,"men_coll":3.8,"men_mais":5.9,"log_soc":0,"ind_inc":0,"log":9.7,"ind_0_17":2.0999999999999996,"ind_65p":6.6}},{"type":"Feature","geometry":{"type":"Polygon","coordinates":[[[-61.068620681762695,14.654509813275965],[-61.06677532196045,14.654468294010286],[-61.06681823730469,14.652682958143942],[-61.068663597106934,14.652682958143942],[-61.068620681762695,14.654509813275965]]]},"id":1331294458,"properties":{"GEO":"CRS5490RES200mN1620800E708000","GEO_OBJECT":"C200M","OBS_STATUS":"I","lcog_geo":"97209","ind":21,"men":11.3,"men_pauv":1.2,"men_1ind":5.7,"men_5ind":0.8,"men_prop":8.5,"men_fmp":2,"ind_snv":559697.9,"men_surf":1107.8,"men_coll":4.4,"men_mais":6.9,"log_soc":0,"ind_inc":0,"log":11.3,"ind_0_17":2.4000000000000004,"ind_65p":7.699999999999999}},{"type":"Feature","geometry":{"type":"Polygon","coordinates":[[[-61.0649299621582,14.652682958143942],[-61.06497287750244,14.65085608778196],[-61.06681823730469,14.65085608778196],[-61.06681823730469,14.652682958143942],[-61.0649299621582,14.652682958143942]]]},"id":1331294378,"properties":{"GEO":"CRS5490RES200mN1620600E708200","GEO_OBJECT":"C200M","OBS_STATUS":"A","lcog_geo":"97209","ind":27,"men":15,"men_pauv":4,"men_1ind":8,"men_5ind":0,"men_prop":10,"men_fmp":2,"ind_snv":681899.2,"men_surf":1175,"men_coll":8,"men_mais":7,"log_soc":0,"ind_inc":0,"log":15,"ind_0_17":3,"ind_65p":7}},{"type":"Feature","geometry":{"type":"Polygon","coordinates":[[[-61.06304168701172,14.65808044068882],[-61.06304168701172,14.656253615329447],[-61.0649299621582,14.656295134256794],[-61.064887046813965,14.65808044068882],[-61.06304168701172,14.65808044068882]]]},"id":1331294612,"properties":{"GEO":"CRS5490RES200mN1621200E708400","GEO_OBJECT":"C200M","OBS_STATUS":"I","lcog_geo":"97209","ind":4,"men":1.9,"men_pauv":0.5,"men_1ind":0.6,"men_5ind":0,"men_prop":1.1,"men_fmp":0.4,"ind_snv":92059.6,"men_surf":173.2,"men_coll":0.4,"men_mais":1.5,"log_soc":0,"ind_inc":0,"log":1.9000000000000001,"ind_0_17":0.4,"ind_65p":1.3}},{"type":"Feature","geometry":{"type":"Polygon","coordinates":[[[-61.0649299621582,14.656295134256794],[-61.0649299621582,14.654468294010286],[-61.06677532196045,14.654468294010286],[-61.06677532196045,14.656295134256794],[-61.0649299621582,14.656295134256794]]]},"id":1331294536,"properties":{"GEO":"CRS5490RES200mN1621000E708200","GEO_OBJECT":"C200M","OBS_STATUS":"I","lcog_geo":"97209","ind":9,"men":4.4,"men_pauv":1.1,"men_1ind":1.4,"men_5ind":0,"men_prop":2.4,"men_fmp":1,"ind_snv":207134.2,"men_surf":389.6,"men_coll":1,"men_mais":3.4,"log_soc":0,"ind_inc":0,"log":4.4,"ind_0_17":1.1,"ind_65p":2.8}},{"type":"Feature","geometry":{"type":"Polygon","coordinates":[[[-61.06677532196045,14.656295134256794],[-61.06677532196045,14.654468294010286],[-61.068620681762695,14.654509813275965],[-61.068620681762695,14.656295134256794],[-61.06677532196045,14.656295134256794]]]},"id":1331294535,"properties":{"GEO":"CRS5490RES200mN1621000E708000","GEO_OBJECT":"C200M","OBS_STATUS":"A","lcog_geo":"97209","ind":32,"men":12,"men_pauv":2,"men_1ind":4,"men_5ind":1,"men_prop":9,"men_fmp":2,"ind_snv":909025,"men_surf":1179,"men_coll":2,"men_mais":10,"log_soc":0,"ind_inc":0,"log":12,"ind_0_17":3,"ind_65p":6}},{"type":"Feature","geometry":{"type":"Polygon","coordinates":[[[-61.0649299621582,14.654468294010286],[-61.0649299621582,14.652682958143942],[-61.06681823730469,14.652682958143942],[-61.06677532196045,14.654468294010286],[-61.0649299621582,14.654468294010286]]]},"id":1331294459,"properties":{"GEO":"CRS5490RES200mN1620800E708200","GEO_OBJECT":"C200M","OBS_STATUS":"I","lcog_geo":"97209","ind":2,"men":1.1,"men_pauv":0.1,"men_1ind":0.5,"men_5ind":0.1,"men_prop":0.8,"men_fmp":0.2,"ind_snv":53304.6,"men_surf":105.5,"men_coll":0.4,"men_mais":0.7,"log_soc":0,"ind_inc":0,"log":1.1,"ind_0_17":0.2,"ind_65p":0.8}},{"type":"Feature","geometry":{"type":"Polygon","coordinates":[[[-61.064887046813965,14.65808044068882],[-61.0649299621582,14.656295134256794],[-61.06677532196045,14.656295134256794],[-61.06673240661621,14.65808044068882],[-61.064887046813965,14.65808044068882]]]},"id":1331294611,"properties":{"GEO":"CRS5490RES200mN1621200E708200","GEO_OBJECT":"C200M","OBS_STATUS":"I","lcog_geo":"97209","ind":13,"men":6.3,"men_pauv":1.5,"men_1ind":2,"men_5ind":0,"men_prop":3.4,"men_fmp":1.4,"ind_snv":299193.8,"men_surf":562.8,"men_coll":1.4,"men_mais":4.9,"log_soc":0,"ind_inc":0,"log":6.3,"ind_0_17":1.4000000000000001,"ind_65p":4.1}},{"type":"Feature","geometry":{"type":"Polygon","coordinates":[[[-61.068620681762695,14.65812195926992],[-61.068620681762695,14.656295134256794],[-61.07046604156494,14.656336653176268],[-61.07046604156494,14.65812195926992],[-61.068620681762695,14.65812195926992]]]},"id":1331294609,"properties":{"GEO":"CRS5490RES200mN1621200E707800","GEO_OBJECT":"C200M","OBS_STATUS":"I","lcog_geo":"97209","ind":1,"men":0.4,"men_pauv":0.1,"men_1ind":0.1,"men_5ind":0,"men_prop":0.3,"men_fmp":0.1,"ind_snv":22206,"men_surf":35.8,"men_coll":0.2,"men_mais":0.2,"log_soc":0,"ind_inc":0,"log":0.4,"ind_0_17":0.2,"ind_65p":0.30000000000000004}},{"type":"Feature","geometry":{"type":"Polygon","coordinates":[[[-61.07050895690918,14.652724477747896],[-61.068663597106934,14.652682958143942],[-61.068663597106934,14.650897607732048],[-61.07050895690918,14.650897607732048],[-61.07050895690918,14.652724477747896]]]},"id":1331294376,"properties":{"GEO":"CRS5490RES200mN1620600E707800","GEO_OBJECT":"C200M","OBS_STATUS":"A","lcog_geo":"97209","ind":32,"men":13,"men_pauv":3,"men_1ind":6,"men_5ind":3,"men_prop":10,"men_fmp":1,"ind_snv":967239.6,"men_surf":1066,"men_coll":6,"men_mais":7,"log_soc":0,"ind_inc":0,"log":13,"ind_0_17":6,"ind_65p":12}},{"type":"Feature","geometry":{"type":"Polygon","coordinates":[[[-61.07046604156494,14.656336653176268],[-61.068620681762695,14.656295134256794],[-61.068620681762695,14.654509813275965],[-61.07050895690918,14.654509813275965],[-61.07046604156494,14.656336653176268]]]},"id":1331294534,"properties":{"GEO":"CRS5490RES200mN1621000E707800","GEO_OBJECT":"C200M","OBS_STATUS":"I","lcog_geo":"97209","ind":2,"men":0.8,"men_pauv":0.3,"men_1ind":0.2,"men_5ind":0.1,"men_prop":0.5,"men_fmp":0.2,"ind_snv":44412,"men_surf":71.5,"men_coll":0.4,"men_mais":0.4,"log_soc":0,"ind_inc":0,"log":0.8,"ind_0_17":0.4,"ind_65p":0.6}},{"type":"Feature","geometry":{"type":"Polygon","coordinates":[[[-61.072354316711426,14.65455133253377],[-61.072354316711426,14.652724477747896],[-61.07424259185791,14.652724477747896],[-61.07419967651367,14.65455133253377],[-61.072354316711426,14.65455133253377]]]},"id":1331294456,"properties":{"GEO":"CRS5490RES200mN1620800E707400","GEO_OBJECT":"C200M","OBS_STATUS":"A","lcog_geo":"97209","ind":30,"men":11,"men_pauv":0,"men_1ind":2,"men_5ind":2,"men_prop":9,"men_fmp":2,"ind_snv":919097.9,"men_surf":1187,"men_coll":0,"men_mais":11,"log_soc":0,"ind_inc":0,"log":11,"ind_0_17":3,"ind_65p":10}},{"type":"Feature","geometry":{"type":"Polygon","coordinates":[[[-61.07046604156494,14.656336653176268],[-61.07050895690918,14.654509813275965],[-61.072354316711426,14.65455133253377],[-61.072354316711426,14.656336653176268],[-61.07046604156494,14.656336653176268]]]},"id":1331294533,"properties":{"GEO":"CRS5490RES200mN1621000E707600","GEO_OBJECT":"C200M","OBS_STATUS":"I","lcog_geo":"97209","ind":12,"men":5.1,"men_pauv":1.6,"men_1ind":1.3,"men_5ind":0.5,"men_prop":3.2,"men_fmp":1.3,"ind_snv":266472.2,"men_surf":429.3,"men_coll":2.6,"men_mais":2.5,"log_soc":0,"ind_inc":0,"log":5.1,"ind_0_17":2.5,"ind_65p":3.8}},{"type":"Feature","geometry":{"type":"Polygon","coordinates":[[[-61.072354316711426,14.65455133253377],[-61.07050895690918,14.654509813275965],[-61.07050895690918,14.652724477747896],[-61.072354316711426,14.652724477747896],[-61.072354316711426,14.65455133253377]]]},"id":1331294457,"properties":{"GEO":"CRS5490RES200mN1620800E707600","GEO_OBJECT":"C200M","OBS_STATUS":"I","lcog_geo":"97209","ind":3,"men":1.5,"men_pauv":0.6,"men_1ind":0.7,"men_5ind":0.1,"men_prop":0.8,"men_fmp":0.2,"ind_snv":63282.9,"men_surf":106.3,"men_coll":0.6,"men_mais":0.9,"log_soc":0,"ind_inc":0,"log":1.5,"ind_0_17":0.4,"ind_65p":1.2000000000000002}},{"type":"Feature","geometry":{"type":"Polygon","coordinates":[[[-61.072354316711426,14.656336653176268],[-61.072354316711426,14.65455133253377],[-61.07419967651367,14.65455133253377],[-61.07419967651367,14.656336653176268],[-61.072354316711426,14.656336653176268]]]},"id":1331294532,"properties":{"GEO":"CRS5490RES200mN1621000E707400","GEO_OBJECT":"C200M","OBS_STATUS":"A","lcog_geo":"97209","ind":31,"men":15,"men_pauv":6,"men_1ind":6,"men_5ind":0,"men_prop":11,"men_fmp":3,"ind_snv":767825.3,"men_surf":1318,"men_coll":4,"men_mais":11,"log_soc":0,"ind_inc":0,"log":15,"ind_0_17":2,"ind_65p":9}},{"type":"Feature","geometry":{"type":"Polygon","coordinates":[[[-61.061153411865234,14.65986573257041],[-61.06119632720947,14.658038922099848],[-61.06304168701172,14.65808044068882],[-61.06304168701172,14.65986573257041],[-61.061153411865234,14.65986573257041]]]},"id":1331294688,"properties":{"GEO":"CRS5490RES200mN1621400E708600","GEO_OBJECT":"C200M","OBS_STATUS":"I","lcog_geo":"97209,97224","ind":15,"men":7.3,"men_pauv":1.8,"men_1ind":2.3,"men_5ind":0,"men_prop":4,"men_fmp":1.7,"ind_snv":345223.6,"men_surf":649.4,"men_coll":1.7,"men_mais":5.6,"log_soc":0,"ind_inc":0,"log":7.3,"ind_0_17":1.7000000000000002,"ind_65p":4.699999999999999}},{"type":"Feature","geometry":{"type":"Polygon","coordinates":[[[-61.06304168701172,14.65808044068882],[-61.06119632720947,14.658038922099848],[-61.06119632720947,14.656253615329447],[-61.06304168701172,14.656253615329447],[-61.06304168701172,14.65808044068882]]]},"id":1331294613,"properties":{"GEO":"CRS5490RES200mN1621200E708600","GEO_OBJECT":"C200M","OBS_STATUS":"I","lcog_geo":"97209","ind":21,"men":10.2,"men_pauv":2.5,"men_1ind":3.2,"men_5ind":0,"men_prop":5.5,"men_fmp":2.3,"ind_snv":483313,"men_surf":909.2,"men_coll":2.3,"men_mais":7.9,"log_soc":0,"ind_inc":0,"log":10.2,"ind_0_17":2.4000000000000004,"ind_65p":6.7}},{"type":"Feature","geometry":{"type":"Polygon","coordinates":[[[-61.06299877166748,14.661692527804206],[-61.061153411865234,14.661651009899941],[-61.061153411865234,14.65986573257041],[-61.06304168701172,14.65986573257041],[-61.06299877166748,14.661692527804206]]]},"id":1331294763,"properties":{"GEO":"CRS5490RES200mN1621600E708600","GEO_OBJECT":"C200M","OBS_STATUS":"A","lcog_geo":"97224,97209","ind":23,"men":12,"men_pauv":4,"men_1ind":5,"men_5ind":0,"men_prop":7,"men_fmp":1,"ind_snv":458803.6,"men_surf":1196,"men_coll":2,"men_mais":10,"log_soc":0,"ind_inc":0,"log":12,"ind_0_17":1,"ind_65p":11}},{"type":"Feature","geometry":{"type":"Polygon","coordinates":[[[-61.064887046813965,14.65990725081312],[-61.06304168701172,14.65986573257041],[-61.06304168701172,14.65808044068882],[-61.064887046813965,14.65808044068882],[-61.064887046813965,14.65990725081312]]]},"id":1331294687,"properties":{"GEO":"CRS5490RES200mN1621400E708400","GEO_OBJECT":"C200M","OBS_STATUS":"A","lcog_geo":"97209","ind":30,"men":12,"men_pauv":3,"men_1ind":4,"men_5ind":2,"men_prop":8,"men_fmp":1,"ind_snv":696793.7,"men_surf":936,"men_coll":0,"men_mais":12,"log_soc":0,"ind_inc":0,"log":12,"ind_0_17":5,"ind_65p":8}},{"type":"Feature","geometry":{"type":"Polygon","coordinates":[[[-61.06673240661621,14.65990725081312],[-61.06673240661621,14.65808044068882],[-61.068620681762695,14.65812195926992],[-61.06857776641846,14.65990725081312],[-61.06673240661621,14.65990725081312]]]},"id":1331294686,"properties":{"GEO":"CRS5490RES200mN1621400E708000","GEO_OBJECT":"C200M","OBS_STATUS":"I","lcog_geo":"97209","ind":16.5,"men":8,"men_pauv":2,"men_1ind":2.5,"men_5ind":0,"men_prop":4.4,"men_fmp":1.8,"ind_snv":379745.9,"men_surf":714.3,"men_coll":1.8,"men_mais":6.2,"log_soc":0,"ind_inc":0,"log":8,"ind_0_17":1.9000000000000001,"ind_65p":5.2}},{"type":"Feature","geometry":{"type":"Polygon","coordinates":[[[-61.068620681762695,14.65812195926992],[-61.06673240661621,14.65808044068882],[-61.06677532196045,14.656295134256794],[-61.068620681762695,14.656295134256794],[-61.068620681762695,14.65812195926992]]]},"id":1331294610,"properties":{"GEO":"CRS5490RES200mN1621200E708000","GEO_OBJECT":"C200M","OBS_STATUS":"I","lcog_geo":"97209","ind":8,"men":3.9,"men_pauv":1,"men_1ind":1.2,"men_5ind":0,"men_prop":2.1,"men_fmp":0.9,"ind_snv":184119.2,"men_surf":346.3,"men_coll":0.9,"men_mais":3,"log_soc":0,"ind_inc":0,"log":3.9000000000000004,"ind_0_17":0.9,"ind_65p":2.5}},{"type":"Feature","geometry":{"type":"Polygon","coordinates":[[[-61.06484413146973,14.663519307799518],[-61.06484413146973,14.661692527804206],[-61.06673240661621,14.661734045700612],[-61.06668949127197,14.663519307799518],[-61.06484413146973,14.663519307799518]]]},"id":1331294845,"properties":{"GEO":"CRS5490RES200mN1621800E708200","GEO_OBJECT":"C200M","OBS_STATUS":"A","lcog_geo":"97209,97224","ind":31,"men":13,"men_pauv":3,"men_1ind":3,"men_5ind":0,"men_prop":10,"men_fmp":3,"ind_snv":777457.2,"men_surf":974,"men_coll":3,"men_mais":10,"log_soc":0,"ind_inc":0,"log":13,"ind_0_17":4,"ind_65p":16}},{"type":"Feature","geometry":{"type":"Polygon","coordinates":[[[-61.06299877166748,14.661692527804206],[-61.06304168701172,14.65986573257041],[-61.064887046813965,14.65990725081312],[-61.06484413146973,14.661692527804206],[-61.06299877166748,14.661692527804206]]]},"id":1331294762,"properties":{"GEO":"CRS5490RES200mN1621600E708400","GEO_OBJECT":"C200M","OBS_STATUS":"A","lcog_geo":"97209","ind":37,"men":17,"men_pauv":7,"men_1ind":8,"men_5ind":1,"men_prop":10,"men_fmp":3,"ind_snv":661226.3,"men_surf":1443,"men_coll":5,"men_mais":12,"log_soc":0,"ind_inc":0,"log":17,"ind_0_17":3,"ind_65p":11}},{"type":"Feature","geometry":{"type":"Polygon","coordinates":[[[-61.06673240661621,14.661734045700612],[-61.06484413146973,14.661692527804206],[-61.064887046813965,14.65990725081312],[-61.06673240661621,14.65990725081312],[-61.06673240661621,14.661734045700612]]]},"id":1331294761,"properties":{"GEO":"CRS5490RES200mN1621600E708200","GEO_OBJECT":"C200M","OBS_STATUS":"A","lcog_geo":"97209","ind":27,"men":14,"men_pauv":6,"men_1ind":6,"men_5ind":0,"men_prop":10,"men_fmp":2,"ind_snv":530866.3,"men_surf":1148,"men_coll":6,"men_mais":8,"log_soc":0,"ind_inc":0,"log":14,"ind_0_17":6,"ind_65p":11}},{"type":"Feature","geometry":{"type":"Polygon","coordinates":[[[-61.06668949127197,14.663519307799518],[-61.06673240661621,14.661734045700612],[-61.06857776641846,14.661734045700612],[-61.06857776641846,14.663519307799518],[-61.06668949127197,14.663519307799518]]]},"id":1331294844,"properties":{"GEO":"CRS5490RES200mN1621800E708000","GEO_OBJECT":"C200M","OBS_STATUS":"I","lcog_geo":"97209","ind":9,"men":4.4,"men_pauv":1.1,"men_1ind":1.4,"men_5ind":0,"men_prop":2.4,"men_fmp":1,"ind_snv":207134.2,"men_surf":389.6,"men_coll":1,"men_mais":3.4,"log_soc":0,"ind_inc":0,"log":4.4,"ind_0_17":1.1,"ind_65p":2.8}},{"type":"Feature","geometry":{"type":"Polygon","coordinates":[[[-61.06484413146973,14.663519307799518],[-61.06299877166748,14.6634777902416],[-61.06299877166748,14.661692527804206],[-61.06484413146973,14.661692527804206],[-61.06484413146973,14.663519307799518]]]},"id":1331294846,"properties":{"GEO":"CRS5490RES200mN1621800E708400","GEO_OBJECT":"C200M","OBS_STATUS":"I","lcog_geo":"97224,97209","ind":4,"men":1.9,"men_pauv":0.5,"men_1ind":0.6,"men_5ind":0,"men_prop":1.1,"men_fmp":0.4,"ind_snv":92059.6,"men_surf":173.2,"men_coll":0.4,"men_mais":1.5,"log_soc":0,"ind_inc":0,"log":1.9000000000000001,"ind_0_17":0.4,"ind_65p":1.3}},{"type":"Feature","geometry":{"type":"Polygon","coordinates":[[[-61.06668949127197,14.665346072554598],[-61.06668949127197,14.663519307799518],[-61.06857776641846,14.663519307799518],[-61.06853485107422,14.665346072554598],[-61.06668949127197,14.665346072554598]]]},"id":1331294918,"properties":{"GEO":"CRS5490RES200mN1622000E708000","GEO_OBJECT":"C200M","OBS_STATUS":"A","lcog_geo":"97209,97224","ind":29,"men":15,"men_pauv":2,"men_1ind":7,"men_5ind":0,"men_prop":10,"men_fmp":1,"ind_snv":672308.7,"men_surf":999,"men_coll":7,"men_mais":8,"log_soc":0,"ind_inc":0,"log":15,"ind_0_17":2,"ind_65p":11}},{"type":"Feature","geometry":{"type":"Polygon","coordinates":[[[-61.06668949127197,14.665346072554598],[-61.06484413146973,14.66530455534307],[-61.06484413146973,14.663519307799518],[-61.06668949127197,14.663519307799518],[-61.06668949127197,14.665346072554598]]]},"id":1331294919,"properties":{"GEO":"CRS5490RES200mN1622000E708200","GEO_OBJECT":"C200M","OBS_STATUS":"I","lcog_geo":"97224,97209","ind":2,"men":1,"men_pauv":0.4,"men_1ind":0.5,"men_5ind":0,"men_prop":0.5,"men_fmp":0.1,"ind_snv":40231.1,"men_surf":76.1,"men_coll":0.2,"men_mais":0.8,"log_soc":0,"ind_inc":0,"log":1,"ind_0_17":0.2,"ind_65p":0.6}},{"type":"Feature","geometry":{"type":"Polygon","coordinates":[[[-61.06857776641846,14.661734045700612],[-61.06857776641846,14.65990725081312],[-61.07046604156494,14.659948769047958],[-61.0704231262207,14.661734045700612],[-61.06857776641846,14.661734045700612]]]},"id":1331294760,"properties":{"GEO":"CRS5490RES200mN1621600E707800","GEO_OBJECT":"C200M","OBS_STATUS":"I","lcog_geo":"97209","ind":5,"men":2.1,"men_pauv":0.7,"men_1ind":0.6,"men_5ind":0.2,"men_prop":1.3,"men_fmp":0.5,"ind_snv":111030.1,"men_surf":178.9,"men_coll":1.1,"men_mais":1,"log_soc":0,"ind_inc":0,"log":2.0999999999999996,"ind_0_17":1,"ind_65p":1.6}},{"type":"Feature","geometry":{"type":"Polygon","coordinates":[[[-61.07046604156494,14.659948769047958],[-61.06857776641846,14.65990725081312],[-61.068620681762695,14.65812195926992],[-61.07046604156494,14.65812195926992],[-61.07046604156494,14.659948769047958]]]},"id":1331294685,"properties":{"GEO":"CRS5490RES200mN1621400E707800","GEO_OBJECT":"C200M","OBS_STATUS":"I","lcog_geo":"97209","ind":15,"men":6.3,"men_pauv":2,"men_1ind":1.7,"men_5ind":0.6,"men_prop":3.9,"men_fmp":1.6,"ind_snv":333090.2,"men_surf":536.6,"men_coll":3.2,"men_mais":3.1,"log_soc":0,"ind_inc":0,"log":6.299999999999999,"ind_0_17":3.0999999999999996,"ind_65p":4.8}},{"type":"Feature","geometry":{"type":"Polygon","coordinates":[[[-61.07046604156494,14.659948769047958],[-61.07046604156494,14.65812195926992],[-61.07231140136719,14.658163477843175],[-61.07231140136719,14.659948769047958],[-61.07046604156494,14.659948769047958]]]},"id":1331294684,"properties":{"GEO":"CRS5490RES200mN1621400E707600","GEO_OBJECT":"C200M","OBS_STATUS":"I","lcog_geo":"97209","ind":7,"men":2.9,"men_pauv":0.9,"men_1ind":0.8,"men_5ind":0.3,"men_prop":1.8,"men_fmp":0.7,"ind_snv":155442.1,"men_surf":250.4,"men_coll":1.5,"men_mais":1.4,"log_soc":0,"ind_inc":0,"log":2.9,"ind_0_17":1.5,"ind_65p":2.2}},{"type":"Feature","geometry":{"type":"Polygon","coordinates":[[[-61.07226848602295,14.661775563589131],[-61.0704231262207,14.661734045700612],[-61.07046604156494,14.659948769047958],[-61.07231140136719,14.659948769047958],[-61.07226848602295,14.661775563589131]]]},"id":1331294759,"properties":{"GEO":"CRS5490RES200mN1621600E707600","GEO_OBJECT":"C200M","OBS_STATUS":"I","lcog_geo":"97209","ind":11,"men":4.6,"men_pauv":1.5,"men_1ind":1.2,"men_5ind":0.5,"men_prop":2.9,"men_fmp":1.2,"ind_snv":244266.2,"men_surf":393.5,"men_coll":2.4,"men_mais":2.2,"log_soc":0,"ind_inc":0,"log":4.6,"ind_0_17":2.3,"ind_65p":3.5}},{"type":"Feature","geometry":{"type":"Polygon","coordinates":[[[-61.07231140136719,14.658163477843175],[-61.072354316711426,14.656336653176268],[-61.07419967651367,14.656336653176268],[-61.074156761169434,14.658163477843175],[-61.07231140136719,14.658163477843175]]]},"id":1331294608,"properties":{"GEO":"CRS5490RES200mN1621200E707400","GEO_OBJECT":"C200M","OBS_STATUS":"I","lcog_geo":"97209","ind":25,"men":10.5,"men_pauv":3.4,"men_1ind":2.8,"men_5ind":1,"men_prop":6.6,"men_fmp":2.6,"ind_snv":555150.4,"men_surf":894.3,"men_coll":5.4,"men_mais":5.1,"log_soc":0,"ind_inc":0,"log":10.5,"ind_0_17":5.199999999999999,"ind_65p":7.9}},{"type":"Feature","geometry":{"type":"Polygon","coordinates":[[[-61.07231140136719,14.659948769047958],[-61.07231140136719,14.658163477843175],[-61.074156761169434,14.658163477843175],[-61.074156761169434,14.659948769047958],[-61.07231140136719,14.659948769047958]]]},"id":1331294683,"properties":{"GEO":"CRS5490RES200mN1621400E707400","GEO_OBJECT":"C200M","OBS_STATUS":"A","lcog_geo":"97209","ind":41,"men":19,"men_pauv":7,"men_1ind":9,"men_5ind":1,"men_prop":9,"men_fmp":1,"ind_snv":866589.3,"men_surf":1173,"men_coll":13,"men_mais":6,"log_soc":0,"ind_inc":0,"log":19,"ind_0_17":9,"ind_65p":10}},{"type":"Feature","geometry":{"type":"Polygon","coordinates":[[[-61.0704231262207,14.663560825349577],[-61.0704231262207,14.661734045700612],[-61.07226848602295,14.661775563589131],[-61.07226848602295,14.663560825349577],[-61.0704231262207,14.663560825349577]]]},"id":1331294842,"properties":{"GEO":"CRS5490RES200mN1621800E707600","GEO_OBJECT":"C200M","OBS_STATUS":"I","lcog_geo":"97209","ind":14,"men":5.9,"men_pauv":1.9,"men_1ind":1.6,"men_5ind":0.6,"men_prop":3.7,"men_fmp":1.5,"ind_snv":310884.2,"men_surf":500.8,"men_coll":3,"men_mais":2.9,"log_soc":0,"ind_inc":0,"log":5.9,"ind_0_17":3,"ind_65p":4.4}},{"type":"Feature","geometry":{"type":"Polygon","coordinates":[[[-61.0704231262207,14.663560825349577],[-61.06857776641846,14.663519307799518],[-61.06857776641846,14.661734045700612],[-61.0704231262207,14.661734045700612],[-61.0704231262207,14.663560825349577]]]},"id":1331294843,"properties":{"GEO":"CRS5490RES200mN1621800E707800","GEO_OBJECT":"C200M","OBS_STATUS":"I","lcog_geo":"97209","ind":7,"men":2.9,"men_pauv":0.9,"men_1ind":0.8,"men_5ind":0.3,"men_prop":1.8,"men_fmp":0.7,"ind_snv":155442.1,"men_surf":250.4,"men_coll":1.5,"men_mais":1.4,"log_soc":0,"ind_inc":0,"log":2.9,"ind_0_17":1.5,"ind_65p":2.2}},{"type":"Feature","geometry":{"type":"Polygon","coordinates":[[[-61.070380210876465,14.667172822067727],[-61.070380210876465,14.665346072554598],[-61.07226848602295,14.665387589758268],[-61.07222557067871,14.667172822067727],[-61.070380210876465,14.667172822067727]]]},"id":1331294977,"properties":{"GEO":"CRS5490RES200mN1622200E707600","GEO_OBJECT":"C200M","OBS_STATUS":"I","lcog_geo":"97224,97209","ind":8,"men":4,"men_pauv":1.2,"men_1ind":2.2,"men_5ind":0.3,"men_prop":3.1,"men_fmp":0,"ind_snv":188726.3,"men_surf":307.7,"men_coll":0,"men_mais":4,"log_soc":0,"ind_inc":0,"log":4,"ind_0_17":0.3,"ind_65p":3.1}},{"type":"Feature","geometry":{"type":"Polygon","coordinates":[[[-61.06853485107422,14.665346072554598],[-61.06857776641846,14.663519307799518],[-61.0704231262207,14.663560825349577],[-61.070380210876465,14.665346072554598],[-61.06853485107422,14.665346072554598]]]},"id":1331294917,"properties":{"GEO":"CRS5490RES200mN1622000E707800","GEO_OBJECT":"C200M","OBS_STATUS":"I","lcog_geo":"97209,97224","ind":14,"men":7,"men_pauv":2.2,"men_1ind":3.8,"men_5ind":0.5,"men_prop":5.4,"men_fmp":0,"ind_snv":330271,"men_surf":538.5,"men_coll":0,"men_mais":7,"log_soc":0,"ind_inc":0,"log":7,"ind_0_17":0.5,"ind_65p":5.4}},{"type":"Feature","geometry":{"type":"Polygon","coordinates":[[[-61.07226848602295,14.665387589758268],[-61.070380210876465,14.665346072554598],[-61.0704231262207,14.663560825349577],[-61.07226848602295,14.663560825349577],[-61.07226848602295,14.665387589758268]]]},"id":1331294916,"properties":{"GEO":"CRS5490RES200mN1622000E707600","GEO_OBJECT":"C200M","OBS_STATUS":"I","lcog_geo":"97209","ind":1,"men":0.5,"men_pauv":0.2,"men_1ind":0.3,"men_5ind":0,"men_prop":0.4,"men_fmp":0,"ind_snv":23590.8,"men_surf":38.5,"men_coll":0,"men_mais":0.5,"log_soc":0,"ind_inc":0,"log":0.5,"ind_0_17":0,"ind_65p":0.4}},{"type":"Feature","geometry":{"type":"Polygon","coordinates":[[[-61.070380210876465,14.667172822067727],[-61.06853485107422,14.66713130520263],[-61.06853485107422,14.665346072554598],[-61.070380210876465,14.665346072554598],[-61.070380210876465,14.667172822067727]]]},"id":1331294978,"properties":{"GEO":"CRS5490RES200mN1622200E707800","GEO_OBJECT":"C200M","OBS_STATUS":"I","lcog_geo":"97224,97209","ind":1,"men":0.5,"men_pauv":0.2,"men_1ind":0.3,"men_5ind":0,"men_prop":0.4,"men_fmp":0,"ind_snv":23590.8,"men_surf":38.5,"men_coll":0,"men_mais":0.5,"log_soc":0,"ind_inc":0,"log":0.5,"ind_0_17":0,"ind_65p":0.4}},{"type":"Feature","geometry":{"type":"Polygon","coordinates":[[[-61.074156761169434,14.658163477843175],[-61.07419967651367,14.656336653176268],[-61.07604503631592,14.656378172087884],[-61.07604503631592,14.658163477843175],[-61.074156761169434,14.658163477843175]]]},"id":1331294607,"properties":{"GEO":"CRS5490RES200mN1621200E707200","GEO_OBJECT":"C200M","OBS_STATUS":"I","lcog_geo":"97209","ind":5,"men":2.1,"men_pauv":0.7,"men_1ind":0.6,"men_5ind":0.2,"men_prop":1.3,"men_fmp":0.5,"ind_snv":111030.1,"men_surf":178.9,"men_coll":1.1,"men_mais":1,"log_soc":0,"ind_inc":0,"log":2.0999999999999996,"ind_0_17":1,"ind_65p":1.6}},{"type":"Feature","geometry":{"type":"Polygon","coordinates":[[[-61.07604503631592,14.656378172087884],[-61.07419967651367,14.656336653176268],[-61.07419967651367,14.65455133253377],[-61.07604503631592,14.65455133253377],[-61.07604503631592,14.656378172087884]]]},"id":1331294531,"properties":{"GEO":"CRS5490RES200mN1621000E707200","GEO_OBJECT":"C200M","OBS_STATUS":"A","lcog_geo":"97209","ind":28,"men":11,"men_pauv":3,"men_1ind":6,"men_5ind":2,"men_prop":3,"men_fmp":1,"ind_snv":472965.4,"men_surf":729,"men_coll":8,"men_mais":3,"log_soc":0,"ind_inc":0,"log":11,"ind_0_17":9,"ind_65p":3}},{"type":"Feature","geometry":{"type":"Polygon","coordinates":[[[-61.07973575592041,14.658204996408543],[-61.07977867126465,14.656419690991626],[-61.081624031066895,14.656419690991626],[-61.081581115722656,14.658204996408543],[-61.07973575592041,14.658204996408543]]]},"id":1331294606,"properties":{"GEO":"CRS5490RES200mN1621200E706600","GEO_OBJECT":"C200M","OBS_STATUS":"I","lcog_geo":"97209","ind":16,"men":7,"men_pauv":1.4,"men_1ind":1.9,"men_5ind":0.3,"men_prop":4.5,"men_fmp":1.4,"ind_snv":453921.3,"men_surf":722.6,"men_coll":0.8,"men_mais":6.2,"log_soc":0,"ind_inc":0,"log":7,"ind_0_17":1.7000000000000002,"ind_65p":5}},{"type":"Feature","geometry":{"type":"Polygon","coordinates":[[[-61.074156761169434,14.661775563589131],[-61.074156761169434,14.659948769047958],[-61.07600212097168,14.659990287274937],[-61.07600212097168,14.661775563589131],[-61.074156761169434,14.661775563589131]]]},"id":1331294757,"properties":{"GEO":"CRS5490RES200mN1621600E707200","GEO_OBJECT":"C200M","OBS_STATUS":"I","lcog_geo":"97209","ind":11,"men":4.6,"men_pauv":1.5,"men_1ind":1.2,"men_5ind":0.5,"men_prop":2.9,"men_fmp":1.2,"ind_snv":244266.2,"men_surf":393.5,"men_coll":2.4,"men_mais":2.2,"log_soc":0,"ind_inc":0,"log":4.6,"ind_0_17":2.3,"ind_65p":3.5}},{"type":"Feature","geometry":{"type":"Polygon","coordinates":[[[-61.074113845825195,14.66360234289175],[-61.07226848602295,14.663560825349577],[-61.07226848602295,14.661775563589131],[-61.074156761169434,14.661775563589131],[-61.074113845825195,14.66360234289175]]]},"id":1331294841,"properties":{"GEO":"CRS5490RES200mN1621800E707400","GEO_OBJECT":"C200M","OBS_STATUS":"I","lcog_geo":"97209","ind":8,"men":3.4,"men_pauv":1.1,"men_1ind":0.9,"men_5ind":0.3,"men_prop":2.1,"men_fmp":0.8,"ind_snv":177648.1,"men_surf":286.2,"men_coll":1.7,"men_mais":1.7,"log_soc":0,"ind_inc":0,"log":3.4000000000000004,"ind_0_17":1.6,"ind_65p":2.6}},{"type":"Feature","geometry":{"type":"Polygon","coordinates":[[[-61.07226848602295,14.661775563589131],[-61.07231140136719,14.659948769047958],[-61.074156761169434,14.659948769047958],[-61.074156761169434,14.661775563589131],[-61.07226848602295,14.661775563589131]]]},"id":1331294758,"properties":{"GEO":"CRS5490RES200mN1621600E707400","GEO_OBJECT":"C200M","OBS_STATUS":"I","lcog_geo":"97209","ind":11,"men":4.6,"men_pauv":1.5,"men_1ind":1.2,"men_5ind":0.5,"men_prop":2.9,"men_fmp":1.2,"ind_snv":244266.2,"men_surf":393.5,"men_coll":2.4,"men_mais":2.2,"log_soc":0,"ind_inc":0,"log":4.6,"ind_0_17":2.3,"ind_65p":3.5}},{"type":"Feature","geometry":{"type":"Polygon","coordinates":[[[-61.07600212097168,14.659990287274937],[-61.074156761169434,14.659948769047958],[-61.074156761169434,14.658163477843175],[-61.07604503631592,14.658163477843175],[-61.07600212097168,14.659990287274937]]]},"id":1331294682,"properties":{"GEO":"CRS5490RES200mN1621400E707200","GEO_OBJECT":"C200M","OBS_STATUS":"I","lcog_geo":"97209","ind":18,"men":7.6,"men_pauv":2.4,"men_1ind":2,"men_5ind":0.7,"men_prop":4.7,"men_fmp":1.9,"ind_snv":399708.3,"men_surf":643.9,"men_coll":3.9,"men_mais":3.7,"log_soc":0,"ind_inc":0,"log":7.6,"ind_0_17":3.8,"ind_65p":5.699999999999999}},{"type":"Feature","geometry":{"type":"Polygon","coordinates":[[[-61.07600212097168,14.659990287274937],[-61.07604503631592,14.658163477843175],[-61.077890396118164,14.658204996408543],[-61.077890396118164,14.659990287274937],[-61.07600212097168,14.659990287274937]]]},"id":1331294681,"properties":{"GEO":"CRS5490RES200mN1621400E707000","GEO_OBJECT":"C200M","OBS_STATUS":"I","lcog_geo":"97209","ind":6,"men":2.5,"men_pauv":0.8,"men_1ind":0.7,"men_5ind":0.2,"men_prop":1.6,"men_fmp":0.6,"ind_snv":133236.1,"men_surf":214.6,"men_coll":1.3,"men_mais":1.2,"log_soc":0,"ind_inc":0,"log":2.5,"ind_0_17":1.3,"ind_65p":1.9}},{"type":"Feature","geometry":{"type":"Polygon","coordinates":[[[-61.07600212097168,14.66360234289175],[-61.07600212097168,14.661775563589131],[-61.077847480773926,14.661817081469792],[-61.077847480773926,14.66360234289175],[-61.07600212097168,14.66360234289175]]]},"id":1331294839,"properties":{"GEO":"CRS5490RES200mN1621800E707000","GEO_OBJECT":"C200M","OBS_STATUS":"I","lcog_geo":"97209","ind":11,"men":4.6,"men_pauv":1.5,"men_1ind":1.2,"men_5ind":0.5,"men_prop":2.9,"men_fmp":1.2,"ind_snv":244266.2,"men_surf":393.5,"men_coll":2.4,"men_mais":2.2,"log_soc":0,"ind_inc":0,"log":4.6,"ind_0_17":2.3,"ind_65p":3.5}},{"type":"Feature","geometry":{"type":"Polygon","coordinates":[[[-61.07780456542969,14.665429106954065],[-61.07595920562744,14.665387589758268],[-61.07600212097168,14.66360234289175],[-61.077847480773926,14.66360234289175],[-61.07780456542969,14.665429106954065]]]},"id":1331294914,"properties":{"GEO":"CRS5490RES200mN1622000E707000","GEO_OBJECT":"C200M","OBS_STATUS":"I","lcog_geo":"97209","ind":1,"men":0.5,"men_pauv":0.2,"men_1ind":0.3,"men_5ind":0,"men_prop":0.4,"men_fmp":0,"ind_snv":23590.8,"men_surf":38.5,"men_coll":0,"men_mais":0.5,"log_soc":0,"ind_inc":0,"log":0.5,"ind_0_17":0,"ind_65p":0.4}},{"type":"Feature","geometry":{"type":"Polygon","coordinates":[[[-61.074113845825195,14.66360234289175],[-61.074156761169434,14.661775563589131],[-61.07600212097168,14.661775563589131],[-61.07600212097168,14.66360234289175],[-61.074113845825195,14.66360234289175]]]},"id":1331294840,"properties":{"GEO":"CRS5490RES200mN1621800E707200","GEO_OBJECT":"C200M","OBS_STATUS":"I","lcog_geo":"97209","ind":2,"men":0.8,"men_pauv":0.3,"men_1ind":0.2,"men_5ind":0.1,"men_prop":0.5,"men_fmp":0.2,"ind_snv":44412,"men_surf":71.5,"men_coll":0.4,"men_mais":0.4,"log_soc":0,"ind_inc":0,"log":0.8,"ind_0_17":0.4,"ind_65p":0.6}},{"type":"Feature","geometry":{"type":"Polygon","coordinates":[[[-61.074113845825195,14.665387589758268],[-61.074113845825195,14.66360234289175],[-61.07600212097168,14.66360234289175],[-61.07595920562744,14.665387589758268],[-61.074113845825195,14.665387589758268]]]},"id":1331294915,"properties":{"GEO":"CRS5490RES200mN1622000E707200","GEO_OBJECT":"C200M","OBS_STATUS":"I","lcog_geo":"97209","ind":1,"men":0.5,"men_pauv":0.2,"men_1ind":0.3,"men_5ind":0,"men_prop":0.4,"men_fmp":0,"ind_snv":23590.8,"men_surf":38.5,"men_coll":0,"men_mais":0.5,"log_soc":0,"ind_inc":0,"log":0.5,"ind_0_17":0,"ind_65p":0.4}},{"type":"Feature","geometry":{"type":"Polygon","coordinates":[[[-61.07973575592041,14.660031805494029],[-61.07973575592041,14.658204996408543],[-61.081581115722656,14.658204996408543],[-61.081581115722656,14.660031805494029],[-61.07973575592041,14.660031805494029]]]},"id":1331294680,"properties":{"GEO":"CRS5490RES200mN1621400E706600","GEO_OBJECT":"C200M","OBS_STATUS":"I","lcog_geo":"97209","ind":12,"men":5.2,"men_pauv":1,"men_1ind":1.4,"men_5ind":0.2,"men_prop":3.4,"men_fmp":1,"ind_snv":340441,"men_surf":542,"men_coll":0.6,"men_mais":4.6,"log_soc":0,"ind_inc":0,"log":5.2,"ind_0_17":1.2999999999999998,"ind_65p":3.7}},{"type":"Feature","geometry":{"type":"Polygon","coordinates":[[[-61.081581115722656,14.660031805494029],[-61.081581115722656,14.658204996408543],[-61.08346939086914,14.658246514966052],[-61.0834264755249,14.660031805494029],[-61.081581115722656,14.660031805494029]]]},"id":1331294679,"properties":{"GEO":"CRS5490RES200mN1621400E706400","GEO_OBJECT":"C200M","OBS_STATUS":"I","lcog_geo":"97209","ind":5,"men":2.2,"men_pauv":0.4,"men_1ind":0.6,"men_5ind":0.1,"men_prop":1.4,"men_fmp":0.4,"ind_snv":141850.4,"men_surf":225.8,"men_coll":0.3,"men_mais":1.9,"log_soc":0,"ind_inc":0,"log":2.2,"ind_0_17":0.5,"ind_65p":1.6}},{"type":"Feature","geometry":{"type":"Polygon","coordinates":[[[-61.08346939086914,14.658246514966052],[-61.081581115722656,14.658204996408543],[-61.081624031066895,14.656419690991626],[-61.08346939086914,14.656419690991626],[-61.08346939086914,14.658246514966052]]]},"id":1331294605,"properties":{"GEO":"CRS5490RES200mN1621200E706400","GEO_OBJECT":"C200M","OBS_STATUS":"I","lcog_geo":"97209","ind":6,"men":2.6,"men_pauv":0.5,"men_1ind":0.7,"men_5ind":0.1,"men_prop":1.7,"men_fmp":0.5,"ind_snv":170220.5,"men_surf":271,"men_coll":0.3,"men_mais":2.3,"log_soc":0,"ind_inc":0,"log":2.6,"ind_0_17":0.7,"ind_65p":1.8}},{"type":"Feature","geometry":{"type":"Polygon","coordinates":[[[-61.0834264755249,14.661858599342594],[-61.0834264755249,14.660031805494029],[-61.08531475067139,14.660073323705262],[-61.08527183532715,14.661858599342594],[-61.0834264755249,14.661858599342594]]]},"id":1331294756,"properties":{"GEO":"CRS5490RES200mN1621600E706200","GEO_OBJECT":"C200M","OBS_STATUS":"I","lcog_geo":"97209","ind":1,"men":0.4,"men_pauv":0.1,"men_1ind":0.1,"men_5ind":0,"men_prop":0.3,"men_fmp":0.1,"ind_snv":28370.1,"men_surf":45.2,"men_coll":0,"men_mais":0.4,"log_soc":0,"ind_inc":0,"log":0.4,"ind_0_17":0.1,"ind_65p":0.30000000000000004}},{"type":"Feature","geometry":{"type":"Polygon","coordinates":[[[-61.08531475067139,14.660073323705262],[-61.0834264755249,14.660031805494029],[-61.08346939086914,14.658246514966052],[-61.08531475067139,14.658246514966052],[-61.08531475067139,14.660073323705262]]]},"id":1331294678,"properties":{"GEO":"CRS5490RES200mN1621400E706200","GEO_OBJECT":"C200M","OBS_STATUS":"I","lcog_geo":"97209","ind":17,"men":7.4,"men_pauv":1.5,"men_1ind":2,"men_5ind":0.3,"men_prop":4.8,"men_fmp":1.5,"ind_snv":482291.4,"men_surf":767.8,"men_coll":0.8,"men_mais":6.6,"log_soc":0,"ind_inc":0,"log":7.4,"ind_0_17":1.9,"ind_65p":5.3}},{"type":"Feature","geometry":{"type":"Polygon","coordinates":[[[-61.06106758117676,14.668916523292026],[-61.061110496520996,14.667089788329648],[-61.06295585632324,14.667089788329648],[-61.06295585632324,14.668916523292026],[-61.06106758117676,14.668916523292026]]]},"id":1331295028,"properties":{"GEO":"CRS5490RES200mN1622400E708600","GEO_OBJECT":"C200M","OBS_STATUS":"I","lcog_geo":"97224","ind":4,"men":2.1,"men_pauv":0.8,"men_1ind":0.9,"men_5ind":0.1,"men_prop":1.1,"men_fmp":0.2,"ind_snv":80462.2,"men_surf":152.3,"men_coll":0.4,"men_mais":1.7,"log_soc":0,"ind_inc":0,"log":2.1,"ind_0_17":0.30000000000000004,"ind_65p":1.2}},{"type":"Feature","geometry":{"type":"Polygon","coordinates":[[[-61.06106758117676,14.672528431637716],[-61.06106758117676,14.670701726821179],[-61.062912940979004,14.670701726821179],[-61.062912940979004,14.672528431637716],[-61.06106758117676,14.672528431637716]]]},"id":1331295139,"properties":{"GEO":"CRS5490RES200mN1622800E708600","GEO_OBJECT":"C200M","OBS_STATUS":"I","lcog_geo":"97224","ind":8,"men":4.1,"men_pauv":1.6,"men_1ind":1.8,"men_5ind":0.1,"men_prop":2.2,"men_fmp":0.3,"ind_snv":160924.3,"men_surf":304.5,"men_coll":0.7,"men_mais":3.4,"log_soc":0,"ind_inc":0,"log":4.1,"ind_0_17":0.8,"ind_65p":2.4}},{"type":"Feature","geometry":{"type":"Polygon","coordinates":[[[-61.062912940979004,14.672528431637716],[-61.062912940979004,14.670701726821179],[-61.06480121612549,14.67074324300907],[-61.06475830078125,14.672528431637716],[-61.062912940979004,14.672528431637716]]]},"id":1331295138,"properties":{"GEO":"CRS5490RES200mN1622800E708400","GEO_OBJECT":"C200M","OBS_STATUS":"I","lcog_geo":"97224","ind":17,"men":8.7,"men_pauv":3.5,"men_1ind":3.9,"men_5ind":0.2,"men_prop":4.6,"men_fmp":0.7,"ind_snv":341964.2,"men_surf":647.1,"men_coll":1.5,"men_mais":7.2,"log_soc":0,"ind_inc":0,"log":8.7,"ind_0_17":1.6999999999999997,"ind_65p":5.1000000000000005}},{"type":"Feature","geometry":{"type":"Polygon","coordinates":[[[-61.06106758117676,14.670701726821179],[-61.06106758117676,14.668916523292026],[-61.06295585632324,14.668916523292026],[-61.062912940979004,14.670701726821179],[-61.06106758117676,14.670701726821179]]]},"id":1331295082,"properties":{"GEO":"CRS5490RES200mN1622600E708600","GEO_OBJECT":"C200M","OBS_STATUS":"I","lcog_geo":"97224","ind":7,"men":3.6,"men_pauv":1.4,"men_1ind":1.6,"men_5ind":0.1,"men_prop":1.9,"men_fmp":0.3,"ind_snv":140808.8,"men_surf":266.4,"men_coll":0.6,"men_mais":3,"log_soc":0,"ind_inc":0,"log":3.6,"ind_0_17":0.8,"ind_65p":2}},{"type":"Feature","geometry":{"type":"Polygon","coordinates":[[[-61.06480121612549,14.67074324300907],[-61.062912940979004,14.670701726821179],[-61.06295585632324,14.668916523292026],[-61.06480121612549,14.668916523292026],[-61.06480121612549,14.67074324300907]]]},"id":1331295081,"properties":{"GEO":"CRS5490RES200mN1622600E708400","GEO_OBJECT":"C200M","OBS_STATUS":"A","lcog_geo":"97224","ind":68,"men":33,"men_pauv":13,"men_1ind":16,"men_5ind":3,"men_prop":18,"men_fmp":3,"ind_snv":1161146.1,"men_surf":2059,"men_coll":10,"men_mais":23,"log_soc":0,"ind_inc":0,"log":33,"ind_0_17":7,"ind_65p":24}},{"type":"Feature","geometry":{"type":"Polygon","coordinates":[[[-61.062912940979004,14.674355121205494],[-61.062912940979004,14.672528431637716],[-61.06475830078125,14.672528431637716],[-61.06475830078125,14.674355121205494],[-61.062912940979004,14.674355121205494]]]},"id":1331295205,"properties":{"GEO":"CRS5490RES200mN1623000E708400","GEO_OBJECT":"C200M","OBS_STATUS":"I","lcog_geo":"97224","ind":12,"men":5.9,"men_pauv":1.8,"men_1ind":2.5,"men_5ind":0.1,"men_prop":4.6,"men_fmp":0.8,"ind_snv":237203,"men_surf":534.7,"men_coll":0.9,"men_mais":5,"log_soc":0,"ind_inc":0,"log":5.9,"ind_0_17":1.4000000000000001,"ind_65p":3.4}},{"type":"Feature","geometry":{"type":"Polygon","coordinates":[[[-61.06475830078125,14.674355121205494],[-61.06475830078125,14.672528431637716],[-61.066603660583496,14.672569947479062],[-61.066603660583496,14.674355121205494],[-61.06475830078125,14.674355121205494]]]},"id":1331295204,"properties":{"GEO":"CRS5490RES200mN1623000E708200","GEO_OBJECT":"C200M","OBS_STATUS":"A","lcog_geo":"97224","ind":36,"men":17,"men_pauv":6,"men_1ind":6,"men_5ind":1,"men_prop":12,"men_fmp":3,"ind_snv":766630.2,"men_surf":1347,"men_coll":2,"men_mais":15,"log_soc":0,"ind_inc":0,"log":17,"ind_0_17":6,"ind_65p":9}},{"type":"Feature","geometry":{"type":"Polygon","coordinates":[[[-61.066603660583496,14.672569947479062],[-61.06475830078125,14.672528431637716],[-61.06480121612549,14.67074324300907],[-61.066646575927734,14.67074324300907],[-61.066603660583496,14.672569947479062]]]},"id":1331295137,"properties":{"GEO":"CRS5490RES200mN1622800E708200","GEO_OBJECT":"C200M","OBS_STATUS":"I","lcog_geo":"97224","ind":7,"men":3.6,"men_pauv":1.4,"men_1ind":1.6,"men_5ind":0.1,"men_prop":1.9,"men_fmp":0.3,"ind_snv":140808.8,"men_surf":266.4,"men_coll":0.6,"men_mais":3,"log_soc":0,"ind_inc":0,"log":3.6,"ind_0_17":0.8,"ind_65p":2}},{"type":"Feature","geometry":{"type":"Polygon","coordinates":[[[-61.062870025634766,14.676140280366766],[-61.062912940979004,14.674355121205494],[-61.06475830078125,14.674355121205494],[-61.06471538543701,14.676140280366766],[-61.062870025634766,14.676140280366766]]]},"id":1331295268,"properties":{"GEO":"CRS5490RES200mN1623200E708400","GEO_OBJECT":"C200M","OBS_STATUS":"I","lcog_geo":"97224","ind":20.5,"men":10.1,"men_pauv":3,"men_1ind":4.3,"men_5ind":0.2,"men_prop":7.9,"men_fmp":1.4,"ind_snv":405221.7,"men_surf":913.4,"men_coll":1.6,"men_mais":8.5,"log_soc":0,"ind_inc":0,"log":10.1,"ind_0_17":2.4000000000000004,"ind_65p":5.9}},{"type":"Feature","geometry":{"type":"Polygon","coordinates":[[[-61.062870025634766,14.677966939778486],[-61.062870025634766,14.676140280366766],[-61.06471538543701,14.676140280366766],[-61.06471538543701,14.677966939778486],[-61.062870025634766,14.677966939778486]]]},"id":1331295332,"properties":{"GEO":"CRS5490RES200mN1623400E708400","GEO_OBJECT":"C200M","OBS_STATUS":"A","lcog_geo":"97224","ind":28.5,"men":12,"men_pauv":4,"men_1ind":4,"men_5ind":0,"men_prop":9,"men_fmp":3,"ind_snv":613669,"men_surf":1141,"men_coll":1,"men_mais":11,"log_soc":0,"ind_inc":0,"log":12,"ind_0_17":3.5,"ind_65p":8}},{"type":"Feature","geometry":{"type":"Polygon","coordinates":[[[-61.06471538543701,14.677966939778486],[-61.06471538543701,14.676140280366766],[-61.066603660583496,14.67618179552278],[-61.06656074523926,14.677966939778486],[-61.06471538543701,14.677966939778486]]]},"id":1331295331,"properties":{"GEO":"CRS5490RES200mN1623400E708200","GEO_OBJECT":"C200M","OBS_STATUS":"I","lcog_geo":"97224","ind":8,"men":4,"men_pauv":1.2,"men_1ind":1.7,"men_5ind":0.1,"men_prop":3.1,"men_fmp":0.6,"ind_snv":158135.3,"men_surf":356.4,"men_coll":0.7,"men_mais":3.3,"log_soc":0,"ind_inc":0,"log":4,"ind_0_17":1,"ind_65p":2.3}},{"type":"Feature","geometry":{"type":"Polygon","coordinates":[[[-61.066603660583496,14.67618179552278],[-61.06471538543701,14.676140280366766],[-61.06475830078125,14.674355121205494],[-61.066603660583496,14.674355121205494],[-61.066603660583496,14.67618179552278]]]},"id":1331295267,"properties":{"GEO":"CRS5490RES200mN1623200E708200","GEO_OBJECT":"C200M","OBS_STATUS":"A","lcog_geo":"97224","ind":38,"men":18,"men_pauv":3,"men_1ind":7,"men_5ind":1,"men_prop":12,"men_fmp":2,"ind_snv":886258.5,"men_surf":1417,"men_coll":3,"men_mais":15,"log_soc":0,"ind_inc":0,"log":18,"ind_0_17":6,"ind_65p":9}},{"type":"Feature","geometry":{"type":"Polygon","coordinates":[[[-61.06282711029053,14.679752069465792],[-61.062870025634766,14.677966939778486],[-61.06471538543701,14.677966939778486],[-61.06471538543701,14.679752069465792],[-61.06282711029053,14.679752069465792]]]},"id":1331295390,"properties":{"GEO":"CRS5490RES200mN1623600E708400","GEO_OBJECT":"C200M","OBS_STATUS":"A","lcog_geo":"97224","ind":27,"men":11,"men_pauv":6,"men_1ind":5,"men_5ind":2,"men_prop":8,"men_fmp":2,"ind_snv":395732.8,"men_surf":859,"men_coll":4,"men_mais":7,"log_soc":0,"ind_inc":0,"log":11,"ind_0_17":9,"ind_65p":7}},{"type":"Feature","geometry":{"type":"Polygon","coordinates":[[[-61.062870025634766,14.677966939778486],[-61.06102466583252,14.677925424961273],[-61.06102466583252,14.676140280366766],[-61.062870025634766,14.676140280366766],[-61.062870025634766,14.677966939778486]]]},"id":1331295333,"properties":{"GEO":"CRS5490RES200mN1623400E708600","GEO_OBJECT":"C200M","OBS_STATUS":"A","lcog_geo":"97224","ind":19,"men":13,"men_pauv":5,"men_1ind":9,"men_5ind":0,"men_prop":9,"men_fmp":2,"ind_snv":467578.3,"men_surf":1194,"men_coll":2,"men_mais":11,"log_soc":0,"ind_inc":0,"log":13,"ind_0_17":1,"ind_65p":8}},{"type":"Feature","geometry":{"type":"Polygon","coordinates":[[[-61.06844902038574,14.678008454587854],[-61.06656074523926,14.677966939778486],[-61.066603660583496,14.67618179552278],[-61.06844902038574,14.67618179552278],[-61.06844902038574,14.678008454587854]]]},"id":1331295330,"properties":{"GEO":"CRS5490RES200mN1623400E708000","GEO_OBJECT":"C200M","OBS_STATUS":"I","lcog_geo":"97224","ind":12,"men":5.9,"men_pauv":1.8,"men_1ind":2.5,"men_5ind":0.1,"men_prop":4.6,"men_fmp":0.8,"ind_snv":237203,"men_surf":534.7,"men_coll":0.9,"men_mais":5,"log_soc":0,"ind_inc":0,"log":5.9,"ind_0_17":1.4000000000000001,"ind_65p":3.4}},{"type":"Feature","geometry":{"type":"Polygon","coordinates":[[[-61.06844902038574,14.678008454587854],[-61.06844902038574,14.67618179552278],[-61.07029438018799,14.67622331067092],[-61.07029438018799,14.678008454587854],[-61.06844902038574,14.678008454587854]]]},"id":1331295329,"properties":{"GEO":"CRS5490RES200mN1623400E707800","GEO_OBJECT":"C200M","OBS_STATUS":"I","lcog_geo":"97224","ind":4,"men":1.7,"men_pauv":0.3,"men_1ind":0.6,"men_5ind":0.1,"men_prop":1,"men_fmp":0.1,"ind_snv":92943.3,"men_surf":159.5,"men_coll":0.4,"men_mais":1.3,"log_soc":0,"ind_inc":0,"log":1.7,"ind_0_17":0.6,"ind_65p":1.5}},{"type":"Feature","geometry":{"type":"Polygon","coordinates":[[[-61.06282711029053,14.681578698714745],[-61.06282711029053,14.679752069465792],[-61.06471538543701,14.679752069465792],[-61.06467247009277,14.681578698714745],[-61.06282711029053,14.681578698714745]]]},"id":1331295439,"properties":{"GEO":"CRS5490RES200mN1623800E708400","GEO_OBJECT":"C200M","OBS_STATUS":"I","lcog_geo":"97224","ind":2,"men":1,"men_pauv":0.3,"men_1ind":0.4,"men_5ind":0,"men_prop":0.8,"men_fmp":0.1,"ind_snv":39533.8,"men_surf":89.1,"men_coll":0.2,"men_mais":0.8,"log_soc":0,"ind_inc":0,"log":1,"ind_0_17":0.2,"ind_65p":0.6000000000000001}},{"type":"Feature","geometry":{"type":"Polygon","coordinates":[[[-61.06098175048828,14.679752069465792],[-61.06102466583252,14.677925424961273],[-61.062870025634766,14.677966939778486],[-61.06282711029053,14.679752069465792],[-61.06098175048828,14.679752069465792]]]},"id":1331295391,"properties":{"GEO":"CRS5490RES200mN1623600E708600","GEO_OBJECT":"C200M","OBS_STATUS":"A","lcog_geo":"97224","ind":22,"men":13,"men_pauv":7,"men_1ind":6,"men_5ind":0,"men_prop":8,"men_fmp":3,"ind_snv":356940.1,"men_surf":852,"men_coll":0,"men_mais":13,"log_soc":0,"ind_inc":0,"log":13,"ind_0_17":1,"ind_65p":7}},{"type":"Feature","geometry":{"type":"Polygon","coordinates":[[[-61.06093883514404,14.683363798921462],[-61.06098175048828,14.681537184583064],[-61.06282711029053,14.681578698714745],[-61.06282711029053,14.683363798921462],[-61.06093883514404,14.683363798921462]]]},"id":1331295498,"properties":{"GEO":"CRS5490RES200mN1624000E708600","GEO_OBJECT":"C200M","OBS_STATUS":"I","lcog_geo":"97224","ind":1,"men":0.6,"men_pauv":0.2,"men_1ind":0.3,"men_5ind":0,"men_prop":0.5,"men_fmp":0,"ind_snv":22108.2,"men_surf":49.6,"men_coll":0.1,"men_mais":0.5,"log_soc":0,"ind_inc":0,"log":0.6,"ind_0_17":0,"ind_65p":0.3}},{"type":"Feature","geometry":{"type":"Polygon","coordinates":[[[-61.06467247009277,14.681578698714745],[-61.06471538543701,14.679752069465792],[-61.06656074523926,14.679793583936345],[-61.06656074523926,14.681578698714745],[-61.06467247009277,14.681578698714745]]]},"id":1331295438,"properties":{"GEO":"CRS5490RES200mN1623800E708200","GEO_OBJECT":"C200M","OBS_STATUS":"I","lcog_geo":"97224","ind":4,"men":2,"men_pauv":0.6,"men_1ind":0.8,"men_5ind":0,"men_prop":1.5,"men_fmp":0.3,"ind_snv":79067.7,"men_surf":178.2,"men_coll":0.3,"men_mais":1.7,"log_soc":0,"ind_inc":0,"log":2,"ind_0_17":0.5,"ind_65p":1.1}},{"type":"Feature","geometry":{"type":"Polygon","coordinates":[[[-61.06656074523926,14.679793583936345],[-61.06471538543701,14.679752069465792],[-61.06471538543701,14.677966939778486],[-61.06656074523926,14.677966939778486],[-61.06656074523926,14.679793583936345]]]},"id":1331295389,"properties":{"GEO":"CRS5490RES200mN1623600E708200","GEO_OBJECT":"C200M","OBS_STATUS":"I","lcog_geo":"97224","ind":6,"men":3,"men_pauv":0.9,"men_1ind":1.2,"men_5ind":0.1,"men_prop":2.3,"men_fmp":0.4,"ind_snv":118601.5,"men_surf":267.3,"men_coll":0.5,"men_mais":2.5,"log_soc":0,"ind_inc":0,"log":3,"ind_0_17":0.7,"ind_65p":1.7}},{"type":"Feature","geometry":{"type":"Polygon","coordinates":[[[-61.06651782989502,14.68340531270637],[-61.06656074523926,14.681578698714745],[-61.068406105041504,14.681620212838538],[-61.068406105041504,14.68340531270637],[-61.06651782989502,14.68340531270637]]]},"id":1331295497,"properties":{"GEO":"CRS5490RES200mN1624000E708000","GEO_OBJECT":"C200M","OBS_STATUS":"I","lcog_geo":"97224","ind":2,"men":1.2,"men_pauv":0.5,"men_1ind":0.6,"men_5ind":0,"men_prop":1,"men_fmp":0,"ind_snv":44216.5,"men_surf":99.2,"men_coll":0.2,"men_mais":1,"log_soc":0,"ind_inc":0,"log":1.2000000000000002,"ind_0_17":0,"ind_65p":0.5}},{"type":"Feature","geometry":{"type":"Polygon","coordinates":[[[-61.068406105041504,14.681620212838538],[-61.06656074523926,14.681578698714745],[-61.06656074523926,14.679793583936345],[-61.068406105041504,14.679793583936345],[-61.068406105041504,14.681620212838538]]]},"id":1331295437,"properties":{"GEO":"CRS5490RES200mN1623800E708000","GEO_OBJECT":"C200M","OBS_STATUS":"I","lcog_geo":"97224","ind":2,"men":1,"men_pauv":0.3,"men_1ind":0.4,"men_5ind":0,"men_prop":0.8,"men_fmp":0.1,"ind_snv":39533.8,"men_surf":89.1,"men_coll":0.2,"men_mais":0.8,"log_soc":0,"ind_inc":0,"log":1,"ind_0_17":0.2,"ind_65p":0.6000000000000001}},{"type":"Feature","geometry":{"type":"Polygon","coordinates":[[[-61.085143089294434,14.679959641739686],[-61.08325481414795,14.679918127300667],[-61.08329772949219,14.678132998968664],[-61.085143089294434,14.678132998968664],[-61.085143089294434,14.679959641739686]]]},"id":1331295388,"properties":{"GEO":"CRS5490RES200mN1623600E706200","GEO_OBJECT":"C200M","OBS_STATUS":"I","lcog_geo":"97209,97224","ind":15,"men":6.3,"men_pauv":1,"men_1ind":2.4,"men_5ind":0.5,"men_prop":3.9,"men_fmp":0.5,"ind_snv":348537.5,"men_surf":598.1,"men_coll":1.5,"men_mais":4.8,"log_soc":0,"ind_inc":0,"log":6.3,"ind_0_17":2.9,"ind_65p":5.3}},{"type":"Feature","geometry":{"type":"Polygon","coordinates":[[[-61.018195152282715,14.692040008618463],[-61.01630687713623,14.691998496473403],[-61.01634979248047,14.690213466775774],[-61.018195152282715,14.690213466775774],[-61.018195152282715,14.692040008618463]]]},"id":1331295810,"properties":{"GEO":"CRS5490RES200mN1625000E713400","GEO_OBJECT":"C200M","OBS_STATUS":"I","lcog_geo":"97212","ind":2,"men":1,"men_pauv":0.3,"men_1ind":0.4,"men_5ind":0.1,"men_prop":0.6,"men_fmp":0.2,"ind_snv":44556.4,"men_surf":82.3,"men_coll":0,"men_mais":1,"log_soc":0,"ind_inc":0,"log":1,"ind_0_17":0.30000000000000004,"ind_65p":0.6000000000000001}},{"type":"Feature","geometry":{"type":"Polygon","coordinates":[[[-61.01999759674072,14.693866535193948],[-61.01815223693848,14.693825023395874],[-61.018195152282715,14.692040008618463],[-61.02004051208496,14.692040008618463],[-61.01999759674072,14.693866535193948]]]},"id":1331295879,"properties":{"GEO":"CRS5490RES200mN1625200E713200","GEO_OBJECT":"C200M","OBS_STATUS":"I","lcog_geo":"97212","ind":2,"men":1,"men_pauv":0.3,"men_1ind":0.4,"men_5ind":0.1,"men_prop":0.6,"men_fmp":0.2,"ind_snv":44556.4,"men_surf":82.3,"men_coll":0,"men_mais":1,"log_soc":0,"ind_inc":0,"log":1,"ind_0_17":0.30000000000000004,"ind_65p":0.6000000000000001}},{"type":"Feature","geometry":{"type":"Polygon","coordinates":[[[-61.02004051208496,14.690254979259919],[-61.0200834274292,14.68842842249866],[-61.021928787231445,14.68842842249866],[-61.02188587188721,14.690254979259919],[-61.02004051208496,14.690254979259919]]]},"id":1331295751,"properties":{"GEO":"CRS5490RES200mN1624800E713000","GEO_OBJECT":"C200M","OBS_STATUS":"I","lcog_geo":"97224,97212","ind":17,"men":7.9,"men_pauv":2.3,"men_1ind":3.6,"men_5ind":0.4,"men_prop":4,"men_fmp":0.4,"ind_snv":432561.2,"men_surf":687.2,"men_coll":1.1,"men_mais":6.8,"log_soc":0,"ind_inc":0,"log":7.9,"ind_0_17":2.6,"ind_65p":3.4000000000000004}},{"type":"Feature","geometry":{"type":"Polygon","coordinates":[[[-61.02188587188721,14.69208152075565],[-61.02188587188721,14.690254979259919],[-61.02377414703369,14.690254979259919],[-61.02373123168945,14.69208152075565],[-61.02188587188721,14.69208152075565]]]},"id":1331295808,"properties":{"GEO":"CRS5490RES200mN1625000E712800","GEO_OBJECT":"C200M","OBS_STATUS":"I","lcog_geo":"97224,97212","ind":30,"men":12.9,"men_pauv":5.9,"men_1ind":5.2,"men_5ind":1.4,"men_prop":7.9,"men_fmp":1.8,"ind_snv":498808.9,"men_surf":1025,"men_coll":2.7,"men_mais":10.2,"log_soc":0,"ind_inc":0,"log":12.9,"ind_0_17":5,"ind_65p":7.4}},{"type":"Feature","geometry":{"type":"Polygon","coordinates":[[[-61.01999759674072,14.693866535193948],[-61.02004051208496,14.692040008618463],[-61.02188587188721,14.69208152075565],[-61.02188587188721,14.693866535193948],[-61.01999759674072,14.693866535193948]]]},"id":1331295878,"properties":{"GEO":"CRS5490RES200mN1625200E713000","GEO_OBJECT":"C200M","OBS_STATUS":"I","lcog_geo":"97212","ind":6,"men":2.9,"men_pauv":1,"men_1ind":1.3,"men_5ind":0.3,"men_prop":1.9,"men_fmp":0.5,"ind_snv":133669.3,"men_surf":246.9,"men_coll":0,"men_mais":2.9,"log_soc":0,"ind_inc":0,"log":2.9000000000000004,"ind_0_17":1.1,"ind_65p":1.6}},{"type":"Feature","geometry":{"type":"Polygon","coordinates":[[[-61.02188587188721,14.69208152075565],[-61.02004051208496,14.692040008618463],[-61.02004051208496,14.690254979259919],[-61.02188587188721,14.690254979259919],[-61.02188587188721,14.69208152075565]]]},"id":1331295809,"properties":{"GEO":"CRS5490RES200mN1625000E713000","GEO_OBJECT":"C200M","OBS_STATUS":"I","lcog_geo":"97212,97224","ind":3,"men":1.4,"men_pauv":0.5,"men_1ind":0.7,"men_5ind":0.2,"men_prop":1,"men_fmp":0.3,"ind_snv":66834.7,"men_surf":123.4,"men_coll":0,"men_mais":1.4,"log_soc":0,"ind_inc":0,"log":1.4,"ind_0_17":0.5,"ind_65p":0.8999999999999999}},{"type":"Feature","geometry":{"type":"Polygon","coordinates":[[[-61.02188587188721,14.693866535193948],[-61.02188587188721,14.69208152075565],[-61.02373123168945,14.69208152075565],[-61.02373123168945,14.693866535193948],[-61.02188587188721,14.693866535193948]]]},"id":1331295877,"properties":{"GEO":"CRS5490RES200mN1625200E712800","GEO_OBJECT":"C200M","OBS_STATUS":"I","lcog_geo":"97212,97224","ind":2,"men":0.9,"men_pauv":0.4,"men_1ind":0.3,"men_5ind":0.1,"men_prop":0.5,"men_fmp":0.1,"ind_snv":33253.9,"men_surf":68.3,"men_coll":0.2,"men_mais":0.7,"log_soc":0,"ind_inc":0,"log":0.9,"ind_0_17":0.4,"ind_65p":0.5}},{"type":"Feature","geometry":{"type":"Polygon","coordinates":[[[-61.02373123168945,14.69208152075565],[-61.02377414703369,14.690254979259919],[-61.02561950683594,14.690296491736177],[-61.02561950683594,14.69208152075565],[-61.02373123168945,14.69208152075565]]]},"id":1331295807,"properties":{"GEO":"CRS5490RES200mN1625000E712600","GEO_OBJECT":"C200M","OBS_STATUS":"I","lcog_geo":"97224,97212","ind":15,"men":6.5,"men_pauv":3,"men_1ind":2.6,"men_5ind":0.7,"men_prop":3.9,"men_fmp":0.9,"ind_snv":249404.4,"men_surf":512.5,"men_coll":1.4,"men_mais":5.1,"log_soc":0,"ind_inc":0,"log":6.5,"ind_0_17":2.5,"ind_65p":3.7}},{"type":"Feature","geometry":{"type":"Polygon","coordinates":[[[-61.02561950683594,14.690296491736177],[-61.02377414703369,14.690254979259919],[-61.02377414703369,14.68846993532182],[-61.02561950683594,14.68846993532182],[-61.02561950683594,14.690296491736177]]]},"id":1331295749,"properties":{"GEO":"CRS5490RES200mN1624800E712600","GEO_OBJECT":"C200M","OBS_STATUS":"I","lcog_geo":"97224","ind":1,"men":0.5,"men_pauv":0.2,"men_1ind":0.2,"men_5ind":0,"men_prop":0.3,"men_fmp":0.1,"ind_snv":18836.3,"men_surf":40.5,"men_coll":0.1,"men_mais":0.4,"log_soc":0,"ind_inc":0,"log":0.5,"ind_0_17":0.2,"ind_65p":0.30000000000000004}},{"type":"Feature","geometry":{"type":"Polygon","coordinates":[[[-61.027464866638184,14.692123032884936],[-61.027464866638184,14.690296491736177],[-61.02935314178467,14.690338004204548],[-61.02931022644043,14.692123032884936],[-61.027464866638184,14.692123032884936]]]},"id":1331295806,"properties":{"GEO":"CRS5490RES200mN1625000E712200","GEO_OBJECT":"C200M","OBS_STATUS":"I","lcog_geo":"97224","ind":18,"men":7.7,"men_pauv":3.6,"men_1ind":3.1,"men_5ind":0.8,"men_prop":4.7,"men_fmp":1.1,"ind_snv":299285.3,"men_surf":615,"men_coll":1.6,"men_mais":6.1,"log_soc":0,"ind_inc":0,"log":7.699999999999999,"ind_0_17":3,"ind_65p":4.5}},{"type":"Feature","geometry":{"type":"Polygon","coordinates":[[[-61.02935314178467,14.690338004204548],[-61.027464866638184,14.690296491736177],[-61.02750778198242,14.68851144813712],[-61.02935314178467,14.68851144813712],[-61.02935314178467,14.690338004204548]]]},"id":1331295748,"properties":{"GEO":"CRS5490RES200mN1624800E712200","GEO_OBJECT":"C200M","OBS_STATUS":"I","lcog_geo":"97224","ind":1,"men":0.5,"men_pauv":0.2,"men_1ind":0.2,"men_5ind":0,"men_prop":0.3,"men_fmp":0.1,"ind_snv":18836.3,"men_surf":40.5,"men_coll":0.1,"men_mais":0.4,"log_soc":0,"ind_inc":0,"log":0.5,"ind_0_17":0.2,"ind_65p":0.30000000000000004}},{"type":"Feature","geometry":{"type":"Polygon","coordinates":[[[-61.0255765914917,14.69390804698412],[-61.02561950683594,14.69208152075565],[-61.027464866638184,14.692123032884936],[-61.027464866638184,14.69390804698412],[-61.0255765914917,14.69390804698412]]]},"id":1331295876,"properties":{"GEO":"CRS5490RES200mN1625200E712400","GEO_OBJECT":"C200M","OBS_STATUS":"I","lcog_geo":"97224,97212","ind":1,"men":0.4,"men_pauv":0.2,"men_1ind":0.2,"men_5ind":0,"men_prop":0.3,"men_fmp":0.1,"ind_snv":16627,"men_surf":34.2,"men_coll":0.1,"men_mais":0.3,"log_soc":0,"ind_inc":0,"log":0.4,"ind_0_17":0.1,"ind_65p":0.30000000000000004}},{"type":"Feature","geometry":{"type":"Polygon","coordinates":[[[-61.027421951293945,14.695734557943595],[-61.0255765914917,14.695693046500466],[-61.0255765914917,14.69390804698412],[-61.027464866638184,14.69390804698412],[-61.027421951293945,14.695734557943595]]]},"id":1331295938,"properties":{"GEO":"CRS5490RES200mN1625400E712400","GEO_OBJECT":"C200M","OBS_STATUS":"I","lcog_geo":"97212,97224","ind":6,"men":2.6,"men_pauv":1.2,"men_1ind":1,"men_5ind":0.3,"men_prop":1.6,"men_fmp":0.4,"ind_snv":99761.8,"men_surf":205,"men_coll":0.6,"men_mais":2,"log_soc":0,"ind_inc":0,"log":2.5999999999999996,"ind_0_17":1,"ind_65p":1.5}},{"type":"Feature","geometry":{"type":"Polygon","coordinates":[[[-61.02553367614746,14.697519542536313],[-61.0255765914917,14.695693046500466],[-61.027421951293945,14.695734557943595],[-61.027421951293945,14.697519542536313],[-61.02553367614746,14.697519542536313]]]},"id":1331295991,"properties":{"GEO":"CRS5490RES200mN1625600E712400","GEO_OBJECT":"C200M","OBS_STATUS":"I","lcog_geo":"97212","ind":2,"men":0.9,"men_pauv":0.4,"men_1ind":0.3,"men_5ind":0.1,"men_prop":0.5,"men_fmp":0.1,"ind_snv":33253.9,"men_surf":68.3,"men_coll":0.2,"men_mais":0.7,"log_soc":0,"ind_inc":0,"log":0.9,"ind_0_17":0.4,"ind_65p":0.5}},{"type":"Feature","geometry":{"type":"Polygon","coordinates":[[[-61.02931022644043,14.692123032884936],[-61.02935314178467,14.690338004204548],[-61.031198501586914,14.690338004204548],[-61.031155586242676,14.692123032884936],[-61.02931022644043,14.692123032884936]]]},"id":1331295805,"properties":{"GEO":"CRS5490RES200mN1625000E712000","GEO_OBJECT":"C200M","OBS_STATUS":"I","lcog_geo":"97224","ind":24,"men":10.3,"men_pauv":4.7,"men_1ind":4.1,"men_5ind":1.1,"men_prop":6.3,"men_fmp":1.5,"ind_snv":399047.1,"men_surf":820,"men_coll":2.2,"men_mais":8.1,"log_soc":0,"ind_inc":0,"log":10.3,"ind_0_17":4,"ind_65p":5.9}},{"type":"Feature","geometry":{"type":"Polygon","coordinates":[[[-61.02931022644043,14.693949558766406],[-61.02931022644043,14.692123032884936],[-61.031155586242676,14.692123032884936],[-61.031155586242676,14.693949558766406],[-61.02931022644043,14.693949558766406]]]},"id":1331295874,"properties":{"GEO":"CRS5490RES200mN1625200E712000","GEO_OBJECT":"C200M","OBS_STATUS":"A","lcog_geo":"97224,97212","ind":49,"men":15,"men_pauv":5,"men_1ind":4,"men_5ind":4,"men_prop":12,"men_fmp":1,"ind_snv":987968,"men_surf":1381,"men_coll":6,"men_mais":9,"log_soc":0,"ind_inc":0,"log":15,"ind_0_17":15,"ind_65p":10}},{"type":"Feature","geometry":{"type":"Polygon","coordinates":[[[-61.031155586242676,14.693949558766406],[-61.031155586242676,14.692123032884936],[-61.03304386138916,14.69216454500635],[-61.03300094604492,14.693949558766406],[-61.031155586242676,14.693949558766406]]]},"id":1331295873,"properties":{"GEO":"CRS5490RES200mN1625200E711800","GEO_OBJECT":"C200M","OBS_STATUS":"I","lcog_geo":"97224","ind":9,"men":3.6,"men_pauv":1.3,"men_1ind":1.2,"men_5ind":0.4,"men_prop":2.7,"men_fmp":0.4,"ind_snv":163519.9,"men_surf":331,"men_coll":0,"men_mais":3.6,"log_soc":0,"ind_inc":0,"log":3.6,"ind_0_17":1.5,"ind_65p":1.6}},{"type":"Feature","geometry":{"type":"Polygon","coordinates":[[[-61.03304386138916,14.69216454500635],[-61.031155586242676,14.692123032884936],[-61.031198501586914,14.690338004204548],[-61.03304386138916,14.690338004204548],[-61.03304386138916,14.69216454500635]]]},"id":1331295804,"properties":{"GEO":"CRS5490RES200mN1625000E711800","GEO_OBJECT":"C200M","OBS_STATUS":"I","lcog_geo":"97224","ind":1,"men":0.4,"men_pauv":0.1,"men_1ind":0.1,"men_5ind":0,"men_prop":0.3,"men_fmp":0,"ind_snv":18168.9,"men_surf":36.8,"men_coll":0,"men_mais":0.4,"log_soc":0,"ind_inc":0,"log":0.4,"ind_0_17":0.1,"ind_65p":0.2}},{"type":"Feature","geometry":{"type":"Polygon","coordinates":[[[-61.02931022644043,14.693949558766406],[-61.027464866638184,14.69390804698412],[-61.027464866638184,14.692123032884936],[-61.02931022644043,14.692123032884936],[-61.02931022644043,14.693949558766406]]]},"id":1331295875,"properties":{"GEO":"CRS5490RES200mN1625200E712200","GEO_OBJECT":"C200M","OBS_STATUS":"I","lcog_geo":"97224,97212","ind":4,"men":1.7,"men_pauv":0.8,"men_1ind":0.7,"men_5ind":0.2,"men_prop":1.1,"men_fmp":0.2,"ind_snv":66507.9,"men_surf":136.7,"men_coll":0.4,"men_mais":1.3,"log_soc":0,"ind_inc":0,"log":1.7000000000000002,"ind_0_17":0.6000000000000001,"ind_65p":1}},{"type":"Feature","geometry":{"type":"Polygon","coordinates":[[[-61.02926731109619,14.697561053632356],[-61.02926731109619,14.695734557943595],[-61.031155586242676,14.695776069378837],[-61.03111267089844,14.697561053632356],[-61.02926731109619,14.697561053632356]]]},"id":1331295990,"properties":{"GEO":"CRS5490RES200mN1625600E712000","GEO_OBJECT":"C200M","OBS_STATUS":"I","lcog_geo":"97212,97224","ind":8,"men":3.4,"men_pauv":1.6,"men_1ind":1.4,"men_5ind":0.4,"men_prop":2.1,"men_fmp":0.5,"ind_snv":133015.7,"men_surf":273.3,"men_coll":0.7,"men_mais":2.7,"log_soc":0,"ind_inc":0,"log":3.4000000000000004,"ind_0_17":1.3,"ind_65p":2}},{"type":"Feature","geometry":{"type":"Polygon","coordinates":[[[-61.031155586242676,14.695776069378837],[-61.02926731109619,14.695734557943595],[-61.02931022644043,14.693949558766406],[-61.031155586242676,14.693949558766406],[-61.031155586242676,14.695776069378837]]]},"id":1331295937,"properties":{"GEO":"CRS5490RES200mN1625400E712000","GEO_OBJECT":"C200M","OBS_STATUS":"I","lcog_geo":"97224,97212","ind":13.5,"men":5.8,"men_pauv":2.7,"men_1ind":2.3,"men_5ind":0.6,"men_prop":3.6,"men_fmp":0.8,"ind_snv":224464,"men_surf":461.3,"men_coll":1.2,"men_mais":4.6,"log_soc":0,"ind_inc":0,"log":5.8,"ind_0_17":2.2,"ind_65p":3.4}},{"type":"Feature","geometry":{"type":"Polygon","coordinates":[[[-61.03111267089844,14.699387534048668],[-61.03111267089844,14.697561053632356],[-61.03300094604492,14.697561053632356],[-61.032958030700684,14.699387534048668],[-61.03111267089844,14.699387534048668]]]},"id":1331296054,"properties":{"GEO":"CRS5490RES200mN1625800E711800","GEO_OBJECT":"C200M","OBS_STATUS":"I","lcog_geo":"97212,97224","ind":15,"men":6,"men_pauv":2.2,"men_1ind":2,"men_5ind":0.7,"men_prop":4.5,"men_fmp":0.7,"ind_snv":272533.2,"men_surf":551.6,"men_coll":0,"men_mais":6,"log_soc":0,"ind_inc":0,"log":6,"ind_0_17":2.5,"ind_65p":2.7}},{"type":"Feature","geometry":{"type":"Polygon","coordinates":[[[-61.03111267089844,14.699387534048668],[-61.02926731109619,14.69934602329974],[-61.02926731109619,14.697561053632356],[-61.03111267089844,14.697561053632356],[-61.03111267089844,14.699387534048668]]]},"id":1331296055,"properties":{"GEO":"CRS5490RES200mN1625800E712000","GEO_OBJECT":"C200M","OBS_STATUS":"I","lcog_geo":"97212","ind":19,"men":8.2,"men_pauv":3.8,"men_1ind":3.3,"men_5ind":0.9,"men_prop":5,"men_fmp":1.2,"ind_snv":315912.3,"men_surf":649.2,"men_coll":1.7,"men_mais":6.5,"log_soc":0,"ind_inc":0,"log":8.2,"ind_0_17":3.1999999999999997,"ind_65p":4.7}},{"type":"Feature","geometry":{"type":"Polygon","coordinates":[[[-61.03677749633789,14.690379516665033],[-61.03677749633789,14.688594473744061],[-61.03862285614014,14.688594473744061],[-61.03862285614014,14.690379516665033],[-61.03677749633789,14.690379516665033]]]},"id":1331295744,"properties":{"GEO":"CRS5490RES200mN1624800E711200","GEO_OBJECT":"C200M","OBS_STATUS":"I","lcog_geo":"97224","ind":3,"men":1.6,"men_pauv":0.5,"men_1ind":0.4,"men_5ind":0,"men_prop":1,"men_fmp":0.3,"ind_snv":55101.8,"men_surf":125.3,"men_coll":0.1,"men_mais":1.5,"log_soc":0,"ind_inc":0,"log":1.6,"ind_0_17":0.30000000000000004,"ind_65p":1.3}},{"type":"Feature","geometry":{"type":"Polygon","coordinates":[[[-61.0385799407959,14.695817580806207],[-61.0385799407959,14.693991070540818],[-61.040425300598145,14.69403258230733],[-61.040425300598145,14.695817580806207],[-61.0385799407959,14.695817580806207]]]},"id":1331295936,"properties":{"GEO":"CRS5490RES200mN1625400E711000","GEO_OBJECT":"C200M","OBS_STATUS":"I","lcog_geo":"97212,97224","ind":2,"men":0.8,"men_pauv":0.3,"men_1ind":0.3,"men_5ind":0.1,"men_prop":0.6,"men_fmp":0.1,"ind_snv":36337.8,"men_surf":73.6,"men_coll":0,"men_mais":0.8,"log_soc":0,"ind_inc":0,"log":0.8,"ind_0_17":0.4,"ind_65p":0.30000000000000004}},{"type":"Feature","geometry":{"type":"Polygon","coordinates":[[[-61.032958030700684,14.699387534048668],[-61.03300094604492,14.697561053632356],[-61.03484630584717,14.697602564720526],[-61.03480339050293,14.699387534048668],[-61.032958030700684,14.699387534048668]]]},"id":1331296053,"properties":{"GEO":"CRS5490RES200mN1625800E711600","GEO_OBJECT":"C200M","OBS_STATUS":"I","lcog_geo":"97212","ind":10,"men":4,"men_pauv":1.5,"men_1ind":1.3,"men_5ind":0.4,"men_prop":3,"men_fmp":0.4,"ind_snv":181688.8,"men_surf":367.8,"men_coll":0,"men_mais":4,"log_soc":0,"ind_inc":0,"log":4,"ind_0_17":1.6,"ind_65p":1.7999999999999998}},{"type":"Feature","geometry":{"type":"Polygon","coordinates":[[[-61.036691665649414,14.69942904478971],[-61.03480339050293,14.699387534048668],[-61.03484630584717,14.697602564720526],[-61.036691665649414,14.697602564720526],[-61.036691665649414,14.69942904478971]]]},"id":1331296052,"properties":{"GEO":"CRS5490RES200mN1625800E711400","GEO_OBJECT":"C200M","OBS_STATUS":"I","lcog_geo":"97212","ind":2,"men":0.8,"men_pauv":0.3,"men_1ind":0.3,"men_5ind":0.1,"men_prop":0.6,"men_fmp":0.1,"ind_snv":36337.8,"men_surf":73.6,"men_coll":0,"men_mais":0.8,"log_soc":0,"ind_inc":0,"log":0.8,"ind_0_17":0.4,"ind_65p":0.30000000000000004}},{"type":"Feature","geometry":{"type":"Polygon","coordinates":[[[-61.03849411010742,14.704866883645636],[-61.03849411010742,14.703040449057042],[-61.04033946990967,14.703081959103727],[-61.04033946990967,14.704866883645636],[-61.03849411010742,14.704866883645636]]]},"id":1331296281,"properties":{"GEO":"CRS5490RES200mN1626400E711000","GEO_OBJECT":"C200M","OBS_STATUS":"I","lcog_geo":"97212","ind":4,"men":1.7,"men_pauv":0.9,"men_1ind":0.7,"men_5ind":0.2,"men_prop":1.5,"men_fmp":0.1,"ind_snv":69538,"men_surf":149.4,"men_coll":0.1,"men_mais":1.6,"log_soc":0,"ind_inc":0,"log":1.7000000000000002,"ind_0_17":0.8,"ind_65p":1.2000000000000002}},{"type":"Feature","geometry":{"type":"Polygon","coordinates":[[[-61.0385799407959,14.692206057119876],[-61.03862285614014,14.690379516665033],[-61.04046821594238,14.69042102911763],[-61.04046821594238,14.692206057119876],[-61.0385799407959,14.692206057119876]]]},"id":1331295803,"properties":{"GEO":"CRS5490RES200mN1625000E711000","GEO_OBJECT":"C200M","OBS_STATUS":"I","lcog_geo":"97224","ind":28,"men":11.3,"men_pauv":4.2,"men_1ind":3.8,"men_5ind":1.3,"men_prop":8.4,"men_fmp":1.3,"ind_snv":508728.6,"men_surf":1029.7,"men_coll":0,"men_mais":11.3,"log_soc":0,"ind_inc":0,"log":11.3,"ind_0_17":4.5,"ind_65p":5.1}},{"type":"Feature","geometry":{"type":"Polygon","coordinates":[[[-61.04046821594238,14.69042102911763],[-61.03862285614014,14.690379516665033],[-61.03862285614014,14.688594473744061],[-61.04046821594238,14.688594473744061],[-61.04046821594238,14.69042102911763]]]},"id":1331295743,"properties":{"GEO":"CRS5490RES200mN1624800E711000","GEO_OBJECT":"C200M","OBS_STATUS":"I","lcog_geo":"97224","ind":6,"men":3.2,"men_pauv":1.1,"men_1ind":0.9,"men_5ind":0,"men_prop":1.9,"men_fmp":0.5,"ind_snv":110203.5,"men_surf":250.6,"men_coll":0.2,"men_mais":3,"log_soc":0,"ind_inc":0,"log":3.2,"ind_0_17":0.6000000000000001,"ind_65p":2.4}},{"type":"Feature","geometry":{"type":"Polygon","coordinates":[[[-61.04231357574463,14.6922475692255],[-61.04231357574463,14.69042102911763],[-61.04420185089111,14.69046254156234],[-61.044158935546875,14.6922475692255],[-61.04231357574463,14.6922475692255]]]},"id":1331295801,"properties":{"GEO":"CRS5490RES200mN1625000E710600","GEO_OBJECT":"C200M","OBS_STATUS":"I","lcog_geo":"97224","ind":24,"men":9.8,"men_pauv":4.3,"men_1ind":3.8,"men_5ind":1.1,"men_prop":9.1,"men_fmp":0.8,"ind_snv":417260.5,"men_surf":848.1,"men_coll":0.4,"men_mais":9.4,"log_soc":0,"ind_inc":0,"log":9.8,"ind_0_17":4.800000000000001,"ind_65p":5.9}},{"type":"Feature","geometry":{"type":"Polygon","coordinates":[[[-61.04420185089111,14.69046254156234],[-61.04231357574463,14.69042102911763],[-61.04235649108887,14.688635986535715],[-61.04420185089111,14.688635986535715],[-61.04420185089111,14.69046254156234]]]},"id":1331295741,"properties":{"GEO":"CRS5490RES200mN1624800E710600","GEO_OBJECT":"C200M","OBS_STATUS":"I","lcog_geo":"97224","ind":8,"men":3.4,"men_pauv":1.2,"men_1ind":0.8,"men_5ind":0.2,"men_prop":2.5,"men_fmp":0.6,"ind_snv":185093.7,"men_surf":286.4,"men_coll":0.5,"men_mais":2.9,"log_soc":0,"ind_inc":0,"log":3.4,"ind_0_17":1.2,"ind_65p":2.9}},{"type":"Feature","geometry":{"type":"Polygon","coordinates":[[[-61.040425300598145,14.69403258230733],[-61.04046821594238,14.692206057119876],[-61.04231357574463,14.6922475692255],[-61.04231357574463,14.69403258230733],[-61.040425300598145,14.69403258230733]]]},"id":1331295872,"properties":{"GEO":"CRS5490RES200mN1625200E710800","GEO_OBJECT":"C200M","OBS_STATUS":"A","lcog_geo":"97224","ind":23,"men":12,"men_pauv":5,"men_1ind":6,"men_5ind":0,"men_prop":7,"men_fmp":4,"ind_snv":390369.6,"men_surf":775,"men_coll":0,"men_mais":12,"log_soc":0,"ind_inc":0,"log":12,"ind_0_17":3,"ind_65p":6}},{"type":"Feature","geometry":{"type":"Polygon","coordinates":[[[-61.04231357574463,14.6922475692255],[-61.04046821594238,14.692206057119876],[-61.04046821594238,14.69042102911763],[-61.04231357574463,14.69042102911763],[-61.04231357574463,14.6922475692255]]]},"id":1331295802,"properties":{"GEO":"CRS5490RES200mN1625000E710800","GEO_OBJECT":"C200M","OBS_STATUS":"I","lcog_geo":"97224","ind":9,"men":3.7,"men_pauv":1.6,"men_1ind":1.4,"men_5ind":0.4,"men_prop":3.4,"men_fmp":0.3,"ind_snv":156472.7,"men_surf":318,"men_coll":0.1,"men_mais":3.6,"log_soc":0,"ind_inc":0,"log":3.7,"ind_0_17":1.8000000000000003,"ind_65p":2.2}},{"type":"Feature","geometry":{"type":"Polygon","coordinates":[[[-61.04227066040039,14.695859092225675],[-61.040425300598145,14.695817580806207],[-61.040425300598145,14.69403258230733],[-61.04231357574463,14.69403258230733],[-61.04227066040039,14.695859092225675]]]},"id":1331295935,"properties":{"GEO":"CRS5490RES200mN1625400E710800","GEO_OBJECT":"C200M","OBS_STATUS":"A","lcog_geo":"97224,97212","ind":51,"men":26,"men_pauv":7,"men_1ind":11,"men_5ind":1,"men_prop":19,"men_fmp":2,"ind_snv":1116812.4,"men_surf":2124,"men_coll":1,"men_mais":25,"log_soc":0,"ind_inc":0,"log":26,"ind_0_17":4,"ind_65p":15}},{"type":"Feature","geometry":{"type":"Polygon","coordinates":[[[-61.044158935546875,14.694074094065954],[-61.044158935546875,14.6922475692255],[-61.04604721069336,14.6922475692255],[-61.04600429534912,14.694074094065954],[-61.044158935546875,14.694074094065954]]]},"id":1331295870,"properties":{"GEO":"CRS5490RES200mN1625200E710400","GEO_OBJECT":"C200M","OBS_STATUS":"I","lcog_geo":"97224","ind":25,"men":10.2,"men_pauv":4.5,"men_1ind":3.9,"men_5ind":1.2,"men_prop":9.4,"men_fmp":0.8,"ind_snv":434646.3,"men_surf":883.5,"men_coll":0.4,"men_mais":9.8,"log_soc":0,"ind_inc":0,"log":10.2,"ind_0_17":5,"ind_65p":6.1}},{"type":"Feature","geometry":{"type":"Polygon","coordinates":[[[-61.044158935546875,14.6922475692255],[-61.04420185089111,14.69046254156234],[-61.04604721069336,14.69046254156234],[-61.04604721069336,14.6922475692255],[-61.044158935546875,14.6922475692255]]]},"id":1331295800,"properties":{"GEO":"CRS5490RES200mN1625000E710400","GEO_OBJECT":"C200M","OBS_STATUS":"I","lcog_geo":"97224","ind":23,"men":9.4,"men_pauv":4.2,"men_1ind":3.6,"men_5ind":1.1,"men_prop":8.7,"men_fmp":0.7,"ind_snv":399874.6,"men_surf":812.8,"men_coll":0.4,"men_mais":9,"log_soc":0,"ind_inc":0,"log":9.4,"ind_0_17":4.5,"ind_65p":5.6}},{"type":"Feature","geometry":{"type":"Polygon","coordinates":[[[-61.044158935546875,14.694074094065954],[-61.04231357574463,14.69403258230733],[-61.04231357574463,14.6922475692255],[-61.044158935546875,14.6922475692255],[-61.044158935546875,14.694074094065954]]]},"id":1331295871,"properties":{"GEO":"CRS5490RES200mN1625200E710600","GEO_OBJECT":"C200M","OBS_STATUS":"I","lcog_geo":"97224","ind":5,"men":2,"men_pauv":0.9,"men_1ind":0.8,"men_5ind":0.2,"men_prop":1.9,"men_fmp":0.2,"ind_snv":86929.3,"men_surf":176.7,"men_coll":0.1,"men_mais":1.9,"log_soc":0,"ind_inc":0,"log":2,"ind_0_17":0.9000000000000001,"ind_65p":1.3}},{"type":"Feature","geometry":{"type":"Polygon","coordinates":[[[-61.04227066040039,14.695859092225675],[-61.04231357574463,14.69403258230733],[-61.044158935546875,14.694074094065954],[-61.04411602020264,14.695859092225675],[-61.04227066040039,14.695859092225675]]]},"id":1331295934,"properties":{"GEO":"CRS5490RES200mN1625400E710600","GEO_OBJECT":"C200M","OBS_STATUS":"I","lcog_geo":"97224","ind":3,"men":1.2,"men_pauv":0.5,"men_1ind":0.5,"men_5ind":0.1,"men_prop":1.1,"men_fmp":0.1,"ind_snv":52157.6,"men_surf":106,"men_coll":0,"men_mais":1.2,"log_soc":0,"ind_inc":0,"log":1.2000000000000002,"ind_0_17":0.6000000000000001,"ind_65p":0.7}},{"type":"Feature","geometry":{"type":"Polygon","coordinates":[[[-61.04600429534912,14.69590060363727],[-61.04411602020264,14.695859092225675],[-61.044158935546875,14.694074094065954],[-61.04600429534912,14.694074094065954],[-61.04600429534912,14.69590060363727]]]},"id":1331295933,"properties":{"GEO":"CRS5490RES200mN1625400E710400","GEO_OBJECT":"C200M","OBS_STATUS":"I","lcog_geo":"97224","ind":3,"men":1.2,"men_pauv":0.5,"men_1ind":0.5,"men_5ind":0.1,"men_prop":1.1,"men_fmp":0.1,"ind_snv":52157.6,"men_surf":106,"men_coll":0,"men_mais":1.2,"log_soc":0,"ind_inc":0,"log":1.2000000000000002,"ind_0_17":0.6000000000000001,"ind_65p":0.7}},{"type":"Feature","geometry":{"type":"Polygon","coordinates":[[[-61.047892570495605,14.692289081323253],[-61.04604721069336,14.6922475692255],[-61.04604721069336,14.69046254156234],[-61.047892570495605,14.69046254156234],[-61.047892570495605,14.692289081323253]]]},"id":1331295799,"properties":{"GEO":"CRS5490RES200mN1625000E710200","GEO_OBJECT":"C200M","OBS_STATUS":"I","lcog_geo":"97224","ind":15,"men":6.1,"men_pauv":2.7,"men_1ind":2.4,"men_5ind":0.7,"men_prop":5.7,"men_fmp":0.5,"ind_snv":260787.8,"men_surf":530.1,"men_coll":0.2,"men_mais":5.9,"log_soc":0,"ind_inc":0,"log":6.1,"ind_0_17":3,"ind_65p":3.7}},{"type":"Feature","geometry":{"type":"Polygon","coordinates":[[[-61.04784965515137,14.69590060363727],[-61.04784965515137,14.694074094065954],[-61.04973793029785,14.694115605816705],[-61.04969501495361,14.69590060363727],[-61.04784965515137,14.69590060363727]]]},"id":1331295932,"properties":{"GEO":"CRS5490RES200mN1625400E710000","GEO_OBJECT":"C200M","OBS_STATUS":"I","lcog_geo":"97224","ind":2,"men":0.8,"men_pauv":0.4,"men_1ind":0.3,"men_5ind":0.1,"men_prop":0.8,"men_fmp":0.1,"ind_snv":34771.7,"men_surf":70.7,"men_coll":0,"men_mais":0.8,"log_soc":0,"ind_inc":0,"log":0.8,"ind_0_17":0.5,"ind_65p":0.4}},{"type":"Feature","geometry":{"type":"Polygon","coordinates":[[[-61.04600429534912,14.694074094065954],[-61.04604721069336,14.6922475692255],[-61.047892570495605,14.692289081323253],[-61.04784965515137,14.694074094065954],[-61.04600429534912,14.694074094065954]]]},"id":1331295869,"properties":{"GEO":"CRS5490RES200mN1625200E710200","GEO_OBJECT":"C200M","OBS_STATUS":"I","lcog_geo":"97224","ind":5,"men":2,"men_pauv":0.9,"men_1ind":0.8,"men_5ind":0.2,"men_prop":1.9,"men_fmp":0.2,"ind_snv":86929.3,"men_surf":176.7,"men_coll":0.1,"men_mais":1.9,"log_soc":0,"ind_inc":0,"log":2,"ind_0_17":0.9000000000000001,"ind_65p":1.3}},{"type":"Feature","geometry":{"type":"Polygon","coordinates":[[[-61.04973793029785,14.694115605816705],[-61.04784965515137,14.694074094065954],[-61.047892570495605,14.692289081323253],[-61.04973793029785,14.692289081323253],[-61.04973793029785,14.694115605816705]]]},"id":1331295868,"properties":{"GEO":"CRS5490RES200mN1625200E710000","GEO_OBJECT":"C200M","OBS_STATUS":"I","lcog_geo":"97224","ind":13,"men":5.3,"men_pauv":2.4,"men_1ind":2,"men_5ind":0.6,"men_prop":4.9,"men_fmp":0.4,"ind_snv":226016.1,"men_surf":459.4,"men_coll":0.2,"men_mais":5.1,"log_soc":0,"ind_inc":0,"log":5.3,"ind_0_17":2.6,"ind_65p":3.1}},{"type":"Feature","geometry":{"type":"Polygon","coordinates":[[[-61.04973793029785,14.694115605816705],[-61.04973793029785,14.692289081323253],[-61.0515832901001,14.692330593413118],[-61.0515832901001,14.694115605816705],[-61.04973793029785,14.694115605816705]]]},"id":1331295867,"properties":{"GEO":"CRS5490RES200mN1625200E709800","GEO_OBJECT":"C200M","OBS_STATUS":"I","lcog_geo":"97224","ind":2,"men":1.2,"men_pauv":0.5,"men_1ind":0.6,"men_5ind":0,"men_prop":1,"men_fmp":0,"ind_snv":44216.5,"men_surf":99.2,"men_coll":0.2,"men_mais":1,"log_soc":0,"ind_inc":0,"log":1.2000000000000002,"ind_0_17":0,"ind_65p":0.5}},{"type":"Feature","geometry":{"type":"Polygon","coordinates":[[[-61.04969501495361,14.697727097937701],[-61.04969501495361,14.69590060363727],[-61.0515832901001,14.69594211504095],[-61.05154037475586,14.697727097937701],[-61.04969501495361,14.697727097937701]]]},"id":1331295989,"properties":{"GEO":"CRS5490RES200mN1625600E709800","GEO_OBJECT":"C200M","OBS_STATUS":"I","lcog_geo":"97224","ind":2,"men":1.2,"men_pauv":0.5,"men_1ind":0.6,"men_5ind":0,"men_prop":1,"men_fmp":0,"ind_snv":44216.5,"men_surf":99.2,"men_coll":0.2,"men_mais":1,"log_soc":0,"ind_inc":0,"log":1.2000000000000002,"ind_0_17":0,"ind_65p":0.5}},{"type":"Feature","geometry":{"type":"Polygon","coordinates":[[[-61.04776382446289,14.704949903036635],[-61.04780673980713,14.703123469142511],[-61.049652099609375,14.703123469142511],[-61.04960918426514,14.704949903036635],[-61.04776382446289,14.704949903036635]]]},"id":1331296280,"properties":{"GEO":"CRS5490RES200mN1626400E710000","GEO_OBJECT":"C200M","OBS_STATUS":"I","lcog_geo":"97212","ind":2,"men":1,"men_pauv":0.3,"men_1ind":0.4,"men_5ind":0.1,"men_prop":0.6,"men_fmp":0.1,"ind_snv":39215.8,"men_surf":85.5,"men_coll":0,"men_mais":1,"log_soc":0,"ind_inc":0,"log":1,"ind_0_17":0.4,"ind_65p":0.5}},{"type":"Feature","geometry":{"type":"Polygon","coordinates":[[[-61.051626205444336,14.690504053999177],[-61.051626205444336,14.688719012095362],[-61.05347156524658,14.688719012095362],[-61.05347156524658,14.690504053999177],[-61.051626205444336,14.690504053999177]]]},"id":1331295738,"properties":{"GEO":"CRS5490RES200mN1624800E709600","GEO_OBJECT":"C200M","OBS_STATUS":"I","lcog_geo":"97224","ind":8,"men":4.3,"men_pauv":1.3,"men_1ind":2.2,"men_5ind":0.2,"men_prop":2.2,"men_fmp":0.3,"ind_snv":155298.3,"men_surf":303.7,"men_coll":0.3,"men_mais":4,"log_soc":0,"ind_inc":0,"log":4.3,"ind_0_17":1,"ind_65p":2.8}},{"type":"Feature","geometry":{"type":"Polygon","coordinates":[[[-61.053385734558105,14.697768608994295],[-61.05154037475586,14.697727097937701],[-61.0515832901001,14.69594211504095],[-61.053428649902344,14.69594211504095],[-61.053385734558105,14.697768608994295]]]},"id":1331295988,"properties":{"GEO":"CRS5490RES200mN1625600E709600","GEO_OBJECT":"C200M","OBS_STATUS":"I","lcog_geo":"97224","ind":7,"men":4.3,"men_pauv":1.7,"men_1ind":2,"men_5ind":0,"men_prop":3.3,"men_fmp":0,"ind_snv":154757.7,"men_surf":347.3,"men_coll":0.7,"men_mais":3.6,"log_soc":0,"ind_inc":0,"log":4.3,"ind_0_17":0,"ind_65p":1.7}},{"type":"Feature","geometry":{"type":"Polygon","coordinates":[[[-61.05531692504883,14.690545566428113],[-61.055359840393066,14.688719012095362],[-61.05720520019531,14.68876052486334],[-61.057162284851074,14.690545566428113],[-61.05531692504883,14.690545566428113]]]},"id":1331295737,"properties":{"GEO":"CRS5490RES200mN1624800E709200","GEO_OBJECT":"C200M","OBS_STATUS":"I","lcog_geo":"97224","ind":3,"men":1.6,"men_pauv":0.5,"men_1ind":0.8,"men_5ind":0.1,"men_prop":0.8,"men_fmp":0.1,"ind_snv":58236.9,"men_surf":113.9,"men_coll":0.1,"men_mais":1.5,"log_soc":0,"ind_inc":0,"log":1.6,"ind_0_17":0.30000000000000004,"ind_65p":1.1}},{"type":"Feature","geometry":{"type":"Polygon","coordinates":[[[-61.05900764465332,14.694198629294519],[-61.05900764465332,14.692372105495096],[-61.060895919799805,14.692372105495096],[-61.060853004455566,14.694198629294519],[-61.05900764465332,14.694198629294519]]]},"id":1331295866,"properties":{"GEO":"CRS5490RES200mN1625200E708800","GEO_OBJECT":"C200M","OBS_STATUS":"I","lcog_geo":"97224","ind":3,"men":1.9,"men_pauv":0.7,"men_1ind":0.9,"men_5ind":0,"men_prop":1.4,"men_fmp":0,"ind_snv":66324.7,"men_surf":148.9,"men_coll":0.3,"men_mais":1.6,"log_soc":0,"ind_inc":0,"log":1.9,"ind_0_17":0,"ind_65p":0.7}},{"type":"Feature","geometry":{"type":"Polygon","coordinates":[[[-61.05883598327637,14.714081843281093],[-61.05699062347412,14.714040335326317],[-61.05699062347412,14.71225548580145],[-61.05883598327637,14.71225548580145],[-61.05883598327637,14.714081843281093]]]},"id":1331296553,"properties":{"GEO":"CRS5490RES200mN1627400E709000","GEO_OBJECT":"C200M","OBS_STATUS":"I","lcog_geo":"97212","ind":2,"men":1.2,"men_pauv":0.5,"men_1ind":0.6,"men_5ind":0,"men_prop":1,"men_fmp":0,"ind_snv":44216.5,"men_surf":99.2,"men_coll":0.2,"men_mais":1,"log_soc":0,"ind_inc":0,"log":1.2000000000000002,"ind_0_17":0,"ind_65p":0.5}},{"type":"Feature","geometry":{"type":"Polygon","coordinates":[[[-61.08531475067139,14.660073323705262],[-61.08531475067139,14.658246514966052],[-61.08716011047363,14.658288033515689],[-61.08716011047363,14.660073323705262],[-61.08531475067139,14.660073323705262]]]},"id":1331294677,"properties":{"GEO":"CRS5490RES200mN1621400E706000","GEO_OBJECT":"C200M","OBS_STATUS":"I","lcog_geo":"97209","ind":6,"men":2.6,"men_pauv":0.5,"men_1ind":0.7,"men_5ind":0.1,"men_prop":1.7,"men_fmp":0.5,"ind_snv":170220.5,"men_surf":271,"men_coll":0.3,"men_mais":2.3,"log_soc":0,"ind_inc":0,"log":2.6,"ind_0_17":0.7,"ind_65p":1.8}},{"type":"Feature","geometry":{"type":"Polygon","coordinates":[[[-61.08527183532715,14.66368537795249],[-61.08527183532715,14.661858599342594],[-61.08716011047363,14.661900117207509],[-61.087117195129395,14.66368537795249],[-61.08527183532715,14.66368537795249]]]},"id":1331294837,"properties":{"GEO":"CRS5490RES200mN1621800E706000","GEO_OBJECT":"C200M","OBS_STATUS":"A","lcog_geo":"97209","ind":48,"men":20,"men_pauv":3,"men_1ind":6,"men_5ind":2,"men_prop":12,"men_fmp":2,"ind_snv":1467105.7,"men_surf":1743,"men_coll":7,"men_mais":13,"log_soc":0,"ind_inc":0,"log":20,"ind_0_17":11,"ind_65p":11}},{"type":"Feature","geometry":{"type":"Polygon","coordinates":[[[-61.08716011047363,14.661900117207509],[-61.08527183532715,14.661858599342594],[-61.08531475067139,14.660073323705262],[-61.08716011047363,14.660073323705262],[-61.08716011047363,14.661900117207509]]]},"id":1331294755,"properties":{"GEO":"CRS5490RES200mN1621600E706000","GEO_OBJECT":"C200M","OBS_STATUS":"I","lcog_geo":"97209","ind":14,"men":6.1,"men_pauv":1.2,"men_1ind":1.6,"men_5ind":0.3,"men_prop":3.9,"men_fmp":1.2,"ind_snv":397181.1,"men_surf":632.3,"men_coll":0.7,"men_mais":5.4,"log_soc":0,"ind_inc":0,"log":6.1,"ind_0_17":1.4,"ind_65p":4.4}},{"type":"Feature","geometry":{"type":"Polygon","coordinates":[[[-61.08716011047363,14.661900117207509],[-61.08716011047363,14.660073323705262],[-61.08900547027588,14.660073323705262],[-61.08900547027588,14.661900117207509],[-61.08716011047363,14.661900117207509]]]},"id":1331294754,"properties":{"GEO":"CRS5490RES200mN1621600E705800","GEO_OBJECT":"C200M","OBS_STATUS":"I","lcog_geo":"97209","ind":2,"men":1,"men_pauv":0.2,"men_1ind":0.4,"men_5ind":0.1,"men_prop":0.7,"men_fmp":0.1,"ind_snv":56766.5,"men_surf":96.3,"men_coll":0.1,"men_mais":0.9,"log_soc":0,"ind_inc":0,"log":1,"ind_0_17":0.4,"ind_65p":0.6}},{"type":"Feature","geometry":{"type":"Polygon","coordinates":[[[-61.08900547027588,14.661900117207509],[-61.08900547027588,14.660073323705262],[-61.090850830078125,14.660114841908637],[-61.090850830078125,14.661900117207509],[-61.08900547027588,14.661900117207509]]]},"id":1331294753,"properties":{"GEO":"CRS5490RES200mN1621600E705600","GEO_OBJECT":"C200M","OBS_STATUS":"I","lcog_geo":"97209","ind":5,"men":2.4,"men_pauv":0.5,"men_1ind":1,"men_5ind":0.2,"men_prop":1.8,"men_fmp":0.3,"ind_snv":141916.1,"men_surf":240.8,"men_coll":0.1,"men_mais":2.3,"log_soc":0,"ind_inc":0,"log":2.4,"ind_0_17":0.9,"ind_65p":1.6}},{"type":"Feature","geometry":{"type":"Polygon","coordinates":[[[-61.08896255493164,14.663726895471072],[-61.087117195129395,14.66368537795249],[-61.08716011047363,14.661900117207509],[-61.08900547027588,14.661900117207509],[-61.08896255493164,14.663726895471072]]]},"id":1331294836,"properties":{"GEO":"CRS5490RES200mN1621800E705800","GEO_OBJECT":"C200M","OBS_STATUS":"I","lcog_geo":"97209","ind":5,"men":2.4,"men_pauv":0.5,"men_1ind":1,"men_5ind":0.2,"men_prop":1.8,"men_fmp":0.3,"ind_snv":141916.1,"men_surf":240.8,"men_coll":0.1,"men_mais":2.3,"log_soc":0,"ind_inc":0,"log":2.4,"ind_0_17":0.9,"ind_65p":1.6}},{"type":"Feature","geometry":{"type":"Polygon","coordinates":[[[-61.08527183532715,14.66368537795249],[-61.0834264755249,14.663643860426063],[-61.0834264755249,14.661858599342594],[-61.08527183532715,14.661858599342594],[-61.08527183532715,14.66368537795249]]]},"id":1331294838,"properties":{"GEO":"CRS5490RES200mN1621800E706200","GEO_OBJECT":"C200M","OBS_STATUS":"I","lcog_geo":"97209","ind":6,"men":2.6,"men_pauv":0.5,"men_1ind":0.7,"men_5ind":0.1,"men_prop":1.7,"men_fmp":0.5,"ind_snv":170220.5,"men_surf":271,"men_coll":0.3,"men_mais":2.3,"log_soc":0,"ind_inc":0,"log":2.6,"ind_0_17":0.7,"ind_65p":1.8}},{"type":"Feature","geometry":{"type":"Polygon","coordinates":[[[-61.087117195129395,14.665512141322026],[-61.087117195129395,14.66368537795249],[-61.08896255493164,14.663726895471072],[-61.08896255493164,14.665512141322026],[-61.087117195129395,14.665512141322026]]]},"id":1331294912,"properties":{"GEO":"CRS5490RES200mN1622000E705800","GEO_OBJECT":"C200M","OBS_STATUS":"A","lcog_geo":"97209","ind":31,"men":18,"men_pauv":2,"men_1ind":8,"men_5ind":0,"men_prop":11,"men_fmp":2,"ind_snv":824872.2,"men_surf":1789,"men_coll":5,"men_mais":13,"log_soc":0,"ind_inc":0,"log":18,"ind_0_17":4,"ind_65p":13}},{"type":"Feature","geometry":{"type":"Polygon","coordinates":[[[-61.087117195129395,14.665512141322026],[-61.08527183532715,14.665470624141975],[-61.08527183532715,14.66368537795249],[-61.087117195129395,14.66368537795249],[-61.087117195129395,14.665512141322026]]]},"id":1331294913,"properties":{"GEO":"CRS5490RES200mN1622000E706000","GEO_OBJECT":"C200M","OBS_STATUS":"I","lcog_geo":"97209","ind":12,"men":5,"men_pauv":0.8,"men_1ind":1.9,"men_5ind":0.4,"men_prop":3.1,"men_fmp":0.4,"ind_snv":278830,"men_surf":478.5,"men_coll":1.1,"men_mais":3.9,"log_soc":0,"ind_inc":0,"log":5,"ind_0_17":2.3,"ind_65p":4.3}},{"type":"Feature","geometry":{"type":"Polygon","coordinates":[[[-61.08896255493164,14.667338889449425],[-61.087074279785156,14.66729737261582],[-61.087117195129395,14.665512141322026],[-61.08896255493164,14.665512141322026],[-61.08896255493164,14.667338889449425]]]},"id":1331294976,"properties":{"GEO":"CRS5490RES200mN1622200E705800","GEO_OBJECT":"C200M","OBS_STATUS":"I","lcog_geo":"97209","ind":2,"men":0.9,"men_pauv":0.3,"men_1ind":0.3,"men_5ind":0,"men_prop":0.5,"men_fmp":0.2,"ind_snv":34050.7,"men_surf":70.3,"men_coll":0.1,"men_mais":0.8,"log_soc":0,"ind_inc":0,"log":0.8999999999999999,"ind_0_17":0.30000000000000004,"ind_65p":0.5}},{"type":"Feature","geometry":{"type":"Polygon","coordinates":[[[-61.0889196395874,14.669124105845867],[-61.08896255493164,14.667338889449425],[-61.09080791473389,14.667338889449425],[-61.09080791473389,14.669124105845867],[-61.0889196395874,14.669124105845867]]]},"id":1331295027,"properties":{"GEO":"CRS5490RES200mN1622400E705600","GEO_OBJECT":"C200M","OBS_STATUS":"I","lcog_geo":"97209","ind":5,"men":2.3,"men_pauv":0.9,"men_1ind":0.7,"men_5ind":0.1,"men_prop":1.2,"men_fmp":0.5,"ind_snv":85126.8,"men_surf":175.9,"men_coll":0.3,"men_mais":2,"log_soc":0,"ind_inc":0,"log":2.3,"ind_0_17":0.8,"ind_65p":1.1}},{"type":"Feature","geometry":{"type":"Polygon","coordinates":[[[-61.08896255493164,14.667338889449425],[-61.08896255493164,14.665512141322026],[-61.09080791473389,14.665512141322026],[-61.09080791473389,14.667338889449425],[-61.08896255493164,14.667338889449425]]]},"id":1331294975,"properties":{"GEO":"CRS5490RES200mN1622200E705600","GEO_OBJECT":"C200M","OBS_STATUS":"I","lcog_geo":"97209","ind":4,"men":1.9,"men_pauv":0.7,"men_1ind":0.6,"men_5ind":0.1,"men_prop":1,"men_fmp":0.4,"ind_snv":68101.4,"men_surf":140.7,"men_coll":0.3,"men_mais":1.6,"log_soc":0,"ind_inc":0,"log":1.9000000000000001,"ind_0_17":0.6000000000000001,"ind_65p":1}},{"type":"Feature","geometry":{"type":"Polygon","coordinates":[[[-61.09080791473389,14.667338889449425],[-61.09080791473389,14.665512141322026],[-61.09269618988037,14.66555365849419],[-61.09265327453613,14.667338889449425],[-61.09080791473389,14.667338889449425]]]},"id":1331294974,"properties":{"GEO":"CRS5490RES200mN1622200E705400","GEO_OBJECT":"C200M","OBS_STATUS":"I","lcog_geo":"97209","ind":2,"men":0.9,"men_pauv":0.3,"men_1ind":0.3,"men_5ind":0,"men_prop":0.5,"men_fmp":0.2,"ind_snv":34050.7,"men_surf":70.3,"men_coll":0.1,"men_mais":0.8,"log_soc":0,"ind_inc":0,"log":0.8999999999999999,"ind_0_17":0.30000000000000004,"ind_65p":0.5}},{"type":"Feature","geometry":{"type":"Polygon","coordinates":[[[-61.0889196395874,14.670950823830367],[-61.0889196395874,14.669124105845867],[-61.09080791473389,14.669124105845867],[-61.09076499938965,14.670950823830367],[-61.0889196395874,14.670950823830367]]]},"id":1331295079,"properties":{"GEO":"CRS5490RES200mN1622600E705600","GEO_OBJECT":"C200M","OBS_STATUS":"I","lcog_geo":"97209","ind":2,"men":0.9,"men_pauv":0.3,"men_1ind":0.3,"men_5ind":0,"men_prop":0.5,"men_fmp":0.2,"ind_snv":34050.7,"men_surf":70.3,"men_coll":0.1,"men_mais":0.8,"log_soc":0,"ind_inc":0,"log":0.8999999999999999,"ind_0_17":0.30000000000000004,"ind_65p":0.5}},{"type":"Feature","geometry":{"type":"Polygon","coordinates":[[[-61.0889196395874,14.670950823830367],[-61.087074279785156,14.670909307681868],[-61.087074279785156,14.669124105845867],[-61.0889196395874,14.669124105845867],[-61.0889196395874,14.670950823830367]]]},"id":1331295080,"properties":{"GEO":"CRS5490RES200mN1622600E705800","GEO_OBJECT":"C200M","OBS_STATUS":"I","lcog_geo":"97209","ind":1,"men":0.5,"men_pauv":0.2,"men_1ind":0.1,"men_5ind":0,"men_prop":0.2,"men_fmp":0.1,"ind_snv":17025.4,"men_surf":35.2,"men_coll":0.1,"men_mais":0.4,"log_soc":0,"ind_inc":0,"log":0.5,"ind_0_17":0.1,"ind_65p":0.2}},{"type":"Feature","geometry":{"type":"Polygon","coordinates":[[[-61.09072208404541,14.674562698600525],[-61.09076499938965,14.672777526567643],[-61.092610359191895,14.672777526567643],[-61.092610359191895,14.674562698600525],[-61.09072208404541,14.674562698600525]]]},"id":1331295202,"properties":{"GEO":"CRS5490RES200mN1623000E705400","GEO_OBJECT":"C200M","OBS_STATUS":"I","lcog_geo":"97209","ind":9,"men":4.2,"men_pauv":1.6,"men_1ind":1.2,"men_5ind":0.2,"men_prop":2.2,"men_fmp":0.9,"ind_snv":153228.2,"men_surf":316.6,"men_coll":0.6,"men_mais":3.6,"log_soc":0,"ind_inc":0,"log":4.2,"ind_0_17":1.4,"ind_65p":2}},{"type":"Feature","geometry":{"type":"Polygon","coordinates":[[[-61.09076499938965,14.672777526567643],[-61.0889196395874,14.672736010765675],[-61.0889196395874,14.670950823830367],[-61.09076499938965,14.670950823830367],[-61.09076499938965,14.672777526567643]]]},"id":1331295136,"properties":{"GEO":"CRS5490RES200mN1622800E705600","GEO_OBJECT":"C200M","OBS_STATUS":"I","lcog_geo":"97209","ind":24,"men":11.2,"men_pauv":4.1,"men_1ind":3.3,"men_5ind":0.4,"men_prop":5.8,"men_fmp":2.5,"ind_snv":408608.5,"men_surf":844.1,"men_coll":1.7,"men_mais":9.5,"log_soc":0,"ind_inc":0,"log":11.2,"ind_0_17":3.7,"ind_65p":5.4}},{"type":"Feature","geometry":{"type":"Polygon","coordinates":[[[-61.09076499938965,14.672777526567643],[-61.09076499938965,14.670950823830367],[-61.092610359191895,14.670950823830367],[-61.092610359191895,14.672777526567643],[-61.09076499938965,14.672777526567643]]]},"id":1331295135,"properties":{"GEO":"CRS5490RES200mN1622800E705400","GEO_OBJECT":"C200M","OBS_STATUS":"I","lcog_geo":"97209","ind":4,"men":1.9,"men_pauv":0.7,"men_1ind":0.6,"men_5ind":0.1,"men_prop":1,"men_fmp":0.4,"ind_snv":68101.4,"men_surf":140.7,"men_coll":0.3,"men_mais":1.6,"log_soc":0,"ind_inc":0,"log":1.9000000000000001,"ind_0_17":0.6000000000000001,"ind_65p":1}},{"type":"Feature","geometry":{"type":"Polygon","coordinates":[[[-61.09076499938965,14.670950823830367],[-61.09080791473389,14.669124105845867],[-61.09265327453613,14.669165622333011],[-61.092610359191895,14.670950823830367],[-61.09076499938965,14.670950823830367]]]},"id":1331295078,"properties":{"GEO":"CRS5490RES200mN1622600E705400","GEO_OBJECT":"C200M","OBS_STATUS":"I","lcog_geo":"97209","ind":1,"men":0.5,"men_pauv":0.2,"men_1ind":0.1,"men_5ind":0,"men_prop":0.2,"men_fmp":0.1,"ind_snv":17025.4,"men_surf":35.2,"men_coll":0.1,"men_mais":0.4,"log_soc":0,"ind_inc":0,"log":0.5,"ind_0_17":0.1,"ind_65p":0.2}},{"type":"Feature","geometry":{"type":"Polygon","coordinates":[[[-61.09072208404541,14.676389371184698],[-61.09072208404541,14.674562698600525],[-61.092610359191895,14.674562698600525],[-61.092567443847656,14.676389371184698],[-61.09072208404541,14.676389371184698]]]},"id":1331295266,"properties":{"GEO":"CRS5490RES200mN1623200E705400","GEO_OBJECT":"C200M","OBS_STATUS":"I","lcog_geo":"97209","ind":1,"men":0.5,"men_pauv":0.2,"men_1ind":0.1,"men_5ind":0,"men_prop":0.2,"men_fmp":0.1,"ind_snv":17025.4,"men_surf":35.2,"men_coll":0.1,"men_mais":0.4,"log_soc":0,"ind_inc":0,"log":0.5,"ind_0_17":0.1,"ind_65p":0.2}},{"type":"Feature","geometry":{"type":"Polygon","coordinates":[[[-61.088876724243164,14.674562698600525],[-61.0889196395874,14.672736010765675],[-61.09076499938965,14.672777526567643],[-61.09072208404541,14.674562698600525],[-61.088876724243164,14.674562698600525]]]},"id":1331295203,"properties":{"GEO":"CRS5490RES200mN1623000E705600","GEO_OBJECT":"C200M","OBS_STATUS":"I","lcog_geo":"97209","ind":2,"men":0.9,"men_pauv":0.3,"men_1ind":0.3,"men_5ind":0,"men_prop":0.5,"men_fmp":0.2,"ind_snv":34050.7,"men_surf":70.3,"men_coll":0.1,"men_mais":0.8,"log_soc":0,"ind_inc":0,"log":0.8999999999999999,"ind_0_17":0.30000000000000004,"ind_65p":0.5}},{"type":"Feature","geometry":{"type":"Polygon","coordinates":[[[-61.09445571899414,14.674604214055904],[-61.092610359191895,14.674562698600525],[-61.092610359191895,14.672777526567643],[-61.09445571899414,14.672777526567643],[-61.09445571899414,14.674604214055904]]]},"id":1331295201,"properties":{"GEO":"CRS5490RES200mN1623000E705200","GEO_OBJECT":"C200M","OBS_STATUS":"I","lcog_geo":"97209","ind":1,"men":0.5,"men_pauv":0.2,"men_1ind":0.1,"men_5ind":0,"men_prop":0.2,"men_fmp":0.1,"ind_snv":17025.4,"men_surf":35.2,"men_coll":0.1,"men_mais":0.4,"log_soc":0,"ind_inc":0,"log":0.5,"ind_0_17":0.1,"ind_65p":0.2}},{"type":"Feature","geometry":{"type":"Polygon","coordinates":[[[-61.086859703063965,14.696232694645985],[-61.086859703063965,14.694406187851058],[-61.08870506286621,14.6944476995387],[-61.08870506286621,14.696232694645985],[-61.086859703063965,14.696232694645985]]]},"id":1331295931,"properties":{"GEO":"CRS5490RES200mN1625400E705800","GEO_OBJECT":"C200M","OBS_STATUS":"I","lcog_geo":"97209","ind":5,"men":2.3,"men_pauv":0.7,"men_1ind":0.9,"men_5ind":0.1,"men_prop":1.5,"men_fmp":0.1,"ind_snv":117493.7,"men_surf":185.8,"men_coll":0.3,"men_mais":2,"log_soc":0,"ind_inc":0,"log":2.3,"ind_0_17":0.7,"ind_65p":1.7}},{"type":"Feature","geometry":{"type":"Polygon","coordinates":[[[-61.08870506286621,14.6944476995387],[-61.08874797821045,14.692621177821351],[-61.090593338012695,14.692621177821351],[-61.09055042266846,14.6944476995387],[-61.08870506286621,14.6944476995387]]]},"id":1331295865,"properties":{"GEO":"CRS5490RES200mN1625200E705600","GEO_OBJECT":"C200M","OBS_STATUS":"I","lcog_geo":"97209","ind":9,"men":4.1,"men_pauv":1.2,"men_1ind":1.7,"men_5ind":0.2,"men_prop":2.7,"men_fmp":0.2,"ind_snv":211488.6,"men_surf":334.5,"men_coll":0.5,"men_mais":3.6,"log_soc":0,"ind_inc":0,"log":4.1,"ind_0_17":1.4,"ind_65p":2.9}},{"type":"Feature","geometry":{"type":"Polygon","coordinates":[[[-61.08870506286621,14.696232694645985],[-61.08870506286621,14.6944476995387],[-61.09055042266846,14.6944476995387],[-61.09055042266846,14.696232694645985],[-61.08870506286621,14.696232694645985]]]},"id":1331295930,"properties":{"GEO":"CRS5490RES200mN1625400E705600","GEO_OBJECT":"C200M","OBS_STATUS":"I","lcog_geo":"97209","ind":3,"men":1.4,"men_pauv":0.4,"men_1ind":0.6,"men_5ind":0.1,"men_prop":0.9,"men_fmp":0.1,"ind_snv":70496.2,"men_surf":111.5,"men_coll":0.2,"men_mais":1.2,"log_soc":0,"ind_inc":0,"log":1.4,"ind_0_17":0.5,"ind_65p":1}},{"type":"Feature","geometry":{"type":"Polygon","coordinates":[[[-61.08866214752197,14.701670613089561],[-61.08866214752197,14.699844151766229],[-61.09050750732422,14.699885662420485],[-61.09050750732422,14.701670613089561],[-61.08866214752197,14.701670613089561]]]},"id":1331296134,"properties":{"GEO":"CRS5490RES200mN1626000E705600","GEO_OBJECT":"C200M","OBS_STATUS":"I","lcog_geo":"97209","ind":3,"men":1.7,"men_pauv":0.5,"men_1ind":0.8,"men_5ind":0,"men_prop":0.8,"men_fmp":0,"ind_snv":59712.2,"men_surf":124.3,"men_coll":0,"men_mais":1.7,"log_soc":0,"ind_inc":0,"log":1.7000000000000002,"ind_0_17":0.1,"ind_65p":1.3}},{"type":"Feature","geometry":{"type":"Polygon","coordinates":[[[-61.09050750732422,14.699885662420485],[-61.08866214752197,14.699844151766229],[-61.08866214752197,14.698059186169687],[-61.09055042266846,14.698059186169687],[-61.09050750732422,14.699885662420485]]]},"id":1331296051,"properties":{"GEO":"CRS5490RES200mN1625800E705600","GEO_OBJECT":"C200M","OBS_STATUS":"I","lcog_geo":"97209","ind":8,"men":3.7,"men_pauv":1.1,"men_1ind":1.5,"men_5ind":0.2,"men_prop":2.4,"men_fmp":0.2,"ind_snv":187989.9,"men_surf":297.3,"men_coll":0.4,"men_mais":3.3,"log_soc":0,"ind_inc":0,"log":3.7,"ind_0_17":1.3,"ind_65p":2.6}},{"type":"Feature","geometry":{"type":"Polygon","coordinates":[[[-61.08866214752197,14.698059186169687],[-61.08870506286621,14.696232694645985],[-61.09055042266846,14.696232694645985],[-61.09055042266846,14.698059186169687],[-61.08866214752197,14.698059186169687]]]},"id":1331295987,"properties":{"GEO":"CRS5490RES200mN1625600E705600","GEO_OBJECT":"C200M","OBS_STATUS":"I","lcog_geo":"97209","ind":1,"men":0.5,"men_pauv":0.1,"men_1ind":0.2,"men_5ind":0,"men_prop":0.3,"men_fmp":0,"ind_snv":23498.7,"men_surf":37.2,"men_coll":0.1,"men_mais":0.4,"log_soc":0,"ind_inc":0,"log":0.5,"ind_0_17":0.1,"ind_65p":0.4}},{"type":"Feature","geometry":{"type":"Polygon","coordinates":[[[-61.08677387237549,14.703455549168766],[-61.08677387237549,14.701629102774575],[-61.08866214752197,14.701670613089561],[-61.088619232177734,14.703455549168766],[-61.08677387237549,14.703455549168766]]]},"id":1331296209,"properties":{"GEO":"CRS5490RES200mN1626200E705800","GEO_OBJECT":"C200M","OBS_STATUS":"I","lcog_geo":"97209","ind":11,"men":6.2,"men_pauv":1.9,"men_1ind":2.9,"men_5ind":0,"men_prop":2.9,"men_fmp":0,"ind_snv":218944.7,"men_surf":455.8,"men_coll":0,"men_mais":6.2,"log_soc":0,"ind_inc":0,"log":6.199999999999999,"ind_0_17":0.5,"ind_65p":4.8}},{"type":"Feature","geometry":{"type":"Polygon","coordinates":[[[-61.08866214752197,14.701670613089561],[-61.08677387237549,14.701629102774575],[-61.08681678771973,14.699844151766229],[-61.08866214752197,14.699844151766229],[-61.08866214752197,14.701670613089561]]]},"id":1331296135,"properties":{"GEO":"CRS5490RES200mN1626000E705800","GEO_OBJECT":"C200M","OBS_STATUS":"I","lcog_geo":"97209","ind":1,"men":0.6,"men_pauv":0.2,"men_1ind":0.3,"men_5ind":0,"men_prop":0.3,"men_fmp":0,"ind_snv":19904.1,"men_surf":41.4,"men_coll":0,"men_mais":0.6,"log_soc":0,"ind_inc":0,"log":0.6000000000000001,"ind_0_17":0,"ind_65p":0.5}},{"type":"Feature","geometry":{"type":"Polygon","coordinates":[[[-61.088619232177734,14.705281980284937],[-61.08677387237549,14.70524047065652],[-61.08677387237549,14.703455549168766],[-61.088619232177734,14.703455549168766],[-61.088619232177734,14.705281980284937]]]},"id":1331296279,"properties":{"GEO":"CRS5490RES200mN1626400E705800","GEO_OBJECT":"C200M","OBS_STATUS":"I","lcog_geo":"97209","ind":2,"men":1.1,"men_pauv":0.3,"men_1ind":0.5,"men_5ind":0,"men_prop":0.5,"men_fmp":0,"ind_snv":39808.1,"men_surf":82.9,"men_coll":0,"men_mais":1.1,"log_soc":0,"ind_inc":0,"log":1.1,"ind_0_17":0.1,"ind_65p":0.9}},{"type":"Feature","geometry":{"type":"Polygon","coordinates":[[[-61.09046459197998,14.707108396121356],[-61.09046459197998,14.705281980284937],[-61.092352867126465,14.705323489905467],[-61.09230995178223,14.707108396121356],[-61.09046459197998,14.707108396121356]]]},"id":1331296353,"properties":{"GEO":"CRS5490RES200mN1626600E705400","GEO_OBJECT":"C200M","OBS_STATUS":"I","lcog_geo":"97209,97208","ind":5,"men":2.8,"men_pauv":0.9,"men_1ind":1.3,"men_5ind":0,"men_prop":1.3,"men_fmp":0,"ind_snv":99520.3,"men_surf":207.2,"men_coll":0,"men_mais":2.8,"log_soc":0,"ind_inc":0,"log":2.8000000000000003,"ind_0_17":0.2,"ind_65p":2.2}},{"type":"Feature","geometry":{"type":"Polygon","coordinates":[[[-61.09046459197998,14.707108396121356],[-61.088619232177734,14.707066886840224],[-61.088619232177734,14.705281980284937],[-61.09046459197998,14.705281980284937],[-61.09046459197998,14.707108396121356]]]},"id":1331296354,"properties":{"GEO":"CRS5490RES200mN1626600E705600","GEO_OBJECT":"C200M","OBS_STATUS":"I","lcog_geo":"97209","ind":1,"men":0.6,"men_pauv":0.2,"men_1ind":0.3,"men_5ind":0,"men_prop":0.3,"men_fmp":0,"ind_snv":19904.1,"men_surf":41.4,"men_coll":0,"men_mais":0.6,"log_soc":0,"ind_inc":0,"log":0.6000000000000001,"ind_0_17":0,"ind_65p":0.5}},{"type":"Feature","geometry":{"type":"Polygon","coordinates":[[[-60.99433422088623,14.661111276428116],[-60.992445945739746,14.661069758413646],[-60.992488861083984,14.659284476346073],[-60.99433422088623,14.659284476346073],[-60.99433422088623,14.661111276428116]]]},"id":1331294788,"properties":{"GEO":"CRS5490RES200mN1621600E716000","GEO_OBJECT":"C200M","OBS_STATUS":"I","lcog_geo":"97213","ind":2,"men":0.8,"men_pauv":0.1,"men_1ind":0.2,"men_5ind":0.1,"men_prop":0.5,"men_fmp":0.1,"ind_snv":56215.9,"men_surf":80.7,"men_coll":0.2,"men_mais":0.6,"log_soc":0,"ind_inc":0,"log":0.7999999999999999,"ind_0_17":0.5,"ind_65p":0.30000000000000004}},{"type":"Feature","geometry":{"type":"Polygon","coordinates":[[[-60.99240303039551,14.670120499363833],[-60.99240303039551,14.66829377444931],[-60.994248390197754,14.668335291093953],[-60.994248390197754,14.670120499363833],[-60.99240303039551,14.670120499363833]]]},"id":1331295110,"properties":{"GEO":"CRS5490RES200mN1622600E716000","GEO_OBJECT":"C200M","OBS_STATUS":"I","lcog_geo":"97213","ind":6,"men":2.4,"men_pauv":0.4,"men_1ind":0.9,"men_5ind":0.2,"men_prop":1.1,"men_fmp":0.2,"ind_snv":155670.1,"men_surf":244.4,"men_coll":0,"men_mais":2.4,"log_soc":0,"ind_inc":0,"log":2.4,"ind_0_17":0.9,"ind_65p":1.3}},{"type":"Feature","geometry":{"type":"Polygon","coordinates":[[[-60.99240303039551,14.666508551281154],[-60.992445945739746,14.664681796225295],[-60.99429130554199,14.664723313554916],[-60.99429130554199,14.666508551281154],[-60.99240303039551,14.666508551281154]]]},"id":1331294999,"properties":{"GEO":"CRS5490RES200mN1622200E716000","GEO_OBJECT":"C200M","OBS_STATUS":"I","lcog_geo":"97213","ind":2,"men":0.8,"men_pauv":0.1,"men_1ind":0.3,"men_5ind":0.1,"men_prop":0.4,"men_fmp":0.1,"ind_snv":51890,"men_surf":81.5,"men_coll":0,"men_mais":0.8,"log_soc":0,"ind_inc":0,"log":0.8,"ind_0_17":0.30000000000000004,"ind_65p":0.4}},{"type":"Feature","geometry":{"type":"Polygon","coordinates":[[[-60.99051475524902,14.673732387838797],[-60.98862648010254,14.673690872218003],[-60.98866939544678,14.67190569307239],[-60.99051475524902,14.67190569307239],[-60.99051475524902,14.673732387838797]]]},"id":1331295239,"properties":{"GEO":"CRS5490RES200mN1623000E716400","GEO_OBJECT":"C200M","OBS_STATUS":"A","lcog_geo":"97213","ind":51.5,"men":21,"men_pauv":6,"men_1ind":12,"men_5ind":3,"men_prop":18,"men_fmp":3,"ind_snv":943151,"men_surf":1607,"men_coll":0,"men_mais":21,"log_soc":2,"ind_inc":0,"log":21,"ind_0_17":12.5,"ind_65p":12}},{"type":"Feature","geometry":{"type":"Polygon","coordinates":[[[-60.99051475524902,14.673732387838797],[-60.99051475524902,14.67190569307239],[-60.99236011505127,14.67194720903187],[-60.99236011505127,14.673732387838797],[-60.99051475524902,14.673732387838797]]]},"id":1331295238,"properties":{"GEO":"CRS5490RES200mN1623000E716200","GEO_OBJECT":"C200M","OBS_STATUS":"I","lcog_geo":"97213","ind":19,"men":8.6,"men_pauv":1.9,"men_1ind":3.8,"men_5ind":0.4,"men_prop":5.5,"men_fmp":1.2,"ind_snv":432875.9,"men_surf":712.5,"men_coll":1.6,"men_mais":7,"log_soc":0,"ind_inc":0,"log":8.6,"ind_0_17":2.5,"ind_65p":4.1}},{"type":"Feature","geometry":{"type":"Polygon","coordinates":[[[-60.99231719970703,14.675559067355309],[-60.990471839904785,14.675517552081132],[-60.99051475524902,14.673732387838797],[-60.99236011505127,14.673732387838797],[-60.99231719970703,14.675559067355309]]]},"id":1331295300,"properties":{"GEO":"CRS5490RES200mN1623200E716200","GEO_OBJECT":"C200M","OBS_STATUS":"I","lcog_geo":"97213","ind":4,"men":1.8,"men_pauv":0.4,"men_1ind":0.8,"men_5ind":0.1,"men_prop":1.2,"men_fmp":0.3,"ind_snv":91131.8,"men_surf":150,"men_coll":0.3,"men_mais":1.5,"log_soc":0,"ind_inc":0,"log":1.8,"ind_0_17":0.4,"ind_65p":0.8999999999999999}},{"type":"Feature","geometry":{"type":"Polygon","coordinates":[[[-60.990471839904785,14.677344216692646],[-60.990471839904785,14.675517552081132],[-60.99231719970703,14.675559067355309],[-60.99231719970703,14.677344216692646],[-60.990471839904785,14.677344216692646]]]},"id":1331295360,"properties":{"GEO":"CRS5490RES200mN1623400E716200","GEO_OBJECT":"C200M","OBS_STATUS":"I","lcog_geo":"97213,97212","ind":11,"men":5,"men_pauv":1.1,"men_1ind":2.2,"men_5ind":0.2,"men_prop":3.2,"men_fmp":0.7,"ind_snv":250612.4,"men_surf":412.5,"men_coll":0.9,"men_mais":4.1,"log_soc":0,"ind_inc":0,"log":5,"ind_0_17":1.4000000000000001,"ind_65p":2.3}},{"type":"Feature","geometry":{"type":"Polygon","coordinates":[[[-60.990471839904785,14.677344216692646],[-60.9885835647583,14.677302701757242],[-60.98862648010254,14.675517552081132],[-60.990471839904785,14.675517552081132],[-60.990471839904785,14.677344216692646]]]},"id":1331295361,"properties":{"GEO":"CRS5490RES200mN1623400E716400","GEO_OBJECT":"C200M","OBS_STATUS":"I","lcog_geo":"97213","ind":12,"men":5.4,"men_pauv":1.2,"men_1ind":2.4,"men_5ind":0.2,"men_prop":3.5,"men_fmp":0.8,"ind_snv":273395.3,"men_surf":450,"men_coll":1,"men_mais":4.4,"log_soc":0,"ind_inc":0,"log":5.4,"ind_0_17":1.6,"ind_65p":2.5}},{"type":"Feature","geometry":{"type":"Polygon","coordinates":[[[-60.99231719970703,14.679170866050882],[-60.99042892456055,14.679129351462151],[-60.990471839904785,14.677344216692646],[-60.99231719970703,14.677344216692646],[-60.99231719970703,14.679170866050882]]]},"id":1331295416,"properties":{"GEO":"CRS5490RES200mN1623600E716200","GEO_OBJECT":"C200M","OBS_STATUS":"I","lcog_geo":"97213","ind":9,"men":4.1,"men_pauv":0.9,"men_1ind":1.8,"men_5ind":0.2,"men_prop":2.6,"men_fmp":0.6,"ind_snv":205046.5,"men_surf":337.5,"men_coll":0.8,"men_mais":3.3,"log_soc":0,"ind_inc":0,"log":4.1,"ind_0_17":1.1,"ind_65p":1.9}},{"type":"Feature","geometry":{"type":"Polygon","coordinates":[[[-60.99236011505127,14.67194720903187],[-60.99051475524902,14.67190569307239],[-60.99051475524902,14.670120499363833],[-60.99240303039551,14.670120499363833],[-60.99236011505127,14.67194720903187]]]},"id":1331295172,"properties":{"GEO":"CRS5490RES200mN1622800E716200","GEO_OBJECT":"C200M","OBS_STATUS":"A","lcog_geo":"97213","ind":29,"men":11,"men_pauv":3,"men_1ind":4,"men_5ind":1,"men_prop":5,"men_fmp":1,"ind_snv":555298.3,"men_surf":741,"men_coll":7,"men_mais":4,"log_soc":0,"ind_inc":0,"log":11,"ind_0_17":9,"ind_65p":3}},{"type":"Feature","geometry":{"type":"Polygon","coordinates":[[[-60.99236011505127,14.67194720903187],[-60.99240303039551,14.670120499363833],[-60.994248390197754,14.670120499363833],[-60.994205474853516,14.67194720903187],[-60.99236011505127,14.67194720903187]]]},"id":1331295171,"properties":{"GEO":"CRS5490RES200mN1622800E716000","GEO_OBJECT":"C200M","OBS_STATUS":"I","lcog_geo":"97213","ind":14,"men":5.7,"men_pauv":1,"men_1ind":2.1,"men_5ind":0.5,"men_prop":2.6,"men_fmp":0.5,"ind_snv":363230.2,"men_surf":570.4,"men_coll":0,"men_mais":5.7,"log_soc":0,"ind_inc":0,"log":5.7,"ind_0_17":2,"ind_65p":3.1}},{"type":"Feature","geometry":{"type":"Polygon","coordinates":[[[-60.99236011505127,14.673732387838797],[-60.99236011505127,14.67194720903187],[-60.994205474853516,14.67194720903187],[-60.994205474853516,14.673732387838797],[-60.99236011505127,14.673732387838797]]]},"id":1331295237,"properties":{"GEO":"CRS5490RES200mN1623000E716000","GEO_OBJECT":"C200M","OBS_STATUS":"I","lcog_geo":"97213,97212","ind":18,"men":8.2,"men_pauv":1.8,"men_1ind":3.6,"men_5ind":0.4,"men_prop":5.2,"men_fmp":1.2,"ind_snv":410093,"men_surf":675,"men_coll":1.6,"men_mais":6.6,"log_soc":0,"ind_inc":0,"log":8.2,"ind_0_17":2.3,"ind_65p":3.8}},{"type":"Feature","geometry":{"type":"Polygon","coordinates":[[[-60.99416255950928,14.677385731620205],[-60.994205474853516,14.675559067355309],[-60.99605083465576,14.675559067355309],[-60.99605083465576,14.677385731620205],[-60.99416255950928,14.677385731620205]]]},"id":1331295359,"properties":{"GEO":"CRS5490RES200mN1623400E715800","GEO_OBJECT":"C200M","OBS_STATUS":"I","lcog_geo":"97212,97224","ind":4,"men":1.6,"men_pauv":0.4,"men_1ind":0.4,"men_5ind":0.2,"men_prop":1.2,"men_fmp":0.3,"ind_snv":86994.6,"men_surf":132.2,"men_coll":0.1,"men_mais":1.5,"log_soc":0,"ind_inc":0,"log":1.6,"ind_0_17":1.1,"ind_65p":1}},{"type":"Feature","geometry":{"type":"Polygon","coordinates":[[[-60.99411964416504,14.68099750015405],[-60.99416255950928,14.679170866050882],[-60.99600791931152,14.679170866050882],[-60.99600791931152,14.68099750015405],[-60.99411964416504,14.68099750015405]]]},"id":1331295467,"properties":{"GEO":"CRS5490RES200mN1623800E715800","GEO_OBJECT":"C200M","OBS_STATUS":"I","lcog_geo":"97212","ind":2,"men":0.8,"men_pauv":0.2,"men_1ind":0.2,"men_5ind":0.1,"men_prop":0.6,"men_fmp":0.1,"ind_snv":43497.3,"men_surf":66.1,"men_coll":0.1,"men_mais":0.7,"log_soc":0,"ind_inc":0,"log":0.8,"ind_0_17":0.6000000000000001,"ind_65p":0.4}}]}