{"type":"FeatureCollection","features":[{"type":"Feature","geometry":{"coordinates":[[[-61.02936500404618,14.686703984839962],[-61.02934880720186,14.688511203842218],[-61.02749223945089,14.688495429036703],[-61.02750845153028,14.686688212059753],[-61.02936500404618,14.686703984839962]]],"type":"Polygon"},"properties":{"geo_point_2d":{"lon":-61.0284286257085,"lat":14.687599708683265},"idcar_200m":"CRS5490RES200mN1624600E712200","i_est_200":1,"idcar_1km":"CRS5490RES1000mN1624000E712000","i_est_1km":0,"idcar_nat":"CRS5490RES1000mN1624000E712000","groupe":1020081,"pop_carr":6.0,"men_1ind":0.8,"men_5ind":0.3,"men_prop":1.8,"men_fmp":0.5,"ind_snv":115238.2,"men_surf":208.3,"men_coll":0.3,"men_mais":2.2,"log_av45":0.0,"log_45_70":0.5,"log_70_90":0.6,"log_ap_90":1.3,"log_inc":0.1,"log_soc":0.0,"ind_0_3":0.1,"ind_4_5":0.2,"ind_6_10":0.2,"ind_11_17":0.6,"ind_18_24":0.3,"ind_25_39":0.7,"ind_40_54":1.1,"ind_55_64":1.4,"ind_65_79":1.0,"ind_80p":0.4,"ind_inc":0.0,"men_pauv":0.9,"men":2.5,"lcog_geo":"97224","year":"2017","com_arm_code":["97224"],"com_code":["97224"],"com_arm_name":["Saint-Joseph"],"com_name":["Saint-Joseph"],"epci_name":["CA du Centre de la Martinique"],"epci_code":["249720061"],"dep_name":["Martinique"],"dep_code":["972"],"reg_name":["Martinique"],"reg_code":["02"]}},{"type":"Feature","geometry":{"coordinates":[[[-61.04447440417498,14.657913830482624],[-61.04445836438025,14.659721070384327],[-61.0426020224879,14.659705446397012],[-61.042618077485066,14.657898208504875],[-61.04447440417498,14.657913830482624]]],"type":"Polygon"},"properties":{"geo_point_2d":{"lon":-61.04353821728213,"lat":14.658809640178287},"idcar_200m":"CRS5490RES200mN1621400E710600","i_est_200":0,"idcar_1km":"CRS5490RES1000mN1621000E710000","i_est_1km":0,"idcar_nat":"CRS5490RES1000mN1621000E710000","groupe":1019640,"pop_carr":37.0,"men_1ind":6.0,"men_5ind":0.0,"men_prop":14.0,"men_fmp":2.0,"ind_snv":1153325.5,"men_surf":1535.4,"men_coll":6.0,"men_mais":11.0,"log_av45":0.0,"log_45_70":0.0,"log_70_90":9.0,"log_ap_90":7.0,"log_inc":1.0,"log_soc":0.0,"ind_0_3":1.0,"ind_4_5":0.0,"ind_6_10":2.0,"ind_11_17":4.0,"ind_18_24":1.0,"ind_25_39":4.0,"ind_40_54":8.0,"ind_55_64":5.0,"ind_65_79":10.0,"ind_80p":2.0,"ind_inc":0.0,"men_pauv":1.0,"men":17.0,"lcog_geo":"97224","year":"2017","com_arm_code":["97224"],"com_code":["97224"],"com_arm_name":["Saint-Joseph"],"com_name":["Saint-Joseph"],"epci_name":["CA du Centre de la Martinique"],"epci_code":["249720061"],"dep_name":["Martinique"],"dep_code":["972"],"reg_name":["Martinique"],"reg_code":["02"]}},{"type":"Feature","geometry":{"coordinates":[[[-61.031318601960265,14.675876410372222],[-61.031302433628355,14.67768363318731],[-61.029445955041886,14.677667885354056],[-61.02946213859645,14.67586066456217],[-61.031318601960265,14.675876410372222]]],"type":"Polygon"},"properties":{"geo_point_2d":{"lon":-61.0303822824578,"lat":14.676772149606593},"idcar_200m":"CRS5490RES200mN1623400E712000","i_est_200":1,"idcar_1km":"CRS5490RES1000mN1623000E712000","i_est_1km":0,"idcar_nat":"CRS5490RES1000mN1623000E712000","groupe":1019915,"pop_carr":8.0,"men_1ind":1.1,"men_5ind":0.1,"men_prop":2.4,"men_fmp":0.5,"ind_snv":206001.5,"men_surf":372.8,"men_coll":1.4,"men_mais":2.2,"log_av45":0.0,"log_45_70":0.1,"log_70_90":0.7,"log_ap_90":2.4,"log_inc":0.4,"log_soc":0.0,"ind_0_3":0.3,"ind_4_5":0.1,"ind_6_10":0.4,"ind_11_17":0.4,"ind_18_24":0.5,"ind_25_39":1.1,"ind_40_54":1.3,"ind_55_64":1.8,"ind_65_79":1.8,"ind_80p":0.3,"ind_inc":0.0,"men_pauv":0.9,"men":3.6,"lcog_geo":"97224","year":"2017","com_arm_code":["97224"],"com_code":["97224"],"com_arm_name":["Saint-Joseph"],"com_name":["Saint-Joseph"],"epci_name":["CA du Centre de la Martinique"],"epci_code":["249720061"],"dep_name":["Martinique"],"dep_code":["972"],"reg_name":["Martinique"],"reg_code":["02"]}},{"type":"Feature","geometry":{"coordinates":[[[-61.027719006823645,14.663194364218596],[-61.027702823561825,14.665001585071924],[-61.02584645592065,14.664985821785425],[-61.02586265439039,14.663178602958896],[-61.027719006823645,14.663194364218596]]],"type":"Polygon"},"properties":{"geo_point_2d":{"lon":-61.02678273532548,"lat":14.664090094745244},"idcar_200m":"CRS5490RES200mN1622000E712400","i_est_200":0,"idcar_1km":"CRS5490RES1000mN1622000E712000","i_est_1km":0,"idcar_nat":"CRS5490RES1000mN1622000E712000","groupe":1019923,"pop_carr":31.0,"men_1ind":5.0,"men_5ind":1.0,"men_prop":10.0,"men_fmp":4.0,"ind_snv":467496.1,"men_surf":1291.4,"men_coll":3.0,"men_mais":11.0,"log_av45":1.0,"log_45_70":0.0,"log_70_90":3.0,"log_ap_90":9.0,"log_inc":1.0,"log_soc":0.0,"ind_0_3":2.0,"ind_4_5":0.0,"ind_6_10":0.0,"ind_11_17":3.0,"ind_18_24":2.0,"ind_25_39":5.0,"ind_40_54":7.0,"ind_55_64":5.0,"ind_65_79":4.0,"ind_80p":3.0,"ind_inc":0.0,"men_pauv":6.0,"men":14.0,"lcog_geo":"97224","year":"2017","com_arm_code":["97224"],"com_code":["97224"],"com_arm_name":["Saint-Joseph"],"com_name":["Saint-Joseph"],"epci_name":["CA du Centre de la Martinique"],"epci_code":["249720061"],"dep_name":["Martinique"],"dep_code":["972"],"reg_name":["Martinique"],"reg_code":["02"]}},{"type":"Feature","geometry":{"coordinates":[[[-61.04077782099264,14.656075335548326],[-61.040761752994385,14.657882571726619],[-61.038905430705,14.657866920147926],[-61.03892151390344,14.656059685982978],[-61.04077782099264,14.656075335548326]]],"type":"Polygon"},"properties":{"geo_point_2d":{"lon":-61.039841629799234,"lat":14.656971129587376},"idcar_200m":"CRS5490RES200mN1621200E711000","i_est_200":0,"idcar_1km":"CRS5490RES1000mN1621000E711000","i_est_1km":0,"idcar_nat":"CRS5490RES1000mN1621000E711000","groupe":1019646,"pop_carr":46.0,"men_1ind":7.0,"men_5ind":2.0,"men_prop":5.0,"men_fmp":4.0,"ind_snv":925310.0,"men_surf":1572.1,"men_coll":15.0,"men_mais":5.0,"log_av45":0.0,"log_45_70":0.0,"log_70_90":10.0,"log_ap_90":8.0,"log_inc":2.0,"log_soc":0.0,"ind_0_3":0.0,"ind_4_5":4.0,"ind_6_10":3.0,"ind_11_17":4.0,"ind_18_24":2.0,"ind_25_39":10.0,"ind_40_54":8.0,"ind_55_64":7.0,"ind_65_79":7.0,"ind_80p":1.0,"ind_inc":0.0,"men_pauv":6.0,"men":20.0,"lcog_geo":"97224","year":"2017","com_arm_code":["97224"],"com_code":["97224"],"com_arm_name":["Saint-Joseph"],"com_name":["Saint-Joseph"],"epci_name":["CA du Centre de la Martinique"],"epci_code":["249720061"],"dep_name":["Martinique"],"dep_code":["972"],"reg_name":["Martinique"],"reg_code":["02"]}},{"type":"Feature","geometry":{"coordinates":[[[-61.03864779981155,14.686782626283172],[-61.03863167914394,14.688589855383405],[-61.03677510033751,14.68857415474029],[-61.03679123624064,14.686766927655846],[-61.03864779981155,14.686782626283172]]],"type":"Polygon"},"properties":{"geo_point_2d":{"lon":-61.037711454033904,"lat":14.687678392254293},"idcar_200m":"CRS5490RES200mN1624600E711200","i_est_200":1,"idcar_1km":"CRS5490RES1000mN1624000E711000","i_est_1km":0,"idcar_nat":"CRS5490RES8000mN1624000E704000","groupe":1020068,"pop_carr":2.0,"men_1ind":0.2,"men_5ind":0.0,"men_prop":0.7,"men_fmp":0.1,"ind_snv":40371.2,"men_surf":70.2,"men_coll":0.0,"men_mais":0.8,"log_av45":0.0,"log_45_70":0.3,"log_70_90":0.0,"log_ap_90":0.4,"log_inc":0.1,"log_soc":0.0,"ind_0_3":0.0,"ind_4_5":0.1,"ind_6_10":0.0,"ind_11_17":0.0,"ind_18_24":0.1,"ind_25_39":0.3,"ind_40_54":0.3,"ind_55_64":0.7,"ind_65_79":0.4,"ind_80p":0.1,"ind_inc":0.0,"men_pauv":0.1,"men":0.8,"lcog_geo":"97224","year":"2017","com_arm_code":["97224"],"com_code":["97224"],"com_arm_name":["Saint-Joseph"],"com_name":["Saint-Joseph"],"epci_name":["CA du Centre de la Martinique"],"epci_code":["249720061"],"dep_name":["Martinique"],"dep_code":["972"],"reg_name":["Martinique"],"reg_code":["02"]}},{"type":"Feature","geometry":{"coordinates":[[[-61.03491852373801,14.688558439264536],[-61.034902370390455,14.690365664032996],[-61.03304578076252,14.690349931705049],[-61.033061949347506,14.68854270895622],[-61.03491852373801,14.688558439264536]]],"type":"Polygon"},"properties":{"geo_point_2d":{"lon":-61.033982156210385,"lat":14.689454187228469},"idcar_200m":"CRS5490RES200mN1624800E711600","i_est_200":1,"idcar_1km":"CRS5490RES1000mN1624000E711000","i_est_1km":0,"idcar_nat":"CRS5490RES8000mN1624000E704000","groupe":1020068,"pop_carr":5.0,"men_1ind":0.4,"men_5ind":0.1,"men_prop":1.6,"men_fmp":0.2,"ind_snv":100928.1,"men_surf":175.4,"men_coll":0.1,"men_mais":2.0,"log_av45":0.0,"log_45_70":0.7,"log_70_90":0.1,"log_ap_90":1.1,"log_inc":0.2,"log_soc":0.0,"ind_0_3":0.0,"ind_4_5":0.2,"ind_6_10":0.0,"ind_11_17":0.1,"ind_18_24":0.2,"ind_25_39":0.9,"ind_40_54":0.9,"ind_55_64":1.6,"ind_65_79":0.9,"ind_80p":0.2,"ind_inc":0.0,"men_pauv":0.3,"men":2.1,"lcog_geo":"97224","year":"2017","com_arm_code":["97224"],"com_code":["97224"],"com_arm_name":["Saint-Joseph"],"com_name":["Saint-Joseph"],"epci_name":["CA du Centre de la Martinique"],"epci_code":["249720061"],"dep_name":["Martinique"],"dep_code":["972"],"reg_name":["Martinique"],"reg_code":["02"]}},{"type":"Feature","geometry":{"coordinates":[[[-61.05721355643854,14.68693879684824],[-61.057197588130734,14.688746046001624],[-61.05534098736964,14.688730493689336],[-61.05535697091382,14.686923246532698],[-61.05721355643854,14.68693879684824]]],"type":"Polygon"},"properties":{"geo_point_2d":{"lon":-61.05627727586225,"lat":14.687834647006605},"idcar_200m":"CRS5490RES200mN1624600E709200","i_est_200":1,"idcar_1km":"CRS5490RES1000mN1624000E709000","i_est_1km":0,"idcar_nat":"CRS5490RES8000mN1624000E704000","groupe":1020062,"pop_carr":24.0,"men_1ind":2.2,"men_5ind":0.9,"men_prop":5.2,"men_fmp":1.3,"ind_snv":406780.3,"men_surf":586.2,"men_coll":0.0,"men_mais":8.3,"log_av45":1.8,"log_45_70":2.2,"log_70_90":0.4,"log_ap_90":3.5,"log_inc":0.4,"log_soc":0.0,"ind_0_3":1.7,"ind_4_5":0.4,"ind_6_10":1.7,"ind_11_17":1.3,"ind_18_24":1.8,"ind_25_39":2.2,"ind_40_54":4.4,"ind_55_64":6.1,"ind_65_79":2.6,"ind_80p":1.8,"ind_inc":0.0,"men_pauv":3.5,"men":8.3,"lcog_geo":"97224","year":"2017","com_arm_code":["97224"],"com_code":["97224"],"com_arm_name":["Saint-Joseph"],"com_name":["Saint-Joseph"],"epci_name":["CA du Centre de la Martinique"],"epci_code":["249720061"],"dep_name":["Martinique"],"dep_code":["972"],"reg_name":["Martinique"],"reg_code":["02"]}},{"type":"Feature","geometry":{"coordinates":[[[-61.061022315274684,14.676126327884484],[-61.06100639051713,14.677933582812035],[-61.05914987677806,14.677918072124019],[-61.05916581675966,14.676110819189216],[-61.061022315274684,14.676126327884484]]],"type":"Polygon"},"properties":{"geo_point_2d":{"lon":-61.06008609998118,"lat":14.67702220174012},"idcar_200m":"CRS5490RES200mN1623400E708800","i_est_200":1,"idcar_1km":"CRS5490RES1000mN1623000E708000","i_est_1km":0,"idcar_nat":"CRS5490RES1000mN1623000E708000","groupe":1019849,"pop_carr":14.5,"men_1ind":2.4,"men_5ind":0.3,"men_prop":5.0,"men_fmp":1.1,"ind_snv":267111.1,"men_surf":535.8,"men_coll":0.6,"men_mais":6.0,"log_av45":0.0,"log_45_70":1.4,"log_70_90":1.1,"log_ap_90":3.9,"log_inc":0.2,"log_soc":0.0,"ind_0_3":0.1,"ind_4_5":0.0,"ind_6_10":0.2,"ind_11_17":1.1,"ind_18_24":0.7,"ind_25_39":1.6,"ind_40_54":3.6,"ind_55_64":3.8,"ind_65_79":2.4,"ind_80p":0.9,"ind_inc":0.1,"men_pauv":2.2,"men":6.6,"lcog_geo":"97224","year":"2017","com_arm_code":["97224"],"com_code":["97224"],"com_arm_name":["Saint-Joseph"],"com_name":["Saint-Joseph"],"epci_name":["CA du Centre de la Martinique"],"epci_code":["249720061"],"dep_name":["Martinique"],"dep_code":["972"],"reg_name":["Martinique"],"reg_code":["02"]}},{"type":"Feature","geometry":{"coordinates":[[[-61.03714566793128,14.64700785640661],[-61.03712958055878,14.64881509004422],[-61.035273338657554,14.648799418950318],[-61.03528944121967,14.646992187329703],[-61.03714566793128,14.64700785640661]]],"type":"Polygon"},"properties":{"geo_point_2d":{"lon":-61.036209507242496,"lat":14.647903639417828},"idcar_200m":"CRS5490RES200mN1620200E711400","i_est_200":0,"idcar_1km":"CRS5490RES1000mN1620000E711000","i_est_1km":0,"idcar_nat":"CRS5490RES1000mN1620000E711000","groupe":1019660,"pop_carr":55.0,"men_1ind":11.0,"men_5ind":2.0,"men_prop":20.0,"men_fmp":6.0,"ind_snv":954359.0,"men_surf":2298.8,"men_coll":12.0,"men_mais":15.0,"log_av45":0.0,"log_45_70":5.0,"log_70_90":6.0,"log_ap_90":15.0,"log_inc":1.0,"log_soc":0.0,"ind_0_3":1.0,"ind_4_5":2.0,"ind_6_10":3.0,"ind_11_17":4.0,"ind_18_24":2.0,"ind_25_39":6.0,"ind_40_54":13.0,"ind_55_64":7.0,"ind_65_79":13.0,"ind_80p":4.0,"ind_inc":0.0,"men_pauv":10.0,"men":27.0,"lcog_geo":"97224","year":"2017","com_arm_code":["97224"],"com_code":["97224"],"com_arm_name":["Saint-Joseph"],"com_name":["Saint-Joseph"],"epci_name":["CA du Centre de la Martinique"],"epci_code":["249720061"],"dep_name":["Martinique"],"dep_code":["972"],"reg_name":["Martinique"],"reg_code":["02"]}},{"type":"Feature","geometry":{"coordinates":[[[-61.05009136683484,14.652538868070343],[-61.05007537922038,14.654346114881623],[-61.04821907634445,14.654330541313529],[-61.048235079155376,14.652523296506017],[-61.05009136683484,14.652538868070343]]],"type":"Polygon"},"properties":{"geo_point_2d":{"lon":-61.04915522553843,"lat":14.653434706428481},"idcar_200m":"CRS5490RES200mN1620800E710000","i_est_200":1,"idcar_1km":"CRS5490RES1000mN1620000E710000","i_est_1km":0,"idcar_nat":"CRS5490RES1000mN1620000E710000","groupe":1019629,"pop_carr":6.0,"men_1ind":1.4,"men_5ind":0.3,"men_prop":2.1,"men_fmp":0.2,"ind_snv":116846.3,"men_surf":338.1,"men_coll":0.5,"men_mais":1.9,"log_av45":0.2,"log_45_70":0.0,"log_70_90":1.0,"log_ap_90":1.2,"log_inc":0.0,"log_soc":0.0,"ind_0_3":0.3,"ind_4_5":0.3,"ind_6_10":0.2,"ind_11_17":1.0,"ind_18_24":0.7,"ind_25_39":0.3,"ind_40_54":0.9,"ind_55_64":0.7,"ind_65_79":0.9,"ind_80p":0.7,"ind_inc":0.0,"men_pauv":0.7,"men":2.4,"lcog_geo":"97224","year":"2017","com_arm_code":["97224"],"com_code":["97224"],"com_arm_name":["Saint-Joseph"],"com_name":["Saint-Joseph"],"epci_name":["CA du Centre de la Martinique"],"epci_code":["249720061"],"dep_name":["Martinique"],"dep_code":["972"],"reg_name":["Martinique"],"reg_code":["02"]}},{"type":"Feature","geometry":{"coordinates":[[[-61.03522501772815,14.654221112026768],[-61.03520890633705,14.65602834245699],[-61.03335260586399,14.65601264849652],[-61.033368732452956,14.654205420085319],[-61.03522501772815,14.654221112026768]]],"type":"Polygon"},"properties":{"geo_point_2d":{"lon":-61.034288815746336,"lat":14.65511688200215},"idcar_200m":"CRS5490RES200mN1621000E711600","i_est_200":0,"idcar_1km":"CRS5490RES1000mN1621000E711000","i_est_1km":0,"idcar_nat":"CRS5490RES1000mN1621000E711000","groupe":1019643,"pop_carr":26.0,"men_1ind":9.0,"men_5ind":1.0,"men_prop":8.0,"men_fmp":3.0,"ind_snv":352680.3,"men_surf":1224.0,"men_coll":4.0,"men_mais":11.0,"log_av45":0.0,"log_45_70":8.0,"log_70_90":2.0,"log_ap_90":5.0,"log_inc":0.0,"log_soc":0.0,"ind_0_3":0.0,"ind_4_5":2.0,"ind_6_10":1.0,"ind_11_17":2.0,"ind_18_24":0.0,"ind_25_39":3.0,"ind_40_54":2.0,"ind_55_64":8.0,"ind_65_79":5.0,"ind_80p":3.0,"ind_inc":0.0,"men_pauv":10.0,"men":15.0,"lcog_geo":"97224","year":"2017","com_arm_code":["97224"],"com_code":["97224"],"com_arm_name":["Saint-Joseph"],"com_name":["Saint-Joseph"],"epci_name":["CA du Centre de la Martinique"],"epci_code":["249720061"],"dep_name":["Martinique"],"dep_code":["972"],"reg_name":["Martinique"],"reg_code":["02"]}},{"type":"Feature","geometry":{"coordinates":[[[-61.04424964707021,14.683215162013319],[-61.044233576506564,14.685022397745659],[-61.042377021561315,14.685006745621063],[-61.04239310735656,14.683199511898746],[-61.04424964707021,14.683215162013319]]],"type":"Polygon"},"properties":{"geo_point_2d":{"lon":-61.04331333827372,"lat":14.684110955557998},"idcar_200m":"CRS5490RES200mN1624200E710600","i_est_200":1,"idcar_1km":"CRS5490RES1000mN1624000E710000","i_est_1km":0,"idcar_nat":"CRS5490RES8000mN1624000E704000","groupe":1020072,"pop_carr":3.5,"men_1ind":0.5,"men_5ind":0.1,"men_prop":1.0,"men_fmp":0.2,"ind_snv":71440.7,"men_surf":113.7,"men_coll":0.2,"men_mais":1.3,"log_av45":0.0,"log_45_70":0.3,"log_70_90":0.2,"log_ap_90":0.9,"log_inc":0.1,"log_soc":0.0,"ind_0_3":0.2,"ind_4_5":0.0,"ind_6_10":0.1,"ind_11_17":0.3,"ind_18_24":0.2,"ind_25_39":0.3,"ind_40_54":0.9,"ind_55_64":0.5,"ind_65_79":0.7,"ind_80p":0.3,"ind_inc":0.0,"men_pauv":0.5,"men":1.5,"lcog_geo":"97224","year":"2017","com_arm_code":["97224"],"com_code":["97224"],"com_arm_name":["Saint-Joseph"],"com_name":["Saint-Joseph"],"epci_name":["CA du Centre de la Martinique"],"epci_code":["249720061"],"dep_name":["Martinique"],"dep_code":["972"],"reg_name":["Martinique"],"reg_code":["02"]}},{"type":"Feature","geometry":{"coordinates":[[[-61.0629901217471,14.663491015000263],[-61.062974227452045,14.665298274001016],[-61.06111781805876,14.665282792070508],[-61.06113372756335,14.66347553506038],[-61.0629901217471,14.663491015000263]]],"type":"Polygon"},"properties":{"geo_point_2d":{"lon":-61.06205397385398,"lat":14.664386905269613},"idcar_200m":"CRS5490RES200mN1622000E708600","i_est_200":1,"idcar_1km":"CRS5490RES1000mN1622000E708000","i_est_1km":0,"idcar_nat":"CRS5490RES1000mN1622000E708000","groupe":1019853,"pop_carr":2.0,"men_1ind":0.3,"men_5ind":0.0,"men_prop":0.5,"men_fmp":0.2,"ind_snv":34236.8,"men_surf":61.6,"men_coll":0.2,"men_mais":0.7,"log_av45":0.0,"log_45_70":0.2,"log_70_90":0.1,"log_ap_90":0.5,"log_inc":0.1,"log_soc":0.0,"ind_0_3":0.0,"ind_4_5":0.0,"ind_6_10":0.1,"ind_11_17":0.2,"ind_18_24":0.1,"ind_25_39":0.3,"ind_40_54":0.5,"ind_55_64":0.3,"ind_65_79":0.4,"ind_80p":0.1,"ind_inc":0.0,"men_pauv":0.4,"men":0.9,"lcog_geo":"97224","year":"2017","com_arm_code":["97224"],"com_code":["97224"],"com_arm_name":["Saint-Joseph"],"com_name":["Saint-Joseph"],"epci_name":["CA du Centre de la Martinique"],"epci_code":["249720061"],"dep_name":["Martinique"],"dep_code":["972"],"reg_name":["Martinique"],"reg_code":["02"]}},{"type":"Feature","geometry":{"coordinates":[[[-61.042312656374456,14.692235677529043],[-61.04229655957584,14.694042909760535],[-61.04043993064226,14.694027232746821],[-61.04045604268281,14.692220002527394],[-61.042312656374456,14.692235677529043]]],"type":"Polygon"},"properties":{"geo_point_2d":{"lon":-61.04137629746904,"lat":14.693131456880048},"idcar_200m":"CRS5490RES200mN1625200E710800","i_est_200":1,"idcar_1km":"CRS5490RES1000mN1625000E710000","i_est_1km":0,"idcar_nat":"CRS5490RES8000mN1624000E704000","groupe":1020070,"pop_carr":18.0,"men_1ind":1.9,"men_5ind":0.7,"men_prop":5.5,"men_fmp":1.5,"ind_snv":288354.3,"men_surf":569.3,"men_coll":0.2,"men_mais":6.5,"log_av45":0.0,"log_45_70":1.0,"log_70_90":1.3,"log_ap_90":3.9,"log_inc":0.5,"log_soc":0.0,"ind_0_3":1.6,"ind_4_5":0.4,"ind_6_10":0.9,"ind_11_17":1.4,"ind_18_24":1.2,"ind_25_39":2.3,"ind_40_54":4.1,"ind_55_64":1.9,"ind_65_79":3.5,"ind_80p":0.7,"ind_inc":0.0,"men_pauv":2.8,"men":6.7,"lcog_geo":"97224","year":"2017","com_arm_code":["97224"],"com_code":["97224"],"com_arm_name":["Saint-Joseph"],"com_name":["Saint-Joseph"],"epci_name":["CA du Centre de la Martinique"],"epci_code":["249720061"],"dep_name":["Martinique"],"dep_code":["972"],"reg_name":["Martinique"],"reg_code":["02"]}},{"type":"Feature","geometry":{"coordinates":[[[-61.0127703865528,14.673911082631117],[-61.01275406823148,14.675718285426852],[-61.01089762710792,14.675702391430523],[-61.01091396064896,14.673895190677008],[-61.0127703865528,14.673911082631117]]],"type":"Polygon"},"properties":{"geo_point_2d":{"lon":-61.01183401078778,"lat":14.67480673877885},"idcar_200m":"CRS5490RES200mN1623200E714000","i_est_200":1,"idcar_1km":"CRS5490RES1000mN1623000E714000","i_est_1km":0,"idcar_nat":"CRS5490RES2000mN1622000E714000","groupe":1019944,"pop_carr":20.0,"men_1ind":3.1,"men_5ind":1.3,"men_prop":4.4,"men_fmp":1.0,"ind_snv":409209.9,"men_surf":629.5,"men_coll":0.9,"men_mais":7.1,"log_av45":0.6,"log_45_70":0.6,"log_70_90":2.5,"log_ap_90":3.1,"log_inc":1.2,"log_soc":0.0,"ind_0_3":0.6,"ind_4_5":0.3,"ind_6_10":1.5,"ind_11_17":2.1,"ind_18_24":1.3,"ind_25_39":2.8,"ind_40_54":4.6,"ind_55_64":2.8,"ind_65_79":2.2,"ind_80p":1.8,"ind_inc":0.0,"men_pauv":1.9,"men":8.0,"lcog_geo":"97224","year":"2017","com_arm_code":["97224"],"com_code":["97224"],"com_arm_name":["Saint-Joseph"],"com_name":["Saint-Joseph"],"epci_name":["CA du Centre de la Martinique"],"epci_code":["249720061"],"dep_name":["Martinique"],"dep_code":["972"],"reg_name":["Martinique"],"reg_code":["02"]}},{"type":"Feature","geometry":{"coordinates":[[[-61.046041954475996,14.69045974647408],[-61.046025890358194,14.692266983022183],[-61.044169272266934,14.692251337693996],[-61.044185351624776,14.690444103154126],[-61.046041954475996,14.69045974647408]]],"type":"Polygon"},"properties":{"geo_point_2d":{"lon":-61.045105617331394,"lat":14.691355543825036},"idcar_200m":"CRS5490RES200mN1625000E710400","i_est_200":1,"idcar_1km":"CRS5490RES1000mN1625000E710000","i_est_1km":0,"idcar_nat":"CRS5490RES8000mN1624000E704000","groupe":1020070,"pop_carr":28.0,"men_1ind":2.9,"men_5ind":1.1,"men_prop":8.6,"men_fmp":2.3,"ind_snv":448551.1,"men_surf":885.6,"men_coll":0.2,"men_mais":10.2,"log_av45":0.0,"log_45_70":1.6,"log_70_90":2.0,"log_ap_90":6.1,"log_inc":0.7,"log_soc":0.0,"ind_0_3":2.5,"ind_4_5":0.6,"ind_6_10":1.5,"ind_11_17":2.3,"ind_18_24":1.8,"ind_25_39":3.6,"ind_40_54":6.3,"ind_55_64":2.9,"ind_65_79":5.4,"ind_80p":1.1,"ind_inc":0.0,"men_pauv":4.3,"men":10.4,"lcog_geo":"97224","year":"2017","com_arm_code":["97224"],"com_code":["97224"],"com_arm_name":["Saint-Joseph"],"com_name":["Saint-Joseph"],"epci_name":["CA du Centre de la Martinique"],"epci_code":["249720061"],"dep_name":["Martinique"],"dep_code":["972"],"reg_name":["Martinique"],"reg_code":["02"]}},{"type":"Feature","geometry":{"coordinates":[[[-61.04613829305744,14.67961632092579],[-61.046122242117896,14.681423559262196],[-61.04426571543552,14.681407925982944],[-61.044281781602585,14.679600689654574],[-61.04613829305744,14.67961632092579]]],"type":"Polygon"},"properties":{"geo_point_2d":{"lon":-61.04520200820329,"lat":14.68051212519436},"idcar_200m":"CRS5490RES200mN1623800E710400","i_est_200":1,"idcar_1km":"CRS5490RES1000mN1623000E710000","i_est_1km":0,"idcar_nat":"CRS5490RES1000mN1623000E710000","groupe":1019867,"pop_carr":5.0,"men_1ind":1.0,"men_5ind":0.1,"men_prop":1.8,"men_fmp":0.3,"ind_snv":114191.2,"men_surf":223.1,"men_coll":0.3,"men_mais":2.1,"log_av45":0.1,"log_45_70":0.3,"log_70_90":0.6,"log_ap_90":1.3,"log_inc":0.1,"log_soc":0.0,"ind_0_3":0.0,"ind_4_5":0.1,"ind_6_10":0.3,"ind_11_17":0.4,"ind_18_24":0.2,"ind_25_39":0.6,"ind_40_54":1.0,"ind_55_64":1.2,"ind_65_79":0.9,"ind_80p":0.3,"ind_inc":0.0,"men_pauv":0.8,"men":2.4,"lcog_geo":"97224","year":"2017","com_arm_code":["97224"],"com_code":["97224"],"com_arm_name":["Saint-Joseph"],"com_name":["Saint-Joseph"],"epci_name":["CA du Centre de la Martinique"],"epci_code":["249720061"],"dep_name":["Martinique"],"dep_code":["972"],"reg_name":["Martinique"],"reg_code":["02"]}},{"type":"Feature","geometry":{"coordinates":[[[-61.010946621024964,14.670280788274694],[-61.01093029195461,14.672087989625055],[-61.009073883503724,14.672072084898753],[-61.00909022778954,14.670264885592447],[-61.010946621024964,14.670280788274694]]],"type":"Polygon"},"properties":{"geo_point_2d":{"lon":-61.010010256220845,"lat":14.671176438334893},"idcar_200m":"CRS5490RES200mN1622800E714200","i_est_200":1,"idcar_1km":"CRS5490RES1000mN1622000E714000","i_est_1km":1,"idcar_nat":"CRS5490RES2000mN1622000E714000","groupe":398694,"pop_carr":6.0,"men_1ind":0.6,"men_5ind":0.2,"men_prop":2.0,"men_fmp":0.3,"ind_snv":120316.6,"men_surf":228.1,"men_coll":0.1,"men_mais":2.3,"log_av45":0.1,"log_45_70":0.3,"log_70_90":0.2,"log_ap_90":1.6,"log_inc":0.2,"log_soc":0.0,"ind_0_3":0.0,"ind_4_5":0.2,"ind_6_10":0.1,"ind_11_17":1.0,"ind_18_24":0.3,"ind_25_39":0.2,"ind_40_54":1.7,"ind_55_64":1.2,"ind_65_79":0.8,"ind_80p":0.5,"ind_inc":0.0,"men_pauv":0.7,"men":2.4,"lcog_geo":"97224","year":"2017","com_arm_code":["97224"],"com_code":["97224"],"com_arm_name":["Saint-Joseph"],"com_name":["Saint-Joseph"],"epci_name":["CA du Centre de la Martinique"],"epci_code":["249720061"],"dep_name":["Martinique"],"dep_code":["972"],"reg_name":["Martinique"],"reg_code":["02"]}},{"type":"Feature","geometry":{"coordinates":[[[-61.04812301342708,14.665174003911451],[-61.04810699526474,14.666981246636265],[-61.04625058814873,14.666965644230674],[-61.04626662152201,14.665158403511748],[-61.04812301342708,14.665174003911451]]],"type":"Polygon"},"properties":{"geo_point_2d":{"lon":-61.047186804740434,"lat":14.666069825809249},"idcar_200m":"CRS5490RES200mN1622200E710200","i_est_200":1,"idcar_1km":"CRS5490RES1000mN1622000E710000","i_est_1km":0,"idcar_nat":"CRS5490RES1000mN1622000E710000","groupe":1019875,"pop_carr":16.0,"men_1ind":3.4,"men_5ind":0.3,"men_prop":5.8,"men_fmp":0.8,"ind_snv":298125.9,"men_surf":653.8,"men_coll":1.2,"men_mais":6.5,"log_av45":0.2,"log_45_70":1.2,"log_70_90":1.9,"log_ap_90":3.6,"log_inc":0.8,"log_soc":0.0,"ind_0_3":0.5,"ind_4_5":0.1,"ind_6_10":0.8,"ind_11_17":1.2,"ind_18_24":1.0,"ind_25_39":1.8,"ind_40_54":3.9,"ind_55_64":2.0,"ind_65_79":3.0,"ind_80p":1.6,"ind_inc":0.1,"men_pauv":2.0,"men":7.7,"lcog_geo":"97224","year":"2017","com_arm_code":["97224"],"com_code":["97224"],"com_arm_name":["Saint-Joseph"],"com_name":["Saint-Joseph"],"epci_name":["CA du Centre de la Martinique"],"epci_code":["249720061"],"dep_name":["Martinique"],"dep_code":["972"],"reg_name":["Martinique"],"reg_code":["02"]}},{"type":"Feature","geometry":{"coordinates":[[[-60.9979847798375,14.666554783541942],[-60.99796834876019,14.66836197114109],[-60.996111986442365,14.668345966831184],[-60.996128432730366,14.666538781289356],[-60.9979847798375,14.666554783541942]]],"type":"Polygon"},"properties":{"geo_point_2d":{"lon":-60.99704838709624,"lat":14.667450376937722},"idcar_200m":"CRS5490RES200mN1622400E715600","i_est_200":1,"idcar_1km":"CRS5490RES1000mN1622000E715000","i_est_1km":1,"idcar_nat":"CRS5490RES2000mN1622000E714000","groupe":398694,"pop_carr":2.0,"men_1ind":0.2,"men_5ind":0.1,"men_prop":0.7,"men_fmp":0.1,"ind_snv":40105.5,"men_surf":76.0,"men_coll":0.0,"men_mais":0.8,"log_av45":0.0,"log_45_70":0.1,"log_70_90":0.1,"log_ap_90":0.5,"log_inc":0.1,"log_soc":0.0,"ind_0_3":0.0,"ind_4_5":0.1,"ind_6_10":0.0,"ind_11_17":0.3,"ind_18_24":0.1,"ind_25_39":0.1,"ind_40_54":0.5,"ind_55_64":0.4,"ind_65_79":0.3,"ind_80p":0.2,"ind_inc":0.0,"men_pauv":0.2,"men":0.8,"lcog_geo":"9722497213","year":"2017","com_arm_code":["97224"],"com_code":["97224"],"com_arm_name":["Saint-Joseph"],"com_name":["Saint-Joseph"],"epci_name":["CA du Centre de la Martinique"],"epci_code":["249720061"],"dep_name":["Martinique"],"dep_code":["972"],"reg_name":["Martinique"],"reg_code":["02"]}},{"type":"Feature","geometry":{"coordinates":[[[-61.04973913312863,14.692298229167916],[-61.0497230972986,14.694105469428665],[-61.047866459573804,14.694089851769801],[-61.047882510646104,14.692282613513516],[-61.04973913312863,14.692298229167916]]],"type":"Polygon"},"properties":{"geo_point_2d":{"lon":-61.04880280031141,"lat":14.693194042209075},"idcar_200m":"CRS5490RES200mN1625200E710000","i_est_200":1,"idcar_1km":"CRS5490RES1000mN1625000E710000","i_est_1km":0,"idcar_nat":"CRS5490RES8000mN1624000E704000","groupe":1020070,"pop_carr":17.0,"men_1ind":1.8,"men_5ind":0.7,"men_prop":5.2,"men_fmp":1.4,"ind_snv":272334.6,"men_surf":537.7,"men_coll":0.1,"men_mais":6.2,"log_av45":0.0,"log_45_70":1.0,"log_70_90":1.2,"log_ap_90":3.7,"log_inc":0.4,"log_soc":0.0,"ind_0_3":1.5,"ind_4_5":0.3,"ind_6_10":0.9,"ind_11_17":1.4,"ind_18_24":1.1,"ind_25_39":2.2,"ind_40_54":3.8,"ind_55_64":1.8,"ind_65_79":3.3,"ind_80p":0.7,"ind_inc":0.0,"men_pauv":2.6,"men":6.3,"lcog_geo":"97224","year":"2017","com_arm_code":["97224"],"com_code":["97224"],"com_arm_name":["Saint-Joseph"],"com_name":["Saint-Joseph"],"epci_name":["CA du Centre de la Martinique"],"epci_code":["249720061"],"dep_name":["Martinique"],"dep_code":["972"],"reg_name":["Martinique"],"reg_code":["02"]}},{"type":"Feature","geometry":{"coordinates":[[[-61.033304212839504,14.661434331943722],[-61.033288077411854,14.663241559163874],[-61.03143171833646,14.663225842321166],[-61.0314478689702,14.661418617122067],[-61.033304212839504,14.661434331943722]]],"type":"Polygon"},"properties":{"geo_point_2d":{"lon":-61.03236796954044,"lat":14.662330088874091},"idcar_200m":"CRS5490RES200mN1621800E711800","i_est_200":1,"idcar_1km":"CRS5490RES1000mN1621000E711000","i_est_1km":0,"idcar_nat":"CRS5490RES1000mN1621000E711000","groupe":1019642,"pop_carr":21.0,"men_1ind":3.9,"men_5ind":0.7,"men_prop":6.0,"men_fmp":0.9,"ind_snv":474618.5,"men_surf":865.6,"men_coll":2.4,"men_mais":7.0,"log_av45":0.0,"log_45_70":0.8,"log_70_90":1.6,"log_ap_90":6.2,"log_inc":0.8,"log_soc":0.0,"ind_0_3":0.6,"ind_4_5":0.2,"ind_6_10":1.1,"ind_11_17":1.9,"ind_18_24":1.4,"ind_25_39":1.7,"ind_40_54":4.7,"ind_55_64":4.0,"ind_65_79":4.5,"ind_80p":0.8,"ind_inc":0.1,"men_pauv":2.9,"men":9.4,"lcog_geo":"97224","year":"2017","com_arm_code":["97224"],"com_code":["97224"],"com_arm_name":["Saint-Joseph"],"com_name":["Saint-Joseph"],"epci_name":["CA du Centre de la Martinique"],"epci_code":["249720061"],"dep_name":["Martinique"],"dep_code":["972"],"reg_name":["Martinique"],"reg_code":["02"]}},{"type":"Feature","geometry":{"coordinates":[[[-60.997935479856366,14.671976345443658],[-60.997919042029665,14.673783532147013],[-60.99606263406726,14.673767521664962],[-60.9960790871109,14.67196033701902],[-60.997935479856366,14.671976345443658]]],"type":"Polygon"},"properties":{"geo_point_2d":{"lon":-60.99699906091966,"lat":14.672871935305967},"idcar_200m":"CRS5490RES200mN1623000E715600","i_est_200":1,"idcar_1km":"CRS5490RES1000mN1623000E715000","i_est_1km":0,"idcar_nat":"CRS5490RES2000mN1622000E714000","groupe":1019940,"pop_carr":12.0,"men_1ind":1.3,"men_5ind":0.4,"men_prop":4.3,"men_fmp":0.8,"ind_snv":227566.0,"men_surf":473.5,"men_coll":0.0,"men_mais":5.1,"log_av45":0.1,"log_45_70":0.7,"log_70_90":1.3,"log_ap_90":2.7,"log_inc":0.3,"log_soc":0.0,"ind_0_3":0.1,"ind_4_5":0.1,"ind_6_10":0.9,"ind_11_17":1.1,"ind_18_24":0.3,"ind_25_39":0.7,"ind_40_54":3.6,"ind_55_64":2.1,"ind_65_79":2.1,"ind_80p":1.0,"ind_inc":0.0,"men_pauv":1.2,"men":5.1,"lcog_geo":"9722497213","year":"2017","com_arm_code":["97224"],"com_code":["97224"],"com_arm_name":["Saint-Joseph"],"com_name":["Saint-Joseph"],"epci_name":["CA du Centre de la Martinique"],"epci_code":["249720061"],"dep_name":["Martinique"],"dep_code":["972"],"reg_name":["Martinique"],"reg_code":["02"]}},{"type":"Feature","geometry":{"coordinates":[[[-61.02193880729444,14.68664080473744],[-61.021922549510336,14.688448015627046],[-61.020065990641214,14.688432181493058],[-61.02008226366006,14.68662497263638],[-61.02193880729444,14.68664080473744]]],"type":"Polygon"},"properties":{"geo_point_2d":{"lon":-61.02100240292829,"lat":14.687536494862082},"idcar_200m":"CRS5490RES200mN1624600E713000","i_est_200":1,"idcar_1km":"CRS5490RES1000mN1624000E713000","i_est_1km":0,"idcar_nat":"CRS5490RES1000mN1624000E713000","groupe":1020086,"pop_carr":9.0,"men_1ind":1.8,"men_5ind":0.4,"men_prop":2.2,"men_fmp":0.6,"ind_snv":190670.7,"men_surf":350.5,"men_coll":0.7,"men_mais":3.2,"log_av45":0.3,"log_45_70":1.0,"log_70_90":0.7,"log_ap_90":1.7,"log_inc":0.2,"log_soc":0.0,"ind_0_3":0.1,"ind_4_5":0.1,"ind_6_10":0.1,"ind_11_17":1.2,"ind_18_24":0.9,"ind_25_39":0.6,"ind_40_54":2.3,"ind_55_64":1.8,"ind_65_79":1.1,"ind_80p":0.8,"ind_inc":0.0,"men_pauv":1.1,"men":3.9,"lcog_geo":"97224","year":"2017","com_arm_code":["97224"],"com_code":["97224"],"com_arm_name":["Saint-Joseph"],"com_name":["Saint-Joseph"],"epci_name":["CA du Centre de la Martinique"],"epci_code":["249720061"],"dep_name":["Martinique"],"dep_code":["972"],"reg_name":["Martinique"],"reg_code":["02"]}},{"type":"Feature","geometry":{"coordinates":[[[-61.03146401739207,14.659611391625132],[-61.0314478689702,14.661418617122067],[-61.029591527312775,14.661402887496575],[-61.029607690938576,14.659595664022564],[-61.03146401739207,14.659611391625132]]],"type":"Polygon"},"properties":{"geo_point_2d":{"lon":-61.03052777630449,"lat":14.660507141302809},"idcar_200m":"CRS5490RES200mN1621600E712000","i_est_200":0,"idcar_1km":"CRS5490RES1000mN1621000E712000","i_est_1km":0,"idcar_nat":"CRS5490RES1000mN1621000E712000","groupe":1019667,"pop_carr":37.0,"men_1ind":4.0,"men_5ind":2.0,"men_prop":12.0,"men_fmp":1.0,"ind_snv":1014720.4,"men_surf":1489.0,"men_coll":3.0,"men_mais":12.0,"log_av45":0.0,"log_45_70":0.0,"log_70_90":8.0,"log_ap_90":7.0,"log_inc":0.0,"log_soc":0.0,"ind_0_3":1.0,"ind_4_5":2.0,"ind_6_10":2.0,"ind_11_17":3.0,"ind_18_24":3.0,"ind_25_39":3.0,"ind_40_54":10.0,"ind_55_64":5.0,"ind_65_79":7.0,"ind_80p":1.0,"ind_inc":0.0,"men_pauv":2.0,"men":15.0,"lcog_geo":"97224","year":"2017","com_arm_code":["97224"],"com_code":["97224"],"com_arm_name":["Saint-Joseph"],"com_name":["Saint-Joseph"],"epci_name":["CA du Centre de la Martinique"],"epci_code":["249720061"],"dep_name":["Martinique"],"dep_code":["972"],"reg_name":["Martinique"],"reg_code":["02"]}},{"type":"Feature","geometry":{"coordinates":[[[-61.0404882601552,14.688605541193793],[-61.04047215252044,14.690412772009717],[-61.03861555627148,14.690397084185406],[-61.03863167914394,14.688589855383405],[-61.0404882601552,14.688605541193793]]],"type":"Polygon"},"properties":{"geo_point_2d":{"lon":-61.0395519121731,"lat":14.689501314431856},"idcar_200m":"CRS5490RES200mN1624800E711000","i_est_200":1,"idcar_1km":"CRS5490RES1000mN1624000E711000","i_est_1km":0,"idcar_nat":"CRS5490RES8000mN1624000E704000","groupe":1020068,"pop_carr":6.0,"men_1ind":0.5,"men_5ind":0.1,"men_prop":2.0,"men_fmp":0.3,"ind_snv":121113.7,"men_surf":210.5,"men_coll":0.1,"men_mais":2.4,"log_av45":0.0,"log_45_70":0.8,"log_70_90":0.1,"log_ap_90":1.3,"log_inc":0.3,"log_soc":0.0,"ind_0_3":0.0,"ind_4_5":0.3,"ind_6_10":0.0,"ind_11_17":0.1,"ind_18_24":0.3,"ind_25_39":1.0,"ind_40_54":1.0,"ind_55_64":2.0,"ind_65_79":1.0,"ind_80p":0.3,"ind_inc":0.0,"men_pauv":0.4,"men":2.5,"lcog_geo":"97224","year":"2017","com_arm_code":["97224"],"com_code":["97224"],"com_arm_name":["Saint-Joseph"],"com_name":["Saint-Joseph"],"epci_name":["CA du Centre de la Martinique"],"epci_code":["249720061"],"dep_name":["Martinique"],"dep_code":["972"],"reg_name":["Martinique"],"reg_code":["02"]}},{"type":"Feature","geometry":{"coordinates":[[[-61.04090628574195,14.64161743541175],[-61.04089023535105,14.643424673969783],[-61.03903403460493,14.643409038496939],[-61.03905010017937,14.641601801952],[-61.04090628574195,14.64161743541175]]],"type":"Polygon"},"properties":{"geo_point_2d":{"lon":-61.03997016411971,"lat":14.642513238692258},"idcar_200m":"CRS5490RES200mN1619600E711000","i_est_200":0,"idcar_1km":"CRS5490RES1000mN1619000E711000","i_est_1km":0,"idcar_nat":"CRS5490RES1000mN1619000E711000","groupe":1019293,"pop_carr":104.5,"men_1ind":15.0,"men_5ind":1.0,"men_prop":18.0,"men_fmp":17.0,"ind_snv":2719869.7,"men_surf":3490.0,"men_coll":44.0,"men_mais":4.0,"log_av45":0.0,"log_45_70":0.0,"log_70_90":3.0,"log_ap_90":45.0,"log_inc":0.0,"log_soc":0.0,"ind_0_3":12.0,"ind_4_5":9.0,"ind_6_10":8.5,"ind_11_17":3.0,"ind_18_24":9.0,"ind_25_39":30.0,"ind_40_54":21.0,"ind_55_64":7.0,"ind_65_79":1.0,"ind_80p":4.0,"ind_inc":0.0,"men_pauv":5.0,"men":48.0,"lcog_geo":"972249720997213","year":"2017","com_arm_code":["97224"],"com_code":["97224"],"com_arm_name":["Saint-Joseph"],"com_name":["Saint-Joseph"],"epci_name":["CA du Centre de la Martinique"],"epci_code":["249720061"],"dep_name":["Martinique"],"dep_code":["972"],"reg_name":["Martinique"],"reg_code":["02"]}},{"type":"Feature","geometry":{"coordinates":[[[-61.05359633431089,14.676064204182106],[-61.0535803486577,14.677871451127233],[-61.051723843656795,14.677855881150986],[-61.051739844533685,14.676048636206229],[-61.05359633431089,14.676064204182106]]],"type":"Polygon"},"properties":{"geo_point_2d":{"lon":-61.05266009293912,"lat":14.676960044404312},"idcar_200m":"CRS5490RES200mN1623400E709600","i_est_200":1,"idcar_1km":"CRS5490RES1000mN1623000E709000","i_est_1km":0,"idcar_nat":"CRS5490RES1000mN1623000E709000","groupe":1019859,"pop_carr":4.0,"men_1ind":0.6,"men_5ind":0.1,"men_prop":1.3,"men_fmp":0.4,"ind_snv":71602.4,"men_surf":166.3,"men_coll":0.1,"men_mais":1.7,"log_av45":0.0,"log_45_70":0.3,"log_70_90":0.2,"log_ap_90":1.2,"log_inc":0.1,"log_soc":0.0,"ind_0_3":0.1,"ind_4_5":0.1,"ind_6_10":0.2,"ind_11_17":0.3,"ind_18_24":0.2,"ind_25_39":0.3,"ind_40_54":1.0,"ind_55_64":0.8,"ind_65_79":0.7,"ind_80p":0.3,"ind_inc":0.0,"men_pauv":0.7,"men":1.8,"lcog_geo":"97224","year":"2017","com_arm_code":["97224"],"com_code":["97224"],"com_arm_name":["Saint-Joseph"],"com_name":["Saint-Joseph"],"epci_name":["CA du Centre de la Martinique"],"epci_code":["249720061"],"dep_name":["Martinique"],"dep_code":["972"],"reg_name":["Martinique"],"reg_code":["02"]}},{"type":"Feature","geometry":{"coordinates":[[[-61.05727740783138,14.679709797256267],[-61.057261448258764,14.681517047600959],[-61.055404908430624,14.681501503275463],[-61.05542088323128,14.67969425492739],[-61.05727740783138,14.679709797256267]]],"type":"Polygon"},"properties":{"geo_point_2d":{"lon":-61.05634116208709,"lat":14.680605652003013},"idcar_200m":"CRS5490RES200mN1623800E709200","i_est_200":1,"idcar_1km":"CRS5490RES1000mN1623000E709000","i_est_1km":0,"idcar_nat":"CRS5490RES1000mN1623000E709000","groupe":1019859,"pop_carr":16.0,"men_1ind":2.5,"men_5ind":0.3,"men_prop":5.4,"men_fmp":1.6,"ind_snv":286409.6,"men_surf":665.1,"men_coll":0.5,"men_mais":6.5,"log_av45":0.1,"log_45_70":1.1,"log_70_90":0.8,"log_ap_90":4.6,"log_inc":0.4,"log_soc":0.0,"ind_0_3":0.3,"ind_4_5":0.3,"ind_6_10":0.9,"ind_11_17":1.2,"ind_18_24":1.0,"ind_25_39":1.3,"ind_40_54":3.8,"ind_55_64":3.0,"ind_65_79":2.9,"ind_80p":1.3,"ind_inc":0.0,"men_pauv":2.8,"men":7.0,"lcog_geo":"97224","year":"2017","com_arm_code":["97224"],"com_code":["97224"],"com_arm_name":["Saint-Joseph"],"com_name":["Saint-Joseph"],"epci_name":["CA du Centre de la Martinique"],"epci_code":["249720061"],"dep_name":["Martinique"],"dep_code":["972"],"reg_name":["Martinique"],"reg_code":["02"]}},{"type":"Feature","geometry":{"coordinates":[[[-61.03335260586399,14.65601264849652],[-61.03333647706548,14.657819876610013],[-61.031480163602126,14.657804165830374],[-61.03149630760049,14.655996939737836],[-61.03335260586399,14.65601264849652]]],"type":"Polygon"},"properties":{"geo_point_2d":{"lon":-61.032416388683956,"lat":14.656908408904593},"idcar_200m":"CRS5490RES200mN1621200E711800","i_est_200":1,"idcar_1km":"CRS5490RES1000mN1621000E711000","i_est_1km":0,"idcar_nat":"CRS5490RES1000mN1621000E711000","groupe":1019642,"pop_carr":2.0,"men_1ind":0.4,"men_5ind":0.1,"men_prop":0.6,"men_fmp":0.1,"ind_snv":45201.8,"men_surf":82.4,"men_coll":0.2,"men_mais":0.7,"log_av45":0.0,"log_45_70":0.1,"log_70_90":0.1,"log_ap_90":0.6,"log_inc":0.1,"log_soc":0.0,"ind_0_3":0.1,"ind_4_5":0.0,"ind_6_10":0.1,"ind_11_17":0.2,"ind_18_24":0.1,"ind_25_39":0.2,"ind_40_54":0.4,"ind_55_64":0.4,"ind_65_79":0.4,"ind_80p":0.1,"ind_inc":0.0,"men_pauv":0.3,"men":0.9,"lcog_geo":"97224","year":"2017","com_arm_code":["97224"],"com_code":["97224"],"com_arm_name":["Saint-Joseph"],"com_name":["Saint-Joseph"],"epci_name":["CA du Centre de la Martinique"],"epci_code":["249720061"],"dep_name":["Martinique"],"dep_code":["972"],"reg_name":["Martinique"],"reg_code":["02"]}},{"type":"Feature","geometry":{"coordinates":[[[-61.04804290068053,14.674210214558535],[-61.048026871550334,14.67601745579469],[-61.04617038834836,14.6760018433592],[-61.04618643269991,14.674194604129081],[-61.04804290068053,14.674210214558535]]],"type":"Polygon"},"properties":{"geo_point_2d":{"lon":-61.047106648469565,"lat":14.67510603069789},"idcar_200m":"CRS5490RES200mN1623200E710200","i_est_200":1,"idcar_1km":"CRS5490RES1000mN1623000E710000","i_est_1km":0,"idcar_nat":"CRS5490RES1000mN1623000E710000","groupe":1019867,"pop_carr":5.0,"men_1ind":1.0,"men_5ind":0.1,"men_prop":1.8,"men_fmp":0.3,"ind_snv":114191.2,"men_surf":223.1,"men_coll":0.3,"men_mais":2.1,"log_av45":0.1,"log_45_70":0.3,"log_70_90":0.6,"log_ap_90":1.3,"log_inc":0.1,"log_soc":0.0,"ind_0_3":0.0,"ind_4_5":0.1,"ind_6_10":0.3,"ind_11_17":0.4,"ind_18_24":0.2,"ind_25_39":0.6,"ind_40_54":1.0,"ind_55_64":1.2,"ind_65_79":0.9,"ind_80p":0.3,"ind_inc":0.0,"men_pauv":0.8,"men":2.4,"lcog_geo":"97224","year":"2017","com_arm_code":["97224"],"com_code":["97224"],"com_arm_name":["Saint-Joseph"],"com_name":["Saint-Joseph"],"epci_name":["CA du Centre de la Martinique"],"epci_code":["249720061"],"dep_name":["Martinique"],"dep_code":["972"],"reg_name":["Martinique"],"reg_code":["02"]}},{"type":"Feature","geometry":{"coordinates":[[[-61.04600982404369,14.694074219272112],[-61.04599375553243,14.695881455223844],[-61.04413710695489,14.695865805879098],[-61.04415319071033,14.694058571935662],[-61.04600982404369,14.694074219272112]]],"type":"Polygon"},"properties":{"geo_point_2d":{"lon":-61.045073469460256,"lat":14.694970014316937},"idcar_200m":"CRS5490RES200mN1625400E710400","i_est_200":1,"idcar_1km":"CRS5490RES1000mN1625000E710000","i_est_1km":0,"idcar_nat":"CRS5490RES8000mN1624000E704000","groupe":1020070,"pop_carr":2.0,"men_1ind":0.2,"men_5ind":0.1,"men_prop":0.6,"men_fmp":0.2,"ind_snv":32039.4,"men_surf":63.3,"men_coll":0.0,"men_mais":0.7,"log_av45":0.0,"log_45_70":0.1,"log_70_90":0.1,"log_ap_90":0.4,"log_inc":0.1,"log_soc":0.0,"ind_0_3":0.2,"ind_4_5":0.0,"ind_6_10":0.1,"ind_11_17":0.2,"ind_18_24":0.1,"ind_25_39":0.3,"ind_40_54":0.4,"ind_55_64":0.2,"ind_65_79":0.4,"ind_80p":0.1,"ind_inc":0.0,"men_pauv":0.3,"men":0.7,"lcog_geo":"97224","year":"2017","com_arm_code":["97224"],"com_code":["97224"],"com_arm_name":["Saint-Joseph"],"com_name":["Saint-Joseph"],"epci_name":["CA du Centre de la Martinique"],"epci_code":["249720061"],"dep_name":["Martinique"],"dep_code":["972"],"reg_name":["Martinique"],"reg_code":["02"]}},{"type":"Feature","geometry":{"coordinates":[[[-61.03892151390344,14.656059685982978],[-61.038905430705,14.657866920147926],[-61.03704911061901,14.657851253768873],[-61.037065209017555,14.656044021619167],[-61.03892151390344,14.656059685982978]]],"type":"Polygon"},"properties":{"geo_point_2d":{"lon":-61.03798531621177,"lat":14.65695547161565},"idcar_200m":"CRS5490RES200mN1621200E711200","i_est_200":1,"idcar_1km":"CRS5490RES1000mN1621000E711000","i_est_1km":0,"idcar_nat":"CRS5490RES1000mN1621000E711000","groupe":1019642,"pop_carr":6.0,"men_1ind":1.1,"men_5ind":0.2,"men_prop":1.7,"men_fmp":0.3,"ind_snv":135605.3,"men_surf":247.3,"men_coll":0.7,"men_mais":2.0,"log_av45":0.0,"log_45_70":0.2,"log_70_90":0.5,"log_ap_90":1.8,"log_inc":0.2,"log_soc":0.0,"ind_0_3":0.2,"ind_4_5":0.1,"ind_6_10":0.3,"ind_11_17":0.5,"ind_18_24":0.4,"ind_25_39":0.5,"ind_40_54":1.4,"ind_55_64":1.1,"ind_65_79":1.3,"ind_80p":0.2,"ind_inc":0.0,"men_pauv":0.8,"men":2.7,"lcog_geo":"97224","year":"2017","com_arm_code":["97224"],"com_code":["97224"],"com_arm_name":["Saint-Joseph"],"com_name":["Saint-Joseph"],"epci_name":["CA du Centre de la Martinique"],"epci_code":["249720061"],"dep_name":["Martinique"],"dep_code":["972"],"reg_name":["Martinique"],"reg_code":["02"]}},{"type":"Feature","geometry":{"coordinates":[[[-61.048203071340744,14.656137785823608],[-61.04818706414413,14.657945030036235],[-61.04633073306203,14.657929437659764],[-61.046346755459176,14.656122195452864],[-61.048203071340744,14.656137785823608]]],"type":"Polygon"},"properties":{"geo_point_2d":{"lon":-61.047266906151336,"lat":14.65703361347904},"idcar_200m":"CRS5490RES200mN1621200E710200","i_est_200":1,"idcar_1km":"CRS5490RES1000mN1621000E710000","i_est_1km":0,"idcar_nat":"CRS5490RES1000mN1621000E710000","groupe":1019634,"pop_carr":28.0,"men_1ind":5.1,"men_5ind":0.4,"men_prop":9.8,"men_fmp":1.4,"ind_snv":785639.0,"men_surf":1376.9,"men_coll":3.7,"men_mais":9.8,"log_av45":0.0,"log_45_70":1.6,"log_70_90":3.7,"log_ap_90":7.6,"log_inc":0.6,"log_soc":0.0,"ind_0_3":0.6,"ind_4_5":0.6,"ind_6_10":0.8,"ind_11_17":2.7,"ind_18_24":1.2,"ind_25_39":3.3,"ind_40_54":3.5,"ind_55_64":6.5,"ind_65_79":5.9,"ind_80p":2.9,"ind_inc":0.0,"men_pauv":2.7,"men":13.5,"lcog_geo":"97224","year":"2017","com_arm_code":["97224"],"com_code":["97224"],"com_arm_name":["Saint-Joseph"],"com_name":["Saint-Joseph"],"epci_name":["CA du Centre de la Martinique"],"epci_code":["249720061"],"dep_name":["Martinique"],"dep_code":["972"],"reg_name":["Martinique"],"reg_code":["02"]}},{"type":"Feature","geometry":{"coordinates":[[[-61.04629868168248,14.661543921180947],[-61.04628265269991,14.663351162495166],[-61.04442627819902,14.663335549294933],[-61.044442322388285,14.661528309988439],[-61.04629868168248,14.661543921180947]]],"type":"Polygon"},"properties":{"geo_point_2d":{"lon":-61.04536248389236,"lat":14.662439736976268},"idcar_200m":"CRS5490RES200mN1621800E710400","i_est_200":0,"idcar_1km":"CRS5490RES1000mN1621000E710000","i_est_1km":0,"idcar_nat":"CRS5490RES1000mN1621000E710000","groupe":1019636,"pop_carr":38.0,"men_1ind":3.0,"men_5ind":3.0,"men_prop":10.0,"men_fmp":1.0,"ind_snv":1082634.3,"men_surf":1195.0,"men_coll":0.0,"men_mais":12.0,"log_av45":1.0,"log_45_70":1.0,"log_70_90":5.0,"log_ap_90":5.0,"log_inc":0.0,"log_soc":0.0,"ind_0_3":2.0,"ind_4_5":0.0,"ind_6_10":1.0,"ind_11_17":3.0,"ind_18_24":3.0,"ind_25_39":3.0,"ind_40_54":10.0,"ind_55_64":5.0,"ind_65_79":8.0,"ind_80p":3.0,"ind_inc":0.0,"men_pauv":0.0,"men":12.0,"lcog_geo":"97224","year":"2017","com_arm_code":["97224"],"com_code":["97224"],"com_arm_name":["Saint-Joseph"],"com_name":["Saint-Joseph"],"epci_name":["CA du Centre de la Martinique"],"epci_code":["249720061"],"dep_name":["Martinique"],"dep_code":["972"],"reg_name":["Martinique"],"reg_code":["02"]}},{"type":"Feature","geometry":{"coordinates":[[[-61.05566024300871,14.652585493992268],[-61.05564430098414,14.654392746803413],[-61.053787991542286,14.654377217626644],[-61.05380394876359,14.65256996681355],[-61.05566024300871,14.652585493992268]]],"type":"Polygon"},"properties":{"geo_point_2d":{"lon":-61.05472412122391,"lat":14.653481357544578},"idcar_200m":"CRS5490RES200mN1620800E709400","i_est_200":0,"idcar_1km":"CRS5490RES1000mN1620000E709000","i_est_1km":0,"idcar_nat":"CRS5490RES1000mN1620000E709000","groupe":1019614,"pop_carr":21.0,"men_1ind":3.0,"men_5ind":0.0,"men_prop":11.0,"men_fmp":1.0,"ind_snv":802556.3,"men_surf":1721.0,"men_coll":0.0,"men_mais":11.0,"log_av45":0.0,"log_45_70":0.0,"log_70_90":9.0,"log_ap_90":2.0,"log_inc":0.0,"log_soc":0.0,"ind_0_3":0.0,"ind_4_5":0.0,"ind_6_10":0.0,"ind_11_17":0.0,"ind_18_24":2.0,"ind_25_39":0.0,"ind_40_54":2.0,"ind_55_64":4.0,"ind_65_79":11.0,"ind_80p":1.0,"ind_inc":1.0,"men_pauv":0.0,"men":11.0,"lcog_geo":"97224","year":"2017","com_arm_code":["97224"],"com_code":["97224"],"com_arm_name":["Saint-Joseph"],"com_name":["Saint-Joseph"],"epci_name":["CA du Centre de la Martinique"],"epci_code":["249720061"],"dep_name":["Martinique"],"dep_code":["972"],"reg_name":["Martinique"],"reg_code":["02"]}},{"type":"Feature","geometry":{"coordinates":[[[-61.00721747729021,14.672056165358164],[-61.00720111554955,14.673863362320038],[-61.00534469635813,14.673847425917337],[-61.00536107331617,14.67204023100336],[-61.00721747729021,14.672056165358164]]],"type":"Polygon"},"properties":{"geo_point_2d":{"lon":-61.006281090781435,"lat":14.672951797387034},"idcar_200m":"CRS5490RES200mN1623000E714600","i_est_200":1,"idcar_1km":"CRS5490RES1000mN1623000E714000","i_est_1km":0,"idcar_nat":"CRS5490RES2000mN1622000E714000","groupe":1019944,"pop_carr":7.0,"men_1ind":1.1,"men_5ind":0.5,"men_prop":1.6,"men_fmp":0.4,"ind_snv":143223.4,"men_surf":220.3,"men_coll":0.3,"men_mais":2.5,"log_av45":0.2,"log_45_70":0.2,"log_70_90":0.9,"log_ap_90":1.1,"log_inc":0.4,"log_soc":0.0,"ind_0_3":0.2,"ind_4_5":0.1,"ind_6_10":0.5,"ind_11_17":0.7,"ind_18_24":0.5,"ind_25_39":1.0,"ind_40_54":1.6,"ind_55_64":1.0,"ind_65_79":0.8,"ind_80p":0.6,"ind_inc":0.0,"men_pauv":0.7,"men":2.8,"lcog_geo":"97224","year":"2017","com_arm_code":["97224"],"com_code":["97224"],"com_arm_name":["Saint-Joseph"],"com_name":["Saint-Joseph"],"epci_name":["CA du Centre de la Martinique"],"epci_code":["249720061"],"dep_name":["Martinique"],"dep_code":["972"],"reg_name":["Martinique"],"reg_code":["02"]}},{"type":"Feature","geometry":{"coordinates":[[[-61.01832340499421,14.675765878505915],[-61.01830713010543,14.677573087118533],[-61.01645066706587,14.677557235540712],[-61.01646695717671,14.675750028964625],[-61.01832340499421,14.675765878505915]]],"type":"Polygon"},"properties":{"geo_point_2d":{"lon":-61.01738703998761,"lat":14.676661558770085},"idcar_200m":"CRS5490RES200mN1623400E713400","i_est_200":1,"idcar_1km":"CRS5490RES1000mN1623000E713000","i_est_1km":0,"idcar_nat":"CRS5490RES1000mN1623000E713000","groupe":1019931,"pop_carr":8.0,"men_1ind":1.0,"men_5ind":0.1,"men_prop":2.5,"men_fmp":0.6,"ind_snv":190675.6,"men_surf":314.0,"men_coll":1.0,"men_mais":2.7,"log_av45":0.0,"log_45_70":0.4,"log_70_90":0.2,"log_ap_90":2.9,"log_inc":0.2,"log_soc":0.0,"ind_0_3":0.2,"ind_4_5":0.1,"ind_6_10":0.3,"ind_11_17":0.4,"ind_18_24":0.4,"ind_25_39":0.8,"ind_40_54":2.4,"ind_55_64":2.1,"ind_65_79":0.9,"ind_80p":0.4,"ind_inc":0.0,"men_pauv":0.6,"men":3.7,"lcog_geo":"97224","year":"2017","com_arm_code":["97224"],"com_code":["97224"],"com_arm_name":["Saint-Joseph"],"com_name":["Saint-Joseph"],"epci_name":["CA du Centre de la Martinique"],"epci_code":["249720061"],"dep_name":["Martinique"],"dep_code":["972"],"reg_name":["Martinique"],"reg_code":["02"]}},{"type":"Feature","geometry":{"coordinates":[[[-61.02386030113615,14.679427767341778],[-61.02384406747202,14.681234981455992],[-61.0219875673061,14.681219170277881],[-61.02200381619673,14.679411958194569],[-61.02386030113615,14.679427767341778]]],"type":"Polygon"},"properties":{"geo_point_2d":{"lon":-61.02292393817938,"lat":14.680323470555521},"idcar_200m":"CRS5490RES200mN1623800E712800","i_est_200":1,"idcar_1km":"CRS5490RES1000mN1623000E712000","i_est_1km":0,"idcar_nat":"CRS5490RES1000mN1623000E712000","groupe":1019915,"pop_carr":19.0,"men_1ind":2.5,"men_5ind":0.3,"men_prop":5.7,"men_fmp":1.1,"ind_snv":489253.5,"men_surf":885.4,"men_coll":3.3,"men_mais":5.2,"log_av45":0.0,"log_45_70":0.2,"log_70_90":1.6,"log_ap_90":5.8,"log_inc":0.9,"log_soc":0.0,"ind_0_3":0.6,"ind_4_5":0.3,"ind_6_10":1.0,"ind_11_17":1.0,"ind_18_24":1.1,"ind_25_39":2.7,"ind_40_54":3.0,"ind_55_64":4.3,"ind_65_79":4.4,"ind_80p":0.6,"ind_inc":0.0,"men_pauv":2.2,"men":8.5,"lcog_geo":"97224","year":"2017","com_arm_code":["97224"],"com_code":["97224"],"com_arm_name":["Saint-Joseph"],"com_name":["Saint-Joseph"],"epci_name":["CA du Centre de la Martinique"],"epci_code":["249720061"],"dep_name":["Martinique"],"dep_code":["972"],"reg_name":["Martinique"],"reg_code":["02"]}},{"type":"Feature","geometry":{"coordinates":[[[-61.02009853445332,14.684817763481192],[-61.02008226366006,14.68662497263638],[-61.01822572225126,14.686609125705301],[-61.01824200827709,14.684801918584913],[-61.02009853445332,14.684817763481192]]],"type":"Polygon"},"properties":{"geo_point_2d":{"lon":-61.01916213231235,"lat":14.685713446340388},"idcar_200m":"CRS5490RES200mN1624400E713200","i_est_200":1,"idcar_1km":"CRS5490RES1000mN1624000E713000","i_est_1km":0,"idcar_nat":"CRS5490RES1000mN1624000E713000","groupe":1020086,"pop_carr":13.0,"men_1ind":2.7,"men_5ind":0.5,"men_prop":3.2,"men_fmp":0.9,"ind_snv":275413.3,"men_surf":506.3,"men_coll":1.1,"men_mais":4.6,"log_av45":0.4,"log_45_70":1.4,"log_70_90":1.1,"log_ap_90":2.5,"log_inc":0.3,"log_soc":0.0,"ind_0_3":0.1,"ind_4_5":0.2,"ind_6_10":0.2,"ind_11_17":1.7,"ind_18_24":1.3,"ind_25_39":0.9,"ind_40_54":3.3,"ind_55_64":2.5,"ind_65_79":1.6,"ind_80p":1.2,"ind_inc":0.0,"men_pauv":1.6,"men":5.7,"lcog_geo":"97224","year":"2017","com_arm_code":["97224"],"com_code":["97224"],"com_arm_name":["Saint-Joseph"],"com_name":["Saint-Joseph"],"epci_name":["CA du Centre de la Martinique"],"epci_code":["249720061"],"dep_name":["Martinique"],"dep_code":["972"],"reg_name":["Martinique"],"reg_code":["02"]}},{"type":"Feature","geometry":{"coordinates":[[[-61.033061949347506,14.68854270895622],[-61.03304578076252,14.690349931705049],[-61.03118919334579,14.690334184542715],[-61.0312053771681,14.688526963815422],[-61.033061949347506,14.68854270895622]]],"type":"Polygon"},"properties":{"geo_point_2d":{"lon":-61.03212557530689,"lat":14.689438448493618},"idcar_200m":"CRS5490RES200mN1624800E711800","i_est_200":1,"idcar_1km":"CRS5490RES1000mN1624000E711000","i_est_1km":0,"idcar_nat":"CRS5490RES8000mN1624000E704000","groupe":1020068,"pop_carr":2.0,"men_1ind":0.2,"men_5ind":0.0,"men_prop":0.7,"men_fmp":0.1,"ind_snv":40371.2,"men_surf":70.2,"men_coll":0.0,"men_mais":0.8,"log_av45":0.0,"log_45_70":0.3,"log_70_90":0.0,"log_ap_90":0.4,"log_inc":0.1,"log_soc":0.0,"ind_0_3":0.0,"ind_4_5":0.1,"ind_6_10":0.0,"ind_11_17":0.0,"ind_18_24":0.1,"ind_25_39":0.3,"ind_40_54":0.3,"ind_55_64":0.7,"ind_65_79":0.4,"ind_80p":0.1,"ind_inc":0.0,"men_pauv":0.1,"men":0.8,"lcog_geo":"97224","year":"2017","com_arm_code":["97224"],"com_code":["97224"],"com_arm_name":["Saint-Joseph"],"com_name":["Saint-Joseph"],"epci_name":["CA du Centre de la Martinique"],"epci_code":["249720061"],"dep_name":["Martinique"],"dep_code":["972"],"reg_name":["Martinique"],"reg_code":["02"]}},{"type":"Feature","geometry":{"coordinates":[[[-61.055516686139185,14.668850758586865],[-61.05550072445126,14.670658008721075],[-61.05364427814532,14.67064246156043],[-61.053660255048705,14.668835213424547],[-61.055516686139185,14.668850758586865]]],"type":"Polygon"},"properties":{"geo_point_2d":{"lon":-61.05458048609535,"lat":14.669746611810272},"idcar_200m":"CRS5490RES200mN1622600E709400","i_est_200":1,"idcar_1km":"CRS5490RES1000mN1622000E709000","i_est_1km":0,"idcar_nat":"CRS5490RES1000mN1622000E709000","groupe":1019845,"pop_carr":2.0,"men_1ind":0.4,"men_5ind":0.1,"men_prop":0.7,"men_fmp":0.2,"ind_snv":36417.3,"men_surf":81.3,"men_coll":0.1,"men_mais":0.8,"log_av45":0.0,"log_45_70":0.3,"log_70_90":0.1,"log_ap_90":0.4,"log_inc":0.1,"log_soc":0.0,"ind_0_3":0.0,"ind_4_5":0.0,"ind_6_10":0.1,"ind_11_17":0.1,"ind_18_24":0.1,"ind_25_39":0.2,"ind_40_54":0.4,"ind_55_64":0.4,"ind_65_79":0.5,"ind_80p":0.2,"ind_inc":0.0,"men_pauv":0.3,"men":0.9,"lcog_geo":"97224","year":"2017","com_arm_code":["97224"],"com_code":["97224"],"com_arm_name":["Saint-Joseph"],"com_name":["Saint-Joseph"],"epci_name":["CA du Centre de la Martinique"],"epci_code":["249720061"],"dep_name":["Martinique"],"dep_code":["972"],"reg_name":["Martinique"],"reg_code":["02"]}},{"type":"Feature","geometry":{"coordinates":[[[-61.062910628504405,14.672527307029902],[-61.06289472332523,14.67433456454342],[-61.06103823785298,14.674319072659321],[-61.061054158252134,14.672511817136577],[-61.062910628504405,14.672527307029902]]],"type":"Polygon"},"properties":{"geo_point_2d":{"lon":-61.06197443713233,"lat":14.673423191579674},"idcar_200m":"CRS5490RES200mN1623000E708600","i_est_200":1,"idcar_1km":"CRS5490RES1000mN1623000E708000","i_est_1km":0,"idcar_nat":"CRS5490RES1000mN1623000E708000","groupe":1019849,"pop_carr":6.0,"men_1ind":1.0,"men_5ind":0.1,"men_prop":2.1,"men_fmp":0.4,"ind_snv":110528.7,"men_surf":221.7,"men_coll":0.2,"men_mais":2.5,"log_av45":0.0,"log_45_70":0.6,"log_70_90":0.4,"log_ap_90":1.6,"log_inc":0.1,"log_soc":0.0,"ind_0_3":0.0,"ind_4_5":0.0,"ind_6_10":0.1,"ind_11_17":0.5,"ind_18_24":0.3,"ind_25_39":0.7,"ind_40_54":1.5,"ind_55_64":1.5,"ind_65_79":1.0,"ind_80p":0.4,"ind_inc":0.0,"men_pauv":0.9,"men":2.7,"lcog_geo":"97224","year":"2017","com_arm_code":["97224"],"com_code":["97224"],"com_arm_name":["Saint-Joseph"],"com_name":["Saint-Joseph"],"epci_name":["CA du Centre de la Martinique"],"epci_code":["249720061"],"dep_name":["Martinique"],"dep_code":["972"],"reg_name":["Martinique"],"reg_code":["02"]}},{"type":"Feature","geometry":{"coordinates":[[[-61.027751366698965,14.659579921618137],[-61.027735187869325,14.661387143067317],[-61.02587885064191,14.661371383834386],[-61.025895044675316,14.65956416441192],[-61.027751366698965,14.659579921618137]]],"type":"Polygon"},"properties":{"geo_point_2d":{"lon":-61.02681511262274,"lat":14.660475654469161},"idcar_200m":"CRS5490RES200mN1621600E712400","i_est_200":1,"idcar_1km":"CRS5490RES1000mN1621000E712000","i_est_1km":0,"idcar_nat":"CRS5490RES1000mN1621000E712000","groupe":1019666,"pop_carr":3.0,"men_1ind":0.5,"men_5ind":0.0,"men_prop":0.9,"men_fmp":0.3,"ind_snv":67192.8,"men_surf":130.2,"men_coll":0.4,"men_mais":1.0,"log_av45":0.0,"log_45_70":0.1,"log_70_90":0.3,"log_ap_90":0.9,"log_inc":0.1,"log_soc":0.0,"ind_0_3":0.1,"ind_4_5":0.0,"ind_6_10":0.2,"ind_11_17":0.2,"ind_18_24":0.2,"ind_25_39":0.6,"ind_40_54":0.5,"ind_55_64":0.7,"ind_65_79":0.3,"ind_80p":0.2,"ind_inc":0.0,"men_pauv":0.4,"men":1.4,"lcog_geo":"97224","year":"2017","com_arm_code":["97224"],"com_code":["97224"],"com_arm_name":["Saint-Joseph"],"com_name":["Saint-Joseph"],"epci_name":["CA du Centre de la Martinique"],"epci_code":["249720061"],"dep_name":["Martinique"],"dep_code":["972"],"reg_name":["Martinique"],"reg_code":["02"]}},{"type":"Feature","geometry":{"coordinates":[[[-61.029591527312775,14.661402887496575],[-61.02957536147302,14.663210110672717],[-61.027719006823645,14.663194364218596],[-61.027735187869325,14.661387143067317],[-61.029591527312775,14.661402887496575]]],"type":"Polygon"},"properties":{"geo_point_2d":{"lon":-61.02865527102091,"lat":14.662298627600183},"idcar_200m":"CRS5490RES200mN1621800E712200","i_est_200":1,"idcar_1km":"CRS5490RES1000mN1621000E712000","i_est_1km":0,"idcar_nat":"CRS5490RES1000mN1621000E712000","groupe":1019666,"pop_carr":10.0,"men_1ind":1.6,"men_5ind":0.0,"men_prop":3.1,"men_fmp":0.9,"ind_snv":223975.9,"men_surf":433.9,"men_coll":1.3,"men_mais":3.3,"log_av45":0.0,"log_45_70":0.4,"log_70_90":0.9,"log_ap_90":2.8,"log_inc":0.5,"log_soc":0.0,"ind_0_3":0.4,"ind_4_5":0.0,"ind_6_10":0.5,"ind_11_17":0.5,"ind_18_24":0.7,"ind_25_39":2.1,"ind_40_54":1.6,"ind_55_64":2.4,"ind_65_79":1.0,"ind_80p":0.8,"ind_inc":0.0,"men_pauv":1.5,"men":4.6,"lcog_geo":"97224","year":"2017","com_arm_code":["97224"],"com_code":["97224"],"com_arm_name":["Saint-Joseph"],"com_name":["Saint-Joseph"],"epci_name":["CA du Centre de la Martinique"],"epci_code":["249720061"],"dep_name":["Martinique"],"dep_code":["972"],"reg_name":["Martinique"],"reg_code":["02"]}},{"type":"Feature","geometry":{"coordinates":[[[-61.04242527234589,14.679585043559936],[-61.042409190951396,14.681392277878347],[-61.04055266866759,14.681376614948487],[-61.04056876528944,14.679569382641926],[-61.04242527234589,14.679585043559936]]],"type":"Polygon"},"properties":{"geo_point_2d":{"lon":-61.04148897446379,"lat":14.680480830995155},"idcar_200m":"CRS5490RES200mN1623800E710800","i_est_200":1,"idcar_1km":"CRS5490RES1000mN1623000E710000","i_est_1km":0,"idcar_nat":"CRS5490RES1000mN1623000E710000","groupe":1019867,"pop_carr":16.0,"men_1ind":3.2,"men_5ind":0.4,"men_prop":5.7,"men_fmp":1.1,"ind_snv":365411.9,"men_surf":714.1,"men_coll":0.8,"men_mais":6.8,"log_av45":0.3,"log_45_70":0.9,"log_70_90":2.0,"log_ap_90":4.0,"log_inc":0.4,"log_soc":0.0,"ind_0_3":0.2,"ind_4_5":0.3,"ind_6_10":0.8,"ind_11_17":1.4,"ind_18_24":0.6,"ind_25_39":1.8,"ind_40_54":3.3,"ind_55_64":3.7,"ind_65_79":2.8,"ind_80p":1.1,"ind_inc":0.0,"men_pauv":2.4,"men":7.6,"lcog_geo":"97224","year":"2017","com_arm_code":["97224"],"com_code":["97224"],"com_arm_name":["Saint-Joseph"],"com_name":["Saint-Joseph"],"epci_name":["CA du Centre de la Martinique"],"epci_code":["249720061"],"dep_name":["Martinique"],"dep_code":["972"],"reg_name":["Martinique"],"reg_code":["02"]}},{"type":"Feature","geometry":{"coordinates":[[[-61.02967232330382,14.65236676714837],[-61.02965616853303,14.654173991813572],[-61.02779988989245,14.654158255483441],[-61.02781605985876,14.652351032842938],[-61.02967232330382,14.65236676714837]]],"type":"Polygon"},"properties":{"geo_point_2d":{"lon":-61.02873611054826,"lat":14.653262513057665},"idcar_200m":"CRS5490RES200mN1620800E712200","i_est_200":0,"idcar_1km":"CRS5490RES1000mN1620000E712000","i_est_1km":0,"idcar_nat":"CRS5490RES1000mN1620000E712000","groupe":1019698,"pop_carr":53.0,"men_1ind":10.0,"men_5ind":3.0,"men_prop":8.0,"men_fmp":7.0,"ind_snv":1151295.8,"men_surf":1972.4,"men_coll":10.0,"men_mais":14.0,"log_av45":0.0,"log_45_70":1.0,"log_70_90":5.0,"log_ap_90":17.0,"log_inc":1.0,"log_soc":0.0,"ind_0_3":2.0,"ind_4_5":3.0,"ind_6_10":4.0,"ind_11_17":7.0,"ind_18_24":4.0,"ind_25_39":11.0,"ind_40_54":9.0,"ind_55_64":5.0,"ind_65_79":6.0,"ind_80p":2.0,"ind_inc":0.0,"men_pauv":5.0,"men":24.0,"lcog_geo":"97224","year":"2017","com_arm_code":["97224"],"com_code":["97224"],"com_arm_name":["Saint-Joseph"],"com_name":["Saint-Joseph"],"epci_name":["CA du Centre de la Martinique"],"epci_code":["249720061"],"dep_name":["Martinique"],"dep_code":["972"],"reg_name":["Martinique"],"reg_code":["02"]}},{"type":"Feature","geometry":{"coordinates":[[[-61.055628356775074,14.656199999317243],[-61.05561241038146,14.658007251533748],[-61.053756070539954,14.657991718360785],[-61.05377203213445,14.656184468142396],[-61.055628356775074,14.656199999317243]]],"type":"Polygon"},"properties":{"geo_point_2d":{"lon":-61.05469221760697,"lat":14.65709586057447},"idcar_200m":"CRS5490RES200mN1621200E709400","i_est_200":1,"idcar_1km":"CRS5490RES1000mN1621000E709000","i_est_1km":0,"idcar_nat":"CRS5490RES1000mN1621000E709000","groupe":1019598,"pop_carr":3.0,"men_1ind":0.4,"men_5ind":0.1,"men_prop":0.9,"men_fmp":0.2,"ind_snv":80476.3,"men_surf":115.6,"men_coll":0.2,"men_mais":1.0,"log_av45":0.0,"log_45_70":0.2,"log_70_90":0.4,"log_ap_90":0.5,"log_inc":0.1,"log_soc":0.0,"ind_0_3":0.1,"ind_4_5":0.1,"ind_6_10":0.1,"ind_11_17":0.2,"ind_18_24":0.1,"ind_25_39":0.4,"ind_40_54":0.5,"ind_55_64":0.7,"ind_65_79":0.7,"ind_80p":0.1,"ind_inc":0.0,"men_pauv":0.1,"men":1.2,"lcog_geo":"97224","year":"2017","com_arm_code":["97224"],"com_code":["97224"],"com_arm_name":["Saint-Joseph"],"com_name":["Saint-Joseph"],"epci_name":["CA du Centre de la Martinique"],"epci_code":["249720061"],"dep_name":["Martinique"],"dep_code":["972"],"reg_name":["Martinique"],"reg_code":["02"]}},{"type":"Feature","geometry":{"coordinates":[[[-61.04239310735656,14.683199511898746],[-61.042377021561315,14.685006745621063],[-61.040520468816574,14.684991078667402],[-61.040536569843326,14.683183846956995],[-61.04239310735656,14.683199511898746]]],"type":"Polygon"},"properties":{"geo_point_2d":{"lon":-61.041456792044656,"lat":14.684095297024351},"idcar_200m":"CRS5490RES200mN1624200E710800","i_est_200":1,"idcar_1km":"CRS5490RES1000mN1624000E710000","i_est_1km":0,"idcar_nat":"CRS5490RES8000mN1624000E704000","groupe":1020072,"pop_carr":2.0,"men_1ind":0.3,"men_5ind":0.0,"men_prop":0.6,"men_fmp":0.1,"ind_snv":40823.3,"men_surf":65.0,"men_coll":0.1,"men_mais":0.7,"log_av45":0.0,"log_45_70":0.2,"log_70_90":0.1,"log_ap_90":0.5,"log_inc":0.0,"log_soc":0.0,"ind_0_3":0.1,"ind_4_5":0.0,"ind_6_10":0.1,"ind_11_17":0.2,"ind_18_24":0.1,"ind_25_39":0.1,"ind_40_54":0.5,"ind_55_64":0.3,"ind_65_79":0.4,"ind_80p":0.2,"ind_inc":0.0,"men_pauv":0.3,"men":0.8,"lcog_geo":"97224","year":"2017","com_arm_code":["97224"],"com_code":["97224"],"com_arm_name":["Saint-Joseph"],"com_name":["Saint-Joseph"],"epci_name":["CA du Centre de la Martinique"],"epci_code":["249720061"],"dep_name":["Martinique"],"dep_code":["972"],"reg_name":["Martinique"],"reg_code":["02"]}},{"type":"Feature","geometry":{"coordinates":[[[-61.04074568279485,14.659689807607286],[-61.04072961039391,14.661497043190298],[-61.038873257697894,14.661481387584818],[-61.03888934530318,14.659674154015214],[-61.04074568279485,14.659689807607286]]],"type":"Polygon"},"properties":{"geo_point_2d":{"lon":-61.03980947419783,"lat":14.660585599335635},"idcar_200m":"CRS5490RES200mN1621600E711000","i_est_200":1,"idcar_1km":"CRS5490RES1000mN1621000E711000","i_est_1km":0,"idcar_nat":"CRS5490RES1000mN1621000E711000","groupe":1019642,"pop_carr":16.0,"men_1ind":2.9,"men_5ind":0.5,"men_prop":4.5,"men_fmp":0.7,"ind_snv":361614.1,"men_surf":659.5,"men_coll":1.8,"men_mais":5.3,"log_av45":0.0,"log_45_70":0.6,"log_70_90":1.2,"log_ap_90":4.7,"log_inc":0.6,"log_soc":0.0,"ind_0_3":0.4,"ind_4_5":0.2,"ind_6_10":0.8,"ind_11_17":1.5,"ind_18_24":1.1,"ind_25_39":1.3,"ind_40_54":3.6,"ind_55_64":3.0,"ind_65_79":3.4,"ind_80p":0.6,"ind_inc":0.1,"men_pauv":2.2,"men":7.1,"lcog_geo":"97224","year":"2017","com_arm_code":["97224"],"com_code":["97224"],"com_arm_name":["Saint-Joseph"],"com_name":["Saint-Joseph"],"epci_name":["CA du Centre de la Martinique"],"epci_code":["249720061"],"dep_name":["Martinique"],"dep_code":["972"],"reg_name":["Martinique"],"reg_code":["02"]}},{"type":"Feature","geometry":{"coordinates":[[[-61.012803016495596,14.670296676144464],[-61.01278670264082,14.672103879536968],[-61.01093029195461,14.672087989625055],[-61.010946621024964,14.670280788274694],[-61.012803016495596,14.670296676144464]]],"type":"Polygon"},"properties":{"geo_point_2d":{"lon":-61.011866658181475,"lat":14.671192334632456},"idcar_200m":"CRS5490RES200mN1622800E714000","i_est_200":1,"idcar_1km":"CRS5490RES1000mN1622000E714000","i_est_1km":1,"idcar_nat":"CRS5490RES2000mN1622000E714000","groupe":398694,"pop_carr":2.0,"men_1ind":0.2,"men_5ind":0.1,"men_prop":0.7,"men_fmp":0.1,"ind_snv":40105.5,"men_surf":76.0,"men_coll":0.0,"men_mais":0.8,"log_av45":0.0,"log_45_70":0.1,"log_70_90":0.1,"log_ap_90":0.5,"log_inc":0.1,"log_soc":0.0,"ind_0_3":0.0,"ind_4_5":0.1,"ind_6_10":0.0,"ind_11_17":0.3,"ind_18_24":0.1,"ind_25_39":0.1,"ind_40_54":0.5,"ind_55_64":0.4,"ind_65_79":0.3,"ind_80p":0.2,"ind_inc":0.0,"men_pauv":0.2,"men":0.8,"lcog_geo":"97224","year":"2017","com_arm_code":["97224"],"com_code":["97224"],"com_arm_name":["Saint-Joseph"],"com_name":["Saint-Joseph"],"epci_name":["CA du Centre de la Martinique"],"epci_code":["249720061"],"dep_name":["Martinique"],"dep_code":["972"],"reg_name":["Martinique"],"reg_code":["02"]}},{"type":"Feature","geometry":{"coordinates":[[[-61.03143171833646,14.663225842321166],[-61.03141556549073,14.665033067222382],[-61.0295591934192,14.665017333550937],[-61.02957536147302,14.663210110672717],[-61.03143171833646,14.663225842321166]]],"type":"Polygon"},"properties":{"geo_point_2d":{"lon":-61.03049545983093,"lat":14.664121589678341},"idcar_200m":"CRS5490RES200mN1622000E712000","i_est_200":0,"idcar_1km":"CRS5490RES1000mN1622000E712000","i_est_1km":0,"idcar_nat":"CRS5490RES1000mN1622000E712000","groupe":1019925,"pop_carr":45.5,"men_1ind":1.0,"men_5ind":1.0,"men_prop":14.0,"men_fmp":5.0,"ind_snv":1685330.1,"men_surf":1824.0,"men_coll":1.0,"men_mais":16.0,"log_av45":0.0,"log_45_70":1.0,"log_70_90":2.0,"log_ap_90":14.0,"log_inc":0.0,"log_soc":0.0,"ind_0_3":3.0,"ind_4_5":1.0,"ind_6_10":5.0,"ind_11_17":2.5,"ind_18_24":4.0,"ind_25_39":3.0,"ind_40_54":14.0,"ind_55_64":7.0,"ind_65_79":5.0,"ind_80p":1.0,"ind_inc":0.0,"men_pauv":0.0,"men":17.0,"lcog_geo":"97224","year":"2017","com_arm_code":["97224"],"com_code":["97224"],"com_arm_name":["Saint-Joseph"],"com_name":["Saint-Joseph"],"epci_name":["CA du Centre de la Martinique"],"epci_code":["249720061"],"dep_name":["Martinique"],"dep_code":["972"],"reg_name":["Martinique"],"reg_code":["02"]}},{"type":"Feature","geometry":{"coordinates":[[[-61.06287881596896,14.676141821759396],[-61.06286290643553,14.677949078677791],[-61.06100639051713,14.677933582812035],[-61.061022315274684,14.676126327884484],[-61.06287881596896,14.676141821759396]]],"type":"Polygon"},"properties":{"geo_point_2d":{"lon":-61.061942607197714,"lat":14.677037704021108},"idcar_200m":"CRS5490RES200mN1623400E708600","i_est_200":0,"idcar_1km":"CRS5490RES1000mN1623000E708000","i_est_1km":0,"idcar_nat":"CRS5490RES1000mN1623000E708000","groupe":1019852,"pop_carr":41.0,"men_1ind":12.0,"men_5ind":0.0,"men_prop":17.0,"men_fmp":6.0,"ind_snv":663835.2,"men_surf":1818.1,"men_coll":2.0,"men_mais":20.0,"log_av45":0.0,"log_45_70":2.0,"log_70_90":4.0,"log_ap_90":15.0,"log_inc":1.0,"log_soc":0.0,"ind_0_3":0.0,"ind_4_5":0.0,"ind_6_10":5.0,"ind_11_17":6.0,"ind_18_24":3.0,"ind_25_39":1.0,"ind_40_54":11.0,"ind_55_64":5.0,"ind_65_79":9.0,"ind_80p":1.0,"ind_inc":0.0,"men_pauv":11.0,"men":22.0,"lcog_geo":"97224","year":"2017","com_arm_code":["97224"],"com_code":["97224"],"com_arm_name":["Saint-Joseph"],"com_name":["Saint-Joseph"],"epci_name":["CA du Centre de la Martinique"],"epci_code":["249720061"],"dep_name":["Martinique"],"dep_code":["972"],"reg_name":["Martinique"],"reg_code":["02"]}},{"type":"Feature","geometry":{"coordinates":[[[-61.007233836791414,14.670248968097823],[-61.00721747729021,14.672056165358164],[-61.00536107331617,14.67204023100336],[-61.005377448032675,14.670233035790886],[-61.007233836791414,14.670248968097823]]],"type":"Polygon"},"properties":{"geo_point_2d":{"lon":-61.006297459010526,"lat":14.671144601299712},"idcar_200m":"CRS5490RES200mN1622800E714600","i_est_200":1,"idcar_1km":"CRS5490RES1000mN1622000E714000","i_est_1km":1,"idcar_nat":"CRS5490RES2000mN1622000E714000","groupe":398694,"pop_carr":6.0,"men_1ind":0.6,"men_5ind":0.2,"men_prop":2.0,"men_fmp":0.3,"ind_snv":120316.6,"men_surf":228.1,"men_coll":0.1,"men_mais":2.3,"log_av45":0.1,"log_45_70":0.3,"log_70_90":0.2,"log_ap_90":1.6,"log_inc":0.2,"log_soc":0.0,"ind_0_3":0.0,"ind_4_5":0.2,"ind_6_10":0.1,"ind_11_17":1.0,"ind_18_24":0.3,"ind_25_39":0.2,"ind_40_54":1.7,"ind_55_64":1.2,"ind_65_79":0.8,"ind_80p":0.5,"ind_inc":0.0,"men_pauv":0.7,"men":2.4,"lcog_geo":"97224","year":"2017","com_arm_code":["97224"],"com_code":["97224"],"com_arm_name":["Saint-Joseph"],"com_name":["Saint-Joseph"],"epci_name":["CA du Centre de la Martinique"],"epci_code":["249720061"],"dep_name":["Martinique"],"dep_code":["972"],"reg_name":["Martinique"],"reg_code":["02"]}},{"type":"Feature","geometry":{"coordinates":[[[-61.044233576506564,14.685022397745659],[-61.044217503744505,14.686829633179917],[-61.04236093356557,14.686813979045294],[-61.042377021561315,14.685006745621063],[-61.044233576506564,14.685022397745659]]],"type":"Polygon"},"properties":{"geo_point_2d":{"lon":-61.04329725899455,"lat":14.685918190136446},"idcar_200m":"CRS5490RES200mN1624400E710600","i_est_200":1,"idcar_1km":"CRS5490RES1000mN1624000E710000","i_est_1km":0,"idcar_nat":"CRS5490RES8000mN1624000E704000","groupe":1020072,"pop_carr":8.0,"men_1ind":1.0,"men_5ind":0.2,"men_prop":2.2,"men_fmp":0.6,"ind_snv":163293.0,"men_surf":259.9,"men_coll":0.3,"men_mais":3.0,"log_av45":0.1,"log_45_70":0.6,"log_70_90":0.5,"log_ap_90":2.0,"log_inc":0.1,"log_soc":0.0,"ind_0_3":0.4,"ind_4_5":0.0,"ind_6_10":0.3,"ind_11_17":0.7,"ind_18_24":0.4,"ind_25_39":0.7,"ind_40_54":2.0,"ind_55_64":1.2,"ind_65_79":1.5,"ind_80p":0.7,"ind_inc":0.1,"men_pauv":1.2,"men":3.3,"lcog_geo":"97224","year":"2017","com_arm_code":["97224"],"com_code":["97224"],"com_arm_name":["Saint-Joseph"],"com_name":["Saint-Joseph"],"epci_name":["CA du Centre de la Martinique"],"epci_code":["249720061"],"dep_name":["Martinique"],"dep_code":["972"],"reg_name":["Martinique"],"reg_code":["02"]}},{"type":"Feature","geometry":{"coordinates":[[[-61.0461061889822,14.683230797300647],[-61.04609013365024,14.68503803504109],[-61.044233576506564,14.685022397745659],[-61.04424964707021,14.683215162013319],[-61.0461061889822,14.683230797300647]]],"type":"Polygon"},"properties":{"geo_point_2d":{"lon":-61.04516988670221,"lat":14.68412659926348},"idcar_200m":"CRS5490RES200mN1624200E710400","i_est_200":1,"idcar_1km":"CRS5490RES1000mN1624000E710000","i_est_1km":0,"idcar_nat":"CRS5490RES8000mN1624000E704000","groupe":1020072,"pop_carr":9.0,"men_1ind":1.2,"men_5ind":0.2,"men_prop":2.5,"men_fmp":0.6,"ind_snv":183704.6,"men_surf":292.3,"men_coll":0.3,"men_mais":3.4,"log_av45":0.1,"log_45_70":0.7,"log_70_90":0.5,"log_ap_90":2.2,"log_inc":0.2,"log_soc":0.0,"ind_0_3":0.4,"ind_4_5":0.0,"ind_6_10":0.3,"ind_11_17":0.8,"ind_18_24":0.5,"ind_25_39":0.7,"ind_40_54":2.3,"ind_55_64":1.4,"ind_65_79":1.7,"ind_80p":0.8,"ind_inc":0.1,"men_pauv":1.4,"men":3.7,"lcog_geo":"97224","year":"2017","com_arm_code":["97224"],"com_code":["97224"],"com_arm_name":["Saint-Joseph"],"com_name":["Saint-Joseph"],"epci_name":["CA du Centre de la Martinique"],"epci_code":["249720061"],"dep_name":["Martinique"],"dep_code":["972"],"reg_name":["Martinique"],"reg_code":["02"]}},{"type":"Feature","geometry":{"coordinates":[[[-61.04089023535105,14.643424673969783],[-61.04087418275952,14.645231912230463],[-61.039017966827785,14.64521627474451],[-61.03903403460493,14.643409038496939],[-61.04089023535105,14.643424673969783]]],"type":"Polygon"},"properties":{"geo_point_2d":{"lon":-61.0399541050362,"lat":14.644320476095222},"idcar_200m":"CRS5490RES200mN1619800E711000","i_est_200":0,"idcar_1km":"CRS5490RES1000mN1619000E711000","i_est_1km":0,"idcar_nat":"CRS5490RES1000mN1619000E711000","groupe":1019290,"pop_carr":46.0,"men_1ind":8.0,"men_5ind":1.0,"men_prop":12.0,"men_fmp":3.0,"ind_snv":937937.9,"men_surf":1842.0,"men_coll":14.0,"men_mais":6.0,"log_av45":0.0,"log_45_70":0.0,"log_70_90":2.0,"log_ap_90":18.0,"log_inc":0.0,"log_soc":0.0,"ind_0_3":3.0,"ind_4_5":0.0,"ind_6_10":4.0,"ind_11_17":7.0,"ind_18_24":4.0,"ind_25_39":5.0,"ind_40_54":12.0,"ind_55_64":9.0,"ind_65_79":2.0,"ind_80p":0.0,"ind_inc":0.0,"men_pauv":8.0,"men":20.0,"lcog_geo":"9722497213","year":"2017","com_arm_code":["97224"],"com_code":["97224"],"com_arm_name":["Saint-Joseph"],"com_name":["Saint-Joseph"],"epci_name":["CA du Centre de la Martinique"],"epci_code":["249720061"],"dep_name":["Martinique"],"dep_code":["972"],"reg_name":["Martinique"],"reg_code":["02"]}},{"type":"Feature","geometry":{"coordinates":[[[-61.04247350332824,14.674163338816824],[-61.04245742853422,14.675970574029135],[-61.04060095192622,14.675954917134739],[-61.04061704194134,14.674147683934187],[-61.04247350332824,14.674163338816824]]],"type":"Polygon"},"properties":{"geo_point_2d":{"lon":-61.04153723158272,"lat":14.675059129716225},"idcar_200m":"CRS5490RES200mN1623200E710800","i_est_200":1,"idcar_1km":"CRS5490RES1000mN1623000E710000","i_est_1km":0,"idcar_nat":"CRS5490RES1000mN1623000E710000","groupe":1019867,"pop_carr":24.0,"men_1ind":4.8,"men_5ind":0.6,"men_prop":8.6,"men_fmp":1.6,"ind_snv":548117.9,"men_surf":1071.1,"men_coll":1.3,"men_mais":10.1,"log_av45":0.5,"log_45_70":1.4,"log_70_90":3.0,"log_ap_90":5.9,"log_inc":0.6,"log_soc":0.0,"ind_0_3":0.2,"ind_4_5":0.5,"ind_6_10":1.2,"ind_11_17":2.1,"ind_18_24":0.9,"ind_25_39":2.7,"ind_40_54":5.0,"ind_55_64":5.6,"ind_65_79":4.2,"ind_80p":1.6,"ind_inc":0.0,"men_pauv":3.6,"men":11.4,"lcog_geo":"97224","year":"2017","com_arm_code":["97224"],"com_code":["97224"],"com_arm_name":["Saint-Joseph"],"com_name":["Saint-Joseph"],"epci_name":["CA du Centre de la Martinique"],"epci_code":["249720061"],"dep_name":["Martinique"],"dep_code":["972"],"reg_name":["Martinique"],"reg_code":["02"]}},{"type":"Feature","geometry":{"coordinates":[[[-61.044346024290036,14.672371741361799],[-61.04432996691512,14.674178978881818],[-61.04247350332824,14.674163338816824],[-61.04248957592226,14.67235610330663],[-61.044346024290036,14.672371741361799]]],"type":"Polygon"},"properties":{"geo_point_2d":{"lon":-61.043409767763976,"lat":14.673267541829114},"idcar_200m":"CRS5490RES200mN1623000E710600","i_est_200":1,"idcar_1km":"CRS5490RES1000mN1623000E710000","i_est_1km":0,"idcar_nat":"CRS5490RES1000mN1623000E710000","groupe":1019867,"pop_carr":22.0,"men_1ind":4.4,"men_5ind":0.5,"men_prop":7.9,"men_fmp":1.5,"ind_snv":502441.4,"men_surf":981.8,"men_coll":1.2,"men_mais":9.3,"log_av45":0.4,"log_45_70":1.3,"log_70_90":2.8,"log_ap_90":5.5,"log_inc":0.5,"log_soc":0.0,"ind_0_3":0.2,"ind_4_5":0.4,"ind_6_10":1.1,"ind_11_17":1.9,"ind_18_24":0.9,"ind_25_39":2.5,"ind_40_54":4.6,"ind_55_64":5.1,"ind_65_79":3.8,"ind_80p":1.5,"ind_inc":0.0,"men_pauv":3.3,"men":10.5,"lcog_geo":"97224","year":"2017","com_arm_code":["97224"],"com_code":["97224"],"com_arm_name":["Saint-Joseph"],"com_name":["Saint-Joseph"],"epci_name":["CA du Centre de la Martinique"],"epci_code":["249720061"],"dep_name":["Martinique"],"dep_code":["972"],"reg_name":["Martinique"],"reg_code":["02"]}},{"type":"Feature","geometry":{"coordinates":[[[-61.066560063543974,14.679787286539058],[-61.06654418011278,14.681594546838289],[-61.064687629387144,14.681579076643104],[-61.064703528046785,14.679771818330977],[-61.066560063543974,14.679787286539058]]],"type":"Polygon"},"properties":{"geo_point_2d":{"lon":-61.065623850421034,"lat":14.68068318332586},"idcar_200m":"CRS5490RES200mN1623800E708200","i_est_200":1,"idcar_1km":"CRS5490RES1000mN1623000E708000","i_est_1km":0,"idcar_nat":"CRS5490RES1000mN1623000E708000","groupe":1019849,"pop_carr":6.0,"men_1ind":1.0,"men_5ind":0.1,"men_prop":2.1,"men_fmp":0.4,"ind_snv":110528.7,"men_surf":221.7,"men_coll":0.2,"men_mais":2.5,"log_av45":0.0,"log_45_70":0.6,"log_70_90":0.4,"log_ap_90":1.6,"log_inc":0.1,"log_soc":0.0,"ind_0_3":0.0,"ind_4_5":0.0,"ind_6_10":0.1,"ind_11_17":0.5,"ind_18_24":0.3,"ind_25_39":0.7,"ind_40_54":1.5,"ind_55_64":1.5,"ind_65_79":1.0,"ind_80p":0.4,"ind_inc":0.0,"men_pauv":0.9,"men":2.7,"lcog_geo":"97224","year":"2017","com_arm_code":["97224"],"com_code":["97224"],"com_arm_name":["Saint-Joseph"],"com_name":["Saint-Joseph"],"epci_name":["CA du Centre de la Martinique"],"epci_code":["249720061"],"dep_name":["Martinique"],"dep_code":["972"],"reg_name":["Martinique"],"reg_code":["02"]}},{"type":"Feature","geometry":{"coordinates":[[[-61.04069745898754,14.665111513463216],[-61.04068137998193,14.666918748153062],[-61.038824981660355,14.666903086507174],[-61.03884107587656,14.66509585383083],[-61.04069745898754,14.665111513463216]]],"type":"Polygon"},"properties":{"geo_point_2d":{"lon":-61.03976122427696,"lat":14.666007301725276},"idcar_200m":"CRS5490RES200mN1622200E711000","i_est_200":1,"idcar_1km":"CRS5490RES1000mN1622000E711000","i_est_1km":0,"idcar_nat":"CRS5490RES1000mN1622000E711000","groupe":1019897,"pop_carr":15.5,"men_1ind":2.9,"men_5ind":0.8,"men_prop":4.6,"men_fmp":1.1,"ind_snv":379662.8,"men_surf":626.7,"men_coll":2.7,"men_mais":3.9,"log_av45":0.2,"log_45_70":0.8,"log_70_90":0.6,"log_ap_90":4.1,"log_inc":0.9,"log_soc":0.0,"ind_0_3":0.7,"ind_4_5":0.3,"ind_6_10":1.3,"ind_11_17":1.1,"ind_18_24":1.2,"ind_25_39":2.4,"ind_40_54":2.9,"ind_55_64":2.4,"ind_65_79":2.5,"ind_80p":0.7,"ind_inc":0.0,"men_pauv":1.6,"men":6.6,"lcog_geo":"97224","year":"2017","com_arm_code":["97224"],"com_code":["97224"],"com_arm_name":["Saint-Joseph"],"com_name":["Saint-Joseph"],"epci_name":["CA du Centre de la Martinique"],"epci_code":["249720061"],"dep_name":["Martinique"],"dep_code":["972"],"reg_name":["Martinique"],"reg_code":["02"]}},{"type":"Feature","geometry":{"coordinates":[[[-61.01651581413421,14.670328407446258],[-61.016499530710796,14.672135614917362],[-61.01464311556023,14.672119754634437],[-61.01465941419938,14.670312549201679],[-61.01651581413421,14.670328407446258]]],"type":"Polygon"},"properties":{"geo_point_2d":{"lon":-61.01557946880337,"lat":14.671224082787097},"idcar_200m":"CRS5490RES200mN1622800E713600","i_est_200":1,"idcar_1km":"CRS5490RES1000mN1622000E713000","i_est_1km":0,"idcar_nat":"CRS5490RES1000mN1622000E713000","groupe":1019908,"pop_carr":11.0,"men_1ind":1.8,"men_5ind":0.3,"men_prop":3.8,"men_fmp":0.6,"ind_snv":250678.1,"men_surf":482.0,"men_coll":1.6,"men_mais":3.5,"log_av45":0.1,"log_45_70":0.8,"log_70_90":1.6,"log_ap_90":2.4,"log_inc":0.2,"log_soc":0.0,"ind_0_3":0.5,"ind_4_5":0.1,"ind_6_10":0.5,"ind_11_17":0.6,"ind_18_24":0.6,"ind_25_39":0.6,"ind_40_54":2.6,"ind_55_64":1.3,"ind_65_79":2.9,"ind_80p":1.3,"ind_inc":0.0,"men_pauv":1.4,"men":5.1,"lcog_geo":"97224","year":"2017","com_arm_code":["97224"],"com_code":["97224"],"com_arm_name":["Saint-Joseph"],"com_name":["Saint-Joseph"],"epci_name":["CA du Centre de la Martinique"],"epci_code":["249720061"],"dep_name":["Martinique"],"dep_code":["972"],"reg_name":["Martinique"],"reg_code":["02"]}},{"type":"Feature","geometry":{"coordinates":[[[-61.053787991542286,14.654377217626644],[-61.05377203213445,14.656184468142396],[-61.05191570968046,14.656168922168458],[-61.05193168428702,14.654361673652685],[-61.053787991542286,14.654377217626644]]],"type":"Polygon"},"properties":{"geo_point_2d":{"lon":-61.05285185456044,"lat":14.655273071633314},"idcar_200m":"CRS5490RES200mN1621000E709600","i_est_200":0,"idcar_1km":"CRS5490RES1000mN1621000E709000","i_est_1km":0,"idcar_nat":"CRS5490RES1000mN1621000E709000","groupe":1019601,"pop_carr":48.0,"men_1ind":6.0,"men_5ind":1.0,"men_prop":19.0,"men_fmp":0.0,"ind_snv":1312654.1,"men_surf":1896.0,"men_coll":8.0,"men_mais":15.0,"log_av45":0.0,"log_45_70":0.0,"log_70_90":23.0,"log_ap_90":0.0,"log_inc":0.0,"log_soc":0.0,"ind_0_3":1.0,"ind_4_5":0.0,"ind_6_10":0.0,"ind_11_17":2.0,"ind_18_24":1.0,"ind_25_39":3.0,"ind_40_54":5.0,"ind_55_64":5.0,"ind_65_79":26.0,"ind_80p":4.0,"ind_inc":1.0,"men_pauv":2.0,"men":23.0,"lcog_geo":"97224","year":"2017","com_arm_code":["97224"],"com_code":["97224"],"com_arm_name":["Saint-Joseph"],"com_name":["Saint-Joseph"],"epci_name":["CA du Centre de la Martinique"],"epci_code":["249720061"],"dep_name":["Martinique"],"dep_code":["972"],"reg_name":["Martinique"],"reg_code":["02"]}},{"type":"Feature","geometry":{"coordinates":[[[-61.05156371443781,14.695928314213807],[-61.05154768946902,14.697735555880861],[-61.04969101906066,14.697719949055713],[-61.049707059275974,14.695912709391283],[-61.05156371443781,14.695928314213807]]],"type":"Polygon"},"properties":{"geo_point_2d":{"lon":-61.05062737071036,"lat":14.696824133374838},"idcar_200m":"CRS5490RES200mN1625600E709800","i_est_200":1,"idcar_1km":"CRS5490RES1000mN1625000E709000","i_est_1km":1,"idcar_nat":"CRS5490RES8000mN1624000E704000","groupe":174613,"pop_carr":7.0,"men_1ind":1.0,"men_5ind":0.3,"men_prop":2.9,"men_fmp":0.5,"ind_snv":116064.4,"men_surf":276.9,"men_coll":0.3,"men_mais":3.1,"log_av45":0.0,"log_45_70":0.3,"log_70_90":0.0,"log_ap_90":3.1,"log_inc":0.0,"log_soc":0.0,"ind_0_3":0.0,"ind_4_5":0.0,"ind_6_10":0.2,"ind_11_17":0.0,"ind_18_24":0.3,"ind_25_39":0.8,"ind_40_54":3.4,"ind_55_64":1.8,"ind_65_79":0.5,"ind_80p":0.0,"ind_inc":0.0,"men_pauv":1.6,"men":3.4,"lcog_geo":"97224","year":"2017","com_arm_code":["97224"],"com_code":["97224"],"com_arm_name":["Saint-Joseph"],"com_name":["Saint-Joseph"],"epci_name":["CA du Centre de la Martinique"],"epci_code":["249720061"],"dep_name":["Martinique"],"dep_code":["972"],"reg_name":["Martinique"],"reg_code":["02"]}},{"type":"Feature","geometry":{"coordinates":[[[-61.04079388678966,14.65426809907246],[-61.04077782099264,14.656075335548326],[-61.03892151390344,14.656059685982978],[-61.038937594898584,14.654252451520414],[-61.04079388678966,14.65426809907246]]],"type":"Polygon"},"properties":{"geo_point_2d":{"lon":-61.03985770429646,"lat":14.655163894266801},"idcar_200m":"CRS5490RES200mN1621000E711000","i_est_200":0,"idcar_1km":"CRS5490RES1000mN1621000E711000","i_est_1km":0,"idcar_nat":"CRS5490RES1000mN1621000E711000","groupe":1019645,"pop_carr":33.0,"men_1ind":6.0,"men_5ind":0.0,"men_prop":10.0,"men_fmp":4.0,"ind_snv":872947.4,"men_surf":1384.7,"men_coll":7.0,"men_mais":9.0,"log_av45":0.0,"log_45_70":1.0,"log_70_90":5.0,"log_ap_90":8.0,"log_inc":2.0,"log_soc":0.0,"ind_0_3":1.0,"ind_4_5":1.0,"ind_6_10":2.0,"ind_11_17":4.0,"ind_18_24":3.0,"ind_25_39":2.0,"ind_40_54":9.0,"ind_55_64":4.0,"ind_65_79":6.0,"ind_80p":1.0,"ind_inc":0.0,"men_pauv":3.0,"men":16.0,"lcog_geo":"97224","year":"2017","com_arm_code":["97224"],"com_code":["97224"],"com_arm_name":["Saint-Joseph"],"com_name":["Saint-Joseph"],"epci_name":["CA du Centre de la Martinique"],"epci_code":["249720061"],"dep_name":["Martinique"],"dep_code":["972"],"reg_name":["Martinique"],"reg_code":["02"]}},{"type":"Feature","geometry":{"coordinates":[[[-60.99606263406726,14.673767521664962],[-60.996046178771586,14.675574706012199],[-60.9941897578423,14.675558678655166],[-60.994206228356916,14.673751496367277],[-60.99606263406726,14.673767521664962]]],"type":"Polygon"},"properties":{"geo_point_2d":{"lon":-60.99512619991329,"lat":14.674663101912362},"idcar_200m":"CRS5490RES200mN1623200E715800","i_est_200":1,"idcar_1km":"CRS5490RES1000mN1623000E715000","i_est_1km":0,"idcar_nat":"CRS5490RES2000mN1622000E714000","groupe":1019940,"pop_carr":3.0,"men_1ind":0.3,"men_5ind":0.1,"men_prop":1.1,"men_fmp":0.2,"ind_snv":56891.5,"men_surf":118.4,"men_coll":0.0,"men_mais":1.3,"log_av45":0.0,"log_45_70":0.2,"log_70_90":0.3,"log_ap_90":0.7,"log_inc":0.1,"log_soc":0.0,"ind_0_3":0.0,"ind_4_5":0.0,"ind_6_10":0.2,"ind_11_17":0.3,"ind_18_24":0.1,"ind_25_39":0.2,"ind_40_54":0.9,"ind_55_64":0.5,"ind_65_79":0.5,"ind_80p":0.3,"ind_inc":0.0,"men_pauv":0.3,"men":1.3,"lcog_geo":"9722497212","year":"2017","com_arm_code":["97224"],"com_code":["97224"],"com_arm_name":["Saint-Joseph"],"com_name":["Saint-Joseph"],"epci_name":["CA du Centre de la Martinique"],"epci_code":["249720061"],"dep_name":["Martinique"],"dep_code":["972"],"reg_name":["Martinique"],"reg_code":["02"]}},{"type":"Feature","geometry":{"coordinates":[[[-61.02949449906174,14.672246222084006],[-61.02947831993639,14.674053443472145],[-61.02762187400773,14.674037684868203],[-61.0276380683515,14.672230465505113],[-61.02949449906174,14.672246222084006]]],"type":"Polygon"},"properties":{"geo_point_2d":{"lon":-61.02855819049055,"lat":14.6731419552197},"idcar_200m":"CRS5490RES200mN1623000E712200","i_est_200":1,"idcar_1km":"CRS5490RES1000mN1623000E712000","i_est_1km":0,"idcar_nat":"CRS5490RES1000mN1623000E712000","groupe":1019915,"pop_carr":11.0,"men_1ind":1.5,"men_5ind":0.2,"men_prop":3.3,"men_fmp":0.6,"ind_snv":283252.1,"men_surf":512.6,"men_coll":1.9,"men_mais":3.0,"log_av45":0.0,"log_45_70":0.1,"log_70_90":0.9,"log_ap_90":3.4,"log_inc":0.5,"log_soc":0.0,"ind_0_3":0.4,"ind_4_5":0.2,"ind_6_10":0.5,"ind_11_17":0.6,"ind_18_24":0.6,"ind_25_39":1.5,"ind_40_54":1.7,"ind_55_64":2.5,"ind_65_79":2.6,"ind_80p":0.4,"ind_inc":0.0,"men_pauv":1.3,"men":4.9,"lcog_geo":"97224","year":"2017","com_arm_code":["97224"],"com_code":["97224"],"com_arm_name":["Saint-Joseph"],"com_name":["Saint-Joseph"],"epci_name":["CA du Centre de la Martinique"],"epci_code":["249720061"],"dep_name":["Martinique"],"dep_code":["972"],"reg_name":["Martinique"],"reg_code":["02"]}},{"type":"Feature","geometry":{"coordinates":[[[-61.011028232850165,14.661244777048008],[-61.011011914955034,14.663051979889884],[-61.00915558256067,14.663036085383553],[-61.009171915660865,14.661228884585574],[-61.011028232850165,14.661244777048008]]],"type":"Polygon"},"properties":{"geo_point_2d":{"lon":-61.010091911659316,"lat":14.662140432963119},"idcar_200m":"CRS5490RES200mN1621800E714200","i_est_200":0,"idcar_1km":"CRS5490RES1000mN1621000E714000","i_est_1km":0,"idcar_nat":"CRS5490RES2000mN1620000E714000","groupe":1019705,"pop_carr":28.0,"men_1ind":2.0,"men_5ind":0.0,"men_prop":9.0,"men_fmp":4.0,"ind_snv":512354.6,"men_surf":939.5,"men_coll":1.0,"men_mais":10.0,"log_av45":0.0,"log_45_70":0.0,"log_70_90":1.0,"log_ap_90":9.0,"log_inc":1.0,"log_soc":0.0,"ind_0_3":0.0,"ind_4_5":1.0,"ind_6_10":2.0,"ind_11_17":3.0,"ind_18_24":4.0,"ind_25_39":3.0,"ind_40_54":4.0,"ind_55_64":7.0,"ind_65_79":4.0,"ind_80p":0.0,"ind_inc":0.0,"men_pauv":7.0,"men":11.0,"lcog_geo":"97224","year":"2017","com_arm_code":["97224"],"com_code":["97224"],"com_arm_name":["Saint-Joseph"],"com_name":["Saint-Joseph"],"epci_name":["CA du Centre de la Martinique"],"epci_code":["249720061"],"dep_name":["Martinique"],"dep_code":["972"],"reg_name":["Martinique"],"reg_code":["02"]}},{"type":"Feature","geometry":{"coordinates":[[[-61.01464311556023,14.672119754634437],[-61.01462681468995,14.673926959768858],[-61.0127703865528,14.673911082631117],[-61.01278670264082,14.672103879536968],[-61.01464311556023,14.672119754634437]]],"type":"Polygon"},"properties":{"geo_point_2d":{"lon":-61.0137067550133,"lat":14.673015420380164},"idcar_200m":"CRS5490RES200mN1623000E713800","i_est_200":0,"idcar_1km":"CRS5490RES1000mN1623000E713000","i_est_1km":0,"idcar_nat":"CRS5490RES1000mN1623000E713000","groupe":1019933,"pop_carr":33.0,"men_1ind":10.0,"men_5ind":0.0,"men_prop":13.0,"men_fmp":3.0,"ind_snv":770534.1,"men_surf":1450.7,"men_coll":7.0,"men_mais":13.0,"log_av45":0.0,"log_45_70":0.0,"log_70_90":3.0,"log_ap_90":5.0,"log_inc":12.0,"log_soc":0.0,"ind_0_3":0.0,"ind_4_5":0.0,"ind_6_10":0.0,"ind_11_17":3.0,"ind_18_24":0.0,"ind_25_39":1.0,"ind_40_54":9.0,"ind_55_64":10.0,"ind_65_79":7.0,"ind_80p":3.0,"ind_inc":0.0,"men_pauv":4.0,"men":20.0,"lcog_geo":"97224","year":"2017","com_arm_code":["97224"],"com_code":["97224"],"com_arm_name":["Saint-Joseph"],"com_name":["Saint-Joseph"],"epci_name":["CA du Centre de la Martinique"],"epci_code":["249720061"],"dep_name":["Martinique"],"dep_code":["972"],"reg_name":["Martinique"],"reg_code":["02"]}},{"type":"Feature","geometry":{"coordinates":[[[-61.051739844533685,14.676048636206229],[-61.051723843656795,14.677855881150986],[-61.049867340845644,14.677840296352889],[-61.04988335694613,14.676033053410396],[-61.051739844533685,14.676048636206229]]],"type":"Polygon"},"properties":{"geo_point_2d":{"lon":-61.05080359664505,"lat":14.676944468017796},"idcar_200m":"CRS5490RES200mN1623400E709800","i_est_200":0,"idcar_1km":"CRS5490RES1000mN1623000E709000","i_est_1km":0,"idcar_nat":"CRS5490RES1000mN1623000E709000","groupe":1019865,"pop_carr":56.0,"men_1ind":10.0,"men_5ind":1.0,"men_prop":13.0,"men_fmp":2.0,"ind_snv":962190.6,"men_surf":2134.5,"men_coll":8.0,"men_mais":18.0,"log_av45":1.0,"log_45_70":2.0,"log_70_90":0.0,"log_ap_90":8.0,"log_inc":15.0,"log_soc":0.0,"ind_0_3":1.0,"ind_4_5":1.0,"ind_6_10":5.0,"ind_11_17":4.0,"ind_18_24":4.0,"ind_25_39":2.0,"ind_40_54":14.0,"ind_55_64":14.0,"ind_65_79":10.0,"ind_80p":1.0,"ind_inc":0.0,"men_pauv":11.0,"men":26.0,"lcog_geo":"97224","year":"2017","com_arm_code":["97224"],"com_code":["97224"],"com_arm_name":["Saint-Joseph"],"com_name":["Saint-Joseph"],"epci_name":["CA du Centre de la Martinique"],"epci_code":["249720061"],"dep_name":["Martinique"],"dep_code":["972"],"reg_name":["Martinique"],"reg_code":["02"]}},{"type":"Feature","geometry":{"coordinates":[[[-61.0481390293961,14.663366760889009],[-61.04812301342708,14.665174003911451],[-61.04626662152201,14.665158403511748],[-61.04628265269991,14.663351162495166],[-61.0481390293961,14.663366760889009]]],"type":"Polygon"},"properties":{"geo_point_2d":{"lon":-61.04720282941107,"lat":14.6642625839384},"idcar_200m":"CRS5490RES200mN1622000E710200","i_est_200":0,"idcar_1km":"CRS5490RES1000mN1622000E710000","i_est_1km":0,"idcar_nat":"CRS5490RES1000mN1622000E710000","groupe":1019876,"pop_carr":29.5,"men_1ind":5.0,"men_5ind":2.0,"men_prop":5.0,"men_fmp":2.0,"ind_snv":608326.5,"men_surf":925.0,"men_coll":2.0,"men_mais":9.0,"log_av45":0.0,"log_45_70":3.0,"log_70_90":5.0,"log_ap_90":3.0,"log_inc":0.0,"log_soc":0.0,"ind_0_3":3.0,"ind_4_5":1.0,"ind_6_10":1.5,"ind_11_17":5.0,"ind_18_24":3.0,"ind_25_39":2.0,"ind_40_54":7.0,"ind_55_64":1.0,"ind_65_79":4.0,"ind_80p":2.0,"ind_inc":0.0,"men_pauv":4.0,"men":11.0,"lcog_geo":"97224","year":"2017","com_arm_code":["97224"],"com_code":["97224"],"com_arm_name":["Saint-Joseph"],"com_name":["Saint-Joseph"],"epci_name":["CA du Centre de la Martinique"],"epci_code":["249720061"],"dep_name":["Martinique"],"dep_code":["972"],"reg_name":["Martinique"],"reg_code":["02"]}},{"type":"Feature","geometry":{"coordinates":[[[-61.02390898880244,14.674006123209354],[-61.02389276180128,14.675813338218418],[-61.02203630730858,14.675797533132895],[-61.022052549529995,14.673990320154628],[-61.02390898880244,14.674006123209354]]],"type":"Polygon"},"properties":{"geo_point_2d":{"lon":-61.02297265201222,"lat":14.674901829916312},"idcar_200m":"CRS5490RES200mN1623200E712800","i_est_200":0,"idcar_1km":"CRS5490RES1000mN1623000E712000","i_est_1km":0,"idcar_nat":"CRS5490RES1000mN1623000E712000","groupe":1019918,"pop_carr":48.0,"men_1ind":9.0,"men_5ind":0.0,"men_prop":18.0,"men_fmp":2.0,"ind_snv":1172269.5,"men_surf":2297.0,"men_coll":8.0,"men_mais":16.0,"log_av45":0.0,"log_45_70":1.0,"log_70_90":11.0,"log_ap_90":12.0,"log_inc":0.0,"log_soc":0.0,"ind_0_3":2.0,"ind_4_5":0.0,"ind_6_10":3.0,"ind_11_17":3.0,"ind_18_24":1.0,"ind_25_39":4.0,"ind_40_54":9.0,"ind_55_64":12.0,"ind_65_79":13.0,"ind_80p":1.0,"ind_inc":0.0,"men_pauv":5.0,"men":24.0,"lcog_geo":"97224","year":"2017","com_arm_code":["97224"],"com_code":["97224"],"com_arm_name":["Saint-Joseph"],"com_name":["Saint-Joseph"],"epci_name":["CA du Centre de la Martinique"],"epci_code":["249720061"],"dep_name":["Martinique"],"dep_code":["972"],"reg_name":["Martinique"],"reg_code":["02"]}},{"type":"Feature","geometry":{"coordinates":[[[-61.05380394876359,14.65256996681355],[-61.053787991542286,14.654377217626644],[-61.05193168428702,14.654361673652685],[-61.05194765670493,14.652554424839552],[-61.05380394876359,14.65256996681355]]],"type":"Polygon"},"properties":{"geo_point_2d":{"lon":-61.052867820473836,"lat":14.653465821968714},"idcar_200m":"CRS5490RES200mN1620800E709600","i_est_200":1,"idcar_1km":"CRS5490RES1000mN1620000E709000","i_est_1km":0,"idcar_nat":"CRS5490RES1000mN1620000E709000","groupe":1019613,"pop_carr":17.0,"men_1ind":1.4,"men_5ind":0.8,"men_prop":3.2,"men_fmp":2.4,"ind_snv":443979.0,"men_surf":609.1,"men_coll":3.0,"men_mais":4.1,"log_av45":0.4,"log_45_70":0.6,"log_70_90":1.8,"log_ap_90":3.3,"log_inc":1.0,"log_soc":0.0,"ind_0_3":1.0,"ind_4_5":0.6,"ind_6_10":1.4,"ind_11_17":1.2,"ind_18_24":1.2,"ind_25_39":2.4,"ind_40_54":3.7,"ind_55_64":1.2,"ind_65_79":2.9,"ind_80p":1.4,"ind_inc":0.0,"men_pauv":1.2,"men":7.1,"lcog_geo":"97224","year":"2017","com_arm_code":["97224"],"com_code":["97224"],"com_arm_name":["Saint-Joseph"],"com_name":["Saint-Joseph"],"epci_name":["CA du Centre de la Martinique"],"epci_code":["249720061"],"dep_name":["Martinique"],"dep_code":["972"],"reg_name":["Martinique"],"reg_code":["02"]}},{"type":"Feature","geometry":{"coordinates":[[[-61.02382783158673,14.683042195271861],[-61.023811593480204,14.684849408789349],[-61.02195506285505,14.684833593549364],[-61.021971316192236,14.683026382062833],[-61.02382783158673,14.683042195271861]]],"type":"Polygon"},"properties":{"geo_point_2d":{"lon":-61.022891451180186,"lat":14.683937896156634},"idcar_200m":"CRS5490RES200mN1624200E712800","i_est_200":0,"idcar_1km":"CRS5490RES1000mN1624000E712000","i_est_1km":0,"idcar_nat":"CRS5490RES1000mN1624000E712000","groupe":1020082,"pop_carr":37.0,"men_1ind":3.0,"men_5ind":2.0,"men_prop":9.0,"men_fmp":3.0,"ind_snv":794458.8,"men_surf":1233.0,"men_coll":0.0,"men_mais":14.0,"log_av45":0.0,"log_45_70":7.0,"log_70_90":2.0,"log_ap_90":5.0,"log_inc":0.0,"log_soc":0.0,"ind_0_3":2.0,"ind_4_5":0.0,"ind_6_10":1.0,"ind_11_17":1.0,"ind_18_24":7.0,"ind_25_39":2.0,"ind_40_54":12.0,"ind_55_64":6.0,"ind_65_79":4.0,"ind_80p":2.0,"ind_inc":0.0,"men_pauv":5.0,"men":14.0,"lcog_geo":"97224","year":"2017","com_arm_code":["97224"],"com_code":["97224"],"com_arm_name":["Saint-Joseph"],"com_name":["Saint-Joseph"],"epci_name":["CA du Centre de la Martinique"],"epci_code":["249720061"],"dep_name":["Martinique"],"dep_code":["972"],"reg_name":["Martinique"],"reg_code":["02"]}},{"type":"Feature","geometry":{"coordinates":[[[-61.05932509661634,14.658038273476379],[-61.05930917844424,14.659845529386093],[-61.05745281903239,14.659830023821025],[-61.057468752407615,14.658022769905648],[-61.05932509661634,14.658038273476379]]],"type":"Polygon"},"properties":{"geo_point_2d":{"lon":-61.0583889617741,"lat":14.658934150383377},"idcar_200m":"CRS5490RES200mN1621400E709000","i_est_200":1,"idcar_1km":"CRS5490RES1000mN1621000E709000","i_est_1km":0,"idcar_nat":"CRS5490RES1000mN1621000E709000","groupe":1019598,"pop_carr":24.0,"men_1ind":3.2,"men_5ind":0.6,"men_prop":7.5,"men_fmp":1.3,"ind_snv":643810.6,"men_surf":924.9,"men_coll":2.0,"men_mais":8.0,"log_av45":0.1,"log_45_70":1.6,"log_70_90":3.3,"log_ap_90":4.1,"log_inc":0.9,"log_soc":0.0,"ind_0_3":0.6,"ind_4_5":0.6,"ind_6_10":0.7,"ind_11_17":1.7,"ind_18_24":0.6,"ind_25_39":3.5,"ind_40_54":3.9,"ind_55_64":5.8,"ind_65_79":5.3,"ind_80p":1.2,"ind_inc":0.1,"men_pauv":1.2,"men":10.0,"lcog_geo":"97224","year":"2017","com_arm_code":["97224"],"com_code":["97224"],"com_arm_name":["Saint-Joseph"],"com_name":["Saint-Joseph"],"epci_name":["CA du Centre de la Martinique"],"epci_code":["249720061"],"dep_name":["Martinique"],"dep_code":["972"],"reg_name":["Martinique"],"reg_code":["02"]}},{"type":"Feature","geometry":{"coordinates":[[[-61.06108599251326,14.668897305198499],[-61.061070076472184,14.670704561316304],[-61.05921362361677,14.670689058599098],[-61.059229554873546,14.668881804473916],[-61.06108599251326,14.668897305198499]]],"type":"Polygon"},"properties":{"geo_point_2d":{"lon":-61.06014981201775,"lat":14.669793183633999},"idcar_200m":"CRS5490RES200mN1622600E708800","i_est_200":1,"idcar_1km":"CRS5490RES1000mN1622000E708000","i_est_1km":0,"idcar_nat":"CRS5490RES1000mN1622000E708000","groupe":1019853,"pop_carr":16.0,"men_1ind":2.2,"men_5ind":0.2,"men_prop":4.3,"men_fmp":1.5,"ind_snv":273894.8,"men_surf":493.1,"men_coll":1.5,"men_mais":5.9,"log_av45":0.4,"log_45_70":1.5,"log_70_90":1.1,"log_ap_90":3.9,"log_inc":0.5,"log_soc":0.0,"ind_0_3":0.0,"ind_4_5":0.4,"ind_6_10":0.6,"ind_11_17":1.3,"ind_18_24":0.7,"ind_25_39":2.4,"ind_40_54":4.3,"ind_55_64":2.6,"ind_65_79":3.0,"ind_80p":0.7,"ind_inc":0.0,"men_pauv":3.0,"men":7.4,"lcog_geo":"97224","year":"2017","com_arm_code":["97224"],"com_code":["97224"],"com_arm_name":["Saint-Joseph"],"com_name":["Saint-Joseph"],"epci_name":["CA du Centre de la Martinique"],"epci_code":["249720061"],"dep_name":["Martinique"],"dep_code":["972"],"reg_name":["Martinique"],"reg_code":["02"]}},{"type":"Feature","geometry":{"coordinates":[[[-61.03509606478556,14.66867894713159],[-61.035079935732355,14.670486175179414],[-61.03322351360152,14.670470465065618],[-61.03323965786924,14.668663239037068],[-61.03509606478556,14.66867894713159]]],"type":"Polygon"},"properties":{"geo_point_2d":{"lon":-61.03415979314796,"lat":14.669574707840445},"idcar_200m":"CRS5490RES200mN1622600E711600","i_est_200":0,"idcar_1km":"CRS5490RES1000mN1622000E711000","i_est_1km":0,"idcar_nat":"CRS5490RES1000mN1622000E711000","groupe":1019901,"pop_carr":48.0,"men_1ind":12.0,"men_5ind":1.0,"men_prop":15.0,"men_fmp":6.0,"ind_snv":761830.7,"men_surf":2330.4,"men_coll":10.0,"men_mais":15.0,"log_av45":0.0,"log_45_70":7.0,"log_70_90":8.0,"log_ap_90":9.0,"log_inc":1.0,"log_soc":0.0,"ind_0_3":1.0,"ind_4_5":2.0,"ind_6_10":3.0,"ind_11_17":4.0,"ind_18_24":4.0,"ind_25_39":2.0,"ind_40_54":8.0,"ind_55_64":10.0,"ind_65_79":10.0,"ind_80p":3.0,"ind_inc":1.0,"men_pauv":10.0,"men":25.0,"lcog_geo":"97224","year":"2017","com_arm_code":["97224"],"com_code":["97224"],"com_arm_name":["Saint-Joseph"],"com_name":["Saint-Joseph"],"epci_name":["CA du Centre de la Martinique"],"epci_code":["249720061"],"dep_name":["Martinique"],"dep_code":["972"],"reg_name":["Martinique"],"reg_code":["02"]}},{"type":"Feature","geometry":{"coordinates":[[[-61.06663944810407,14.670750980579767],[-61.06662357553788,14.672558242366597],[-61.06476710093369,14.672542782106596],[-61.06478298871792,14.670735522306714],[-61.06663944810407,14.670750980579767]]],"type":"Polygon"},"properties":{"geo_point_2d":{"lon":-61.06570327847175,"lat":14.67164688307713},"idcar_200m":"CRS5490RES200mN1622800E708200","i_est_200":1,"idcar_1km":"CRS5490RES1000mN1622000E708000","i_est_1km":0,"idcar_nat":"CRS5490RES1000mN1622000E708000","groupe":1019853,"pop_carr":7.0,"men_1ind":0.9,"men_5ind":0.1,"men_prop":1.9,"men_fmp":0.7,"ind_snv":119829.0,"men_surf":215.7,"men_coll":0.7,"men_mais":2.5,"log_av45":0.2,"log_45_70":0.6,"log_70_90":0.5,"log_ap_90":1.7,"log_inc":0.2,"log_soc":0.0,"ind_0_3":0.0,"ind_4_5":0.2,"ind_6_10":0.3,"ind_11_17":0.6,"ind_18_24":0.3,"ind_25_39":1.0,"ind_40_54":1.9,"ind_55_64":1.1,"ind_65_79":1.3,"ind_80p":0.3,"ind_inc":0.0,"men_pauv":1.3,"men":3.2,"lcog_geo":"97224","year":"2017","com_arm_code":["97224"],"com_code":["97224"],"com_arm_name":["Saint-Joseph"],"com_name":["Saint-Joseph"],"epci_name":["CA du Centre de la Martinique"],"epci_code":["249720061"],"dep_name":["Martinique"],"dep_code":["972"],"reg_name":["Martinique"],"reg_code":["02"]}},{"type":"Feature","geometry":{"coordinates":[[[-61.03149630760049,14.655996939737836],[-61.031480163602126,14.657804165830374],[-61.02962385235049,14.657788440250695],[-61.029640011548615,14.655981216181022],[-61.03149630760049,14.655996939737836]]],"type":"Polygon"},"properties":{"geo_point_2d":{"lon":-61.03056008392651,"lat":14.656892691735884},"idcar_200m":"CRS5490RES200mN1621200E712000","i_est_200":1,"idcar_1km":"CRS5490RES1000mN1621000E712000","i_est_1km":0,"idcar_nat":"CRS5490RES1000mN1621000E712000","groupe":1019666,"pop_carr":5.0,"men_1ind":0.8,"men_5ind":0.0,"men_prop":1.6,"men_fmp":0.4,"ind_snv":111988.0,"men_surf":217.0,"men_coll":0.7,"men_mais":1.6,"log_av45":0.0,"log_45_70":0.2,"log_70_90":0.5,"log_ap_90":1.4,"log_inc":0.2,"log_soc":0.0,"ind_0_3":0.2,"ind_4_5":0.0,"ind_6_10":0.3,"ind_11_17":0.2,"ind_18_24":0.4,"ind_25_39":1.0,"ind_40_54":0.8,"ind_55_64":1.2,"ind_65_79":0.5,"ind_80p":0.4,"ind_inc":0.0,"men_pauv":0.7,"men":2.3,"lcog_geo":"97224","year":"2017","com_arm_code":["97224"],"com_code":["97224"],"com_arm_name":["Saint-Joseph"],"com_name":["Saint-Joseph"],"epci_name":["CA du Centre de la Martinique"],"epci_code":["249720061"],"dep_name":["Martinique"],"dep_code":["972"],"reg_name":["Martinique"],"reg_code":["02"]}},{"type":"Feature","geometry":{"coordinates":[[[-61.0556761828489,14.650778240883865],[-61.05566024300871,14.652585493992268],[-61.05380394876359,14.65256996681355],[-61.053819903798406,14.650762715703168],[-61.0556761828489,14.650778240883865]]],"type":"Polygon"},"properties":{"geo_point_2d":{"lon":-61.054740069754146,"lat":14.651674105583664},"idcar_200m":"CRS5490RES200mN1620600E709400","i_est_200":0,"idcar_1km":"CRS5490RES1000mN1620000E709000","i_est_1km":0,"idcar_nat":"CRS5490RES1000mN1620000E709000","groupe":1019620,"pop_carr":36.0,"men_1ind":7.0,"men_5ind":1.0,"men_prop":11.0,"men_fmp":1.0,"ind_snv":962791.5,"men_surf":1504.0,"men_coll":7.0,"men_mais":10.0,"log_av45":0.0,"log_45_70":2.0,"log_70_90":8.0,"log_ap_90":7.0,"log_inc":0.0,"log_soc":0.0,"ind_0_3":1.0,"ind_4_5":1.0,"ind_6_10":2.0,"ind_11_17":2.0,"ind_18_24":1.0,"ind_25_39":12.0,"ind_40_54":3.0,"ind_55_64":4.0,"ind_65_79":10.0,"ind_80p":0.0,"ind_inc":0.0,"men_pauv":2.0,"men":17.0,"lcog_geo":"97224","year":"2017","com_arm_code":["97224"],"com_code":["97224"],"com_arm_name":["Saint-Joseph"],"com_name":["Saint-Joseph"],"epci_name":["CA du Centre de la Martinique"],"epci_code":["249720061"],"dep_name":["Martinique"],"dep_code":["972"],"reg_name":["Martinique"],"reg_code":["02"]}},{"type":"Feature","geometry":{"coordinates":[[[-61.01093029195461,14.672087989625055],[-61.01091396064896,14.673895190677008],[-61.00905753698052,14.67387928390662],[-61.009073883503724,14.672072084898753],[-61.01093029195461,14.672087989625055]]],"type":"Polygon"},"properties":{"geo_point_2d":{"lon":-61.009993918424584,"lat":14.672983638514175},"idcar_200m":"CRS5490RES200mN1623000E714200","i_est_200":1,"idcar_1km":"CRS5490RES1000mN1623000E714000","i_est_1km":0,"idcar_nat":"CRS5490RES2000mN1622000E714000","groupe":1019944,"pop_carr":11.0,"men_1ind":1.7,"men_5ind":0.7,"men_prop":2.4,"men_fmp":0.6,"ind_snv":225065.4,"men_surf":346.2,"men_coll":0.5,"men_mais":3.9,"log_av45":0.3,"log_45_70":0.3,"log_70_90":1.4,"log_ap_90":1.7,"log_inc":0.7,"log_soc":0.0,"ind_0_3":0.3,"ind_4_5":0.2,"ind_6_10":0.8,"ind_11_17":1.1,"ind_18_24":0.7,"ind_25_39":1.6,"ind_40_54":2.5,"ind_55_64":1.6,"ind_65_79":1.2,"ind_80p":1.0,"ind_inc":0.0,"men_pauv":1.1,"men":4.4,"lcog_geo":"97224","year":"2017","com_arm_code":["97224"],"com_code":["97224"],"com_arm_name":["Saint-Joseph"],"com_name":["Saint-Joseph"],"epci_name":["CA du Centre de la Martinique"],"epci_code":["249720061"],"dep_name":["Martinique"],"dep_code":["972"],"reg_name":["Martinique"],"reg_code":["02"]}},{"type":"Feature","geometry":{"coordinates":[[[-61.03512831626787,14.665064490142228],[-61.0351121916307,14.666871718785854],[-61.033255799926806,14.666856012710582],[-61.033271939774316,14.665048786086162],[-61.03512831626787,14.665064490142228]]],"type":"Polygon"},"properties":{"geo_point_2d":{"lon":-61.03419206205072,"lat":14.66596025316791},"idcar_200m":"CRS5490RES200mN1622200E711600","i_est_200":0,"idcar_1km":"CRS5490RES1000mN1622000E711000","i_est_1km":0,"idcar_nat":"CRS5490RES1000mN1622000E711000","groupe":1019898,"pop_carr":28.5,"men_1ind":3.0,"men_5ind":1.0,"men_prop":8.0,"men_fmp":2.0,"ind_snv":732080.3,"men_surf":1096.0,"men_coll":4.0,"men_mais":8.0,"log_av45":0.0,"log_45_70":4.0,"log_70_90":5.0,"log_ap_90":3.0,"log_inc":0.0,"log_soc":0.0,"ind_0_3":0.0,"ind_4_5":0.0,"ind_6_10":1.0,"ind_11_17":1.0,"ind_18_24":4.0,"ind_25_39":1.0,"ind_40_54":8.5,"ind_55_64":6.0,"ind_65_79":5.0,"ind_80p":2.0,"ind_inc":0.0,"men_pauv":2.0,"men":12.0,"lcog_geo":"97224","year":"2017","com_arm_code":["97224"],"com_code":["97224"],"com_arm_name":["Saint-Joseph"],"com_name":["Saint-Joseph"],"epci_name":["CA du Centre de la Martinique"],"epci_code":["249720061"],"dep_name":["Martinique"],"dep_code":["972"],"reg_name":["Martinique"],"reg_code":["02"]}},{"type":"Feature","geometry":{"coordinates":[[[-61.05199556082769,14.647132676616318],[-61.05197959497519,14.648939926321333],[-61.050123335491925,14.648924373555753],[-61.050139316534725,14.647117125852494],[-61.05199556082769,14.647132676616318]]],"type":"Polygon"},"properties":{"geo_point_2d":{"lon":-61.051059452106905,"lat":14.648028526821603},"idcar_200m":"CRS5490RES200mN1620200E709800","i_est_200":1,"idcar_1km":"CRS5490RES1000mN1620000E709000","i_est_1km":0,"idcar_nat":"CRS5490RES1000mN1620000E709000","groupe":1019613,"pop_carr":12.0,"men_1ind":1.0,"men_5ind":0.6,"men_prop":2.3,"men_fmp":1.7,"ind_snv":313396.9,"men_surf":429.9,"men_coll":2.1,"men_mais":2.9,"log_av45":0.3,"log_45_70":0.4,"log_70_90":1.3,"log_ap_90":2.3,"log_inc":0.7,"log_soc":0.0,"ind_0_3":0.7,"ind_4_5":0.4,"ind_6_10":1.0,"ind_11_17":0.8,"ind_18_24":0.9,"ind_25_39":1.7,"ind_40_54":2.6,"ind_55_64":0.9,"ind_65_79":2.0,"ind_80p":1.0,"ind_inc":0.0,"men_pauv":0.9,"men":5.0,"lcog_geo":"97224","year":"2017","com_arm_code":["97224"],"com_code":["97224"],"com_arm_name":["Saint-Joseph"],"com_name":["Saint-Joseph"],"epci_name":["CA du Centre de la Martinique"],"epci_code":["249720061"],"dep_name":["Martinique"],"dep_code":["972"],"reg_name":["Martinique"],"reg_code":["02"]}},{"type":"Feature","geometry":{"coordinates":[[[-61.042618077485066,14.657898208504875],[-61.0426020224879,14.659705446397012],[-61.04074568279485,14.659689807607286],[-61.040761752994385,14.657882571726619],[-61.042618077485066,14.657898208504875]]],"type":"Polygon"},"properties":{"geo_point_2d":{"lon":-61.04168188409078,"lat":14.658794009795022},"idcar_200m":"CRS5490RES200mN1621400E710800","i_est_200":1,"idcar_1km":"CRS5490RES1000mN1621000E710000","i_est_1km":0,"idcar_nat":"CRS5490RES1000mN1621000E710000","groupe":1019634,"pop_carr":6.0,"men_1ind":1.1,"men_5ind":0.1,"men_prop":2.1,"men_fmp":0.3,"ind_snv":168351.2,"men_surf":295.0,"men_coll":0.8,"men_mais":2.1,"log_av45":0.0,"log_45_70":0.4,"log_70_90":0.8,"log_ap_90":1.6,"log_inc":0.1,"log_soc":0.0,"ind_0_3":0.1,"ind_4_5":0.1,"ind_6_10":0.2,"ind_11_17":0.6,"ind_18_24":0.3,"ind_25_39":0.7,"ind_40_54":0.7,"ind_55_64":1.4,"ind_65_79":1.3,"ind_80p":0.6,"ind_inc":0.0,"men_pauv":0.6,"men":2.9,"lcog_geo":"97224","year":"2017","com_arm_code":["97224"],"com_code":["97224"],"com_arm_name":["Saint-Joseph"],"com_name":["Saint-Joseph"],"epci_name":["CA du Centre de la Martinique"],"epci_code":["249720061"],"dep_name":["Martinique"],"dep_code":["972"],"reg_name":["Martinique"],"reg_code":["02"]}},{"type":"Feature","geometry":{"coordinates":[[[-61.0443139073423,14.67598621610398],[-61.04429784557148,14.677793453028247],[-61.042441351540134,14.677777808943508],[-61.04245742853422,14.675970574029135],[-61.0443139073423,14.67598621610398]]],"type":"Polygon"},"properties":{"geo_point_2d":{"lon":-61.04337763339711,"lat":14.676882014263882},"idcar_200m":"CRS5490RES200mN1623400E710600","i_est_200":0,"idcar_1km":"CRS5490RES1000mN1623000E710000","i_est_1km":0,"idcar_nat":"CRS5490RES1000mN1623000E710000","groupe":1019869,"pop_carr":31.0,"men_1ind":3.0,"men_5ind":0.0,"men_prop":13.0,"men_fmp":2.0,"ind_snv":891013.2,"men_surf":1202.1,"men_coll":1.0,"men_mais":12.0,"log_av45":1.0,"log_45_70":1.0,"log_70_90":0.0,"log_ap_90":10.0,"log_inc":1.0,"log_soc":0.0,"ind_0_3":2.0,"ind_4_5":1.0,"ind_6_10":3.0,"ind_11_17":2.0,"ind_18_24":1.0,"ind_25_39":5.0,"ind_40_54":6.0,"ind_55_64":5.0,"ind_65_79":1.0,"ind_80p":5.0,"ind_inc":0.0,"men_pauv":1.0,"men":13.0,"lcog_geo":"97224","year":"2017","com_arm_code":["97224"],"com_code":["97224"],"com_arm_name":["Saint-Joseph"],"com_name":["Saint-Joseph"],"epci_name":["CA du Centre de la Martinique"],"epci_code":["249720061"],"dep_name":["Martinique"],"dep_code":["972"],"reg_name":["Martinique"],"reg_code":["02"]}},{"type":"Feature","geometry":{"coordinates":[[[-61.06654418011278,14.681594546838289],[-61.06652829450834,14.683401806839896],[-61.064671728552156,14.683386334657586],[-61.064687629387144,14.681579076643104],[-61.06654418011278,14.681594546838289]]],"type":"Polygon"},"properties":{"geo_point_2d":{"lon":-61.065607958288474,"lat":14.682490442482882},"idcar_200m":"CRS5490RES200mN1624000E708200","i_est_200":1,"idcar_1km":"CRS5490RES1000mN1624000E708000","i_est_1km":1,"idcar_nat":"CRS5490RES8000mN1624000E704000","groupe":174613,"pop_carr":1.0,"men_1ind":0.1,"men_5ind":0.0,"men_prop":0.4,"men_fmp":0.1,"ind_snv":16580.6,"men_surf":39.6,"men_coll":0.0,"men_mais":0.5,"log_av45":0.0,"log_45_70":0.0,"log_70_90":0.0,"log_ap_90":0.5,"log_inc":0.0,"log_soc":0.0,"ind_0_3":0.0,"ind_4_5":0.0,"ind_6_10":0.0,"ind_11_17":0.0,"ind_18_24":0.0,"ind_25_39":0.1,"ind_40_54":0.5,"ind_55_64":0.3,"ind_65_79":0.1,"ind_80p":0.0,"ind_inc":0.0,"men_pauv":0.2,"men":0.5,"lcog_geo":"97224","year":"2017","com_arm_code":["97224"],"com_code":["97224"],"com_arm_name":["Saint-Joseph"],"com_name":["Saint-Joseph"],"epci_name":["CA du Centre de la Martinique"],"epci_code":["249720061"],"dep_name":["Martinique"],"dep_code":["972"],"reg_name":["Martinique"],"reg_code":["02"]}},{"type":"Feature","geometry":{"coordinates":[[[-61.0312053771681,14.688526963815422],[-61.03118919334579,14.690334184542715],[-61.029332608142305,14.690318422546085],[-61.02934880720186,14.688511203842218],[-61.0312053771681,14.688526963815422]]],"type":"Polygon"},"properties":{"geo_point_2d":{"lon":-61.03026899661557,"lat":14.689422694925376},"idcar_200m":"CRS5490RES200mN1624800E712000","i_est_200":1,"idcar_1km":"CRS5490RES1000mN1624000E712000","i_est_1km":0,"idcar_nat":"CRS5490RES1000mN1624000E712000","groupe":1020081,"pop_carr":8.0,"men_1ind":1.1,"men_5ind":0.4,"men_prop":2.4,"men_fmp":0.7,"ind_snv":153651.0,"men_surf":277.7,"men_coll":0.4,"men_mais":3.0,"log_av45":0.1,"log_45_70":0.7,"log_70_90":0.8,"log_ap_90":1.7,"log_inc":0.1,"log_soc":0.0,"ind_0_3":0.1,"ind_4_5":0.2,"ind_6_10":0.2,"ind_11_17":0.8,"ind_18_24":0.5,"ind_25_39":1.0,"ind_40_54":1.5,"ind_55_64":1.8,"ind_65_79":1.3,"ind_80p":0.6,"ind_inc":0.0,"men_pauv":1.2,"men":3.4,"lcog_geo":"97224","year":"2017","com_arm_code":["97224"],"com_code":["97224"],"com_arm_name":["Saint-Joseph"],"com_name":["Saint-Joseph"],"epci_name":["CA du Centre de la Martinique"],"epci_code":["249720061"],"dep_name":["Martinique"],"dep_code":["972"],"reg_name":["Martinique"],"reg_code":["02"]}},{"type":"Feature","geometry":{"coordinates":[[[-61.0147897230019,14.655854895003396],[-61.01477344220875,14.65766210282167],[-61.012917150956184,14.657646244045296],[-61.012933446948324,14.65583903826702],[-61.0147897230019,14.655854895003396]]],"type":"Polygon"},"properties":{"geo_point_2d":{"lon":-61.01385344093114,"lat":14.656750571270234},"idcar_200m":"CRS5490RES200mN1621200E713800","i_est_200":0,"idcar_1km":"CRS5490RES1000mN1621000E713000","i_est_1km":0,"idcar_nat":"CRS5490RES1000mN1621000E713000","groupe":1019688,"pop_carr":35.0,"men_1ind":7.0,"men_5ind":0.0,"men_prop":17.0,"men_fmp":2.0,"ind_snv":760100.6,"men_surf":1640.7,"men_coll":4.0,"men_mais":16.0,"log_av45":0.0,"log_45_70":2.0,"log_70_90":6.0,"log_ap_90":10.0,"log_inc":2.0,"log_soc":0.0,"ind_0_3":0.0,"ind_4_5":0.0,"ind_6_10":1.0,"ind_11_17":1.0,"ind_18_24":0.0,"ind_25_39":1.0,"ind_40_54":7.0,"ind_55_64":4.0,"ind_65_79":15.0,"ind_80p":6.0,"ind_inc":0.0,"men_pauv":5.0,"men":20.0,"lcog_geo":"97224","year":"2017","com_arm_code":["97224"],"com_code":["97224"],"com_arm_name":["Saint-Joseph"],"com_name":["Saint-Joseph"],"epci_name":["CA du Centre de la Martinique"],"epci_code":["249720061"],"dep_name":["Martinique"],"dep_code":["972"],"reg_name":["Martinique"],"reg_code":["02"]}},{"type":"Feature","geometry":{"coordinates":[[[-61.02218240728422,14.659532605594494],[-61.02216618284357,14.66133982095778],[-61.020309852276796,14.661324017314282],[-61.02032609192094,14.659516803983442],[-61.02218240728422,14.659532605594494]]],"type":"Polygon"},"properties":{"geo_point_2d":{"lon":-61.021246133733165,"lat":14.660428313198716},"idcar_200m":"CRS5490RES200mN1621600E713000","i_est_200":1,"idcar_1km":"CRS5490RES1000mN1621000E713000","i_est_1km":0,"idcar_nat":"CRS5490RES1000mN1621000E713000","groupe":1019681,"pop_carr":24.0,"men_1ind":2.3,"men_5ind":1.2,"men_prop":6.1,"men_fmp":1.7,"ind_snv":572527.4,"men_surf":954.3,"men_coll":2.1,"men_mais":7.1,"log_av45":0.3,"log_45_70":0.3,"log_70_90":2.2,"log_ap_90":5.2,"log_inc":1.2,"log_soc":0.0,"ind_0_3":0.9,"ind_4_5":0.6,"ind_6_10":1.6,"ind_11_17":2.8,"ind_18_24":1.5,"ind_25_39":3.9,"ind_40_54":5.1,"ind_55_64":3.3,"ind_65_79":3.5,"ind_80p":0.7,"ind_inc":0.1,"men_pauv":2.6,"men":9.2,"lcog_geo":"97224","year":"2017","com_arm_code":["97224"],"com_code":["97224"],"com_arm_name":["Saint-Joseph"],"com_name":["Saint-Joseph"],"epci_name":["CA du Centre de la Martinique"],"epci_code":["249720061"],"dep_name":["Martinique"],"dep_code":["972"],"reg_name":["Martinique"],"reg_code":["02"]}},{"type":"Feature","geometry":{"coordinates":[[[-61.03863167914394,14.688589855383405],[-61.03861555627148,14.690397084185406],[-61.03675896222745,14.690381381526471],[-61.03677510033751,14.68857415474029],[-61.03863167914394,14.688589855383405]]],"type":"Polygon"},"properties":{"geo_point_2d":{"lon":-61.03769532464558,"lat":14.689485620197669},"idcar_200m":"CRS5490RES200mN1624800E711200","i_est_200":1,"idcar_1km":"CRS5490RES1000mN1624000E711000","i_est_1km":0,"idcar_nat":"CRS5490RES8000mN1624000E704000","groupe":1020068,"pop_carr":3.0,"men_1ind":0.3,"men_5ind":0.1,"men_prop":1.0,"men_fmp":0.1,"ind_snv":60556.9,"men_surf":105.3,"men_coll":0.0,"men_mais":1.2,"log_av45":0.0,"log_45_70":0.4,"log_70_90":0.1,"log_ap_90":0.6,"log_inc":0.1,"log_soc":0.0,"ind_0_3":0.0,"ind_4_5":0.1,"ind_6_10":0.0,"ind_11_17":0.1,"ind_18_24":0.1,"ind_25_39":0.5,"ind_40_54":0.5,"ind_55_64":1.0,"ind_65_79":0.5,"ind_80p":0.2,"ind_inc":0.0,"men_pauv":0.2,"men":1.2,"lcog_geo":"97224","year":"2017","com_arm_code":["97224"],"com_code":["97224"],"com_arm_name":["Saint-Joseph"],"com_name":["Saint-Joseph"],"epci_name":["CA du Centre de la Martinique"],"epci_code":["249720061"],"dep_name":["Martinique"],"dep_code":["972"],"reg_name":["Martinique"],"reg_code":["02"]}},{"type":"Feature","geometry":{"coordinates":[[[-61.01288455227425,14.661260654707496],[-61.01286824958427,14.663067859591358],[-61.011011914955034,14.663051979889884],[-61.011028232850165,14.661244777048008],[-61.01288455227425,14.661260654707496]]],"type":"Polygon"},"properties":{"geo_point_2d":{"lon":-61.01194823756842,"lat":14.66215631904555},"idcar_200m":"CRS5490RES200mN1621800E714000","i_est_200":1,"idcar_1km":"CRS5490RES1000mN1621000E714000","i_est_1km":0,"idcar_nat":"CRS5490RES2000mN1620000E714000","groupe":1019704,"pop_carr":19.0,"men_1ind":3.6,"men_5ind":0.2,"men_prop":5.8,"men_fmp":2.1,"ind_snv":439502.7,"men_surf":777.9,"men_coll":2.6,"men_mais":6.2,"log_av45":0.2,"log_45_70":0.4,"log_70_90":2.4,"log_ap_90":5.6,"log_inc":0.2,"log_soc":0.0,"ind_0_3":0.4,"ind_4_5":0.2,"ind_6_10":0.4,"ind_11_17":2.2,"ind_18_24":1.4,"ind_25_39":1.7,"ind_40_54":4.7,"ind_55_64":3.4,"ind_65_79":3.9,"ind_80p":0.7,"ind_inc":0.0,"men_pauv":1.5,"men":8.8,"lcog_geo":"97224","year":"2017","com_arm_code":["97224"],"com_code":["97224"],"com_arm_name":["Saint-Joseph"],"com_name":["Saint-Joseph"],"epci_name":["CA du Centre de la Martinique"],"epci_code":["249720061"],"dep_name":["Martinique"],"dep_code":["972"],"reg_name":["Martinique"],"reg_code":["02"]}},{"type":"Feature","geometry":{"coordinates":[[[-61.033191218435306,14.6740849162287],[-61.033175067536654,14.675892141363194],[-61.031318601960265,14.675876410372222],[-61.0313347680796,14.67406918725901],[-61.033191218435306,14.6740849162287]]],"type":"Polygon"},"properties":{"geo_point_2d":{"lon":-61.03225491415388,"lat":14.674980665043279},"idcar_200m":"CRS5490RES200mN1623200E711800","i_est_200":1,"idcar_1km":"CRS5490RES1000mN1623000E711000","i_est_1km":0,"idcar_nat":"CRS5490RES1000mN1623000E711000","groupe":1019883,"pop_carr":4.0,"men_1ind":0.7,"men_5ind":0.1,"men_prop":1.3,"men_fmp":0.3,"ind_snv":98330.2,"men_surf":176.0,"men_coll":0.5,"men_mais":1.4,"log_av45":0.1,"log_45_70":0.1,"log_70_90":0.7,"log_ap_90":0.9,"log_inc":0.1,"log_soc":0.0,"ind_0_3":0.0,"ind_4_5":0.0,"ind_6_10":0.2,"ind_11_17":0.2,"ind_18_24":0.3,"ind_25_39":0.4,"ind_40_54":0.9,"ind_55_64":0.7,"ind_65_79":0.8,"ind_80p":0.5,"ind_inc":0.0,"men_pauv":0.3,"men":1.9,"lcog_geo":"97224","year":"2017","com_arm_code":["97224"],"com_code":["97224"],"com_arm_name":["Saint-Joseph"],"com_name":["Saint-Joseph"],"epci_name":["CA du Centre de la Martinique"],"epci_code":["249720061"],"dep_name":["Martinique"],"dep_code":["972"],"reg_name":["Martinique"],"reg_code":["02"]}},{"type":"Feature","geometry":{"coordinates":[[[-61.06479887432732,14.668928262209388],[-61.06478298871792,14.670735522306714],[-61.0629265315066,14.670720049218868],[-61.06294243233188,14.668912791110346],[-61.06479887432732,14.668928262209388]]],"type":"Polygon"},"properties":{"geo_point_2d":{"lon":-61.06386270686944,"lat":14.669824157448378},"idcar_200m":"CRS5490RES200mN1622600E708400","i_est_200":0,"idcar_1km":"CRS5490RES1000mN1622000E708000","i_est_1km":0,"idcar_nat":"CRS5490RES1000mN1622000E708000","groupe":1019857,"pop_carr":54.0,"men_1ind":7.0,"men_5ind":2.0,"men_prop":16.0,"men_fmp":3.0,"ind_snv":765313.2,"men_surf":1435.0,"men_coll":3.0,"men_mais":19.0,"log_av45":0.0,"log_45_70":10.0,"log_70_90":2.0,"log_ap_90":10.0,"log_inc":0.0,"log_soc":0.0,"ind_0_3":2.0,"ind_4_5":0.0,"ind_6_10":1.0,"ind_11_17":3.0,"ind_18_24":3.0,"ind_25_39":11.0,"ind_40_54":6.0,"ind_55_64":12.0,"ind_65_79":7.0,"ind_80p":9.0,"ind_inc":0.0,"men_pauv":13.0,"men":22.0,"lcog_geo":"97224","year":"2017","com_arm_code":["97224"],"com_code":["97224"],"com_arm_name":["Saint-Joseph"],"com_name":["Saint-Joseph"],"epci_name":["CA du Centre de la Martinique"],"epci_code":["249720061"],"dep_name":["Martinique"],"dep_code":["972"],"reg_name":["Martinique"],"reg_code":["02"]}},{"type":"Feature","geometry":{"coordinates":[[[-61.059181754559916,14.674303565956771],[-61.05916581675966,14.676110819189216],[-61.05730932042596,14.676095295673676],[-61.057325273448086,14.674288044435857],[-61.059181754559916,14.674303565956771]]],"type":"Polygon"},"properties":{"geo_point_2d":{"lon":-61.058245541447334,"lat":14.675199432551398},"idcar_200m":"CRS5490RES200mN1623200E709000","i_est_200":0,"idcar_1km":"CRS5490RES1000mN1623000E709000","i_est_1km":0,"idcar_nat":"CRS5490RES1000mN1623000E709000","groupe":1019863,"pop_carr":41.0,"men_1ind":6.0,"men_5ind":3.0,"men_prop":10.0,"men_fmp":1.0,"ind_snv":542693.9,"men_surf":1487.2,"men_coll":2.0,"men_mais":13.0,"log_av45":1.0,"log_45_70":2.0,"log_70_90":2.0,"log_ap_90":9.0,"log_inc":1.0,"log_soc":0.0,"ind_0_3":1.0,"ind_4_5":1.0,"ind_6_10":1.0,"ind_11_17":6.0,"ind_18_24":4.0,"ind_25_39":2.0,"ind_40_54":8.0,"ind_55_64":9.0,"ind_65_79":7.0,"ind_80p":2.0,"ind_inc":0.0,"men_pauv":9.0,"men":15.0,"lcog_geo":"97224","year":"2017","com_arm_code":["97224"],"com_code":["97224"],"com_arm_name":["Saint-Joseph"],"com_name":["Saint-Joseph"],"epci_name":["CA du Centre de la Martinique"],"epci_code":["249720061"],"dep_name":["Martinique"],"dep_code":["972"],"reg_name":["Martinique"],"reg_code":["02"]}},{"type":"Feature","geometry":{"coordinates":[[[-61.05180382614545,14.668819653449809],[-61.0517878340267,14.670626899585454],[-61.04993139209749,14.670611322796242],[-61.049947399431524,14.668804078662738],[-61.05180382614545,14.668819653449809]]],"type":"Polygon"},"properties":{"geo_point_2d":{"lon":-61.0508676130748,"lat":14.669715489860595},"idcar_200m":"CRS5490RES200mN1622600E709800","i_est_200":0,"idcar_1km":"CRS5490RES1000mN1622000E709000","i_est_1km":0,"idcar_nat":"CRS5490RES1000mN1622000E709000","groupe":1019847,"pop_carr":36.0,"men_1ind":6.0,"men_5ind":1.0,"men_prop":8.0,"men_fmp":3.0,"ind_snv":774131.5,"men_surf":1256.4,"men_coll":7.0,"men_mais":9.0,"log_av45":0.0,"log_45_70":3.0,"log_70_90":2.0,"log_ap_90":10.0,"log_inc":1.0,"log_soc":0.0,"ind_0_3":5.0,"ind_4_5":0.0,"ind_6_10":2.0,"ind_11_17":2.0,"ind_18_24":3.0,"ind_25_39":4.0,"ind_40_54":9.0,"ind_55_64":5.0,"ind_65_79":4.0,"ind_80p":2.0,"ind_inc":0.0,"men_pauv":6.0,"men":16.0,"lcog_geo":"97224","year":"2017","com_arm_code":["97224"],"com_code":["97224"],"com_arm_name":["Saint-Joseph"],"com_name":["Saint-Joseph"],"epci_name":["CA du Centre de la Martinique"],"epci_code":["249720061"],"dep_name":["Martinique"],"dep_code":["972"],"reg_name":["Martinique"],"reg_code":["02"]}},{"type":"Feature","geometry":{"coordinates":[[[-61.040649215365434,14.670533216639349],[-61.04063312975438,14.67234045043571],[-61.03877668578849,14.67232478274913],[-61.0387927866164,14.670517550966357],[-61.040649215365434,14.670533216639349]]],"type":"Polygon"},"properties":{"geo_point_2d":{"lon":-61.03971295453153,"lat":14.671429001434822},"idcar_200m":"CRS5490RES200mN1622800E711000","i_est_200":0,"idcar_1km":"CRS5490RES1000mN1622000E711000","i_est_1km":0,"idcar_nat":"CRS5490RES1000mN1622000E711000","groupe":1019904,"pop_carr":136.0,"men_1ind":18.0,"men_5ind":3.0,"men_prop":8.0,"men_fmp":21.0,"ind_snv":2157304.5,"men_surf":3754.7,"men_coll":42.0,"men_mais":15.0,"log_av45":3.0,"log_45_70":8.0,"log_70_90":3.0,"log_ap_90":41.0,"log_inc":2.0,"log_soc":37.0,"ind_0_3":6.0,"ind_4_5":2.0,"ind_6_10":9.0,"ind_11_17":19.0,"ind_18_24":9.0,"ind_25_39":21.0,"ind_40_54":30.0,"ind_55_64":17.0,"ind_65_79":16.0,"ind_80p":7.0,"ind_inc":0.0,"men_pauv":21.0,"men":57.0,"lcog_geo":"97224","year":"2017","com_arm_code":["97224"],"com_code":["97224"],"com_arm_name":["Saint-Joseph"],"com_name":["Saint-Joseph"],"epci_name":["CA du Centre de la Martinique"],"epci_code":["249720061"],"dep_name":["Martinique"],"dep_code":["972"],"reg_name":["Martinique"],"reg_code":["02"]}},{"type":"Feature","geometry":{"coordinates":[[[-61.05919769017893,14.67249631242672],[-61.059181754559916,14.674303565956771],[-61.057325273448086,14.674288044435857],[-61.05734122428689,14.672480792900393],[-61.05919769017893,14.67249631242672]]],"type":"Polygon"},"properties":{"geo_point_2d":{"lon":-61.05826148576739,"lat":14.673392180167296},"idcar_200m":"CRS5490RES200mN1623000E709000","i_est_200":0,"idcar_1km":"CRS5490RES1000mN1623000E709000","i_est_1km":0,"idcar_nat":"CRS5490RES1000mN1623000E709000","groupe":1019866,"pop_carr":130.0,"men_1ind":20.0,"men_5ind":6.0,"men_prop":34.0,"men_fmp":8.0,"ind_snv":2233069.3,"men_surf":4988.9,"men_coll":11.0,"men_mais":44.0,"log_av45":0.0,"log_45_70":1.0,"log_70_90":2.0,"log_ap_90":7.0,"log_inc":45.0,"log_soc":0.0,"ind_0_3":1.0,"ind_4_5":3.0,"ind_6_10":11.0,"ind_11_17":16.0,"ind_18_24":8.0,"ind_25_39":15.0,"ind_40_54":32.0,"ind_55_64":25.0,"ind_65_79":17.0,"ind_80p":2.0,"ind_inc":0.0,"men_pauv":18.0,"men":55.0,"lcog_geo":"97224","year":"2017","com_arm_code":["97224"],"com_code":["97224"],"com_arm_name":["Saint-Joseph"],"com_name":["Saint-Joseph"],"epci_name":["CA du Centre de la Martinique"],"epci_code":["249720061"],"dep_name":["Martinique"],"dep_code":["972"],"reg_name":["Martinique"],"reg_code":["02"]}},{"type":"Feature","geometry":{"coordinates":[[[-61.016434374725705,14.67936444181839],[-61.01641808015613,14.681171647797607],[-61.01456158889568,14.681155777322472],[-61.014577898691385,14.67934857338175],[-61.016434374725705,14.67936444181839]]],"type":"Polygon"},"properties":{"geo_point_2d":{"lon":-61.01549798576943,"lat":14.680260111318011},"idcar_200m":"CRS5490RES200mN1623800E713600","i_est_200":1,"idcar_1km":"CRS5490RES1000mN1623000E713000","i_est_1km":0,"idcar_nat":"CRS5490RES1000mN1623000E713000","groupe":1019931,"pop_carr":21.0,"men_1ind":2.7,"men_5ind":0.3,"men_prop":6.6,"men_fmp":1.5,"ind_snv":500523.4,"men_surf":824.1,"men_coll":2.7,"men_mais":6.9,"log_av45":0.0,"log_45_70":0.9,"log_70_90":0.6,"log_ap_90":7.5,"log_inc":0.6,"log_soc":0.0,"ind_0_3":0.6,"ind_4_5":0.3,"ind_6_10":0.9,"ind_11_17":1.0,"ind_18_24":1.1,"ind_25_39":2.1,"ind_40_54":6.3,"ind_55_64":5.4,"ind_65_79":2.4,"ind_80p":0.9,"ind_inc":0.0,"men_pauv":1.5,"men":9.6,"lcog_geo":"97224","year":"2017","com_arm_code":["97224"],"com_code":["97224"],"com_arm_name":["Saint-Joseph"],"com_name":["Saint-Joseph"],"epci_name":["CA du Centre de la Martinique"],"epci_code":["249720061"],"dep_name":["Martinique"],"dep_code":["972"],"reg_name":["Martinique"],"reg_code":["02"]}},{"type":"Feature","geometry":{"coordinates":[[[-61.037033010014994,14.65965848562089],[-61.03701690720544,14.66146571717518],[-61.035160558918605,14.66145003196145],[-61.035176676932366,14.65964280242437],[-61.037033010014994,14.65965848562089]]],"type":"Polygon"},"properties":{"geo_point_2d":{"lon":-61.036096788418504,"lat":14.6605542605317},"idcar_200m":"CRS5490RES200mN1621600E711400","i_est_200":1,"idcar_1km":"CRS5490RES1000mN1621000E711000","i_est_1km":0,"idcar_nat":"CRS5490RES1000mN1621000E711000","groupe":1019642,"pop_carr":23.0,"men_1ind":4.2,"men_5ind":0.7,"men_prop":6.5,"men_fmp":1.0,"ind_snv":519820.3,"men_surf":948.1,"men_coll":2.7,"men_mais":7.6,"log_av45":0.0,"log_45_70":0.8,"log_70_90":1.8,"log_ap_90":6.8,"log_inc":0.9,"log_soc":0.0,"ind_0_3":0.6,"ind_4_5":0.2,"ind_6_10":1.2,"ind_11_17":2.1,"ind_18_24":1.6,"ind_25_39":1.8,"ind_40_54":5.2,"ind_55_64":4.4,"ind_65_79":5.0,"ind_80p":0.8,"ind_inc":0.1,"men_pauv":3.1,"men":10.3,"lcog_geo":"97224","year":"2017","com_arm_code":["97224"],"com_code":["97224"],"com_arm_name":["Saint-Joseph"],"com_name":["Saint-Joseph"],"epci_name":["CA du Centre de la Martinique"],"epci_code":["249720061"],"dep_name":["Martinique"],"dep_code":["972"],"reg_name":["Martinique"],"reg_code":["02"]}},{"type":"Feature","geometry":{"coordinates":[[[-61.03687188265541,14.67773078776089],[-61.03685575778561,14.679538016336135],[-61.03499925734239,14.67952231094852],[-61.035015397437206,14.677715084390806],[-61.03687188265541,14.67773078776089]]],"type":"Polygon"},"properties":{"geo_point_2d":{"lon":-61.03593557395579,"lat":14.678626551096906},"idcar_200m":"CRS5490RES200mN1623600E711400","i_est_200":0,"idcar_1km":"CRS5490RES1000mN1623000E711000","i_est_1km":0,"idcar_nat":"CRS5490RES1000mN1623000E711000","groupe":1019886,"pop_carr":23.5,"men_1ind":4.0,"men_5ind":1.0,"men_prop":9.0,"men_fmp":2.0,"ind_snv":495541.4,"men_surf":1074.6,"men_coll":2.0,"men_mais":9.0,"log_av45":1.0,"log_45_70":1.0,"log_70_90":1.0,"log_ap_90":6.0,"log_inc":2.0,"log_soc":0.0,"ind_0_3":3.0,"ind_4_5":1.0,"ind_6_10":1.5,"ind_11_17":1.0,"ind_18_24":0.0,"ind_25_39":4.0,"ind_40_54":5.0,"ind_55_64":5.0,"ind_65_79":2.0,"ind_80p":1.0,"ind_inc":0.0,"men_pauv":3.0,"men":11.0,"lcog_geo":"97224","year":"2017","com_arm_code":["97224"],"com_code":["97224"],"com_arm_name":["Saint-Joseph"],"com_name":["Saint-Joseph"],"epci_name":["CA du Centre de la Martinique"],"epci_code":["249720061"],"dep_name":["Martinique"],"dep_code":["972"],"reg_name":["Martinique"],"reg_code":["02"]}},{"type":"Feature","geometry":{"coordinates":[[[-61.04985132255331,14.679647538997555],[-61.04983530206907,14.681454781344339],[-61.04797877099644,14.68143917771602],[-61.04799480670838,14.67963193737347],[-61.04985132255331,14.679647538997555]]],"type":"Polygon"},"properties":{"geo_point_2d":{"lon":-61.04891505073144,"lat":14.680543360095836},"idcar_200m":"CRS5490RES200mN1623800E710000","i_est_200":0,"idcar_1km":"CRS5490RES1000mN1623000E710000","i_est_1km":0,"idcar_nat":"CRS5490RES1000mN1623000E710000","groupe":1019871,"pop_carr":38.0,"men_1ind":3.0,"men_5ind":0.0,"men_prop":6.0,"men_fmp":8.0,"ind_snv":620354.5,"men_surf":1227.0,"men_coll":8.0,"men_mais":7.0,"log_av45":0.0,"log_45_70":1.0,"log_70_90":1.0,"log_ap_90":13.0,"log_inc":0.0,"log_soc":0.0,"ind_0_3":0.0,"ind_4_5":1.0,"ind_6_10":5.0,"ind_11_17":5.0,"ind_18_24":3.0,"ind_25_39":8.0,"ind_40_54":5.0,"ind_55_64":9.0,"ind_65_79":1.0,"ind_80p":1.0,"ind_inc":0.0,"men_pauv":6.0,"men":15.0,"lcog_geo":"97224","year":"2017","com_arm_code":["97224"],"com_code":["97224"],"com_arm_name":["Saint-Joseph"],"com_name":["Saint-Joseph"],"epci_name":["CA du Centre de la Martinique"],"epci_code":["249720061"],"dep_name":["Martinique"],"dep_code":["972"],"reg_name":["Martinique"],"reg_code":["02"]}},{"type":"Feature","geometry":{"coordinates":[[[-61.048090974909,14.668788489063411],[-61.048074952359784,14.67059573119287],[-61.046218514815635,14.670580124775412],[-61.04623455257996,14.668772884651906],[-61.048090974909,14.668788489063411]]],"type":"Polygon"},"properties":{"geo_point_2d":{"lon":-61.047154748815885,"lat":14.66968430865793},"idcar_200m":"CRS5490RES200mN1622600E710200","i_est_200":1,"idcar_1km":"CRS5490RES1000mN1622000E710000","i_est_1km":0,"idcar_nat":"CRS5490RES1000mN1622000E710000","groupe":1019875,"pop_carr":11.0,"men_1ind":2.3,"men_5ind":0.2,"men_prop":4.0,"men_fmp":0.5,"ind_snv":204961.6,"men_surf":449.5,"men_coll":0.9,"men_mais":4.4,"log_av45":0.2,"log_45_70":0.8,"log_70_90":1.3,"log_ap_90":2.5,"log_inc":0.5,"log_soc":0.0,"ind_0_3":0.3,"ind_4_5":0.1,"ind_6_10":0.5,"ind_11_17":0.9,"ind_18_24":0.7,"ind_25_39":1.2,"ind_40_54":2.7,"ind_55_64":1.4,"ind_65_79":2.0,"ind_80p":1.1,"ind_inc":0.1,"men_pauv":1.4,"men":5.3,"lcog_geo":"97224","year":"2017","com_arm_code":["97224"],"com_code":["97224"],"com_arm_name":["Saint-Joseph"],"com_name":["Saint-Joseph"],"epci_name":["CA du Centre de la Martinique"],"epci_code":["249720061"],"dep_name":["Martinique"],"dep_code":["972"],"reg_name":["Martinique"],"reg_code":["02"]}},{"type":"Feature","geometry":{"coordinates":[[[-61.05197959497519,14.648939926321333],[-61.05196362693429,14.65074717572909],[-61.050107352258664,14.650731620961713],[-61.050123335491925,14.648924373555753],[-61.05197959497519,14.648939926321333]]],"type":"Polygon"},"properties":{"geo_point_2d":{"lon":-61.05104347756454,"lat":14.649835775377259},"idcar_200m":"CRS5490RES200mN1620400E709800","i_est_200":1,"idcar_1km":"CRS5490RES1000mN1620000E709000","i_est_1km":0,"idcar_nat":"CRS5490RES1000mN1620000E709000","groupe":1019613,"pop_carr":7.0,"men_1ind":0.6,"men_5ind":0.3,"men_prop":1.3,"men_fmp":1.0,"ind_snv":182814.9,"men_surf":250.8,"men_coll":1.2,"men_mais":1.7,"log_av45":0.2,"log_45_70":0.2,"log_70_90":0.8,"log_ap_90":1.3,"log_inc":0.4,"log_soc":0.0,"ind_0_3":0.4,"ind_4_5":0.2,"ind_6_10":0.6,"ind_11_17":0.5,"ind_18_24":0.5,"ind_25_39":1.0,"ind_40_54":1.5,"ind_55_64":0.5,"ind_65_79":1.2,"ind_80p":0.6,"ind_inc":0.0,"men_pauv":0.5,"men":2.9,"lcog_geo":"97224","year":"2017","com_arm_code":["97224"],"com_code":["97224"],"com_arm_name":["Saint-Joseph"],"com_name":["Saint-Joseph"],"epci_name":["CA du Centre de la Martinique"],"epci_code":["249720061"],"dep_name":["Martinique"],"dep_code":["972"],"reg_name":["Martinique"],"reg_code":["02"]}},{"type":"Feature","geometry":{"coordinates":[[[-61.05929325809157,14.661652784998477],[-61.05927733555826,14.663460040313476],[-61.05742094573392,14.663444530759632],[-61.05743688347452,14.661637277439032],[-61.05929325809157,14.661652784998477]]],"type":"Polygon"},"properties":{"geo_point_2d":{"lon":-61.05835710586351,"lat":14.662548659614062},"idcar_200m":"CRS5490RES200mN1621800E709000","i_est_200":1,"idcar_1km":"CRS5490RES1000mN1621000E709000","i_est_1km":0,"idcar_nat":"CRS5490RES1000mN1621000E709000","groupe":1019598,"pop_carr":16.0,"men_1ind":2.1,"men_5ind":0.4,"men_prop":5.0,"men_fmp":0.9,"ind_snv":429207.0,"men_surf":616.6,"men_coll":1.4,"men_mais":5.3,"log_av45":0.1,"log_45_70":1.1,"log_70_90":2.2,"log_ap_90":2.7,"log_inc":0.6,"log_soc":0.0,"ind_0_3":0.4,"ind_4_5":0.4,"ind_6_10":0.5,"ind_11_17":1.1,"ind_18_24":0.4,"ind_25_39":2.3,"ind_40_54":2.6,"ind_55_64":3.8,"ind_65_79":3.6,"ind_80p":0.8,"ind_inc":0.1,"men_pauv":0.8,"men":6.7,"lcog_geo":"97224","year":"2017","com_arm_code":["97224"],"com_code":["97224"],"com_arm_name":["Saint-Joseph"],"com_name":["Saint-Joseph"],"epci_name":["CA du Centre de la Martinique"],"epci_code":["249720061"],"dep_name":["Martinique"],"dep_code":["972"],"reg_name":["Martinique"],"reg_code":["02"]}},{"type":"Feature","geometry":{"coordinates":[[[-61.05938874750073,14.650809246864798],[-61.059372838050066,14.652616503963541],[-61.05751653943823,14.652601006375624],[-61.05753246408371,14.650793751271102],[-61.05938874750073,14.650809246864798]]],"type":"Polygon"},"properties":{"geo_point_2d":{"lon":-61.058452647417134,"lat":14.651705128354221},"idcar_200m":"CRS5490RES200mN1620600E709000","i_est_200":0,"idcar_1km":"CRS5490RES1000mN1620000E709000","i_est_1km":0,"idcar_nat":"CRS5490RES1000mN1620000E709000","groupe":1019617,"pop_carr":26.0,"men_1ind":5.0,"men_5ind":0.0,"men_prop":7.0,"men_fmp":3.0,"ind_snv":591258.5,"men_surf":1203.0,"men_coll":6.0,"men_mais":7.0,"log_av45":0.0,"log_45_70":0.0,"log_70_90":5.0,"log_ap_90":8.0,"log_inc":0.0,"log_soc":0.0,"ind_0_3":0.0,"ind_4_5":1.0,"ind_6_10":1.0,"ind_11_17":1.0,"ind_18_24":3.0,"ind_25_39":2.0,"ind_40_54":9.0,"ind_55_64":3.0,"ind_65_79":2.0,"ind_80p":3.0,"ind_inc":1.0,"men_pauv":3.0,"men":13.0,"lcog_geo":"9722497209","year":"2017","com_arm_code":["97224"],"com_code":["97224"],"com_arm_name":["Saint-Joseph"],"com_name":["Saint-Joseph"],"epci_name":["CA du Centre de la Martinique"],"epci_code":["249720061"],"dep_name":["Martinique"],"dep_code":["972"],"reg_name":["Martinique"],"reg_code":["02"]}},{"type":"Feature","geometry":{"coordinates":[[[-61.05930917844424,14.659845529386093],[-61.05929325809157,14.661652784998477],[-61.05743688347452,14.661637277439032],[-61.05745281903239,14.659830023821025],[-61.05930917844424,14.659845529386093]]],"type":"Polygon"},"properties":{"geo_point_2d":{"lon":-61.058373034909636,"lat":14.660741405147403},"idcar_200m":"CRS5490RES200mN1621600E709000","i_est_200":1,"idcar_1km":"CRS5490RES1000mN1621000E709000","i_est_1km":0,"idcar_nat":"CRS5490RES1000mN1621000E709000","groupe":1019598,"pop_carr":8.0,"men_1ind":1.1,"men_5ind":0.2,"men_prop":2.5,"men_fmp":0.4,"ind_snv":214603.5,"men_surf":308.3,"men_coll":0.7,"men_mais":2.6,"log_av45":0.0,"log_45_70":0.5,"log_70_90":1.1,"log_ap_90":1.4,"log_inc":0.3,"log_soc":0.0,"ind_0_3":0.2,"ind_4_5":0.2,"ind_6_10":0.2,"ind_11_17":0.6,"ind_18_24":0.2,"ind_25_39":1.2,"ind_40_54":1.3,"ind_55_64":1.9,"ind_65_79":1.8,"ind_80p":0.4,"ind_inc":0.0,"men_pauv":0.4,"men":3.3,"lcog_geo":"97224","year":"2017","com_arm_code":["97224"],"com_code":["97224"],"com_arm_name":["Saint-Joseph"],"com_name":["Saint-Joseph"],"epci_name":["CA du Centre de la Martinique"],"epci_code":["249720061"],"dep_name":["Martinique"],"dep_code":["972"],"reg_name":["Martinique"],"reg_code":["02"]}},{"type":"Feature","geometry":{"coordinates":[[[-61.02965616853303,14.654173991813572],[-61.029640011548615,14.655981216181022],[-61.027783717710435,14.655965477826154],[-61.02779988989245,14.654158255483441],[-61.02965616853303,14.654173991813572]]],"type":"Polygon"},"properties":{"geo_point_2d":{"lon":-61.02871994707236,"lat":14.655069736561792},"idcar_200m":"CRS5490RES200mN1621000E712200","i_est_200":0,"idcar_1km":"CRS5490RES1000mN1621000E712000","i_est_1km":0,"idcar_nat":"CRS5490RES1000mN1621000E712000","groupe":1019669,"pop_carr":34.0,"men_1ind":5.0,"men_5ind":0.0,"men_prop":13.0,"men_fmp":3.0,"ind_snv":938180.2,"men_surf":1722.1,"men_coll":5.0,"men_mais":10.0,"log_av45":0.0,"log_45_70":0.0,"log_70_90":5.0,"log_ap_90":9.0,"log_inc":1.0,"log_soc":0.0,"ind_0_3":2.0,"ind_4_5":0.0,"ind_6_10":2.0,"ind_11_17":4.0,"ind_18_24":2.0,"ind_25_39":3.0,"ind_40_54":12.0,"ind_55_64":3.0,"ind_65_79":6.0,"ind_80p":0.0,"ind_inc":0.0,"men_pauv":2.0,"men":15.0,"lcog_geo":"97224","year":"2017","com_arm_code":["97224"],"com_code":["97224"],"com_arm_name":["Saint-Joseph"],"com_name":["Saint-Joseph"],"epci_name":["CA du Centre de la Martinique"],"epci_code":["249720061"],"dep_name":["Martinique"],"dep_code":["972"],"reg_name":["Martinique"],"reg_code":["02"]}},{"type":"Feature","geometry":{"coordinates":[[[-61.042377021561315,14.685006745621063],[-61.04236093356557,14.686813979045294],[-61.04050436558723,14.68679831007968],[-61.040520468816574,14.684991078667402],[-61.042377021561315,14.685006745621063]]],"type":"Polygon"},"properties":{"geo_point_2d":{"lon":-61.04144069753286,"lat":14.685902529591816},"idcar_200m":"CRS5490RES200mN1624400E710800","i_est_200":1,"idcar_1km":"CRS5490RES1000mN1624000E710000","i_est_1km":0,"idcar_nat":"CRS5490RES8000mN1624000E704000","groupe":1020072,"pop_carr":4.0,"men_1ind":0.5,"men_5ind":0.1,"men_prop":1.1,"men_fmp":0.3,"ind_snv":81646.5,"men_surf":129.9,"men_coll":0.2,"men_mais":1.5,"log_av45":0.1,"log_45_70":0.3,"log_70_90":0.2,"log_ap_90":1.0,"log_inc":0.1,"log_soc":0.0,"ind_0_3":0.2,"ind_4_5":0.0,"ind_6_10":0.2,"ind_11_17":0.3,"ind_18_24":0.2,"ind_25_39":0.3,"ind_40_54":1.0,"ind_55_64":0.6,"ind_65_79":0.8,"ind_80p":0.4,"ind_inc":0.0,"men_pauv":0.6,"men":1.7,"lcog_geo":"97224","year":"2017","com_arm_code":["97224"],"com_code":["97224"],"com_arm_name":["Saint-Joseph"],"com_name":["Saint-Joseph"],"epci_name":["CA du Centre de la Martinique"],"epci_code":["249720061"],"dep_name":["Martinique"],"dep_code":["972"],"reg_name":["Martinique"],"reg_code":["02"]}},{"type":"Feature","geometry":{"coordinates":[[[-61.0536123177765,14.674256956939233],[-61.05359633431089,14.676064204182106],[-61.051739844533685,14.676048636206229],[-61.0517558432209,14.674241390963699],[-61.0536123177765,14.674256956939233]]],"type":"Polygon"},"properties":{"geo_point_2d":{"lon":-61.05267608510985,"lat":14.67515279831033},"idcar_200m":"CRS5490RES200mN1623200E709600","i_est_200":1,"idcar_1km":"CRS5490RES1000mN1623000E709000","i_est_1km":0,"idcar_nat":"CRS5490RES1000mN1623000E709000","groupe":1019859,"pop_carr":14.0,"men_1ind":2.2,"men_5ind":0.3,"men_prop":4.7,"men_fmp":1.4,"ind_snv":250608.4,"men_surf":582.0,"men_coll":0.4,"men_mais":5.7,"log_av45":0.1,"log_45_70":1.0,"log_70_90":0.7,"log_ap_90":4.0,"log_inc":0.3,"log_soc":0.0,"ind_0_3":0.3,"ind_4_5":0.3,"ind_6_10":0.8,"ind_11_17":1.0,"ind_18_24":0.9,"ind_25_39":1.1,"ind_40_54":3.4,"ind_55_64":2.6,"ind_65_79":2.5,"ind_80p":1.1,"ind_inc":0.0,"men_pauv":2.5,"men":6.1,"lcog_geo":"97224","year":"2017","com_arm_code":["97224"],"com_code":["97224"],"com_arm_name":["Saint-Joseph"],"com_name":["Saint-Joseph"],"epci_name":["CA du Centre de la Martinique"],"epci_code":["249720061"],"dep_name":["Martinique"],"dep_code":["972"],"reg_name":["Martinique"],"reg_code":["02"]}},{"type":"Feature","geometry":{"coordinates":[[[-61.05935692641917,14.654423760765066],[-61.05934101260795,14.656231017269365],[-61.05748468360027,14.656215515692924],[-61.05750061261045,14.654408261182908],[-61.05935692641917,14.654423760765066]]],"type":"Polygon"},"properties":{"geo_point_2d":{"lon":-61.05842080895842,"lat":14.655319639963338},"idcar_200m":"CRS5490RES200mN1621000E709000","i_est_200":0,"idcar_1km":"CRS5490RES1000mN1621000E709000","i_est_1km":0,"idcar_nat":"CRS5490RES1000mN1621000E709000","groupe":1019599,"pop_carr":21.0,"men_1ind":5.0,"men_5ind":0.0,"men_prop":10.0,"men_fmp":1.0,"ind_snv":685842.1,"men_surf":1065.0,"men_coll":0.0,"men_mais":11.0,"log_av45":1.0,"log_45_70":0.0,"log_70_90":7.0,"log_ap_90":3.0,"log_inc":0.0,"log_soc":0.0,"ind_0_3":1.0,"ind_4_5":0.0,"ind_6_10":0.0,"ind_11_17":2.0,"ind_18_24":2.0,"ind_25_39":0.0,"ind_40_54":3.0,"ind_55_64":5.0,"ind_65_79":6.0,"ind_80p":2.0,"ind_inc":0.0,"men_pauv":1.0,"men":11.0,"lcog_geo":"9722497209","year":"2017","com_arm_code":["97224"],"com_code":["97224"],"com_arm_name":["Saint-Joseph"],"com_name":["Saint-Joseph"],"epci_name":["CA du Centre de la Martinique"],"epci_code":["249720061"],"dep_name":["Martinique"],"dep_code":["972"],"reg_name":["Martinique"],"reg_code":["02"]}},{"type":"Feature","geometry":{"coordinates":[[[-61.05356436081684,14.679678697774593],[-61.05354837078825,14.681485944124143],[-61.051691835333706,14.681470370147073],[-61.05170784059017,14.67966312579795],[-61.05356436081684,14.679678697774593]]],"type":"Polygon"},"properties":{"geo_point_2d":{"lon":-61.0526281020316,"lat":14.680574535698934},"idcar_200m":"CRS5490RES200mN1623800E709600","i_est_200":1,"idcar_1km":"CRS5490RES1000mN1623000E709000","i_est_1km":0,"idcar_nat":"CRS5490RES1000mN1623000E709000","groupe":1019859,"pop_carr":8.0,"men_1ind":1.3,"men_5ind":0.2,"men_prop":2.7,"men_fmp":0.8,"ind_snv":143204.8,"men_surf":332.6,"men_coll":0.2,"men_mais":3.3,"log_av45":0.0,"log_45_70":0.6,"log_70_90":0.4,"log_ap_90":2.3,"log_inc":0.2,"log_soc":0.0,"ind_0_3":0.2,"ind_4_5":0.2,"ind_6_10":0.5,"ind_11_17":0.6,"ind_18_24":0.5,"ind_25_39":0.6,"ind_40_54":1.9,"ind_55_64":1.5,"ind_65_79":1.4,"ind_80p":0.6,"ind_inc":0.0,"men_pauv":1.4,"men":3.5,"lcog_geo":"97224","year":"2017","com_arm_code":["97224"],"com_code":["97224"],"com_arm_name":["Saint-Joseph"],"com_name":["Saint-Joseph"],"epci_name":["CA du Centre de la Martinique"],"epci_code":["249720061"],"dep_name":["Martinique"],"dep_code":["972"],"reg_name":["Martinique"],"reg_code":["02"]}},{"type":"Feature","geometry":{"coordinates":[[[-61.04618643269991,14.674194604129081],[-61.04617038834836,14.6760018433592],[-61.0443139073423,14.67598621610398],[-61.04432996691512,14.674178978881818],[-61.04618643269991,14.674194604129081]]],"type":"Polygon"},"properties":{"geo_point_2d":{"lon":-61.045250173976356,"lat":14.675090411856027},"idcar_200m":"CRS5490RES200mN1623200E710400","i_est_200":1,"idcar_1km":"CRS5490RES1000mN1623000E710000","i_est_1km":0,"idcar_nat":"CRS5490RES1000mN1623000E710000","groupe":1019867,"pop_carr":10.0,"men_1ind":2.0,"men_5ind":0.2,"men_prop":3.6,"men_fmp":0.7,"ind_snv":228382.4,"men_surf":446.3,"men_coll":0.6,"men_mais":4.2,"log_av45":0.2,"log_45_70":0.6,"log_70_90":1.3,"log_ap_90":2.5,"log_inc":0.2,"log_soc":0.0,"ind_0_3":0.1,"ind_4_5":0.2,"ind_6_10":0.5,"ind_11_17":0.9,"ind_18_24":0.4,"ind_25_39":1.1,"ind_40_54":2.1,"ind_55_64":2.3,"ind_65_79":1.7,"ind_80p":0.7,"ind_inc":0.0,"men_pauv":1.5,"men":4.8,"lcog_geo":"97224","year":"2017","com_arm_code":["97224"],"com_code":["97224"],"com_arm_name":["Saint-Joseph"],"com_name":["Saint-Joseph"],"epci_name":["CA du Centre de la Martinique"],"epci_code":["249720061"],"dep_name":["Martinique"],"dep_code":["972"],"reg_name":["Martinique"],"reg_code":["02"]}},{"type":"Feature","geometry":{"coordinates":[[[-61.04432996691512,14.674178978881818],[-61.0443139073423,14.67598621610398],[-61.04245742853422,14.675970574029135],[-61.04247350332824,14.674163338816824],[-61.04432996691512,14.674178978881818]]],"type":"Polygon"},"properties":{"geo_point_2d":{"lon":-61.043393701680046,"lat":14.675074778195444},"idcar_200m":"CRS5490RES200mN1623200E710600","i_est_200":0,"idcar_1km":"CRS5490RES1000mN1623000E710000","i_est_1km":0,"idcar_nat":"CRS5490RES1000mN1623000E710000","groupe":1019874,"pop_carr":52.0,"men_1ind":8.0,"men_5ind":3.0,"men_prop":16.0,"men_fmp":1.0,"ind_snv":1421801.8,"men_surf":2534.5,"men_coll":4.0,"men_mais":17.0,"log_av45":0.0,"log_45_70":2.0,"log_70_90":7.0,"log_ap_90":7.0,"log_inc":5.0,"log_soc":0.0,"ind_0_3":1.0,"ind_4_5":1.0,"ind_6_10":2.0,"ind_11_17":8.0,"ind_18_24":1.0,"ind_25_39":9.0,"ind_40_54":10.0,"ind_55_64":8.0,"ind_65_79":10.0,"ind_80p":2.0,"ind_inc":0.0,"men_pauv":5.0,"men":21.0,"lcog_geo":"97224","year":"2017","com_arm_code":["97224"],"com_code":["97224"],"com_arm_name":["Saint-Joseph"],"com_name":["Saint-Joseph"],"epci_name":["CA du Centre de la Martinique"],"epci_code":["249720061"],"dep_name":["Martinique"],"dep_code":["972"],"reg_name":["Martinique"],"reg_code":["02"]}},{"type":"Feature","geometry":{"coordinates":[[[-61.00720111554955,14.673863362320038],[-61.007184751569326,14.675670558983404],[-61.005328317158444,14.675654620532779],[-61.00534469635813,14.673847425917337],[-61.00720111554955,14.673863362320038]]],"type":"Polygon"},"properties":{"geo_point_2d":{"lon":-61.006264720311776,"lat":14.67475899317586},"idcar_200m":"CRS5490RES200mN1623200E714600","i_est_200":0,"idcar_1km":"CRS5490RES1000mN1623000E714000","i_est_1km":0,"idcar_nat":"CRS5490RES2000mN1622000E714000","groupe":1019947,"pop_carr":49.0,"men_1ind":2.0,"men_5ind":3.0,"men_prop":12.0,"men_fmp":1.0,"ind_snv":969320.4,"men_surf":1264.0,"men_coll":2.0,"men_mais":14.0,"log_av45":3.0,"log_45_70":2.0,"log_70_90":3.0,"log_ap_90":6.0,"log_inc":2.0,"log_soc":0.0,"ind_0_3":3.0,"ind_4_5":0.0,"ind_6_10":2.0,"ind_11_17":3.0,"ind_18_24":2.0,"ind_25_39":4.0,"ind_40_54":14.0,"ind_55_64":11.0,"ind_65_79":6.0,"ind_80p":4.0,"ind_inc":0.0,"men_pauv":1.0,"men":16.0,"lcog_geo":"97224","year":"2017","com_arm_code":["97224"],"com_code":["97224"],"com_arm_name":["Saint-Joseph"],"com_name":["Saint-Joseph"],"epci_name":["CA du Centre de la Martinique"],"epci_code":["249720061"],"dep_name":["Martinique"],"dep_code":["972"],"reg_name":["Martinique"],"reg_code":["02"]}},{"type":"Feature","geometry":{"coordinates":[[[-61.03152858896241,14.652382486659565],[-61.031512449387215,14.654189713347558],[-61.02965616853303,14.654173991813572],[-61.02967232330382,14.65236676714837],[-61.03152858896241,14.652382486659565]]],"type":"Polygon"},"properties":{"geo_point_2d":{"lon":-61.030592382697705,"lat":14.653278240977855},"idcar_200m":"CRS5490RES200mN1620800E712000","i_est_200":0,"idcar_1km":"CRS5490RES1000mN1620000E712000","i_est_1km":0,"idcar_nat":"CRS5490RES1000mN1620000E712000","groupe":1019702,"pop_carr":80.5,"men_1ind":10.0,"men_5ind":2.0,"men_prop":20.0,"men_fmp":7.0,"ind_snv":1337331.5,"men_surf":3073.5,"men_coll":12.0,"men_mais":20.0,"log_av45":0.0,"log_45_70":2.0,"log_70_90":11.0,"log_ap_90":18.0,"log_inc":1.0,"log_soc":0.0,"ind_0_3":6.0,"ind_4_5":2.0,"ind_6_10":6.0,"ind_11_17":12.0,"ind_18_24":2.5,"ind_25_39":7.0,"ind_40_54":19.0,"ind_55_64":2.0,"ind_65_79":18.0,"ind_80p":6.0,"ind_inc":0.0,"men_pauv":13.0,"men":32.0,"lcog_geo":"97224","year":"2017","com_arm_code":["97224"],"com_code":["97224"],"com_arm_name":["Saint-Joseph"],"com_name":["Saint-Joseph"],"epci_name":["CA du Centre de la Martinique"],"epci_code":["249720061"],"dep_name":["Martinique"],"dep_code":["972"],"reg_name":["Martinique"],"reg_code":["02"]}},{"type":"Feature","geometry":{"coordinates":[[[-61.04983530206907,14.681454781344339],[-61.049819279392835,14.683262023393235],[-61.04796273309042,14.683246417760643],[-61.04797877099644,14.68143917771602],[-61.04983530206907,14.681454781344339]]],"type":"Polygon"},"properties":{"geo_point_2d":{"lon":-61.04889902153683,"lat":14.682350601291708},"idcar_200m":"CRS5490RES200mN1624000E710000","i_est_200":0,"idcar_1km":"CRS5490RES1000mN1624000E710000","i_est_1km":0,"idcar_nat":"CRS5490RES8000mN1624000E704000","groupe":1020074,"pop_carr":33.0,"men_1ind":5.0,"men_5ind":0.0,"men_prop":8.0,"men_fmp":2.0,"ind_snv":494867.8,"men_surf":1212.4,"men_coll":5.0,"men_mais":10.0,"log_av45":0.0,"log_45_70":1.0,"log_70_90":4.0,"log_ap_90":9.0,"log_inc":1.0,"log_soc":0.0,"ind_0_3":0.0,"ind_4_5":0.0,"ind_6_10":0.0,"ind_11_17":5.0,"ind_18_24":1.0,"ind_25_39":5.0,"ind_40_54":6.0,"ind_55_64":9.0,"ind_65_79":6.0,"ind_80p":1.0,"ind_inc":0.0,"men_pauv":3.0,"men":15.0,"lcog_geo":"97224","year":"2017","com_arm_code":["97224"],"com_code":["97224"],"com_arm_name":["Saint-Joseph"],"com_name":["Saint-Joseph"],"epci_name":["CA du Centre de la Martinique"],"epci_code":["249720061"],"dep_name":["Martinique"],"dep_code":["972"],"reg_name":["Martinique"],"reg_code":["02"]}},{"type":"Feature","geometry":{"coordinates":[[[-61.04818706414413,14.657945030036235],[-61.04817105475455,14.659752273951364],[-61.04631470846982,14.659736679569136],[-61.04633073306203,14.657929437659764],[-61.04818706414413,14.657945030036235]]],"type":"Polygon"},"properties":{"geo_point_2d":{"lon":-61.04725089025743,"lat":14.658840856540206},"idcar_200m":"CRS5490RES200mN1621400E710200","i_est_200":1,"idcar_1km":"CRS5490RES1000mN1621000E710000","i_est_1km":0,"idcar_nat":"CRS5490RES1000mN1621000E710000","groupe":1019634,"pop_carr":2.0,"men_1ind":0.4,"men_5ind":0.0,"men_prop":0.7,"men_fmp":0.1,"ind_snv":56117.1,"men_surf":98.3,"men_coll":0.3,"men_mais":0.7,"log_av45":0.0,"log_45_70":0.1,"log_70_90":0.3,"log_ap_90":0.5,"log_inc":0.1,"log_soc":0.0,"ind_0_3":0.0,"ind_4_5":0.0,"ind_6_10":0.1,"ind_11_17":0.2,"ind_18_24":0.1,"ind_25_39":0.2,"ind_40_54":0.3,"ind_55_64":0.5,"ind_65_79":0.4,"ind_80p":0.2,"ind_inc":0.0,"men_pauv":0.2,"men":1.0,"lcog_geo":"97224","year":"2017","com_arm_code":["97224"],"com_code":["97224"],"com_arm_name":["Saint-Joseph"],"com_name":["Saint-Joseph"],"epci_name":["CA du Centre de la Martinique"],"epci_code":["249720061"],"dep_name":["Martinique"],"dep_code":["972"],"reg_name":["Martinique"],"reg_code":["02"]}},{"type":"Feature","geometry":{"coordinates":[[[-61.06471942453118,14.677964559721222],[-61.064703528046785,14.679771818330977],[-61.06284699472485,14.67975633529858],[-61.06286290643553,14.677949078677791],[-61.06471942453118,14.677964559721222]]],"type":"Polygon"},"properties":{"geo_point_2d":{"lon":-61.06378321358308,"lat":14.678860449244988},"idcar_200m":"CRS5490RES200mN1623600E708400","i_est_200":1,"idcar_1km":"CRS5490RES1000mN1623000E708000","i_est_1km":0,"idcar_nat":"CRS5490RES1000mN1623000E708000","groupe":1019849,"pop_carr":17.0,"men_1ind":2.8,"men_5ind":0.4,"men_prop":5.9,"men_fmp":1.3,"ind_snv":313164.7,"men_surf":628.2,"men_coll":0.7,"men_mais":7.0,"log_av45":0.0,"log_45_70":1.6,"log_70_90":1.3,"log_ap_90":4.5,"log_inc":0.3,"log_soc":0.0,"ind_0_3":0.1,"ind_4_5":0.0,"ind_6_10":0.2,"ind_11_17":1.4,"ind_18_24":0.8,"ind_25_39":1.9,"ind_40_54":4.2,"ind_55_64":4.4,"ind_65_79":2.8,"ind_80p":1.1,"ind_inc":0.1,"men_pauv":2.6,"men":7.7,"lcog_geo":"97224","year":"2017","com_arm_code":["97224"],"com_code":["97224"],"com_arm_name":["Saint-Joseph"],"com_name":["Saint-Joseph"],"epci_name":["CA du Centre de la Martinique"],"epci_code":["249720061"],"dep_name":["Martinique"],"dep_code":["972"],"reg_name":["Martinique"],"reg_code":["02"]}},{"type":"Feature","geometry":{"coordinates":[[[-61.06119734379602,14.656246504046461],[-61.061181443005545,14.658053762245888],[-61.05932509661634,14.658038273476379],[-61.05934101260795,14.656231017269365],[-61.06119734379602,14.656246504046461]]],"type":"Polygon"},"properties":{"geo_point_2d":{"lon":-61.06026122415527,"lat":14.657142390495459},"idcar_200m":"CRS5490RES200mN1621200E708800","i_est_200":0,"idcar_1km":"CRS5490RES1000mN1621000E708000","i_est_1km":0,"idcar_nat":"CRS5490RES1000mN1621000E708000","groupe":1019609,"pop_carr":30.0,"men_1ind":5.0,"men_5ind":1.0,"men_prop":6.0,"men_fmp":2.0,"ind_snv":630298.6,"men_surf":1057.0,"men_coll":1.0,"men_mais":13.0,"log_av45":0.0,"log_45_70":8.0,"log_70_90":4.0,"log_ap_90":2.0,"log_inc":0.0,"log_soc":0.0,"ind_0_3":0.0,"ind_4_5":0.0,"ind_6_10":1.0,"ind_11_17":2.0,"ind_18_24":1.0,"ind_25_39":3.0,"ind_40_54":7.0,"ind_55_64":5.0,"ind_65_79":7.0,"ind_80p":4.0,"ind_inc":0.0,"men_pauv":6.0,"men":14.0,"lcog_geo":"9722497209","year":"2017","com_arm_code":["97224"],"com_code":["97224"],"com_arm_name":["Saint-Joseph"],"com_name":["Saint-Joseph"],"epci_name":["CA du Centre de la Martinique"],"epci_code":["249720061"],"dep_name":["Martinique"],"dep_code":["972"],"reg_name":["Martinique"],"reg_code":["02"]}},{"type":"Feature","geometry":{"coordinates":[[[-61.04441023181235,14.665142788303752],[-61.044394183228206,14.666950027014892],[-61.04253778050524,14.666934394988994],[-61.04255384430017,14.665127158287552],[-61.04441023181235,14.665142788303752]]],"type":"Polygon"},"properties":{"geo_point_2d":{"lon":-61.04347401011158,"lat":14.66603859338551},"idcar_200m":"CRS5490RES200mN1622200E710600","i_est_200":1,"idcar_1km":"CRS5490RES1000mN1622000E710000","i_est_1km":0,"idcar_nat":"CRS5490RES1000mN1622000E710000","groupe":1019875,"pop_carr":2.0,"men_1ind":0.4,"men_5ind":0.0,"men_prop":0.7,"men_fmp":0.1,"ind_snv":37265.7,"men_surf":81.7,"men_coll":0.2,"men_mais":0.8,"log_av45":0.0,"log_45_70":0.2,"log_70_90":0.2,"log_ap_90":0.5,"log_inc":0.1,"log_soc":0.0,"ind_0_3":0.1,"ind_4_5":0.0,"ind_6_10":0.1,"ind_11_17":0.2,"ind_18_24":0.1,"ind_25_39":0.2,"ind_40_54":0.5,"ind_55_64":0.2,"ind_65_79":0.4,"ind_80p":0.2,"ind_inc":0.0,"men_pauv":0.3,"men":1.0,"lcog_geo":"97224","year":"2017","com_arm_code":["97224"],"com_code":["97224"],"com_arm_name":["Saint-Joseph"],"com_name":["Saint-Joseph"],"epci_name":["CA du Centre de la Martinique"],"epci_code":["249720061"],"dep_name":["Martinique"],"dep_code":["972"],"reg_name":["Martinique"],"reg_code":["02"]}},{"type":"Feature","geometry":{"coordinates":[[[-61.061070076472184,14.670704561316304],[-61.061054158252134,14.672511817136577],[-61.05919769017893,14.67249631242672],[-61.05921362361677,14.670689058599098],[-61.061070076472184,14.670704561316304]]],"type":"Polygon"},"properties":{"geo_point_2d":{"lon":-61.060133887278795,"lat":14.671600438606879},"idcar_200m":"CRS5490RES200mN1622800E708800","i_est_200":0,"idcar_1km":"CRS5490RES1000mN1622000E708000","i_est_1km":0,"idcar_nat":"CRS5490RES1000mN1622000E708000","groupe":1019858,"pop_carr":112.0,"men_1ind":14.0,"men_5ind":6.0,"men_prop":22.0,"men_fmp":4.0,"ind_snv":2005500.7,"men_surf":4279.3,"men_coll":8.0,"men_mais":34.0,"log_av45":0.0,"log_45_70":1.0,"log_70_90":2.0,"log_ap_90":2.0,"log_inc":37.0,"log_soc":0.0,"ind_0_3":5.0,"ind_4_5":2.0,"ind_6_10":7.5,"ind_11_17":11.5,"ind_18_24":3.0,"ind_25_39":14.0,"ind_40_54":35.0,"ind_55_64":15.0,"ind_65_79":13.0,"ind_80p":6.0,"ind_inc":0.0,"men_pauv":10.0,"men":42.0,"lcog_geo":"97224","year":"2017","com_arm_code":["97224"],"com_code":["97224"],"com_arm_name":["Saint-Joseph"],"com_name":["Saint-Joseph"],"epci_name":["CA du Centre de la Martinique"],"epci_code":["249720061"],"dep_name":["Martinique"],"dep_code":["972"],"reg_name":["Martinique"],"reg_code":["02"]}},{"type":"Feature","geometry":{"coordinates":[[[-61.01641808015613,14.681171647797607],[-61.01640178335707,14.682978853478364],[-61.01454527686839,14.682962980964684],[-61.01456158889568,14.681155777322472],[-61.01641808015613,14.681171647797607]]],"type":"Polygon"},"properties":{"geo_point_2d":{"lon":-61.01548168247151,"lat":14.682067316128897},"idcar_200m":"CRS5490RES200mN1624000E713600","i_est_200":0,"idcar_1km":"CRS5490RES1000mN1624000E713000","i_est_1km":0,"idcar_nat":"CRS5490RES1000mN1624000E713000","groupe":1020093,"pop_carr":122.0,"men_1ind":17.0,"men_5ind":7.0,"men_prop":26.0,"men_fmp":10.0,"ind_snv":2154004.1,"men_surf":3939.4,"men_coll":15.0,"men_mais":32.0,"log_av45":2.0,"log_45_70":3.0,"log_70_90":2.0,"log_ap_90":9.0,"log_inc":31.0,"log_soc":0.0,"ind_0_3":5.0,"ind_4_5":4.0,"ind_6_10":10.0,"ind_11_17":12.0,"ind_18_24":12.0,"ind_25_39":17.0,"ind_40_54":22.0,"ind_55_64":28.0,"ind_65_79":10.0,"ind_80p":1.0,"ind_inc":1.0,"men_pauv":18.0,"men":47.0,"lcog_geo":"97224","year":"2017","com_arm_code":["97224"],"com_code":["97224"],"com_arm_name":["Saint-Joseph"],"com_name":["Saint-Joseph"],"epci_name":["CA du Centre de la Martinique"],"epci_code":["249720061"],"dep_name":["Martinique"],"dep_code":["972"],"reg_name":["Martinique"],"reg_code":["02"]}},{"type":"Feature","geometry":{"coordinates":[[[-61.03301343695895,14.693964376307603],[-61.032997261740185,14.695771598161247],[-61.03114062859893,14.69575584493414],[-61.031156819061295,14.693948625102106],[-61.03301343695895,14.693964376307603]]],"type":"Polygon"},"properties":{"geo_point_2d":{"lon":-61.032077036740745,"lat":14.694860112365522},"idcar_200m":"CRS5490RES200mN1625400E711800","i_est_200":1,"idcar_1km":"CRS5490RES1000mN1625000E711000","i_est_1km":0,"idcar_nat":"CRS5490RES8000mN1624000E704000","groupe":1020069,"pop_carr":17.0,"men_1ind":3.1,"men_5ind":0.2,"men_prop":5.0,"men_fmp":0.8,"ind_snv":304597.0,"men_surf":636.5,"men_coll":0.6,"men_mais":6.7,"log_av45":0.2,"log_45_70":0.8,"log_70_90":0.9,"log_ap_90":4.8,"log_inc":0.6,"log_soc":0.0,"ind_0_3":0.8,"ind_4_5":0.2,"ind_6_10":0.6,"ind_11_17":1.0,"ind_18_24":1.5,"ind_25_39":2.5,"ind_40_54":4.0,"ind_55_64":3.1,"ind_65_79":2.7,"ind_80p":0.6,"ind_inc":0.0,"men_pauv":2.1,"men":7.3,"lcog_geo":"97224","year":"2017","com_arm_code":["97224"],"com_code":["97224"],"com_arm_name":["Saint-Joseph"],"com_name":["Saint-Joseph"],"epci_name":["CA du Centre de la Martinique"],"epci_code":["249720061"],"dep_name":["Martinique"],"dep_code":["972"],"reg_name":["Martinique"],"reg_code":["02"]}},{"type":"Feature","geometry":{"coordinates":[[[-61.05722952256242,14.685131547396983],[-61.05721355643854,14.68693879684824],[-61.05535697091382,14.686923246532698],[-61.05537295227197,14.685115999078157],[-61.05722952256242,14.685131547396983]]],"type":"Polygon"},"properties":{"geo_point_2d":{"lon":-61.05629325069575,"lat":14.686027398702493},"idcar_200m":"CRS5490RES200mN1624400E709200","i_est_200":0,"idcar_1km":"CRS5490RES1000mN1624000E709000","i_est_1km":0,"idcar_nat":"CRS5490RES8000mN1624000E704000","groupe":1020064,"pop_carr":21.0,"men_1ind":5.0,"men_5ind":0.0,"men_prop":10.0,"men_fmp":2.0,"ind_snv":507769.9,"men_surf":929.0,"men_coll":0.0,"men_mais":12.0,"log_av45":0.0,"log_45_70":6.0,"log_70_90":4.0,"log_ap_90":2.0,"log_inc":0.0,"log_soc":0.0,"ind_0_3":0.0,"ind_4_5":0.0,"ind_6_10":0.0,"ind_11_17":1.0,"ind_18_24":0.0,"ind_25_39":1.0,"ind_40_54":3.0,"ind_55_64":6.0,"ind_65_79":5.0,"ind_80p":5.0,"ind_inc":0.0,"men_pauv":3.0,"men":12.0,"lcog_geo":"97224","year":"2017","com_arm_code":["97224"],"com_code":["97224"],"com_arm_name":["Saint-Joseph"],"com_name":["Saint-Joseph"],"epci_name":["CA du Centre de la Martinique"],"epci_code":["249720061"],"dep_name":["Martinique"],"dep_code":["972"],"reg_name":["Martinique"],"reg_code":["02"]}},{"type":"Feature","geometry":{"coordinates":[[[-61.04993139209749,14.670611322796242],[-61.049915382571974,14.672418566632034],[-61.04805892761698,14.672402973024587],[-61.048074952359784,14.67059573119287],[-61.04993139209749,14.670611322796242]]],"type":"Polygon"},"properties":{"geo_point_2d":{"lon":-61.048995163811206,"lat":14.671507149648628},"idcar_200m":"CRS5490RES200mN1622800E710000","i_est_200":1,"idcar_1km":"CRS5490RES1000mN1622000E710000","i_est_1km":0,"idcar_nat":"CRS5490RES1000mN1622000E710000","groupe":1019875,"pop_carr":10.0,"men_1ind":2.1,"men_5ind":0.2,"men_prop":3.6,"men_fmp":0.5,"ind_snv":186328.7,"men_surf":408.7,"men_coll":0.8,"men_mais":4.0,"log_av45":0.1,"log_45_70":0.7,"log_70_90":1.2,"log_ap_90":2.3,"log_inc":0.5,"log_soc":0.0,"ind_0_3":0.3,"ind_4_5":0.1,"ind_6_10":0.5,"ind_11_17":0.8,"ind_18_24":0.6,"ind_25_39":1.1,"ind_40_54":2.4,"ind_55_64":1.3,"ind_65_79":1.8,"ind_80p":1.0,"ind_inc":0.1,"men_pauv":1.3,"men":4.8,"lcog_geo":"97224","year":"2017","com_arm_code":["97224"],"com_code":["97224"],"com_arm_name":["Saint-Joseph"],"com_name":["Saint-Joseph"],"epci_name":["CA du Centre de la Martinique"],"epci_code":["249720061"],"dep_name":["Martinique"],"dep_code":["972"],"reg_name":["Martinique"],"reg_code":["02"]}},{"type":"Feature","geometry":{"coordinates":[[[-61.06295833098034,14.667105532704383],[-61.06294243233188,14.668912791110346],[-61.06108599251326,14.668897305198499],[-61.06110190637542,14.667090048783228],[-61.06295833098034,14.667105532704383]]],"type":"Polygon"},"properties":{"geo_point_2d":{"lon":-61.06202216569888,"lat":14.668001420686},"idcar_200m":"CRS5490RES200mN1622400E708600","i_est_200":1,"idcar_1km":"CRS5490RES1000mN1622000E708000","i_est_1km":0,"idcar_nat":"CRS5490RES1000mN1622000E708000","groupe":1019853,"pop_carr":5.0,"men_1ind":0.7,"men_5ind":0.1,"men_prop":1.4,"men_fmp":0.5,"ind_snv":85592.1,"men_surf":154.1,"men_coll":0.5,"men_mais":1.8,"log_av45":0.1,"log_45_70":0.5,"log_70_90":0.4,"log_ap_90":1.2,"log_inc":0.1,"log_soc":0.0,"ind_0_3":0.0,"ind_4_5":0.1,"ind_6_10":0.2,"ind_11_17":0.4,"ind_18_24":0.2,"ind_25_39":0.7,"ind_40_54":1.4,"ind_55_64":0.8,"ind_65_79":1.0,"ind_80p":0.2,"ind_inc":0.0,"men_pauv":0.9,"men":2.3,"lcog_geo":"97224","year":"2017","com_arm_code":["97224"],"com_code":["97224"],"com_arm_name":["Saint-Joseph"],"com_name":["Saint-Joseph"],"epci_name":["CA du Centre de la Martinique"],"epci_code":["249720061"],"dep_name":["Martinique"],"dep_code":["972"],"reg_name":["Martinique"],"reg_code":["02"]}},{"type":"Feature","geometry":{"coordinates":[[[-61.053484388794644,14.688714926543595],[-61.05346838782602,14.690522171403604],[-61.05161177620092,14.69050658742392],[-61.05162779240782,14.688699344564501],[-61.053484388794644,14.688714926543595]]],"type":"Polygon"},"properties":{"geo_point_2d":{"lon":-61.0525480864567,"lat":14.68961075872269},"idcar_200m":"CRS5490RES200mN1624800E709600","i_est_200":1,"idcar_1km":"CRS5490RES1000mN1624000E709000","i_est_1km":0,"idcar_nat":"CRS5490RES8000mN1624000E704000","groupe":1020062,"pop_carr":2.0,"men_1ind":0.2,"men_5ind":0.1,"men_prop":0.4,"men_fmp":0.1,"ind_snv":33898.4,"men_surf":48.8,"men_coll":0.0,"men_mais":0.7,"log_av45":0.2,"log_45_70":0.2,"log_70_90":0.0,"log_ap_90":0.3,"log_inc":0.0,"log_soc":0.0,"ind_0_3":0.1,"ind_4_5":0.0,"ind_6_10":0.1,"ind_11_17":0.1,"ind_18_24":0.2,"ind_25_39":0.2,"ind_40_54":0.4,"ind_55_64":0.5,"ind_65_79":0.2,"ind_80p":0.2,"ind_inc":0.0,"men_pauv":0.3,"men":0.7,"lcog_geo":"97224","year":"2017","com_arm_code":["97224"],"com_code":["97224"],"com_arm_name":["Saint-Joseph"],"com_name":["Saint-Joseph"],"epci_name":["CA du Centre de la Martinique"],"epci_code":["249720061"],"dep_name":["Martinique"],"dep_code":["972"],"reg_name":["Martinique"],"reg_code":["02"]}},{"type":"Feature","geometry":{"coordinates":[[[-61.02962385235049,14.657788440250695],[-61.029607690938576,14.659595664022564],[-61.027751366698965,14.659579921618137],[-61.027767543312635,14.657772699871066],[-61.02962385235049,14.657788440250695]]],"type":"Polygon"},"properties":{"geo_point_2d":{"lon":-61.028687613476386,"lat":14.65868418267668},"idcar_200m":"CRS5490RES200mN1621400E712200","i_est_200":1,"idcar_1km":"CRS5490RES1000mN1621000E712000","i_est_1km":0,"idcar_nat":"CRS5490RES1000mN1621000E712000","groupe":1019666,"pop_carr":4.0,"men_1ind":0.7,"men_5ind":0.0,"men_prop":1.3,"men_fmp":0.4,"ind_snv":89590.4,"men_surf":173.6,"men_coll":0.6,"men_mais":1.3,"log_av45":0.0,"log_45_70":0.2,"log_70_90":0.4,"log_ap_90":1.1,"log_inc":0.2,"log_soc":0.0,"ind_0_3":0.1,"ind_4_5":0.0,"ind_6_10":0.2,"ind_11_17":0.2,"ind_18_24":0.3,"ind_25_39":0.8,"ind_40_54":0.7,"ind_55_64":1.0,"ind_65_79":0.4,"ind_80p":0.3,"ind_inc":0.0,"men_pauv":0.6,"men":1.9,"lcog_geo":"97224","year":"2017","com_arm_code":["97224"],"com_code":["97224"],"com_arm_name":["Saint-Joseph"],"com_name":["Saint-Joseph"],"epci_name":["CA du Centre de la Martinique"],"epci_code":["249720061"],"dep_name":["Martinique"],"dep_code":["972"],"reg_name":["Martinique"],"reg_code":["02"]}},{"type":"Feature","geometry":{"coordinates":[[[-61.06662357553788,14.672558242366597],[-61.06660770079886,14.674365503855968],[-61.06475121097455,14.674350041608998],[-61.06476710093369,14.672542782106596],[-61.06662357553788,14.672558242366597]]],"type":"Polygon"},"properties":{"geo_point_2d":{"lon":-61.06568739720961,"lat":14.673454143721907},"idcar_200m":"CRS5490RES200mN1623000E708200","i_est_200":0,"idcar_1km":"CRS5490RES1000mN1623000E708000","i_est_1km":0,"idcar_nat":"CRS5490RES1000mN1623000E708000","groupe":1019851,"pop_carr":46.0,"men_1ind":4.0,"men_5ind":2.0,"men_prop":12.0,"men_fmp":4.0,"ind_snv":783561.3,"men_surf":1433.0,"men_coll":2.0,"men_mais":17.0,"log_av45":0.0,"log_45_70":6.0,"log_70_90":8.0,"log_ap_90":5.0,"log_inc":0.0,"log_soc":0.0,"ind_0_3":0.0,"ind_4_5":0.0,"ind_6_10":3.0,"ind_11_17":6.0,"ind_18_24":3.0,"ind_25_39":0.0,"ind_40_54":15.0,"ind_55_64":8.0,"ind_65_79":6.0,"ind_80p":5.0,"ind_inc":0.0,"men_pauv":8.0,"men":19.0,"lcog_geo":"97224","year":"2017","com_arm_code":["97224"],"com_code":["97224"],"com_arm_name":["Saint-Joseph"],"com_name":["Saint-Joseph"],"epci_name":["CA du Centre de la Martinique"],"epci_code":["249720061"],"dep_name":["Martinique"],"dep_code":["972"],"reg_name":["Martinique"],"reg_code":["02"]}},{"type":"Feature","geometry":{"coordinates":[[[-61.00734829060199,14.65759857892114],[-61.00733194677463,14.659405778269821],[-61.00547564926396,14.659389858249389],[-61.00549200829203,14.657582660948353],[-61.00734829060199,14.65759857892114]]],"type":"Polygon"},"properties":{"geo_point_2d":{"lon":-61.00641197388609,"lat":14.658494220333216},"idcar_200m":"CRS5490RES200mN1621400E714600","i_est_200":1,"idcar_1km":"CRS5490RES1000mN1621000E714000","i_est_1km":0,"idcar_nat":"CRS5490RES2000mN1620000E714000","groupe":1019704,"pop_carr":13.0,"men_1ind":2.5,"men_5ind":0.1,"men_prop":4.0,"men_fmp":1.5,"ind_snv":300712.4,"men_surf":532.2,"men_coll":1.8,"men_mais":4.2,"log_av45":0.1,"log_45_70":0.3,"log_70_90":1.6,"log_ap_90":3.8,"log_inc":0.2,"log_soc":0.0,"ind_0_3":0.3,"ind_4_5":0.1,"ind_6_10":0.3,"ind_11_17":1.5,"ind_18_24":1.0,"ind_25_39":1.2,"ind_40_54":3.2,"ind_55_64":2.4,"ind_65_79":2.6,"ind_80p":0.4,"ind_inc":0.0,"men_pauv":1.0,"men":6.0,"lcog_geo":"9722497213","year":"2017","com_arm_code":["97224"],"com_code":["97224"],"com_arm_name":["Saint-Joseph"],"com_name":["Saint-Joseph"],"epci_name":["CA du Centre de la Martinique"],"epci_code":["249720061"],"dep_name":["Martinique"],"dep_code":["972"],"reg_name":["Martinique"],"reg_code":["02"]}},{"type":"Feature","geometry":{"coordinates":[[[-61.04063312975438,14.67234045043571],[-61.04061704194134,14.674147683934187],[-61.038760582756524,14.674132014233967],[-61.03877668578849,14.67232478274913],[-61.04063312975438,14.67234045043571]]],"type":"Polygon"},"properties":{"geo_point_2d":{"lon":-61.03969686021055,"lat":14.673236234075594},"idcar_200m":"CRS5490RES200mN1623000E711000","i_est_200":0,"idcar_1km":"CRS5490RES1000mN1623000E711000","i_est_1km":0,"idcar_nat":"CRS5490RES1000mN1623000E711000","groupe":1019891,"pop_carr":38.5,"men_1ind":6.0,"men_5ind":1.0,"men_prop":11.0,"men_fmp":5.0,"ind_snv":938500.0,"men_surf":1960.0,"men_coll":7.0,"men_mais":11.0,"log_av45":0.0,"log_45_70":1.0,"log_70_90":4.0,"log_ap_90":13.0,"log_inc":0.0,"log_soc":0.0,"ind_0_3":0.0,"ind_4_5":0.0,"ind_6_10":4.0,"ind_11_17":3.5,"ind_18_24":3.0,"ind_25_39":3.0,"ind_40_54":6.0,"ind_55_64":9.0,"ind_65_79":9.0,"ind_80p":1.0,"ind_inc":0.0,"men_pauv":4.0,"men":18.0,"lcog_geo":"97224","year":"2017","com_arm_code":["97224"],"com_code":["97224"],"com_arm_name":["Saint-Joseph"],"com_name":["Saint-Joseph"],"epci_name":["CA du Centre de la Martinique"],"epci_code":["249720061"],"dep_name":["Martinique"],"dep_code":["972"],"reg_name":["Martinique"],"reg_code":["02"]}},{"type":"Feature","geometry":{"coordinates":[[[-61.01662973569176,14.657677946798723],[-61.01661346786933,14.659485156357038],[-61.01475715918516,14.65946931034186],[-61.01477344220875,14.65766210282167],[-61.01662973569176,14.657677946798723]]],"type":"Polygon"},"properties":{"geo_point_2d":{"lon":-61.01569345139097,"lat":14.658573630315871},"idcar_200m":"CRS5490RES200mN1621400E713600","i_est_200":1,"idcar_1km":"CRS5490RES1000mN1621000E713000","i_est_1km":0,"idcar_nat":"CRS5490RES1000mN1621000E713000","groupe":1019681,"pop_carr":5.0,"men_1ind":0.5,"men_5ind":0.2,"men_prop":1.3,"men_fmp":0.4,"ind_snv":119276.5,"men_surf":198.8,"men_coll":0.4,"men_mais":1.5,"log_av45":0.1,"log_45_70":0.1,"log_70_90":0.4,"log_ap_90":1.1,"log_inc":0.2,"log_soc":0.0,"ind_0_3":0.2,"ind_4_5":0.1,"ind_6_10":0.3,"ind_11_17":0.6,"ind_18_24":0.3,"ind_25_39":0.8,"ind_40_54":1.1,"ind_55_64":0.7,"ind_65_79":0.7,"ind_80p":0.2,"ind_inc":0.0,"men_pauv":0.5,"men":1.9,"lcog_geo":"97224","year":"2017","com_arm_code":["97224"],"com_code":["97224"],"com_arm_name":["Saint-Joseph"],"com_name":["Saint-Joseph"],"epci_name":["CA du Centre de la Martinique"],"epci_code":["249720061"],"dep_name":["Martinique"],"dep_code":["972"],"reg_name":["Martinique"],"reg_code":["02"]}},{"type":"Feature","geometry":{"coordinates":[[[-61.0202286206887,14.670360079497197],[-61.02021236769701,14.672167291039287],[-61.01835594809042,14.672151460385669],[-61.01837221629802,14.670344250878129],[-61.0202286206887,14.670360079497197]]],"type":"Polygon"},"properties":{"geo_point_2d":{"lon":-61.019292288345476,"lat":14.671255771687237},"idcar_200m":"CRS5490RES200mN1622800E713200","i_est_200":0,"idcar_1km":"CRS5490RES1000mN1622000E713000","i_est_1km":0,"idcar_nat":"CRS5490RES1000mN1622000E713000","groupe":1019910,"pop_carr":32.0,"men_1ind":1.0,"men_5ind":1.0,"men_prop":9.0,"men_fmp":5.0,"ind_snv":745736.2,"men_surf":1050.0,"men_coll":6.0,"men_mais":7.0,"log_av45":1.0,"log_45_70":2.0,"log_70_90":2.0,"log_ap_90":8.0,"log_inc":0.0,"log_soc":0.0,"ind_0_3":0.0,"ind_4_5":1.0,"ind_6_10":2.0,"ind_11_17":4.0,"ind_18_24":5.0,"ind_25_39":2.0,"ind_40_54":10.0,"ind_55_64":5.0,"ind_65_79":3.0,"ind_80p":0.0,"ind_inc":0.0,"men_pauv":2.0,"men":13.0,"lcog_geo":"97224","year":"2017","com_arm_code":["97224"],"com_code":["97224"],"com_arm_name":["Saint-Joseph"],"com_name":["Saint-Joseph"],"epci_name":["CA du Centre de la Martinique"],"epci_code":["249720061"],"dep_name":["Martinique"],"dep_code":["972"],"reg_name":["Martinique"],"reg_code":["02"]}},{"type":"Feature","geometry":{"coordinates":[[[-61.0497230972986,14.694105469428665],[-61.049707059275974,14.695912709391283],[-61.047850406306814,14.695897089727934],[-61.047866459573804,14.694089851769801],[-61.0497230972986,14.694105469428665]]],"type":"Polygon"},"properties":{"geo_point_2d":{"lon":-61.04878675576343,"lat":14.695001281318683},"idcar_200m":"CRS5490RES200mN1625400E710000","i_est_200":1,"idcar_1km":"CRS5490RES1000mN1625000E710000","i_est_1km":0,"idcar_nat":"CRS5490RES8000mN1624000E704000","groupe":1020070,"pop_carr":2.0,"men_1ind":0.2,"men_5ind":0.1,"men_prop":0.6,"men_fmp":0.2,"ind_snv":32039.4,"men_surf":63.3,"men_coll":0.0,"men_mais":0.7,"log_av45":0.0,"log_45_70":0.1,"log_70_90":0.1,"log_ap_90":0.4,"log_inc":0.1,"log_soc":0.0,"ind_0_3":0.2,"ind_4_5":0.0,"ind_6_10":0.1,"ind_11_17":0.2,"ind_18_24":0.1,"ind_25_39":0.3,"ind_40_54":0.4,"ind_55_64":0.2,"ind_65_79":0.4,"ind_80p":0.1,"ind_inc":0.0,"men_pauv":0.3,"men":0.7,"lcog_geo":"97224","year":"2017","com_arm_code":["97224"],"com_code":["97224"],"com_arm_name":["Saint-Joseph"],"com_name":["Saint-Joseph"],"epci_name":["CA du Centre de la Martinique"],"epci_code":["249720061"],"dep_name":["Martinique"],"dep_code":["972"],"reg_name":["Martinique"],"reg_code":["02"]}},{"type":"Feature","geometry":{"coordinates":[[[-61.03701690720544,14.66146571717518],[-61.03700080219023,14.66327294843172],[-61.03514443869714,14.663257261200744],[-61.035160558918605,14.66145003196145],[-61.03701690720544,14.66146571717518]]],"type":"Polygon"},"properties":{"geo_point_2d":{"lon":-61.03608067690349,"lat":14.66236149092866},"idcar_200m":"CRS5490RES200mN1621800E711400","i_est_200":1,"idcar_1km":"CRS5490RES1000mN1621000E711000","i_est_1km":0,"idcar_nat":"CRS5490RES1000mN1621000E711000","groupe":1019642,"pop_carr":13.0,"men_1ind":2.4,"men_5ind":0.4,"men_prop":3.7,"men_fmp":0.5,"ind_snv":293811.5,"men_surf":535.9,"men_coll":1.5,"men_mais":4.3,"log_av45":0.0,"log_45_70":0.5,"log_70_90":1.0,"log_ap_90":3.8,"log_inc":0.5,"log_soc":0.0,"ind_0_3":0.3,"ind_4_5":0.1,"ind_6_10":0.7,"ind_11_17":1.2,"ind_18_24":0.9,"ind_25_39":1.0,"ind_40_54":2.9,"ind_55_64":2.5,"ind_65_79":2.8,"ind_80p":0.5,"ind_inc":0.1,"men_pauv":1.8,"men":5.8,"lcog_geo":"97224","year":"2017","com_arm_code":["97224"],"com_code":["97224"],"com_arm_name":["Saint-Joseph"],"com_name":["Saint-Joseph"],"epci_name":["CA du Centre de la Martinique"],"epci_code":["249720061"],"dep_name":["Martinique"],"dep_code":["972"],"reg_name":["Martinique"],"reg_code":["02"]}},{"type":"Feature","geometry":{"coordinates":[[[-61.0517558432209,14.674241390963699],[-61.051739844533685,14.676048636206229],[-61.04988335694613,14.676033053410396],[-61.04989937085489,14.674225810170103],[-61.0517558432209,14.674241390963699]]],"type":"Polygon"},"properties":{"geo_point_2d":{"lon":-61.0508196040384,"lat":14.675137223925118},"idcar_200m":"CRS5490RES200mN1623200E709800","i_est_200":1,"idcar_1km":"CRS5490RES1000mN1623000E709000","i_est_1km":0,"idcar_nat":"CRS5490RES1000mN1623000E709000","groupe":1019859,"pop_carr":22.0,"men_1ind":3.5,"men_5ind":0.4,"men_prop":7.4,"men_fmp":2.2,"ind_snv":393813.3,"men_surf":914.6,"men_coll":0.7,"men_mais":8.9,"log_av45":0.1,"log_45_70":1.6,"log_70_90":1.1,"log_ap_90":6.3,"log_inc":0.5,"log_soc":0.0,"ind_0_3":0.4,"ind_4_5":0.5,"ind_6_10":1.3,"ind_11_17":1.6,"ind_18_24":1.3,"ind_25_39":1.8,"ind_40_54":5.3,"ind_55_64":4.1,"ind_65_79":3.9,"ind_80p":1.8,"ind_inc":0.0,"men_pauv":3.9,"men":9.6,"lcog_geo":"97224","year":"2017","com_arm_code":["97224"],"com_code":["97224"],"com_arm_name":["Saint-Joseph"],"com_name":["Saint-Joseph"],"epci_name":["CA du Centre de la Martinique"],"epci_code":["249720061"],"dep_name":["Martinique"],"dep_code":["972"],"reg_name":["Martinique"],"reg_code":["02"]}},{"type":"Feature","geometry":{"coordinates":[[[-61.03696858554259,14.666887410051409],[-61.03695247390995,14.668694640414495],[-61.03509606478556,14.66867894713159],[-61.0351121916307,14.666871718785854],[-61.03696858554259,14.666887410051409]]],"type":"Polygon"},"properties":{"geo_point_2d":{"lon":-61.03603232911785,"lat":14.667783180332696},"idcar_200m":"CRS5490RES200mN1622400E711400","i_est_200":0,"idcar_1km":"CRS5490RES1000mN1622000E711000","i_est_1km":0,"idcar_nat":"CRS5490RES1000mN1622000E711000","groupe":1019900,"pop_carr":52.0,"men_1ind":6.0,"men_5ind":3.0,"men_prop":11.0,"men_fmp":6.0,"ind_snv":1132965.0,"men_surf":1849.3,"men_coll":15.0,"men_mais":7.0,"log_av45":0.0,"log_45_70":1.0,"log_70_90":2.0,"log_ap_90":15.0,"log_inc":4.0,"log_soc":0.0,"ind_0_3":2.0,"ind_4_5":1.0,"ind_6_10":6.0,"ind_11_17":4.0,"ind_18_24":1.0,"ind_25_39":10.0,"ind_40_54":12.0,"ind_55_64":7.0,"ind_65_79":3.0,"ind_80p":5.0,"ind_inc":1.0,"men_pauv":8.0,"men":22.0,"lcog_geo":"97224","year":"2017","com_arm_code":["97224"],"com_code":["97224"],"com_arm_name":["Saint-Joseph"],"com_name":["Saint-Joseph"],"epci_name":["CA du Centre de la Martinique"],"epci_code":["249720061"],"dep_name":["Martinique"],"dep_code":["972"],"reg_name":["Martinique"],"reg_code":["02"]}},{"type":"Feature","geometry":{"coordinates":[[[-61.010962947860094,14.668473586625957],[-61.010946621024964,14.670280788274694],[-61.00909022778954,14.670264885592447],[-61.00910656983806,14.668457685987745],[-61.010962947860094,14.668473586625957]]],"type":"Polygon"},"properties":{"geo_point_2d":{"lon":-61.0100265917808,"lat":14.66936923785721},"idcar_200m":"CRS5490RES200mN1622600E714200","i_est_200":0,"idcar_1km":"CRS5490RES1000mN1622000E714000","i_est_1km":1,"idcar_nat":"CRS5490RES2000mN1622000E714000","groupe":1019938,"pop_carr":47.0,"men_1ind":2.0,"men_5ind":3.0,"men_prop":10.0,"men_fmp":3.0,"ind_snv":865255.4,"men_surf":1242.0,"men_coll":1.0,"men_mais":13.0,"log_av45":0.0,"log_45_70":3.0,"log_70_90":6.0,"log_ap_90":5.0,"log_inc":0.0,"log_soc":0.0,"ind_0_3":0.0,"ind_4_5":0.0,"ind_6_10":2.0,"ind_11_17":9.0,"ind_18_24":1.0,"ind_25_39":7.0,"ind_40_54":8.0,"ind_55_64":11.0,"ind_65_79":6.0,"ind_80p":3.0,"ind_inc":0.0,"men_pauv":4.0,"men":14.0,"lcog_geo":"97224","year":"2017","com_arm_code":["97224"],"com_code":["97224"],"com_arm_name":["Saint-Joseph"],"com_name":["Saint-Joseph"],"epci_name":["CA du Centre de la Martinique"],"epci_code":["249720061"],"dep_name":["Martinique"],"dep_code":["972"],"reg_name":["Martinique"],"reg_code":["02"]}},{"type":"Feature","geometry":{"coordinates":[[[-61.04821907634445,14.654330541313529],[-61.048203071340744,14.656137785823608],[-61.046346755459176,14.656122195452864],[-61.04636277566134,14.654314952948482],[-61.04821907634445,14.654330541313529]]],"type":"Polygon"},"properties":{"geo_point_2d":{"lon":-61.04728291985124,"lat":14.655226370120385},"idcar_200m":"CRS5490RES200mN1621000E710200","i_est_200":1,"idcar_1km":"CRS5490RES1000mN1621000E710000","i_est_1km":0,"idcar_nat":"CRS5490RES1000mN1621000E710000","groupe":1019634,"pop_carr":2.0,"men_1ind":0.4,"men_5ind":0.0,"men_prop":0.7,"men_fmp":0.1,"ind_snv":56117.1,"men_surf":98.3,"men_coll":0.3,"men_mais":0.7,"log_av45":0.0,"log_45_70":0.1,"log_70_90":0.3,"log_ap_90":0.5,"log_inc":0.1,"log_soc":0.0,"ind_0_3":0.0,"ind_4_5":0.0,"ind_6_10":0.1,"ind_11_17":0.2,"ind_18_24":0.1,"ind_25_39":0.2,"ind_40_54":0.3,"ind_55_64":0.5,"ind_65_79":0.4,"ind_80p":0.2,"ind_inc":0.0,"men_pauv":0.2,"men":1.0,"lcog_geo":"97224","year":"2017","com_arm_code":["97224"],"com_code":["97224"],"com_arm_name":["Saint-Joseph"],"com_name":["Saint-Joseph"],"epci_name":["CA du Centre de la Martinique"],"epci_code":["249720061"],"dep_name":["Martinique"],"dep_code":["972"],"reg_name":["Martinique"],"reg_code":["02"]}},{"type":"Feature","geometry":{"coordinates":[[[-61.020309852276796,14.661324017314282],[-61.02029361040827,14.663131230347075],[-61.01843726686038,14.663115409865842],[-61.01845352393438,14.66130819886742],[-61.020309852276796,14.661324017314282]]],"type":"Polygon"},"properties":{"geo_point_2d":{"lon":-61.01937356352189,"lat":14.662219715335027},"idcar_200m":"CRS5490RES200mN1621800E713200","i_est_200":0,"idcar_1km":"CRS5490RES1000mN1621000E713000","i_est_1km":0,"idcar_nat":"CRS5490RES1000mN1621000E713000","groupe":1019690,"pop_carr":67.0,"men_1ind":16.0,"men_5ind":3.0,"men_prop":16.0,"men_fmp":6.0,"ind_snv":1194939.0,"men_surf":2542.9,"men_coll":9.0,"men_mais":21.0,"log_av45":2.0,"log_45_70":2.0,"log_70_90":0.0,"log_ap_90":14.0,"log_inc":12.0,"log_soc":0.0,"ind_0_3":4.0,"ind_4_5":2.0,"ind_6_10":3.0,"ind_11_17":9.0,"ind_18_24":4.0,"ind_25_39":7.0,"ind_40_54":12.0,"ind_55_64":13.0,"ind_65_79":10.0,"ind_80p":3.0,"ind_inc":0.0,"men_pauv":15.0,"men":30.0,"lcog_geo":"97224","year":"2017","com_arm_code":["97224"],"com_code":["97224"],"com_arm_name":["Saint-Joseph"],"com_name":["Saint-Joseph"],"epci_name":["CA du Centre de la Martinique"],"epci_code":["249720061"],"dep_name":["Martinique"],"dep_code":["972"],"reg_name":["Martinique"],"reg_code":["02"]}},{"type":"Feature","geometry":{"coordinates":[[[-61.035015397437206,14.677715084390806],[-61.03499925734239,14.67952231094852],[-61.03314275910777,14.679506590737857],[-61.033158914427496,14.677699366199592],[-61.035015397437206,14.677715084390806]]],"type":"Polygon"},"properties":{"geo_point_2d":{"lon":-61.0340790822295,"lat":14.67861083930701},"idcar_200m":"CRS5490RES200mN1623600E711600","i_est_200":1,"idcar_1km":"CRS5490RES1000mN1623000E711000","i_est_1km":0,"idcar_nat":"CRS5490RES1000mN1623000E711000","groupe":1019883,"pop_carr":13.0,"men_1ind":2.4,"men_5ind":0.4,"men_prop":4.3,"men_fmp":1.1,"ind_snv":319573.3,"men_surf":572.1,"men_coll":1.7,"men_mais":4.4,"log_av45":0.2,"log_45_70":0.2,"log_70_90":2.4,"log_ap_90":3.0,"log_inc":0.3,"log_soc":0.0,"ind_0_3":0.1,"ind_4_5":0.0,"ind_6_10":0.6,"ind_11_17":0.6,"ind_18_24":1.1,"ind_25_39":1.5,"ind_40_54":2.8,"ind_55_64":2.2,"ind_65_79":2.6,"ind_80p":1.5,"ind_inc":0.0,"men_pauv":0.9,"men":6.1,"lcog_geo":"97224","year":"2017","com_arm_code":["97224"],"com_code":["97224"],"com_arm_name":["Saint-Joseph"],"com_name":["Saint-Joseph"],"epci_name":["CA du Centre de la Martinique"],"epci_code":["249720061"],"dep_name":["Martinique"],"dep_code":["972"],"reg_name":["Martinique"],"reg_code":["02"]}},{"type":"Feature","geometry":{"coordinates":[[[-61.027735187869325,14.661387143067317],[-61.027719006823645,14.663194364218596],[-61.02586265439039,14.663178602958896],[-61.02587885064191,14.661371383834386],[-61.027735187869325,14.661387143067317]]],"type":"Polygon"},"properties":{"geo_point_2d":{"lon":-61.026798925082666,"lat":14.662282874756176},"idcar_200m":"CRS5490RES200mN1621800E712400","i_est_200":0,"idcar_1km":"CRS5490RES1000mN1621000E712000","i_est_1km":0,"idcar_nat":"CRS5490RES1000mN1621000E712000","groupe":1019671,"pop_carr":89.5,"men_1ind":12.0,"men_5ind":6.0,"men_prop":22.0,"men_fmp":7.0,"ind_snv":1725686.8,"men_surf":3072.4,"men_coll":11.0,"men_mais":25.0,"log_av45":0.0,"log_45_70":3.0,"log_70_90":6.0,"log_ap_90":16.0,"log_inc":11.0,"log_soc":0.0,"ind_0_3":8.0,"ind_4_5":3.0,"ind_6_10":2.5,"ind_11_17":5.0,"ind_18_24":7.0,"ind_25_39":17.0,"ind_40_54":13.0,"ind_55_64":22.0,"ind_65_79":9.0,"ind_80p":3.0,"ind_inc":0.0,"men_pauv":14.0,"men":36.0,"lcog_geo":"97224","year":"2017","com_arm_code":["97224"],"com_code":["97224"],"com_arm_name":["Saint-Joseph"],"com_name":["Saint-Joseph"],"epci_name":["CA du Centre de la Martinique"],"epci_code":["249720061"],"dep_name":["Martinique"],"dep_code":["972"],"reg_name":["Martinique"],"reg_code":["02"]}},{"type":"Feature","geometry":{"coordinates":[[[-61.01658092553902,14.66309957457942],[-61.016564651030976,14.664906783243422],[-61.01470829673084,14.664890931113687],[-61.01472458644629,14.663083724487903],[-61.01658092553902,14.66309957457942]]],"type":"Polygon"},"properties":{"geo_point_2d":{"lon":-61.015644615088995,"lat":14.663995254592638},"idcar_200m":"CRS5490RES200mN1622000E713600","i_est_200":1,"idcar_1km":"CRS5490RES1000mN1622000E713000","i_est_1km":0,"idcar_nat":"CRS5490RES1000mN1622000E713000","groupe":1019908,"pop_carr":24.0,"men_1ind":4.0,"men_5ind":0.6,"men_prop":8.2,"men_fmp":1.4,"ind_snv":546934.1,"men_surf":1051.7,"men_coll":3.4,"men_mais":7.6,"log_av45":0.2,"log_45_70":1.8,"log_70_90":3.4,"log_ap_90":5.2,"log_inc":0.4,"log_soc":0.0,"ind_0_3":1.0,"ind_4_5":0.2,"ind_6_10":1.0,"ind_11_17":1.3,"ind_18_24":1.4,"ind_25_39":1.4,"ind_40_54":5.6,"ind_55_64":2.8,"ind_65_79":6.5,"ind_80p":2.8,"ind_inc":0.0,"men_pauv":3.0,"men":11.0,"lcog_geo":"97224","year":"2017","com_arm_code":["97224"],"com_code":["97224"],"com_arm_name":["Saint-Joseph"],"com_name":["Saint-Joseph"],"epci_name":["CA du Centre de la Martinique"],"epci_code":["249720061"],"dep_name":["Martinique"],"dep_code":["972"],"reg_name":["Martinique"],"reg_code":["02"]}},{"type":"Feature","geometry":{"coordinates":[[[-61.03136709368091,14.670454740138377],[-61.03135093198645,14.672261963847722],[-61.02949449906174,14.672246222084006],[-61.02951067597262,14.670439000397788],[-61.03136709368091,14.670454740138377]]],"type":"Polygon"},"properties":{"geo_point_2d":{"lon":-61.0304308003265,"lat":14.671350482854148},"idcar_200m":"CRS5490RES200mN1622800E712000","i_est_200":0,"idcar_1km":"CRS5490RES1000mN1622000E712000","i_est_1km":0,"idcar_nat":"CRS5490RES1000mN1622000E712000","groupe":1019930,"pop_carr":289.0,"men_1ind":21.0,"men_5ind":12.0,"men_prop":7.0,"men_fmp":66.0,"ind_snv":4224964.3,"men_surf":7115.4,"men_coll":106.0,"men_mais":4.0,"log_av45":0.0,"log_45_70":0.0,"log_70_90":1.0,"log_ap_90":108.0,"log_inc":1.0,"log_soc":100.0,"ind_0_3":5.0,"ind_4_5":8.0,"ind_6_10":36.0,"ind_11_17":50.0,"ind_18_24":36.0,"ind_25_39":46.0,"ind_40_54":75.0,"ind_55_64":27.0,"ind_65_79":6.0,"ind_80p":0.0,"ind_inc":0.0,"men_pauv":37.0,"men":110.0,"lcog_geo":"97224","year":"2017","com_arm_code":["97224"],"com_code":["97224"],"com_arm_name":["Saint-Joseph"],"com_name":["Saint-Joseph"],"epci_name":["CA du Centre de la Martinique"],"epci_code":["249720061"],"dep_name":["Martinique"],"dep_code":["972"],"reg_name":["Martinique"],"reg_code":["02"]}},{"type":"Feature","geometry":{"coordinates":[[[-61.01850228179805,14.655886564083856],[-61.01848603140314,14.657693775976401],[-61.01662973569176,14.657677946798723],[-61.016646001285835,14.655870736942369],[-61.01850228179805,14.655886564083856]]],"type":"Polygon"},"properties":{"geo_point_2d":{"lon":-61.01756601269678,"lat":14.65678225718623},"idcar_200m":"CRS5490RES200mN1621200E713400","i_est_200":1,"idcar_1km":"CRS5490RES1000mN1621000E713000","i_est_1km":0,"idcar_nat":"CRS5490RES1000mN1621000E713000","groupe":1019681,"pop_carr":8.0,"men_1ind":0.8,"men_5ind":0.4,"men_prop":2.0,"men_fmp":0.6,"ind_snv":190842.5,"men_surf":318.1,"men_coll":0.7,"men_mais":2.4,"log_av45":0.1,"log_45_70":0.1,"log_70_90":0.7,"log_ap_90":1.8,"log_inc":0.4,"log_soc":0.0,"ind_0_3":0.3,"ind_4_5":0.2,"ind_6_10":0.5,"ind_11_17":0.9,"ind_18_24":0.5,"ind_25_39":1.3,"ind_40_54":1.7,"ind_55_64":1.1,"ind_65_79":1.2,"ind_80p":0.2,"ind_inc":0.1,"men_pauv":0.9,"men":3.1,"lcog_geo":"97224","year":"2017","com_arm_code":["97224"],"com_code":["97224"],"com_arm_name":["Saint-Joseph"],"com_name":["Saint-Joseph"],"epci_name":["CA du Centre de la Martinique"],"epci_code":["249720061"],"dep_name":["Martinique"],"dep_code":["972"],"reg_name":["Martinique"],"reg_code":["02"]}},{"type":"Feature","geometry":{"coordinates":[[[-60.99982471332772,14.668377960641],[-60.99980829521356,14.670185149997032],[-60.99795191543318,14.670169158441672],[-60.99796834876019,14.66836197114109],[-60.99982471332772,14.668377960641]]],"type":"Polygon"},"properties":{"geo_point_2d":{"lon":-60.998888318337144,"lat":14.669273561292181},"idcar_200m":"CRS5490RES200mN1622600E715400","i_est_200":1,"idcar_1km":"CRS5490RES1000mN1622000E715000","i_est_1km":1,"idcar_nat":"CRS5490RES2000mN1622000E714000","groupe":398694,"pop_carr":7.0,"men_1ind":0.6,"men_5ind":0.3,"men_prop":2.3,"men_fmp":0.4,"ind_snv":140369.4,"men_surf":266.1,"men_coll":0.2,"men_mais":2.7,"log_av45":0.1,"log_45_70":0.4,"log_70_90":0.3,"log_ap_90":1.8,"log_inc":0.3,"log_soc":0.0,"ind_0_3":0.0,"ind_4_5":0.2,"ind_6_10":0.1,"ind_11_17":1.2,"ind_18_24":0.4,"ind_25_39":0.3,"ind_40_54":1.9,"ind_55_64":1.4,"ind_65_79":0.9,"ind_80p":0.6,"ind_inc":0.0,"men_pauv":0.8,"men":2.9,"lcog_geo":"97224","year":"2017","com_arm_code":["97224"],"com_code":["97224"],"com_arm_name":["Saint-Joseph"],"com_name":["Saint-Joseph"],"epci_name":["CA du Centre de la Martinique"],"epci_code":["249720061"],"dep_name":["Martinique"],"dep_code":["972"],"reg_name":["Martinique"],"reg_code":["02"]}},{"type":"Feature","geometry":{"coordinates":[[[-61.04066529877459,14.668725982545114],[-61.040649215365434,14.670533216639349],[-61.0387927866164,14.670517550966357],[-61.03880888524032,14.668710318885692],[-61.04066529877459,14.668725982545114]]],"type":"Polygon"},"properties":{"geo_point_2d":{"lon":-61.03972904664955,"lat":14.669621768496157},"idcar_200m":"CRS5490RES200mN1622600E711000","i_est_200":0,"idcar_1km":"CRS5490RES1000mN1622000E711000","i_est_1km":0,"idcar_nat":"CRS5490RES1000mN1622000E711000","groupe":1019903,"pop_carr":78.0,"men_1ind":23.0,"men_5ind":2.0,"men_prop":15.0,"men_fmp":5.0,"ind_snv":1344149.3,"men_surf":2952.5,"men_coll":13.0,"men_mais":28.0,"log_av45":2.0,"log_45_70":6.0,"log_70_90":15.0,"log_ap_90":13.0,"log_inc":5.0,"log_soc":0.0,"ind_0_3":1.0,"ind_4_5":1.0,"ind_6_10":6.0,"ind_11_17":2.0,"ind_18_24":3.0,"ind_25_39":16.0,"ind_40_54":16.0,"ind_55_64":14.0,"ind_65_79":13.0,"ind_80p":6.0,"ind_inc":0.0,"men_pauv":15.0,"men":41.0,"lcog_geo":"97224","year":"2017","com_arm_code":["97224"],"com_code":["97224"],"com_arm_name":["Saint-Joseph"],"com_name":["Saint-Joseph"],"epci_name":["CA du Centre de la Martinique"],"epci_code":["249720061"],"dep_name":["Martinique"],"dep_code":["972"],"reg_name":["Martinique"],"reg_code":["02"]}},{"type":"Feature","geometry":{"coordinates":[[[-61.018518529966755,14.654079351893358],[-61.01850228179805,14.655886564083856],[-61.016646001285835,14.655870736942369],[-61.01666226465163,14.654063526788022],[-61.018518529966755,14.654079351893358]]],"type":"Polygon"},"properties":{"geo_point_2d":{"lon":-61.017582269577645,"lat":14.654975046162637},"idcar_200m":"CRS5490RES200mN1621000E713400","i_est_200":1,"idcar_1km":"CRS5490RES1000mN1621000E713000","i_est_1km":0,"idcar_nat":"CRS5490RES1000mN1621000E713000","groupe":1019681,"pop_carr":5.0,"men_1ind":0.5,"men_5ind":0.2,"men_prop":1.3,"men_fmp":0.4,"ind_snv":119276.5,"men_surf":198.8,"men_coll":0.4,"men_mais":1.5,"log_av45":0.1,"log_45_70":0.1,"log_70_90":0.4,"log_ap_90":1.1,"log_inc":0.2,"log_soc":0.0,"ind_0_3":0.2,"ind_4_5":0.1,"ind_6_10":0.3,"ind_11_17":0.6,"ind_18_24":0.3,"ind_25_39":0.8,"ind_40_54":1.1,"ind_55_64":0.7,"ind_65_79":0.7,"ind_80p":0.2,"ind_inc":0.0,"men_pauv":0.5,"men":1.9,"lcog_geo":"97224","year":"2017","com_arm_code":["97224"],"com_code":["97224"],"com_arm_name":["Saint-Joseph"],"com_name":["Saint-Joseph"],"epci_name":["CA du Centre de la Martinique"],"epci_code":["249720061"],"dep_name":["Martinique"],"dep_code":["972"],"reg_name":["Martinique"],"reg_code":["02"]}},{"type":"Feature","geometry":{"coordinates":[[[-61.04047215252044,14.690412772009717],[-61.04045604268281,14.692220002527394],[-61.03859943119409,14.692204312689142],[-61.03861555627148,14.690397084185406],[-61.04047215252044,14.690412772009717]]],"type":"Polygon"},"properties":{"geo_point_2d":{"lon":-61.039535795817535,"lat":14.691308544091848},"idcar_200m":"CRS5490RES200mN1625000E711000","i_est_200":1,"idcar_1km":"CRS5490RES1000mN1625000E711000","i_est_1km":0,"idcar_nat":"CRS5490RES8000mN1624000E704000","groupe":1020069,"pop_carr":21.0,"men_1ind":3.8,"men_5ind":0.3,"men_prop":6.1,"men_fmp":1.0,"ind_snv":376266.9,"men_surf":786.2,"men_coll":0.8,"men_mais":8.2,"log_av45":0.3,"log_45_70":1.0,"log_70_90":1.0,"log_ap_90":5.9,"log_inc":0.8,"log_soc":0.0,"ind_0_3":1.0,"ind_4_5":0.2,"ind_6_10":0.8,"ind_11_17":1.3,"ind_18_24":1.8,"ind_25_39":3.1,"ind_40_54":4.9,"ind_55_64":3.8,"ind_65_79":3.3,"ind_80p":0.8,"ind_inc":0.0,"men_pauv":2.6,"men":9.0,"lcog_geo":"97224","year":"2017","com_arm_code":["97224"],"com_code":["97224"],"com_arm_name":["Saint-Joseph"],"com_name":["Saint-Joseph"],"epci_name":["CA du Centre de la Martinique"],"epci_code":["249720061"],"dep_name":["Martinique"],"dep_code":["972"],"reg_name":["Martinique"],"reg_code":["02"]}},{"type":"Feature","geometry":{"coordinates":[[[-61.036888005318794,14.675923558887595],[-61.03687188265541,14.67773078776089],[-61.035015397437206,14.677715084390806],[-61.035031535323526,14.675907857535007],[-61.036888005318794,14.675923558887595]]],"type":"Polygon"},"properties":{"geo_point_2d":{"lon":-61.03595170533437,"lat":14.676819323381233},"idcar_200m":"CRS5490RES200mN1623400E711400","i_est_200":1,"idcar_1km":"CRS5490RES1000mN1623000E711000","i_est_1km":0,"idcar_nat":"CRS5490RES1000mN1623000E711000","groupe":1019883,"pop_carr":12.0,"men_1ind":2.2,"men_5ind":0.3,"men_prop":3.9,"men_fmp":1.0,"ind_snv":294990.7,"men_surf":528.1,"men_coll":1.6,"men_mais":4.1,"log_av45":0.2,"log_45_70":0.2,"log_70_90":2.2,"log_ap_90":2.8,"log_inc":0.3,"log_soc":0.0,"ind_0_3":0.1,"ind_4_5":0.0,"ind_6_10":0.6,"ind_11_17":0.5,"ind_18_24":1.0,"ind_25_39":1.4,"ind_40_54":2.6,"ind_55_64":2.0,"ind_65_79":2.4,"ind_80p":1.4,"ind_inc":0.0,"men_pauv":0.9,"men":5.7,"lcog_geo":"97224","year":"2017","com_arm_code":["97224"],"com_code":["97224"],"com_arm_name":["Saint-Joseph"],"com_name":["Saint-Joseph"],"epci_name":["CA du Centre de la Martinique"],"epci_code":["249720061"],"dep_name":["Martinique"],"dep_code":["972"],"reg_name":["Martinique"],"reg_code":["02"]}},{"type":"Feature","geometry":{"coordinates":[[[-61.021971316192236,14.683026382062833],[-61.02195506285505,14.684833593549364],[-61.02009853445332,14.684817763481192],[-61.02011480302107,14.683010554027517],[-61.021971316192236,14.683026382062833]]],"type":"Polygon"},"properties":{"geo_point_2d":{"lon":-61.021034929282195,"lat":14.68392207451851},"idcar_200m":"CRS5490RES200mN1624200E713000","i_est_200":0,"idcar_1km":"CRS5490RES1000mN1624000E713000","i_est_1km":0,"idcar_nat":"CRS5490RES1000mN1624000E713000","groupe":1020088,"pop_carr":42.0,"men_1ind":3.0,"men_5ind":4.0,"men_prop":10.0,"men_fmp":1.0,"ind_snv":1064691.6,"men_surf":1005.0,"men_coll":1.0,"men_mais":10.0,"log_av45":1.0,"log_45_70":2.0,"log_70_90":2.0,"log_ap_90":6.0,"log_inc":0.0,"log_soc":0.0,"ind_0_3":1.0,"ind_4_5":1.0,"ind_6_10":3.0,"ind_11_17":6.0,"ind_18_24":5.0,"ind_25_39":6.0,"ind_40_54":9.0,"ind_55_64":4.0,"ind_65_79":4.0,"ind_80p":3.0,"ind_inc":0.0,"men_pauv":1.0,"men":11.0,"lcog_geo":"97224","year":"2017","com_arm_code":["97224"],"com_code":["97224"],"com_arm_name":["Saint-Joseph"],"com_name":["Saint-Joseph"],"epci_name":["CA du Centre de la Martinique"],"epci_code":["249720061"],"dep_name":["Martinique"],"dep_code":["972"],"reg_name":["Martinique"],"reg_code":["02"]}},{"type":"Feature","geometry":{"coordinates":[[[-61.02019611248042,14.673974502283126],[-61.02017985503886,14.6757817132287],[-61.01832340499421,14.675765878505915],[-61.01833967765584,14.673958669594953],[-61.02019611248042,14.673974502283126]]],"type":"Polygon"},"properties":{"geo_point_2d":{"lon":-61.019259762694254,"lat":14.674870192140657},"idcar_200m":"CRS5490RES200mN1623200E713200","i_est_200":1,"idcar_1km":"CRS5490RES1000mN1623000E713000","i_est_1km":0,"idcar_nat":"CRS5490RES1000mN1623000E713000","groupe":1019931,"pop_carr":13.0,"men_1ind":1.7,"men_5ind":0.2,"men_prop":4.1,"men_fmp":0.9,"ind_snv":309847.8,"men_surf":510.2,"men_coll":1.6,"men_mais":4.3,"log_av45":0.0,"log_45_70":0.5,"log_70_90":0.4,"log_ap_90":4.6,"log_inc":0.4,"log_soc":0.0,"ind_0_3":0.4,"ind_4_5":0.2,"ind_6_10":0.6,"ind_11_17":0.6,"ind_18_24":0.6,"ind_25_39":1.3,"ind_40_54":3.9,"ind_55_64":3.3,"ind_65_79":1.5,"ind_80p":0.6,"ind_inc":0.0,"men_pauv":0.9,"men":5.9,"lcog_geo":"97224","year":"2017","com_arm_code":["97224"],"com_code":["97224"],"com_arm_name":["Saint-Joseph"],"com_name":["Saint-Joseph"],"epci_name":["CA du Centre de la Martinique"],"epci_code":["249720061"],"dep_name":["Martinique"],"dep_code":["972"],"reg_name":["Martinique"],"reg_code":["02"]}},{"type":"Feature","geometry":{"coordinates":[[[-61.02011480302107,14.683010554027517],[-61.02009853445332,14.684817763481192],[-61.01824200827709,14.684801918584913],[-61.01825829207532,14.682994711166005],[-61.02011480302107,14.683010554027517]]],"type":"Polygon"},"properties":{"geo_point_2d":{"lon":-61.019178409608614,"lat":14.683906238053185},"idcar_200m":"CRS5490RES200mN1624200E713200","i_est_200":0,"idcar_1km":"CRS5490RES1000mN1624000E713000","i_est_1km":0,"idcar_nat":"CRS5490RES1000mN1624000E713000","groupe":1020090,"pop_carr":43.0,"men_1ind":6.0,"men_5ind":2.0,"men_prop":9.0,"men_fmp":4.0,"ind_snv":763214.6,"men_surf":1743.2,"men_coll":0.0,"men_mais":17.0,"log_av45":0.0,"log_45_70":5.0,"log_70_90":4.0,"log_ap_90":7.0,"log_inc":1.0,"log_soc":0.0,"ind_0_3":2.0,"ind_4_5":3.0,"ind_6_10":3.0,"ind_11_17":6.0,"ind_18_24":2.0,"ind_25_39":4.0,"ind_40_54":9.0,"ind_55_64":8.0,"ind_65_79":5.0,"ind_80p":1.0,"ind_inc":0.0,"men_pauv":5.0,"men":17.0,"lcog_geo":"97224","year":"2017","com_arm_code":["97224"],"com_code":["97224"],"com_arm_name":["Saint-Joseph"],"com_name":["Saint-Joseph"],"epci_name":["CA du Centre de la Martinique"],"epci_code":["249720061"],"dep_name":["Martinique"],"dep_code":["972"],"reg_name":["Martinique"],"reg_code":["02"]}},{"type":"Feature","geometry":{"coordinates":[[[-61.02745980864,14.692109862095291],[-61.02744358990834,14.693917078176874],[-61.02558697865723,14.693901282457295],[-61.02560321263013,14.69209406840302],[-61.02745980864,14.692109862095291]]],"type":"Polygon"},"properties":{"geo_point_2d":{"lon":-61.02652339761026,"lat":14.6930055740222},"idcar_200m":"CRS5490RES200mN1625200E712400","i_est_200":1,"idcar_1km":"CRS5490RES1000mN1625000E712000","i_est_1km":0,"idcar_nat":"CRS5490RES1000mN1625000E712000","groupe":1020076,"pop_carr":2.0,"men_1ind":0.3,"men_5ind":0.1,"men_prop":0.5,"men_fmp":0.1,"ind_snv":31647.7,"men_surf":63.9,"men_coll":0.1,"men_mais":0.7,"log_av45":0.0,"log_45_70":0.2,"log_70_90":0.2,"log_ap_90":0.4,"log_inc":0.0,"log_soc":0.0,"ind_0_3":0.0,"ind_4_5":0.0,"ind_6_10":0.1,"ind_11_17":0.2,"ind_18_24":0.2,"ind_25_39":0.2,"ind_40_54":0.5,"ind_55_64":0.3,"ind_65_79":0.3,"ind_80p":0.2,"ind_inc":0.0,"men_pauv":0.4,"men":0.8,"lcog_geo":"9722497212","year":"2017","com_arm_code":["97224"],"com_code":["97224"],"com_arm_name":["Saint-Joseph"],"com_name":["Saint-Joseph"],"epci_name":["CA du Centre de la Martinique"],"epci_code":["249720061"],"dep_name":["Martinique"],"dep_code":["972"],"reg_name":["Martinique"],"reg_code":["02"]}},{"type":"Feature","geometry":{"coordinates":[[[-61.04080995038555,14.652460862299023],[-61.04079388678966,14.65426809907246],[-61.038937594898584,14.654252451520414],[-61.0389536736905,14.652445216760269],[-61.04080995038555,14.652460862299023]]],"type":"Polygon"},"properties":{"geo_point_2d":{"lon":-61.039873776591456,"lat":14.653356658648635},"idcar_200m":"CRS5490RES200mN1620800E711000","i_est_200":1,"idcar_1km":"CRS5490RES1000mN1620000E711000","i_est_1km":0,"idcar_nat":"CRS5490RES1000mN1620000E711000","groupe":1019648,"pop_carr":14.0,"men_1ind":1.6,"men_5ind":0.5,"men_prop":3.8,"men_fmp":1.2,"ind_snv":296486.1,"men_surf":546.8,"men_coll":1.2,"men_mais":4.4,"log_av45":0.2,"log_45_70":0.2,"log_70_90":1.1,"log_ap_90":3.4,"log_inc":0.7,"log_soc":0.0,"ind_0_3":0.5,"ind_4_5":0.2,"ind_6_10":0.5,"ind_11_17":1.4,"ind_18_24":0.9,"ind_25_39":1.3,"ind_40_54":2.8,"ind_55_64":1.9,"ind_65_79":3.2,"ind_80p":0.5,"ind_inc":0.8,"men_pauv":1.5,"men":5.6,"lcog_geo":"97224","year":"2017","com_arm_code":["97224"],"com_code":["97224"],"com_arm_name":["Saint-Joseph"],"com_name":["Saint-Joseph"],"epci_name":["CA du Centre de la Martinique"],"epci_code":["249720061"],"dep_name":["Martinique"],"dep_code":["972"],"reg_name":["Martinique"],"reg_code":["02"]}},{"type":"Feature","geometry":{"coordinates":[[[-61.05561241038146,14.658007251533748],[-61.05559646180319,14.65981450345289],[-61.053740106758724,14.659798968281779],[-61.053756070539954,14.657991718360785],[-61.05561241038146,14.658007251533748]]],"type":"Polygon"},"properties":{"geo_point_2d":{"lon":-61.05467626252006,"lat":14.658903111643388},"idcar_200m":"CRS5490RES200mN1621400E709400","i_est_200":1,"idcar_1km":"CRS5490RES1000mN1621000E709000","i_est_1km":0,"idcar_nat":"CRS5490RES1000mN1621000E709000","groupe":1019598,"pop_carr":4.0,"men_1ind":0.5,"men_5ind":0.1,"men_prop":1.3,"men_fmp":0.2,"ind_snv":107301.8,"men_surf":154.1,"men_coll":0.4,"men_mais":1.3,"log_av45":0.0,"log_45_70":0.3,"log_70_90":0.6,"log_ap_90":0.7,"log_inc":0.1,"log_soc":0.0,"ind_0_3":0.1,"ind_4_5":0.1,"ind_6_10":0.1,"ind_11_17":0.3,"ind_18_24":0.1,"ind_25_39":0.6,"ind_40_54":0.6,"ind_55_64":1.0,"ind_65_79":0.9,"ind_80p":0.2,"ind_inc":0.0,"men_pauv":0.2,"men":1.7,"lcog_geo":"97224","year":"2017","com_arm_code":["97224"],"com_code":["97224"],"com_arm_name":["Saint-Joseph"],"com_name":["Saint-Joseph"],"epci_name":["CA du Centre de la Martinique"],"epci_code":["249720061"],"dep_name":["Martinique"],"dep_code":["972"],"reg_name":["Martinique"],"reg_code":["02"]}},{"type":"Feature","geometry":{"coordinates":[[[-61.0220850273042,14.670375893303394],[-61.022068789528504,14.672183106878116],[-61.02021236769701,14.672167291039287],[-61.0202286206887,14.670360079497197],[-61.0220850273042,14.670375893303394]]],"type":"Polygon"},"properties":{"geo_point_2d":{"lon":-61.02114870145638,"lat":14.671271593916664},"idcar_200m":"CRS5490RES200mN1622800E713000","i_est_200":1,"idcar_1km":"CRS5490RES1000mN1622000E713000","i_est_1km":0,"idcar_nat":"CRS5490RES1000mN1622000E713000","groupe":1019908,"pop_carr":17.0,"men_1ind":2.8,"men_5ind":0.4,"men_prop":5.8,"men_fmp":1.0,"ind_snv":387411.6,"men_surf":744.9,"men_coll":2.4,"men_mais":5.4,"log_av45":0.1,"log_45_70":1.3,"log_70_90":2.4,"log_ap_90":3.7,"log_inc":0.3,"log_soc":0.0,"ind_0_3":0.7,"ind_4_5":0.1,"ind_6_10":0.7,"ind_11_17":0.9,"ind_18_24":1.0,"ind_25_39":1.0,"ind_40_54":4.0,"ind_55_64":2.0,"ind_65_79":4.6,"ind_80p":2.0,"ind_inc":0.0,"men_pauv":2.1,"men":7.8,"lcog_geo":"97224","year":"2017","com_arm_code":["97224"],"com_code":["97224"],"com_arm_name":["Saint-Joseph"],"com_name":["Saint-Joseph"],"epci_name":["CA du Centre de la Martinique"],"epci_code":["249720061"],"dep_name":["Martinique"],"dep_code":["972"],"reg_name":["Martinique"],"reg_code":["02"]}},{"type":"Feature","geometry":{"coordinates":[[[-61.04068137998193,14.666918748153062],[-61.04066529877459,14.668725982545114],[-61.03880888524032,14.668710318885692],[-61.038824981660355,14.666903086507174],[-61.04068137998193,14.666918748153062]]],"type":"Polygon"},"properties":{"geo_point_2d":{"lon":-61.03974513656467,"lat":14.667814535259629},"idcar_200m":"CRS5490RES200mN1622400E711000","i_est_200":1,"idcar_1km":"CRS5490RES1000mN1622000E711000","i_est_1km":0,"idcar_nat":"CRS5490RES1000mN1622000E711000","groupe":1019897,"pop_carr":14.0,"men_1ind":2.7,"men_5ind":0.8,"men_prop":4.2,"men_fmp":1.0,"ind_snv":342921.2,"men_surf":566.1,"men_coll":2.4,"men_mais":3.6,"log_av45":0.2,"log_45_70":0.8,"log_70_90":0.5,"log_ap_90":3.7,"log_inc":0.8,"log_soc":0.0,"ind_0_3":0.6,"ind_4_5":0.3,"ind_6_10":1.2,"ind_11_17":1.0,"ind_18_24":1.1,"ind_25_39":2.1,"ind_40_54":2.6,"ind_55_64":2.2,"ind_65_79":2.3,"ind_80p":0.6,"ind_inc":0.0,"men_pauv":1.4,"men":6.0,"lcog_geo":"97224","year":"2017","com_arm_code":["97224"],"com_code":["97224"],"com_arm_name":["Saint-Joseph"],"com_name":["Saint-Joseph"],"epci_name":["CA du Centre de la Martinique"],"epci_code":["249720061"],"dep_name":["Martinique"],"dep_code":["972"],"reg_name":["Martinique"],"reg_code":["02"]}},{"type":"Feature","geometry":{"coordinates":[[[-61.027670450389444,14.668616025884612],[-61.027654260478705,14.670423245843903],[-61.02579784720129,14.67040747647682],[-61.02581405232618,14.66860025854443],[-61.027670450389444,14.668616025884612]]],"type":"Polygon"},"properties":{"geo_point_2d":{"lon":-61.02673415275026,"lat":14.669511752924455},"idcar_200m":"CRS5490RES200mN1622600E712400","i_est_200":1,"idcar_1km":"CRS5490RES1000mN1622000E712000","i_est_1km":0,"idcar_nat":"CRS5490RES1000mN1622000E712000","groupe":1019921,"pop_carr":13.0,"men_1ind":1.8,"men_5ind":0.4,"men_prop":4.3,"men_fmp":0.6,"ind_snv":232979.5,"men_surf":485.9,"men_coll":1.1,"men_mais":4.5,"log_av45":0.0,"log_45_70":0.9,"log_70_90":1.0,"log_ap_90":3.3,"log_inc":0.4,"log_soc":0.0,"ind_0_3":0.2,"ind_4_5":0.4,"ind_6_10":0.6,"ind_11_17":0.6,"ind_18_24":0.6,"ind_25_39":2.1,"ind_40_54":2.8,"ind_55_64":2.3,"ind_65_79":2.6,"ind_80p":0.8,"ind_inc":0.0,"men_pauv":2.8,"men":5.6,"lcog_geo":"97224","year":"2017","com_arm_code":["97224"],"com_code":["97224"],"com_arm_name":["Saint-Joseph"],"com_name":["Saint-Joseph"],"epci_name":["CA du Centre de la Martinique"],"epci_code":["249720061"],"dep_name":["Martinique"],"dep_code":["972"],"reg_name":["Martinique"],"reg_code":["02"]}},{"type":"Feature","geometry":{"coordinates":[[[-61.01477344220875,14.65766210282167],[-61.01475715918516,14.65946931034186],[-61.012900852731526,14.659453449525465],[-61.012917150956184,14.657646244045296],[-61.01477344220875,14.65766210282167]]],"type":"Polygon"},"properties":{"geo_point_2d":{"lon":-61.01383715142277,"lat":14.65855777791962},"idcar_200m":"CRS5490RES200mN1621400E713800","i_est_200":0,"idcar_1km":"CRS5490RES1000mN1621000E713000","i_est_1km":0,"idcar_nat":"CRS5490RES1000mN1621000E713000","groupe":1019687,"pop_carr":45.0,"men_1ind":4.0,"men_5ind":1.0,"men_prop":18.0,"men_fmp":3.0,"ind_snv":1213933.4,"men_surf":1890.0,"men_coll":1.0,"men_mais":18.0,"log_av45":0.0,"log_45_70":2.0,"log_70_90":4.0,"log_ap_90":13.0,"log_inc":0.0,"log_soc":0.0,"ind_0_3":1.0,"ind_4_5":1.0,"ind_6_10":3.0,"ind_11_17":4.0,"ind_18_24":1.0,"ind_25_39":4.0,"ind_40_54":7.0,"ind_55_64":8.0,"ind_65_79":13.0,"ind_80p":3.0,"ind_inc":0.0,"men_pauv":3.0,"men":19.0,"lcog_geo":"97224","year":"2017","com_arm_code":["97224"],"com_code":["97224"],"com_arm_name":["Saint-Joseph"],"com_name":["Saint-Joseph"],"epci_name":["CA du Centre de la Martinique"],"epci_code":["249720061"],"dep_name":["Martinique"],"dep_code":["972"],"reg_name":["Martinique"],"reg_code":["02"]}},{"type":"Feature","geometry":{"coordinates":[[[-61.04615434180089,14.677809082291443],[-61.04613829305744,14.67961632092579],[-61.044281781602585,14.679600689654574],[-61.04429784557148,14.677793453028247],[-61.04615434180089,14.677809082291443]]],"type":"Polygon"},"properties":{"geo_point_2d":{"lon":-61.04521806565802,"lat":14.67870488771284},"idcar_200m":"CRS5490RES200mN1623600E710400","i_est_200":1,"idcar_1km":"CRS5490RES1000mN1623000E710000","i_est_1km":0,"idcar_nat":"CRS5490RES1000mN1623000E710000","groupe":1019867,"pop_carr":18.0,"men_1ind":3.6,"men_5ind":0.4,"men_prop":6.5,"men_fmp":1.2,"ind_snv":411088.4,"men_surf":803.3,"men_coll":1.0,"men_mais":7.6,"log_av45":0.4,"log_45_70":1.0,"log_70_90":2.3,"log_ap_90":4.5,"log_inc":0.4,"log_soc":0.0,"ind_0_3":0.2,"ind_4_5":0.4,"ind_6_10":0.9,"ind_11_17":1.5,"ind_18_24":0.7,"ind_25_39":2.0,"ind_40_54":3.8,"ind_55_64":4.2,"ind_65_79":3.1,"ind_80p":1.2,"ind_inc":0.0,"men_pauv":2.7,"men":8.6,"lcog_geo":"97224","year":"2017","com_arm_code":["97224"],"com_code":["97224"],"com_arm_name":["Saint-Joseph"],"com_name":["Saint-Joseph"],"epci_name":["CA du Centre de la Martinique"],"epci_code":["249720061"],"dep_name":["Martinique"],"dep_code":["972"],"reg_name":["Martinique"],"reg_code":["02"]}},{"type":"Feature","geometry":{"coordinates":[[[-61.025619444383445,14.690286854050225],[-61.02560321263013,14.69209406840302],[-61.02374661883986,14.69207825987478],[-61.023762865832246,14.69027104755116],[-61.025619444383445,14.690286854050225]]],"type":"Polygon"},"properties":{"geo_point_2d":{"lon":-61.024683035572885,"lat":14.691182558708718},"idcar_200m":"CRS5490RES200mN1625000E712600","i_est_200":1,"idcar_1km":"CRS5490RES1000mN1625000E712000","i_est_1km":0,"idcar_nat":"CRS5490RES1000mN1625000E712000","groupe":1020076,"pop_carr":5.0,"men_1ind":0.7,"men_5ind":0.3,"men_prop":1.3,"men_fmp":0.3,"ind_snv":79119.2,"men_surf":159.8,"men_coll":0.3,"men_mais":1.7,"log_av45":0.0,"log_45_70":0.5,"log_70_90":0.6,"log_ap_90":0.9,"log_inc":0.0,"log_soc":0.0,"ind_0_3":0.0,"ind_4_5":0.1,"ind_6_10":0.3,"ind_11_17":0.4,"ind_18_24":0.4,"ind_25_39":0.5,"ind_40_54":1.2,"ind_55_64":0.9,"ind_65_79":0.7,"ind_80p":0.5,"ind_inc":0.0,"men_pauv":0.9,"men":2.0,"lcog_geo":"9722497212","year":"2017","com_arm_code":["97224"],"com_code":["97224"],"com_arm_name":["Saint-Joseph"],"com_name":["Saint-Joseph"],"epci_name":["CA du Centre de la Martinique"],"epci_code":["249720061"],"dep_name":["Martinique"],"dep_code":["972"],"reg_name":["Martinique"],"reg_code":["02"]}},{"type":"Feature","geometry":{"coordinates":[[[-61.02942976927257,14.679475105847741],[-61.029413581288416,14.68128232604322],[-61.02755707446526,14.681266559338734],[-61.027573277676154,14.679459341168448],[-61.02942976927257,14.679475105847741]]],"type":"Polygon"},"properties":{"geo_point_2d":{"lon":-61.028493425826795,"lat":14.680370834337506},"idcar_200m":"CRS5490RES200mN1623800E712200","i_est_200":1,"idcar_1km":"CRS5490RES1000mN1623000E712000","i_est_1km":0,"idcar_nat":"CRS5490RES1000mN1623000E712000","groupe":1019915,"pop_carr":6.0,"men_1ind":0.8,"men_5ind":0.1,"men_prop":1.8,"men_fmp":0.3,"ind_snv":154501.1,"men_surf":279.6,"men_coll":1.1,"men_mais":1.6,"log_av45":0.0,"log_45_70":0.1,"log_70_90":0.5,"log_ap_90":1.8,"log_inc":0.3,"log_soc":0.0,"ind_0_3":0.2,"ind_4_5":0.1,"ind_6_10":0.3,"ind_11_17":0.3,"ind_18_24":0.4,"ind_25_39":0.9,"ind_40_54":0.9,"ind_55_64":1.3,"ind_65_79":1.4,"ind_80p":0.2,"ind_inc":0.0,"men_pauv":0.7,"men":2.7,"lcog_geo":"97224","year":"2017","com_arm_code":["97224"],"com_code":["97224"],"com_arm_name":["Saint-Joseph"],"com_name":["Saint-Joseph"],"epci_name":["CA du Centre de la Martinique"],"epci_code":["249720061"],"dep_name":["Martinique"],"dep_code":["972"],"reg_name":["Martinique"],"reg_code":["02"]}},{"type":"Feature","geometry":{"coordinates":[[[-61.01086495331932,14.679316792042108],[-61.01084861307157,14.681123991900105],[-61.0089921285121,14.681108076953038],[-61.009008483985724,14.679300879139262],[-61.01086495331932,14.679316792042108]]],"type":"Polygon"},"properties":{"geo_point_2d":{"lon":-61.0099285448748,"lat":14.68021243624658},"idcar_200m":"CRS5490RES200mN1623800E714200","i_est_200":1,"idcar_1km":"CRS5490RES1000mN1623000E714000","i_est_1km":0,"idcar_nat":"CRS5490RES2000mN1622000E714000","groupe":1019944,"pop_carr":21.0,"men_1ind":3.3,"men_5ind":1.4,"men_prop":4.7,"men_fmp":1.1,"ind_snv":429670.3,"men_surf":661.0,"men_coll":0.9,"men_mais":7.5,"log_av45":0.6,"log_45_70":0.6,"log_70_90":2.6,"log_ap_90":3.3,"log_inc":1.3,"log_soc":0.0,"ind_0_3":0.6,"ind_4_5":0.3,"ind_6_10":1.5,"ind_11_17":2.2,"ind_18_24":1.4,"ind_25_39":3.0,"ind_40_54":4.8,"ind_55_64":3.0,"ind_65_79":2.3,"ind_80p":1.9,"ind_inc":0.0,"men_pauv":2.0,"men":8.4,"lcog_geo":"9722497212","year":"2017","com_arm_code":["97224"],"com_code":["97224"],"com_arm_name":["Saint-Joseph"],"com_name":["Saint-Joseph"],"epci_name":["CA du Centre de la Martinique"],"epci_code":["249720061"],"dep_name":["Martinique"],"dep_code":["972"],"reg_name":["Martinique"],"reg_code":["02"]}},{"type":"Feature","geometry":{"coordinates":[[[-61.04087418275952,14.645231912230463],[-61.040858127967304,14.647039150193761],[-61.03900189684786,14.64702351069465],[-61.039017966827785,14.64521627474451],[-61.04087418275952,14.645231912230463]]],"type":"Polygon"},"properties":{"geo_point_2d":{"lon":-61.039938043751,"lat":14.646127713200807},"idcar_200m":"CRS5490RES200mN1620000E711000","i_est_200":1,"idcar_1km":"CRS5490RES1000mN1620000E711000","i_est_1km":0,"idcar_nat":"CRS5490RES1000mN1620000E711000","groupe":1019648,"pop_carr":22.0,"men_1ind":2.6,"men_5ind":0.7,"men_prop":5.9,"men_fmp":1.8,"ind_snv":465906.8,"men_surf":859.2,"men_coll":1.9,"men_mais":7.0,"log_av45":0.4,"log_45_70":0.4,"log_70_90":1.7,"log_ap_90":5.3,"log_inc":1.1,"log_soc":0.0,"ind_0_3":0.7,"ind_4_5":0.4,"ind_6_10":0.7,"ind_11_17":2.2,"ind_18_24":1.5,"ind_25_39":2.0,"ind_40_54":4.4,"ind_55_64":3.0,"ind_65_79":5.0,"ind_80p":0.8,"ind_inc":1.3,"men_pauv":2.4,"men":8.9,"lcog_geo":"9722497213","year":"2017","com_arm_code":["97224"],"com_code":["97224"],"com_arm_name":["Saint-Joseph"],"com_name":["Saint-Joseph"],"epci_name":["CA du Centre de la Martinique"],"epci_code":["249720061"],"dep_name":["Martinique"],"dep_code":["972"],"reg_name":["Martinique"],"reg_code":["02"]}},{"type":"Feature","geometry":{"coordinates":[[[-61.03690412577585,14.674116329716265],[-61.036888005318794,14.675923558887595],[-61.035031535323526,14.675907857535007],[-61.035047671001415,14.674100630381147],[-61.03690412577585,14.674116329716265]]],"type":"Polygon"},"properties":{"geo_point_2d":{"lon":-61.03596783450552,"lat":14.675012095367503},"idcar_200m":"CRS5490RES200mN1623200E711400","i_est_200":0,"idcar_1km":"CRS5490RES1000mN1623000E711000","i_est_1km":0,"idcar_nat":"CRS5490RES1000mN1623000E711000","groupe":1019885,"pop_carr":30.0,"men_1ind":3.0,"men_5ind":2.0,"men_prop":9.0,"men_fmp":2.0,"ind_snv":477809.2,"men_surf":776.0,"men_coll":2.0,"men_mais":9.0,"log_av45":0.0,"log_45_70":1.0,"log_70_90":7.0,"log_ap_90":3.0,"log_inc":0.0,"log_soc":0.0,"ind_0_3":2.0,"ind_4_5":0.0,"ind_6_10":1.0,"ind_11_17":5.0,"ind_18_24":0.0,"ind_25_39":4.0,"ind_40_54":8.0,"ind_55_64":4.0,"ind_65_79":3.0,"ind_80p":2.0,"ind_inc":1.0,"men_pauv":6.0,"men":11.0,"lcog_geo":"97224","year":"2017","com_arm_code":["97224"],"com_code":["97224"],"com_arm_name":["Saint-Joseph"],"com_name":["Saint-Joseph"],"epci_name":["CA du Centre de la Martinique"],"epci_code":["249720061"],"dep_name":["Martinique"],"dep_code":["972"],"reg_name":["Martinique"],"reg_code":["02"]}},{"type":"Feature","geometry":{"coordinates":[[[-61.051883753901066,14.659783418307764],[-61.05186777272808,14.661590665931245],[-61.05001140685445,14.661575099152428],[-61.05002740323232,14.659767853530933],[-61.051883753901066,14.659783418307764]]],"type":"Polygon"},"properties":{"geo_point_2d":{"lon":-61.05094758432851,"lat":14.660679260466837},"idcar_200m":"CRS5490RES200mN1621600E709800","i_est_200":1,"idcar_1km":"CRS5490RES1000mN1621000E709000","i_est_1km":0,"idcar_nat":"CRS5490RES1000mN1621000E709000","groupe":1019598,"pop_carr":9.0,"men_1ind":1.2,"men_5ind":0.2,"men_prop":2.8,"men_fmp":0.5,"ind_snv":241429.0,"men_surf":346.8,"men_coll":0.7,"men_mais":3.0,"log_av45":0.1,"log_45_70":0.6,"log_70_90":1.2,"log_ap_90":1.5,"log_inc":0.3,"log_soc":0.0,"ind_0_3":0.2,"ind_4_5":0.2,"ind_6_10":0.3,"ind_11_17":0.6,"ind_18_24":0.2,"ind_25_39":1.3,"ind_40_54":1.5,"ind_55_64":2.2,"ind_65_79":2.0,"ind_80p":0.4,"ind_inc":0.1,"men_pauv":0.4,"men":3.7,"lcog_geo":"97224","year":"2017","com_arm_code":["97224"],"com_code":["97224"],"com_arm_name":["Saint-Joseph"],"com_name":["Saint-Joseph"],"epci_name":["CA du Centre de la Martinique"],"epci_code":["249720061"],"dep_name":["Martinique"],"dep_code":["972"],"reg_name":["Martinique"],"reg_code":["02"]}},{"type":"Feature","geometry":{"coordinates":[[[-61.06300601386557,14.661683755702166],[-61.0629901217471,14.663491015000263],[-61.06113372756335,14.66347553506038],[-61.06114963488929,14.661668277752884],[-61.06300601386557,14.661683755702166]]],"type":"Polygon"},"properties":{"geo_point_2d":{"lon":-61.062069874665,"lat":14.662579647115336},"idcar_200m":"CRS5490RES200mN1621800E708600","i_est_200":1,"idcar_1km":"CRS5490RES1000mN1621000E708000","i_est_1km":0,"idcar_nat":"CRS5490RES1000mN1621000E708000","groupe":1019603,"pop_carr":4.0,"men_1ind":0.6,"men_5ind":0.0,"men_prop":1.1,"men_fmp":0.2,"ind_snv":88955.8,"men_surf":167.3,"men_coll":0.4,"men_mais":1.5,"log_av45":0.0,"log_45_70":0.2,"log_70_90":0.9,"log_ap_90":0.8,"log_inc":0.0,"log_soc":0.0,"ind_0_3":0.0,"ind_4_5":0.0,"ind_6_10":0.2,"ind_11_17":0.1,"ind_18_24":0.1,"ind_25_39":0.6,"ind_40_54":0.7,"ind_55_64":1.1,"ind_65_79":0.9,"ind_80p":0.3,"ind_inc":0.0,"men_pauv":0.5,"men":1.9,"lcog_geo":"9722497209","year":"2017","com_arm_code":["97224"],"com_code":["97224"],"com_arm_name":["Saint-Joseph"],"com_name":["Saint-Joseph"],"epci_name":["CA du Centre de la Martinique"],"epci_code":["249720061"],"dep_name":["Martinique"],"dep_code":["972"],"reg_name":["Martinique"],"reg_code":["02"]}},{"type":"Feature","geometry":{"coordinates":[[[-61.042328750972224,14.690428444999311],[-61.042312656374456,14.692235677529043],[-61.04045604268281,14.692220002527394],[-61.04047215252044,14.690412772009717],[-61.042328750972224,14.690428444999311]]],"type":"Polygon"},"properties":{"geo_point_2d":{"lon":-61.041392400787686,"lat":14.691324225505301},"idcar_200m":"CRS5490RES200mN1625000E710800","i_est_200":1,"idcar_1km":"CRS5490RES1000mN1625000E710000","i_est_1km":0,"idcar_nat":"CRS5490RES8000mN1624000E704000","groupe":1020070,"pop_carr":6.0,"men_1ind":0.6,"men_5ind":0.2,"men_prop":1.8,"men_fmp":0.5,"ind_snv":96118.1,"men_surf":189.8,"men_coll":0.0,"men_mais":2.2,"log_av45":0.0,"log_45_70":0.3,"log_70_90":0.4,"log_ap_90":1.3,"log_inc":0.2,"log_soc":0.0,"ind_0_3":0.5,"ind_4_5":0.1,"ind_6_10":0.3,"ind_11_17":0.5,"ind_18_24":0.4,"ind_25_39":0.8,"ind_40_54":1.4,"ind_55_64":0.6,"ind_65_79":1.2,"ind_80p":0.2,"ind_inc":0.0,"men_pauv":0.9,"men":2.2,"lcog_geo":"97224","year":"2017","com_arm_code":["97224"],"com_code":["97224"],"com_arm_name":["Saint-Joseph"],"com_name":["Saint-Joseph"],"epci_name":["CA du Centre de la Martinique"],"epci_code":["249720061"],"dep_name":["Martinique"],"dep_code":["972"],"reg_name":["Martinique"],"reg_code":["02"]}},{"type":"Feature","geometry":{"coordinates":[[[-61.06289472332523,14.67433456454342],[-61.06287881596896,14.676141821759396],[-61.061022315274684,14.676126327884484],[-61.06103823785298,14.674319072659321],[-61.06289472332523,14.67433456454342]]],"type":"Polygon"},"properties":{"geo_point_2d":{"lon":-61.06195852325411,"lat":14.675230447949177},"idcar_200m":"CRS5490RES200mN1623200E708600","i_est_200":1,"idcar_1km":"CRS5490RES1000mN1623000E708000","i_est_1km":0,"idcar_nat":"CRS5490RES1000mN1623000E708000","groupe":1019849,"pop_carr":5.0,"men_1ind":0.8,"men_5ind":0.1,"men_prop":1.7,"men_fmp":0.4,"ind_snv":92107.3,"men_surf":184.8,"men_coll":0.2,"men_mais":2.1,"log_av45":0.0,"log_45_70":0.5,"log_70_90":0.4,"log_ap_90":1.3,"log_inc":0.1,"log_soc":0.0,"ind_0_3":0.0,"ind_4_5":0.0,"ind_6_10":0.1,"ind_11_17":0.4,"ind_18_24":0.2,"ind_25_39":0.6,"ind_40_54":1.3,"ind_55_64":1.3,"ind_65_79":0.8,"ind_80p":0.3,"ind_inc":0.0,"men_pauv":0.8,"men":2.3,"lcog_geo":"97224","year":"2017","com_arm_code":["97224"],"com_code":["97224"],"com_arm_name":["Saint-Joseph"],"com_name":["Saint-Joseph"],"epci_name":["CA du Centre de la Martinique"],"epci_code":["249720061"],"dep_name":["Martinique"],"dep_code":["972"],"reg_name":["Martinique"],"reg_code":["02"]}},{"type":"Feature","geometry":{"coordinates":[[[-61.02952685066909,14.6686317784135],[-61.02951067597262,14.670439000397788],[-61.027654260478705,14.670423245843903],[-61.027670450389444,14.668616025884612],[-61.02952685066909,14.6686317784135]]],"type":"Polygon"},"properties":{"geo_point_2d":{"lon":-61.02859055952868,"lat":14.669527513871966},"idcar_200m":"CRS5490RES200mN1622600E712200","i_est_200":0,"idcar_1km":"CRS5490RES1000mN1622000E712000","i_est_1km":0,"idcar_nat":"CRS5490RES1000mN1622000E712000","groupe":1019928,"pop_carr":55.0,"men_1ind":7.0,"men_5ind":1.0,"men_prop":18.0,"men_fmp":4.0,"ind_snv":1199668.8,"men_surf":1971.1,"men_coll":6.0,"men_mais":17.0,"log_av45":0.0,"log_45_70":2.0,"log_70_90":2.0,"log_ap_90":16.0,"log_inc":3.0,"log_soc":0.0,"ind_0_3":4.0,"ind_4_5":1.0,"ind_6_10":4.0,"ind_11_17":3.0,"ind_18_24":4.0,"ind_25_39":7.0,"ind_40_54":11.0,"ind_55_64":11.0,"ind_65_79":7.0,"ind_80p":3.0,"ind_inc":0.0,"men_pauv":4.0,"men":23.0,"lcog_geo":"97224","year":"2017","com_arm_code":["97224"],"com_code":["97224"],"com_arm_name":["Saint-Joseph"],"com_name":["Saint-Joseph"],"epci_name":["CA du Centre de la Martinique"],"epci_code":["249720061"],"dep_name":["Martinique"],"dep_code":["972"],"reg_name":["Martinique"],"reg_code":["02"]}},{"type":"Feature","geometry":{"coordinates":[[[-61.0313347680796,14.67406918725901],[-61.031318601960265,14.675876410372222],[-61.02946213859645,14.67586066456217],[-61.02947831993639,14.674053443472145],[-61.0313347680796,14.67406918725901]]],"type":"Polygon"},"properties":{"geo_point_2d":{"lon":-61.03039845729424,"lat":14.674964927653882},"idcar_200m":"CRS5490RES200mN1623200E712000","i_est_200":1,"idcar_1km":"CRS5490RES1000mN1623000E712000","i_est_1km":0,"idcar_nat":"CRS5490RES1000mN1623000E712000","groupe":1019915,"pop_carr":12.5,"men_1ind":1.7,"men_5ind":0.2,"men_prop":3.7,"men_fmp":0.7,"ind_snv":321877.3,"men_surf":582.5,"men_coll":2.2,"men_mais":3.4,"log_av45":0.0,"log_45_70":0.1,"log_70_90":1.0,"log_ap_90":3.9,"log_inc":0.6,"log_soc":0.0,"ind_0_3":0.4,"ind_4_5":0.2,"ind_6_10":0.6,"ind_11_17":0.7,"ind_18_24":0.7,"ind_25_39":1.8,"ind_40_54":2.0,"ind_55_64":2.8,"ind_65_79":2.9,"ind_80p":0.4,"ind_inc":0.0,"men_pauv":1.5,"men":5.6,"lcog_geo":"97224","year":"2017","com_arm_code":["97224"],"com_code":["97224"],"com_arm_name":["Saint-Joseph"],"com_name":["Saint-Joseph"],"epci_name":["CA du Centre de la Martinique"],"epci_code":["249720061"],"dep_name":["Martinique"],"dep_code":["972"],"reg_name":["Martinique"],"reg_code":["02"]}},{"type":"Feature","geometry":{"coordinates":[[[-61.0351121916307,14.666871718785854],[-61.03509606478556,14.66867894713159],[-61.03323965786924,14.668663239037068],[-61.033255799926806,14.666856012710582],[-61.0351121916307,14.666871718785854]]],"type":"Polygon"},"properties":{"geo_point_2d":{"lon":-61.03417592870387,"lat":14.667767480653135},"idcar_200m":"CRS5490RES200mN1622400E711600","i_est_200":0,"idcar_1km":"CRS5490RES1000mN1622000E711000","i_est_1km":0,"idcar_nat":"CRS5490RES1000mN1622000E711000","groupe":1019899,"pop_carr":24.0,"men_1ind":7.0,"men_5ind":0.0,"men_prop":12.0,"men_fmp":3.0,"ind_snv":497713.9,"men_surf":1297.0,"men_coll":6.0,"men_mais":9.0,"log_av45":2.0,"log_45_70":3.0,"log_70_90":4.0,"log_ap_90":6.0,"log_inc":0.0,"log_soc":0.0,"ind_0_3":0.0,"ind_4_5":0.0,"ind_6_10":0.0,"ind_11_17":2.0,"ind_18_24":0.0,"ind_25_39":0.0,"ind_40_54":10.0,"ind_55_64":0.0,"ind_65_79":9.0,"ind_80p":3.0,"ind_inc":0.0,"men_pauv":6.0,"men":15.0,"lcog_geo":"97224","year":"2017","com_arm_code":["97224"],"com_code":["97224"],"com_arm_name":["Saint-Joseph"],"com_name":["Saint-Joseph"],"epci_name":["CA du Centre de la Martinique"],"epci_code":["249720061"],"dep_name":["Martinique"],"dep_code":["972"],"reg_name":["Martinique"],"reg_code":["02"]}},{"type":"Feature","geometry":{"coordinates":[[[-61.01281932811725,14.668489472453608],[-61.012803016495596,14.670296676144464],[-61.010946621024964,14.670280788274694],[-61.010962947860094,14.668473586625957],[-61.01281932811725,14.668489472453608]]],"type":"Polygon"},"properties":{"geo_point_2d":{"lon":-61.01188297852697,"lat":14.669385132111676},"idcar_200m":"CRS5490RES200mN1622600E714000","i_est_200":1,"idcar_1km":"CRS5490RES1000mN1622000E714000","i_est_1km":1,"idcar_nat":"CRS5490RES2000mN1622000E714000","groupe":398694,"pop_carr":3.0,"men_1ind":0.3,"men_5ind":0.1,"men_prop":1.0,"men_fmp":0.2,"ind_snv":60158.3,"men_surf":114.1,"men_coll":0.1,"men_mais":1.1,"log_av45":0.0,"log_45_70":0.2,"log_70_90":0.1,"log_ap_90":0.8,"log_inc":0.1,"log_soc":0.0,"ind_0_3":0.0,"ind_4_5":0.1,"ind_6_10":0.0,"ind_11_17":0.5,"ind_18_24":0.2,"ind_25_39":0.1,"ind_40_54":0.8,"ind_55_64":0.6,"ind_65_79":0.4,"ind_80p":0.3,"ind_inc":0.0,"men_pauv":0.4,"men":1.2,"lcog_geo":"97224","year":"2017","com_arm_code":["97224"],"com_code":["97224"],"com_arm_name":["Saint-Joseph"],"com_name":["Saint-Joseph"],"epci_name":["CA du Centre de la Martinique"],"epci_code":["249720061"],"dep_name":["Martinique"],"dep_code":["972"],"reg_name":["Martinique"],"reg_code":["02"]}},{"type":"Feature","geometry":{"coordinates":[[[-61.05181981607488,14.667012407016538],[-61.05180382614545,14.668819653449809],[-61.049947399431524,14.668804078662738],[-61.04996340457415,14.666996834231579],[-61.05181981607488,14.667012407016538]]],"type":"Polygon"},"properties":{"geo_point_2d":{"lon":-61.05088361170602,"lat":14.667908244577044},"idcar_200m":"CRS5490RES200mN1622400E709800","i_est_200":0,"idcar_1km":"CRS5490RES1000mN1622000E709000","i_est_1km":0,"idcar_nat":"CRS5490RES1000mN1622000E709000","groupe":1019848,"pop_carr":60.5,"men_1ind":7.0,"men_5ind":1.0,"men_prop":24.0,"men_fmp":7.0,"ind_snv":1138920.6,"men_surf":2634.9,"men_coll":1.0,"men_mais":28.0,"log_av45":1.0,"log_45_70":3.0,"log_70_90":4.0,"log_ap_90":9.0,"log_inc":12.0,"log_soc":0.0,"ind_0_3":0.0,"ind_4_5":1.0,"ind_6_10":1.0,"ind_11_17":6.5,"ind_18_24":5.0,"ind_25_39":5.0,"ind_40_54":12.0,"ind_55_64":14.0,"ind_65_79":10.0,"ind_80p":6.0,"ind_inc":0.0,"men_pauv":9.0,"men":29.0,"lcog_geo":"97224","year":"2017","com_arm_code":["97224"],"com_code":["97224"],"com_arm_name":["Saint-Joseph"],"com_name":["Saint-Joseph"],"epci_name":["CA du Centre de la Martinique"],"epci_code":["249720061"],"dep_name":["Martinique"],"dep_code":["972"],"reg_name":["Martinique"],"reg_code":["02"]}},{"type":"Feature","geometry":{"coordinates":[[[-61.00909022778954,14.670264885592447],[-61.009073883503724,14.672072084898753],[-61.00721747729021,14.672056165358164],[-61.007233836791414,14.670248968097823],[-61.00909022778954,14.670264885592447]]],"type":"Polygon"},"properties":{"geo_point_2d":{"lon":-61.008153856496506,"lat":14.671160527223952},"idcar_200m":"CRS5490RES200mN1622800E714400","i_est_200":1,"idcar_1km":"CRS5490RES1000mN1622000E714000","i_est_1km":1,"idcar_nat":"CRS5490RES2000mN1622000E714000","groupe":398694,"pop_carr":6.0,"men_1ind":0.6,"men_5ind":0.2,"men_prop":2.0,"men_fmp":0.3,"ind_snv":120316.6,"men_surf":228.1,"men_coll":0.1,"men_mais":2.3,"log_av45":0.1,"log_45_70":0.3,"log_70_90":0.2,"log_ap_90":1.6,"log_inc":0.2,"log_soc":0.0,"ind_0_3":0.0,"ind_4_5":0.2,"ind_6_10":0.1,"ind_11_17":1.0,"ind_18_24":0.3,"ind_25_39":0.2,"ind_40_54":1.7,"ind_55_64":1.2,"ind_65_79":0.8,"ind_80p":0.5,"ind_inc":0.0,"men_pauv":0.7,"men":2.4,"lcog_geo":"97224","year":"2017","com_arm_code":["97224"],"com_code":["97224"],"com_arm_name":["Saint-Joseph"],"com_name":["Saint-Joseph"],"epci_name":["CA du Centre de la Martinique"],"epci_code":["249720061"],"dep_name":["Martinique"],"dep_code":["972"],"reg_name":["Martinique"],"reg_code":["02"]}},{"type":"Feature","geometry":{"coordinates":[[[-61.042585965291394,14.661512683991528],[-61.04256990589552,14.663319921288387],[-61.04071353579151,14.663304278475618],[-61.04072961039391,14.661497043190298],[-61.042585965291394,14.661512683991528]]],"type":"Polygon"},"properties":{"geo_point_2d":{"lon":-61.04164975449332,"lat":14.662408482972847},"idcar_200m":"CRS5490RES200mN1621800E710800","i_est_200":1,"idcar_1km":"CRS5490RES1000mN1621000E710000","i_est_1km":0,"idcar_nat":"CRS5490RES1000mN1621000E710000","groupe":1019634,"pop_carr":19.0,"men_1ind":3.5,"men_5ind":0.3,"men_prop":6.7,"men_fmp":1.0,"ind_snv":533112.1,"men_surf":934.3,"men_coll":2.5,"men_mais":6.7,"log_av45":0.0,"log_45_70":1.1,"log_70_90":2.5,"log_ap_90":5.2,"log_inc":0.4,"log_soc":0.0,"ind_0_3":0.4,"ind_4_5":0.4,"ind_6_10":0.6,"ind_11_17":1.8,"ind_18_24":0.8,"ind_25_39":2.2,"ind_40_54":2.4,"ind_55_64":4.4,"ind_65_79":4.0,"ind_80p":2.0,"ind_inc":0.0,"men_pauv":1.8,"men":9.2,"lcog_geo":"97224","year":"2017","com_arm_code":["97224"],"com_code":["97224"],"com_arm_name":["Saint-Joseph"],"com_name":["Saint-Joseph"],"epci_name":["CA du Centre de la Martinique"],"epci_code":["249720061"],"dep_name":["Martinique"],"dep_code":["972"],"reg_name":["Martinique"],"reg_code":["02"]}},{"type":"Feature","geometry":{"coordinates":[[[-61.01278670264082,14.672103879536968],[-61.0127703865528,14.673911082631117],[-61.01091396064896,14.673895190677008],[-61.01093029195461,14.672087989625055],[-61.01278670264082,14.672103879536968]]],"type":"Polygon"},"properties":{"geo_point_2d":{"lon":-61.011850335601785,"lat":14.672999536854855},"idcar_200m":"CRS5490RES200mN1623000E714000","i_est_200":1,"idcar_1km":"CRS5490RES1000mN1623000E714000","i_est_1km":0,"idcar_nat":"CRS5490RES2000mN1622000E714000","groupe":1019944,"pop_carr":7.0,"men_1ind":1.1,"men_5ind":0.5,"men_prop":1.6,"men_fmp":0.4,"ind_snv":143223.4,"men_surf":220.3,"men_coll":0.3,"men_mais":2.5,"log_av45":0.2,"log_45_70":0.2,"log_70_90":0.9,"log_ap_90":1.1,"log_inc":0.4,"log_soc":0.0,"ind_0_3":0.2,"ind_4_5":0.1,"ind_6_10":0.5,"ind_11_17":0.7,"ind_18_24":0.5,"ind_25_39":1.0,"ind_40_54":1.6,"ind_55_64":1.0,"ind_65_79":0.8,"ind_80p":0.6,"ind_inc":0.0,"men_pauv":0.7,"men":2.8,"lcog_geo":"97224","year":"2017","com_arm_code":["97224"],"com_code":["97224"],"com_arm_name":["Saint-Joseph"],"com_name":["Saint-Joseph"],"epci_name":["CA du Centre de la Martinique"],"epci_code":["249720061"],"dep_name":["Martinique"],"dep_code":["972"],"reg_name":["Martinique"],"reg_code":["02"]}},{"type":"Feature","geometry":{"coordinates":[[[-61.06103823785298,14.674319072659321],[-61.061022315274684,14.676126327884484],[-61.05916581675966,14.676110819189216],[-61.059181754559916,14.674303565956771],[-61.06103823785298,14.674319072659321]]],"type":"Polygon"},"properties":{"geo_point_2d":{"lon":-61.060102031260605,"lat":14.67521494765997},"idcar_200m":"CRS5490RES200mN1623200E708800","i_est_200":0,"idcar_1km":"CRS5490RES1000mN1623000E708000","i_est_1km":0,"idcar_nat":"CRS5490RES1000mN1623000E708000","groupe":1019850,"pop_carr":36.0,"men_1ind":7.0,"men_5ind":0.0,"men_prop":8.0,"men_fmp":4.0,"ind_snv":713971.1,"men_surf":1208.6,"men_coll":6.0,"men_mais":12.0,"log_av45":0.0,"log_45_70":2.0,"log_70_90":3.0,"log_ap_90":8.0,"log_inc":5.0,"log_soc":0.0,"ind_0_3":0.0,"ind_4_5":0.0,"ind_6_10":0.0,"ind_11_17":3.0,"ind_18_24":2.0,"ind_25_39":6.0,"ind_40_54":5.0,"ind_55_64":10.0,"ind_65_79":9.0,"ind_80p":1.0,"ind_inc":0.0,"men_pauv":4.0,"men":18.0,"lcog_geo":"97224","year":"2017","com_arm_code":["97224"],"com_code":["97224"],"com_arm_name":["Saint-Joseph"],"com_name":["Saint-Joseph"],"epci_name":["CA du Centre de la Martinique"],"epci_code":["249720061"],"dep_name":["Martinique"],"dep_code":["972"],"reg_name":["Martinique"],"reg_code":["02"]}},{"type":"Feature","geometry":{"coordinates":[[[-61.02411973775488,14.650512300966472],[-61.024103539617585,14.652319519849653],[-61.02224728282562,14.65230374116197],[-61.02226349615609,14.650496524309156],[-61.02411973775488,14.650512300966472]]],"type":"Polygon"},"properties":{"geo_point_2d":{"lon":-61.02318351424021,"lat":14.651408022807235},"idcar_200m":"CRS5490RES200mN1620600E712800","i_est_200":0,"idcar_1km":"CRS5490RES1000mN1620000E712000","i_est_1km":0,"idcar_nat":"CRS5490RES1000mN1620000E712000","groupe":1019696,"pop_carr":39.0,"men_1ind":9.0,"men_5ind":1.0,"men_prop":13.0,"men_fmp":4.0,"ind_snv":603812.0,"men_surf":1589.9,"men_coll":4.0,"men_mais":16.0,"log_av45":0.0,"log_45_70":3.0,"log_70_90":2.0,"log_ap_90":10.0,"log_inc":5.0,"log_soc":0.0,"ind_0_3":0.0,"ind_4_5":1.0,"ind_6_10":3.0,"ind_11_17":3.0,"ind_18_24":3.0,"ind_25_39":4.0,"ind_40_54":10.0,"ind_55_64":6.0,"ind_65_79":6.0,"ind_80p":3.0,"ind_inc":0.0,"men_pauv":9.0,"men":20.0,"lcog_geo":"9722497213","year":"2017","com_arm_code":["97224"],"com_code":["97224"],"com_arm_name":["Saint-Joseph"],"com_name":["Saint-Joseph"],"epci_name":["CA du Centre de la Martinique"],"epci_code":["249720061"],"dep_name":["Martinique"],"dep_code":["972"],"reg_name":["Martinique"],"reg_code":["02"]}},{"type":"Feature","geometry":{"coordinates":[[[-61.053660255048705,14.668835213424547],[-61.05364427814532,14.67064246156043],[-61.0517878340267,14.670626899585454],[-61.05180382614545,14.668819653449809],[-61.053660255048705,14.668835213424547]]],"type":"Polygon"},"properties":{"geo_point_2d":{"lon":-61.05272404849091,"lat":14.669731058242096},"idcar_200m":"CRS5490RES200mN1622600E709600","i_est_200":1,"idcar_1km":"CRS5490RES1000mN1622000E709000","i_est_1km":0,"idcar_nat":"CRS5490RES1000mN1622000E709000","groupe":1019845,"pop_carr":16.0,"men_1ind":2.9,"men_5ind":0.5,"men_prop":5.4,"men_fmp":1.3,"ind_snv":291338.0,"men_surf":650.3,"men_coll":1.2,"men_mais":6.3,"log_av45":0.3,"log_45_70":1.9,"log_70_90":1.1,"log_ap_90":3.5,"log_inc":0.7,"log_soc":0.0,"ind_0_3":0.2,"ind_4_5":0.1,"ind_6_10":0.3,"ind_11_17":1.0,"ind_18_24":1.1,"ind_25_39":1.2,"ind_40_54":3.4,"ind_55_64":3.5,"ind_65_79":3.6,"ind_80p":1.6,"ind_inc":0.0,"men_pauv":2.5,"men":7.5,"lcog_geo":"97224","year":"2017","com_arm_code":["97224"],"com_code":["97224"],"com_arm_name":["Saint-Joseph"],"com_name":["Saint-Joseph"],"epci_name":["CA du Centre de la Martinique"],"epci_code":["249720061"],"dep_name":["Martinique"],"dep_code":["972"],"reg_name":["Martinique"],"reg_code":["02"]}},{"type":"Feature","geometry":{"coordinates":[[[-61.038905430705,14.657866920147926],[-61.03888934530318,14.659674154015214],[-61.037033010014994,14.65965848562089],[-61.03704911061901,14.657851253768873],[-61.038905430705,14.657866920147926]]],"type":"Polygon"},"properties":{"geo_point_2d":{"lon":-61.03796922431106,"lat":14.658762704624296},"idcar_200m":"CRS5490RES200mN1621400E711200","i_est_200":0,"idcar_1km":"CRS5490RES1000mN1621000E711000","i_est_1km":0,"idcar_nat":"CRS5490RES1000mN1621000E711000","groupe":1019644,"pop_carr":31.0,"men_1ind":7.0,"men_5ind":0.0,"men_prop":9.0,"men_fmp":2.0,"ind_snv":593344.9,"men_surf":1091.5,"men_coll":10.0,"men_mais":5.0,"log_av45":0.0,"log_45_70":0.0,"log_70_90":2.0,"log_ap_90":11.0,"log_inc":2.0,"log_soc":0.0,"ind_0_3":2.0,"ind_4_5":0.0,"ind_6_10":1.0,"ind_11_17":3.0,"ind_18_24":1.0,"ind_25_39":9.0,"ind_40_54":7.0,"ind_55_64":5.0,"ind_65_79":2.0,"ind_80p":1.0,"ind_inc":0.0,"men_pauv":7.0,"men":15.0,"lcog_geo":"97224","year":"2017","com_arm_code":["97224"],"com_code":["97224"],"com_arm_name":["Saint-Joseph"],"com_name":["Saint-Joseph"],"epci_name":["CA du Centre de la Martinique"],"epci_code":["249720061"],"dep_name":["Martinique"],"dep_code":["972"],"reg_name":["Martinique"],"reg_code":["02"]}},{"type":"Feature","geometry":{"coordinates":[[[-61.03900189684786,14.64702351069465],[-61.038985824665055,14.648830746347357],[-61.03712958055878,14.64881509004422],[-61.03714566793128,14.64700785640661],[-61.03900189684786,14.64702351069465]]],"type":"Polygon"},"properties":{"geo_point_2d":{"lon":-61.03806574265126,"lat":14.647919302108326},"idcar_200m":"CRS5490RES200mN1620200E711200","i_est_200":1,"idcar_1km":"CRS5490RES1000mN1620000E711000","i_est_1km":0,"idcar_nat":"CRS5490RES1000mN1620000E711000","groupe":1019648,"pop_carr":6.0,"men_1ind":0.7,"men_5ind":0.2,"men_prop":1.6,"men_fmp":0.5,"ind_snv":127065.5,"men_surf":234.3,"men_coll":0.5,"men_mais":1.9,"log_av45":0.1,"log_45_70":0.1,"log_70_90":0.4,"log_ap_90":1.5,"log_inc":0.3,"log_soc":0.0,"ind_0_3":0.2,"ind_4_5":0.1,"ind_6_10":0.2,"ind_11_17":0.6,"ind_18_24":0.4,"ind_25_39":0.6,"ind_40_54":1.2,"ind_55_64":0.8,"ind_65_79":1.4,"ind_80p":0.2,"ind_inc":0.3,"men_pauv":0.7,"men":2.4,"lcog_geo":"97224","year":"2017","com_arm_code":["97224"],"com_code":["97224"],"com_arm_name":["Saint-Joseph"],"com_name":["Saint-Joseph"],"epci_name":["CA du Centre de la Martinique"],"epci_code":["249720061"],"dep_name":["Martinique"],"dep_code":["972"],"reg_name":["Martinique"],"reg_code":["02"]}},{"type":"Feature","geometry":{"coordinates":[[[-61.03141556549073,14.665033067222382],[-61.03139941043296,14.666840291825668],[-61.02954302315126,14.666824556131205],[-61.0295591934192,14.665017333550937],[-61.03141556549073,14.665033067222382]]],"type":"Polygon"},"properties":{"geo_point_2d":{"lon":-61.03047929827461,"lat":14.665928813419248},"idcar_200m":"CRS5490RES200mN1622200E712000","i_est_200":1,"idcar_1km":"CRS5490RES1000mN1622000E712000","i_est_1km":0,"idcar_nat":"CRS5490RES1000mN1622000E712000","groupe":1019921,"pop_carr":12.0,"men_1ind":1.6,"men_5ind":0.3,"men_prop":3.9,"men_fmp":0.5,"ind_snv":215058.0,"men_surf":448.5,"men_coll":1.0,"men_mais":4.1,"log_av45":0.0,"log_45_70":0.9,"log_70_90":0.9,"log_ap_90":3.0,"log_inc":0.3,"log_soc":0.0,"ind_0_3":0.2,"ind_4_5":0.3,"ind_6_10":0.5,"ind_11_17":0.5,"ind_18_24":0.6,"ind_25_39":2.0,"ind_40_54":2.6,"ind_55_64":2.1,"ind_65_79":2.4,"ind_80p":0.8,"ind_inc":0.0,"men_pauv":2.6,"men":5.1,"lcog_geo":"97224","year":"2017","com_arm_code":["97224"],"com_code":["97224"],"com_arm_name":["Saint-Joseph"],"com_name":["Saint-Joseph"],"epci_name":["CA du Centre de la Martinique"],"epci_code":["249720061"],"dep_name":["Martinique"],"dep_code":["972"],"reg_name":["Martinique"],"reg_code":["02"]}},{"type":"Feature","geometry":{"coordinates":[[[-61.016499530710796,14.672135614917362],[-61.01648324505832,14.673942822090169],[-61.01462681468995,14.673926959768858],[-61.01464311556023,14.672119754634437],[-61.016499530710796,14.672135614917362]]],"type":"Polygon"},"properties":{"geo_point_2d":{"lon":-61.015563176657025,"lat":14.67303128909003},"idcar_200m":"CRS5490RES200mN1623000E713600","i_est_200":1,"idcar_1km":"CRS5490RES1000mN1623000E713000","i_est_1km":0,"idcar_nat":"CRS5490RES1000mN1623000E713000","groupe":1019931,"pop_carr":9.0,"men_1ind":1.2,"men_5ind":0.1,"men_prop":2.8,"men_fmp":0.6,"ind_snv":214510.0,"men_surf":353.2,"men_coll":1.1,"men_mais":3.0,"log_av45":0.0,"log_45_70":0.4,"log_70_90":0.2,"log_ap_90":3.2,"log_inc":0.3,"log_soc":0.0,"ind_0_3":0.3,"ind_4_5":0.1,"ind_6_10":0.4,"ind_11_17":0.4,"ind_18_24":0.5,"ind_25_39":0.9,"ind_40_54":2.7,"ind_55_64":2.3,"ind_65_79":1.0,"ind_80p":0.4,"ind_inc":0.0,"men_pauv":0.6,"men":4.1,"lcog_geo":"97224","year":"2017","com_arm_code":["97224"],"com_code":["97224"],"com_arm_name":["Saint-Joseph"],"com_name":["Saint-Joseph"],"epci_name":["CA du Centre de la Martinique"],"epci_code":["249720061"],"dep_name":["Martinique"],"dep_code":["972"],"reg_name":["Martinique"],"reg_code":["02"]}},{"type":"Feature","geometry":{"coordinates":[[[-61.044378132446504,14.668757265428301],[-61.04436207946714,14.670564503543954],[-61.04250564631638,14.670548867498567],[-61.04252171451068,14.668741631392676],[-61.044378132446504,14.668757265428301]]],"type":"Polygon"},"properties":{"geo_point_2d":{"lon":-61.043441893335256,"lat":14.669653068202903},"idcar_200m":"CRS5490RES200mN1622600E710600","i_est_200":1,"idcar_1km":"CRS5490RES1000mN1622000E710000","i_est_1km":0,"idcar_nat":"CRS5490RES1000mN1622000E710000","groupe":1019875,"pop_carr":14.0,"men_1ind":3.0,"men_5ind":0.3,"men_prop":5.1,"men_fmp":0.7,"ind_snv":260860.2,"men_surf":572.1,"men_coll":1.1,"men_mais":5.7,"log_av45":0.2,"log_45_70":1.0,"log_70_90":1.7,"log_ap_90":3.2,"log_inc":0.7,"log_soc":0.0,"ind_0_3":0.4,"ind_4_5":0.1,"ind_6_10":0.7,"ind_11_17":1.1,"ind_18_24":0.9,"ind_25_39":1.6,"ind_40_54":3.3,"ind_55_64":1.8,"ind_65_79":2.6,"ind_80p":1.4,"ind_inc":0.1,"men_pauv":1.8,"men":6.8,"lcog_geo":"97224","year":"2017","com_arm_code":["97224"],"com_code":["97224"],"com_arm_name":["Saint-Joseph"],"com_name":["Saint-Joseph"],"epci_name":["CA du Centre de la Martinique"],"epci_code":["249720061"],"dep_name":["Martinique"],"dep_code":["972"],"reg_name":["Martinique"],"reg_code":["02"]}},{"type":"Feature","geometry":{"coordinates":[[[-61.05907014414719,14.686954332332169],[-61.05905419107583,14.688761583480396],[-61.057197588130734,14.688746046001624],[-61.05721355643854,14.68693879684824],[-61.05907014414719,14.686954332332169]]],"type":"Polygon"},"properties":{"geo_point_2d":{"lon":-61.05813387009699,"lat":14.687850190904244},"idcar_200m":"CRS5490RES200mN1624600E709000","i_est_200":1,"idcar_1km":"CRS5490RES1000mN1624000E709000","i_est_1km":0,"idcar_nat":"CRS5490RES8000mN1624000E704000","groupe":1020062,"pop_carr":4.0,"men_1ind":0.4,"men_5ind":0.1,"men_prop":0.9,"men_fmp":0.2,"ind_snv":67796.7,"men_surf":97.7,"men_coll":0.0,"men_mais":1.4,"log_av45":0.3,"log_45_70":0.3,"log_70_90":0.1,"log_ap_90":0.6,"log_inc":0.1,"log_soc":0.0,"ind_0_3":0.3,"ind_4_5":0.1,"ind_6_10":0.3,"ind_11_17":0.2,"ind_18_24":0.3,"ind_25_39":0.4,"ind_40_54":0.7,"ind_55_64":1.0,"ind_65_79":0.4,"ind_80p":0.3,"ind_inc":0.0,"men_pauv":0.6,"men":1.4,"lcog_geo":"97224","year":"2017","com_arm_code":["97224"],"com_code":["97224"],"com_arm_name":["Saint-Joseph"],"com_name":["Saint-Joseph"],"epci_name":["CA du Centre de la Martinique"],"epci_code":["249720061"],"dep_name":["Martinique"],"dep_code":["972"],"reg_name":["Martinique"],"reg_code":["02"]}},{"type":"Feature","geometry":{"coordinates":[[[-61.04442627819902,14.663335549294933],[-61.04441023181235,14.665142788303752],[-61.04255384430017,14.665127158287552],[-61.04256990589552,14.663319921288387],[-61.04442627819902,14.663335549294933]]],"type":"Polygon"},"properties":{"geo_point_2d":{"lon":-61.04349006520184,"lat":14.664231355530209},"idcar_200m":"CRS5490RES200mN1622000E710600","i_est_200":1,"idcar_1km":"CRS5490RES1000mN1622000E710000","i_est_1km":0,"idcar_nat":"CRS5490RES1000mN1622000E710000","groupe":1019875,"pop_carr":8.0,"men_1ind":1.7,"men_5ind":0.2,"men_prop":2.9,"men_fmp":0.4,"ind_snv":149063.0,"men_surf":326.9,"men_coll":0.6,"men_mais":3.3,"log_av45":0.1,"log_45_70":0.6,"log_70_90":1.0,"log_ap_90":1.8,"log_inc":0.4,"log_soc":0.0,"ind_0_3":0.2,"ind_4_5":0.1,"ind_6_10":0.4,"ind_11_17":0.6,"ind_18_24":0.5,"ind_25_39":0.9,"ind_40_54":1.9,"ind_55_64":1.0,"ind_65_79":1.5,"ind_80p":0.8,"ind_inc":0.1,"men_pauv":1.0,"men":3.9,"lcog_geo":"97224","year":"2017","com_arm_code":["97224"],"com_code":["97224"],"com_arm_name":["Saint-Joseph"],"com_name":["Saint-Joseph"],"epci_name":["CA du Centre de la Martinique"],"epci_code":["249720061"],"dep_name":["Martinique"],"dep_code":["972"],"reg_name":["Martinique"],"reg_code":["02"]}},{"type":"Feature","geometry":{"coordinates":[[[-61.01653209532865,14.668521199676874],[-61.01651581413421,14.670328407446258],[-61.01465941419938,14.670312549201679],[-61.01467571060747,14.668505343470612],[-61.01653209532865,14.668521199676874]]],"type":"Polygon"},"properties":{"geo_point_2d":{"lon":-61.01559575871963,"lat":14.669416876185858},"idcar_200m":"CRS5490RES200mN1622600E713600","i_est_200":0,"idcar_1km":"CRS5490RES1000mN1622000E713000","i_est_1km":0,"idcar_nat":"CRS5490RES1000mN1622000E713000","groupe":1019909,"pop_carr":19.0,"men_1ind":6.0,"men_5ind":1.0,"men_prop":8.0,"men_fmp":1.0,"ind_snv":545470.1,"men_surf":998.4,"men_coll":3.0,"men_mais":8.0,"log_av45":0.0,"log_45_70":2.0,"log_70_90":2.0,"log_ap_90":6.0,"log_inc":1.0,"log_soc":0.0,"ind_0_3":1.0,"ind_4_5":0.0,"ind_6_10":0.0,"ind_11_17":2.0,"ind_18_24":0.0,"ind_25_39":2.0,"ind_40_54":3.0,"ind_55_64":5.0,"ind_65_79":6.0,"ind_80p":0.0,"ind_inc":0.0,"men_pauv":1.0,"men":11.0,"lcog_geo":"97224","year":"2017","com_arm_code":["97224"],"com_code":["97224"],"com_arm_name":["Saint-Joseph"],"com_name":["Saint-Joseph"],"epci_name":["CA du Centre de la Martinique"],"epci_code":["249720061"],"dep_name":["Martinique"],"dep_code":["972"],"reg_name":["Martinique"],"reg_code":["02"]}},{"type":"Feature","geometry":{"coordinates":[[[-61.064703528046785,14.679771818330977],[-61.064687629387144,14.681579076643104],[-61.06283108083683,14.681563591621696],[-61.06284699472485,14.67975633529858],[-61.064703528046785,14.679771818330977]]],"type":"Polygon"},"properties":{"geo_point_2d":{"lon":-61.0637673083974,"lat":14.68066770671159},"idcar_200m":"CRS5490RES200mN1623800E708400","i_est_200":1,"idcar_1km":"CRS5490RES1000mN1623000E708000","i_est_1km":0,"idcar_nat":"CRS5490RES1000mN1623000E708000","groupe":1019849,"pop_carr":2.0,"men_1ind":0.3,"men_5ind":0.0,"men_prop":0.7,"men_fmp":0.1,"ind_snv":36842.9,"men_surf":73.9,"men_coll":0.1,"men_mais":0.8,"log_av45":0.0,"log_45_70":0.2,"log_70_90":0.2,"log_ap_90":0.5,"log_inc":0.0,"log_soc":0.0,"ind_0_3":0.0,"ind_4_5":0.0,"ind_6_10":0.0,"ind_11_17":0.2,"ind_18_24":0.1,"ind_25_39":0.2,"ind_40_54":0.5,"ind_55_64":0.5,"ind_65_79":0.4,"ind_80p":0.1,"ind_inc":0.0,"men_pauv":0.3,"men":0.9,"lcog_geo":"97224","year":"2017","com_arm_code":["97224"],"com_code":["97224"],"com_arm_name":["Saint-Joseph"],"com_name":["Saint-Joseph"],"epci_name":["CA du Centre de la Martinique"],"epci_code":["249720061"],"dep_name":["Martinique"],"dep_code":["972"],"reg_name":["Martinique"],"reg_code":["02"]}},{"type":"Feature","geometry":{"coordinates":[[[-61.038728370080015,14.677746476309757],[-61.03871226043532,14.679553706900627],[-61.03685575778561,14.679538016336135],[-61.03687188265541,14.67773078776089],[-61.038728370080015,14.677746476309757]]],"type":"Polygon"},"properties":{"geo_point_2d":{"lon":-61.03779206788959,"lat":14.678642248064671},"idcar_200m":"CRS5490RES200mN1623600E711200","i_est_200":0,"idcar_1km":"CRS5490RES1000mN1623000E711000","i_est_1km":0,"idcar_nat":"CRS5490RES1000mN1623000E711000","groupe":1019895,"pop_carr":110.5,"men_1ind":15.0,"men_5ind":4.0,"men_prop":24.0,"men_fmp":10.0,"ind_snv":2120588.6,"men_surf":3936.6,"men_coll":11.0,"men_mais":35.0,"log_av45":1.0,"log_45_70":6.0,"log_70_90":9.0,"log_ap_90":12.0,"log_inc":18.0,"log_soc":0.0,"ind_0_3":5.0,"ind_4_5":2.0,"ind_6_10":6.0,"ind_11_17":13.0,"ind_18_24":4.5,"ind_25_39":9.0,"ind_40_54":26.0,"ind_55_64":22.0,"ind_65_79":16.0,"ind_80p":7.0,"ind_inc":0.0,"men_pauv":12.0,"men":46.0,"lcog_geo":"97224","year":"2017","com_arm_code":["97224"],"com_code":["97224"],"com_arm_name":["Saint-Joseph"],"com_name":["Saint-Joseph"],"epci_name":["CA du Centre de la Martinique"],"epci_code":["249720061"],"dep_name":["Martinique"],"dep_code":["972"],"reg_name":["Martinique"],"reg_code":["02"]}},{"type":"Feature","geometry":{"coordinates":[[[-61.050043397419195,14.657960607611948],[-61.05002740323232,14.659767853530933],[-61.04817105475455,14.659752273951364],[-61.04818706414413,14.657945030036235],[-61.050043397419195,14.657960607611948]]],"type":"Polygon"},"properties":{"geo_point_2d":{"lon":-61.049107230037215,"lat":14.658856442518701},"idcar_200m":"CRS5490RES200mN1621400E710000","i_est_200":0,"idcar_1km":"CRS5490RES1000mN1621000E710000","i_est_1km":0,"idcar_nat":"CRS5490RES1000mN1621000E710000","groupe":1019641,"pop_carr":39.0,"men_1ind":8.0,"men_5ind":1.0,"men_prop":6.0,"men_fmp":2.0,"ind_snv":839474.9,"men_surf":1507.2,"men_coll":8.0,"men_mais":11.0,"log_av45":0.0,"log_45_70":1.0,"log_70_90":9.0,"log_ap_90":2.0,"log_inc":7.0,"log_soc":0.0,"ind_0_3":0.0,"ind_4_5":2.0,"ind_6_10":1.0,"ind_11_17":2.0,"ind_18_24":2.0,"ind_25_39":5.0,"ind_40_54":11.0,"ind_55_64":6.0,"ind_65_79":8.0,"ind_80p":2.0,"ind_inc":0.0,"men_pauv":6.0,"men":19.0,"lcog_geo":"97224","year":"2017","com_arm_code":["97224"],"com_code":["97224"],"com_arm_name":["Saint-Joseph"],"com_name":["Saint-Joseph"],"epci_name":["CA du Centre de la Martinique"],"epci_code":["249720061"],"dep_name":["Martinique"],"dep_code":["972"],"reg_name":["Martinique"],"reg_code":["02"]}},{"type":"Feature","geometry":{"coordinates":[[[-61.01097927246009,14.66666638467889],[-61.010962947860094,14.668473586625957],[-61.00910656983806,14.668457685987745],[-61.009122909649356,14.666650486084666],[-61.01097927246009,14.66666638467889]]],"type":"Polygon"},"properties":{"geo_point_2d":{"lon":-61.01004292510454,"lat":14.667562037081154},"idcar_200m":"CRS5490RES200mN1622400E714200","i_est_200":1,"idcar_1km":"CRS5490RES1000mN1622000E714000","i_est_1km":1,"idcar_nat":"CRS5490RES2000mN1622000E714000","groupe":398694,"pop_carr":10.0,"men_1ind":0.9,"men_5ind":0.4,"men_prop":3.3,"men_fmp":0.5,"ind_snv":200527.7,"men_surf":380.2,"men_coll":0.3,"men_mais":3.8,"log_av45":0.2,"log_45_70":0.5,"log_70_90":0.4,"log_ap_90":2.6,"log_inc":0.4,"log_soc":0.0,"ind_0_3":0.0,"ind_4_5":0.3,"ind_6_10":0.1,"ind_11_17":1.7,"ind_18_24":0.5,"ind_25_39":0.4,"ind_40_54":2.8,"ind_55_64":2.0,"ind_65_79":1.3,"ind_80p":0.9,"ind_inc":0.0,"men_pauv":1.2,"men":4.1,"lcog_geo":"97224","year":"2017","com_arm_code":["97224"],"com_code":["97224"],"com_arm_name":["Saint-Joseph"],"com_name":["Saint-Joseph"],"epci_name":["CA du Centre de la Martinique"],"epci_code":["249720061"],"dep_name":["Martinique"],"dep_code":["972"],"reg_name":["Martinique"],"reg_code":["02"]}},{"type":"Feature","geometry":{"coordinates":[[[-61.0203423293408,14.657709590354596],[-61.02032609192094,14.659516803983442],[-61.01846977878195,14.65950098757093],[-61.01848603140314,14.657693775976401],[-61.0203423293408,14.657709590354596]]],"type":"Polygon"},"properties":{"geo_point_2d":{"lon":-61.01940605801365,"lat":14.658605290707394},"idcar_200m":"CRS5490RES200mN1621400E713200","i_est_200":0,"idcar_1km":"CRS5490RES1000mN1621000E713000","i_est_1km":0,"idcar_nat":"CRS5490RES1000mN1621000E713000","groupe":1019684,"pop_carr":34.0,"men_1ind":9.0,"men_5ind":0.0,"men_prop":15.0,"men_fmp":0.0,"ind_snv":774133.0,"men_surf":1518.5,"men_coll":2.0,"men_mais":16.0,"log_av45":0.0,"log_45_70":2.0,"log_70_90":3.0,"log_ap_90":11.0,"log_inc":2.0,"log_soc":0.0,"ind_0_3":0.0,"ind_4_5":0.0,"ind_6_10":0.0,"ind_11_17":1.0,"ind_18_24":4.0,"ind_25_39":2.0,"ind_40_54":11.0,"ind_55_64":7.0,"ind_65_79":6.0,"ind_80p":3.0,"ind_inc":0.0,"men_pauv":6.0,"men":18.0,"lcog_geo":"97224","year":"2017","com_arm_code":["97224"],"com_code":["97224"],"com_arm_name":["Saint-Joseph"],"com_name":["Saint-Joseph"],"epci_name":["CA du Centre de la Martinique"],"epci_code":["249720061"],"dep_name":["Martinique"],"dep_code":["972"],"reg_name":["Martinique"],"reg_code":["02"]}},{"type":"Feature","geometry":{"coordinates":[[[-60.998050481651454,14.659326030160415],[-60.99803405957208,14.66113321895347],[-60.99617775808455,14.661117222872639],[-60.99619419536629,14.659310036136764],[-60.998050481651454,14.659326030160415]]],"type":"Polygon"},"properties":{"geo_point_2d":{"lon":-60.997114123822236,"lat":14.660221628267012},"idcar_200m":"CRS5490RES200mN1621600E715600","i_est_200":1,"idcar_1km":"CRS5490RES1000mN1621000E715000","i_est_1km":1,"idcar_nat":"CRS5490RES2000mN1620000E714000","groupe":398697,"pop_carr":7.0,"men_1ind":0.1,"men_5ind":0.6,"men_prop":1.2,"men_fmp":0.1,"ind_snv":209877.6,"men_surf":258.9,"men_coll":0.1,"men_mais":1.7,"log_av45":0.3,"log_45_70":0.5,"log_70_90":0.1,"log_ap_90":0.9,"log_inc":0.0,"log_soc":0.0,"ind_0_3":0.3,"ind_4_5":0.1,"ind_6_10":0.4,"ind_11_17":0.9,"ind_18_24":1.0,"ind_25_39":0.5,"ind_40_54":2.3,"ind_55_64":0.5,"ind_65_79":0.3,"ind_80p":0.3,"ind_inc":0.4,"men_pauv":0.0,"men":1.8,"lcog_geo":"97224","year":"2017","com_arm_code":["97224"],"com_code":["97224"],"com_arm_name":["Saint-Joseph"],"com_name":["Saint-Joseph"],"epci_name":["CA du Centre de la Martinique"],"epci_code":["249720061"],"dep_name":["Martinique"],"dep_code":["972"],"reg_name":["Martinique"],"reg_code":["02"]}},{"type":"Feature","geometry":{"coordinates":[[[-61.04457059680648,14.647070384824865],[-61.04455457019329,14.648877626511409],[-61.04269831948439,14.648862014581029],[-61.04271436128752,14.64705477490386],[-61.04457059680648,14.647070384824865]]],"type":"Polygon"},"properties":{"geo_point_2d":{"lon":-61.04363446209302,"lat":14.647966201440411},"idcar_200m":"CRS5490RES200mN1620200E710600","i_est_200":0,"idcar_1km":"CRS5490RES1000mN1620000E710000","i_est_1km":0,"idcar_nat":"CRS5490RES1000mN1620000E710000","groupe":1019631,"pop_carr":37.0,"men_1ind":2.0,"men_5ind":3.0,"men_prop":9.0,"men_fmp":3.0,"ind_snv":1201025.3,"men_surf":1573.8,"men_coll":2.0,"men_mais":11.0,"log_av45":0.0,"log_45_70":0.0,"log_70_90":5.0,"log_ap_90":7.0,"log_inc":1.0,"log_soc":0.0,"ind_0_3":2.0,"ind_4_5":2.0,"ind_6_10":3.0,"ind_11_17":2.0,"ind_18_24":2.0,"ind_25_39":4.0,"ind_40_54":7.0,"ind_55_64":5.0,"ind_65_79":9.0,"ind_80p":1.0,"ind_inc":0.0,"men_pauv":1.0,"men":13.0,"lcog_geo":"97224","year":"2017","com_arm_code":["97224"],"com_code":["97224"],"com_arm_name":["Saint-Joseph"],"com_name":["Saint-Joseph"],"epci_name":["CA du Centre de la Martinique"],"epci_code":["249720061"],"dep_name":["Martinique"],"dep_code":["972"],"reg_name":["Martinique"],"reg_code":["02"]}},{"type":"Feature","geometry":{"coordinates":[[[-61.05170784059017,14.67966312579795],[-61.051691835333706,14.681470370147073],[-61.04983530206907,14.681454781344339],[-61.04985132255331,14.679647538997555],[-61.05170784059017,14.67966312579795]]],"type":"Polygon"},"properties":{"geo_point_2d":{"lon":-61.05077157528606,"lat":14.68055895530972},"idcar_200m":"CRS5490RES200mN1623800E709800","i_est_200":1,"idcar_1km":"CRS5490RES1000mN1623000E709000","i_est_1km":0,"idcar_nat":"CRS5490RES1000mN1623000E709000","groupe":1019859,"pop_carr":17.5,"men_1ind":2.8,"men_5ind":0.4,"men_prop":5.9,"men_fmp":1.8,"ind_snv":313260.5,"men_surf":727.5,"men_coll":0.6,"men_mais":7.1,"log_av45":0.1,"log_45_70":1.3,"log_70_90":0.9,"log_ap_90":5.0,"log_inc":0.4,"log_soc":0.0,"ind_0_3":0.4,"ind_4_5":0.4,"ind_6_10":1.0,"ind_11_17":1.2,"ind_18_24":1.1,"ind_25_39":1.4,"ind_40_54":4.2,"ind_55_64":3.3,"ind_65_79":3.1,"ind_80p":1.4,"ind_inc":0.0,"men_pauv":3.1,"men":7.7,"lcog_geo":"97224","year":"2017","com_arm_code":["97224"],"com_code":["97224"],"com_arm_name":["Saint-Joseph"],"com_name":["Saint-Joseph"],"epci_name":["CA du Centre de la Martinique"],"epci_code":["249720061"],"dep_name":["Martinique"],"dep_code":["972"],"reg_name":["Martinique"],"reg_code":["02"]}},{"type":"Feature","geometry":{"coordinates":[[[-61.02783222760946,14.650543809904702],[-61.02781605985876,14.652351032842938],[-61.02595979862932,14.652335283743342],[-61.02597598157337,14.650528062831675],[-61.02783222760946,14.650543809904702]]],"type":"Polygon"},"properties":{"geo_point_2d":{"lon":-61.026896017069106,"lat":14.65143954856609},"idcar_200m":"CRS5490RES200mN1620600E712400","i_est_200":0,"idcar_1km":"CRS5490RES1000mN1620000E712000","i_est_1km":0,"idcar_nat":"CRS5490RES1000mN1620000E712000","groupe":1019693,"pop_carr":39.0,"men_1ind":6.0,"men_5ind":2.0,"men_prop":11.0,"men_fmp":3.0,"ind_snv":797009.8,"men_surf":1932.5,"men_coll":3.0,"men_mais":13.0,"log_av45":0.0,"log_45_70":2.0,"log_70_90":4.0,"log_ap_90":9.0,"log_inc":1.0,"log_soc":0.0,"ind_0_3":0.0,"ind_4_5":0.0,"ind_6_10":2.0,"ind_11_17":6.0,"ind_18_24":2.0,"ind_25_39":3.0,"ind_40_54":12.0,"ind_55_64":7.0,"ind_65_79":5.0,"ind_80p":2.0,"ind_inc":0.0,"men_pauv":6.0,"men":16.0,"lcog_geo":"97224","year":"2017","com_arm_code":["97224"],"com_code":["97224"],"com_arm_name":["Saint-Joseph"],"com_name":["Saint-Joseph"],"epci_name":["CA du Centre de la Martinique"],"epci_code":["249720061"],"dep_name":["Martinique"],"dep_code":["972"],"reg_name":["Martinique"],"reg_code":["02"]}},{"type":"Feature","geometry":{"coordinates":[[[-61.02762187400773,14.674037684868203],[-61.0276056774473,14.675844903933143],[-61.02574921851488,14.675829128485196],[-61.02576543029572,14.674021911447245],[-61.02762187400773,14.674037684868203]]],"type":"Polygon"},"properties":{"geo_point_2d":{"lon":-61.026685550217756,"lat":14.674933408420937},"idcar_200m":"CRS5490RES200mN1623200E712400","i_est_200":1,"idcar_1km":"CRS5490RES1000mN1623000E712000","i_est_1km":0,"idcar_nat":"CRS5490RES1000mN1623000E712000","groupe":1019915,"pop_carr":18.0,"men_1ind":2.4,"men_5ind":0.3,"men_prop":5.4,"men_fmp":1.0,"ind_snv":463503.4,"men_surf":838.8,"men_coll":3.2,"men_mais":4.9,"log_av45":0.0,"log_45_70":0.2,"log_70_90":1.5,"log_ap_90":5.5,"log_inc":0.9,"log_soc":0.0,"ind_0_3":0.6,"ind_4_5":0.3,"ind_6_10":0.9,"ind_11_17":1.0,"ind_18_24":1.1,"ind_25_39":2.5,"ind_40_54":2.8,"ind_55_64":4.0,"ind_65_79":4.2,"ind_80p":0.6,"ind_inc":0.0,"men_pauv":2.1,"men":8.1,"lcog_geo":"97224","year":"2017","com_arm_code":["97224"],"com_code":["97224"],"com_arm_name":["Saint-Joseph"],"com_name":["Saint-Joseph"],"epci_name":["CA du Centre de la Martinique"],"epci_code":["249720061"],"dep_name":["Martinique"],"dep_code":["972"],"reg_name":["Martinique"],"reg_code":["02"]}},{"type":"Feature","geometry":{"coordinates":[[[-61.03700080219023,14.66327294843172],[-61.03698469496931,14.665080179390474],[-61.03512831626787,14.665064490142228],[-61.03514443869714,14.663257261200744],[-61.03700080219023,14.66327294843172]]],"type":"Polygon"},"properties":{"geo_point_2d":{"lon":-61.03606456318178,"lat":14.664168721027837},"idcar_200m":"CRS5490RES200mN1622000E711400","i_est_200":1,"idcar_1km":"CRS5490RES1000mN1622000E711000","i_est_1km":0,"idcar_nat":"CRS5490RES1000mN1622000E711000","groupe":1019897,"pop_carr":1.0,"men_1ind":0.2,"men_5ind":0.1,"men_prop":0.3,"men_fmp":0.1,"ind_snv":24494.4,"men_surf":40.4,"men_coll":0.2,"men_mais":0.2,"log_av45":0.0,"log_45_70":0.0,"log_70_90":0.0,"log_ap_90":0.3,"log_inc":0.1,"log_soc":0.0,"ind_0_3":0.0,"ind_4_5":0.0,"ind_6_10":0.1,"ind_11_17":0.1,"ind_18_24":0.1,"ind_25_39":0.1,"ind_40_54":0.2,"ind_55_64":0.2,"ind_65_79":0.2,"ind_80p":0.0,"ind_inc":0.0,"men_pauv":0.1,"men":0.4,"lcog_geo":"97224","year":"2017","com_arm_code":["97224"],"com_code":["97224"],"com_arm_name":["Saint-Joseph"],"com_name":["Saint-Joseph"],"epci_name":["CA du Centre de la Martinique"],"epci_code":["249720061"],"dep_name":["Martinique"],"dep_code":["972"],"reg_name":["Martinique"],"reg_code":["02"]}},{"type":"Feature","geometry":{"coordinates":[[[-61.05750061261045,14.654408261182908],[-61.05748468360027,14.656215515692924],[-61.055628356775074,14.656199999317243],[-61.05564430098414,14.654392746803413],[-61.05750061261045,14.654408261182908]]],"type":"Polygon"},"properties":{"geo_point_2d":{"lon":-61.056564488641584,"lat":14.655304131984895},"idcar_200m":"CRS5490RES200mN1621000E709200","i_est_200":0,"idcar_1km":"CRS5490RES1000mN1621000E709000","i_est_1km":0,"idcar_nat":"CRS5490RES1000mN1621000E709000","groupe":1019600,"pop_carr":34.0,"men_1ind":6.0,"men_5ind":2.0,"men_prop":15.0,"men_fmp":1.0,"ind_snv":1290077.0,"men_surf":1822.7,"men_coll":1.0,"men_mais":14.0,"log_av45":0.0,"log_45_70":0.0,"log_70_90":13.0,"log_ap_90":0.0,"log_inc":2.0,"log_soc":0.0,"ind_0_3":0.0,"ind_4_5":2.0,"ind_6_10":1.0,"ind_11_17":7.0,"ind_18_24":0.0,"ind_25_39":0.0,"ind_40_54":9.0,"ind_55_64":6.0,"ind_65_79":9.0,"ind_80p":0.0,"ind_inc":0.0,"men_pauv":0.0,"men":15.0,"lcog_geo":"97224","year":"2017","com_arm_code":["97224"],"com_code":["97224"],"com_arm_name":["Saint-Joseph"],"com_name":["Saint-Joseph"],"epci_name":["CA du Centre de la Martinique"],"epci_code":["249720061"],"dep_name":["Martinique"],"dep_code":["972"],"reg_name":["Martinique"],"reg_code":["02"]}},{"type":"Feature","geometry":{"coordinates":[[[-61.04271436128752,14.64705477490386],[-61.04269831948439,14.648862014581029],[-61.04084207097428,14.648846387859646],[-61.040858127967304,14.647039150193761],[-61.04271436128752,14.64705477490386]]],"type":"Polygon"},"properties":{"geo_point_2d":{"lon":-61.04177822007861,"lat":14.6479505831197},"idcar_200m":"CRS5490RES200mN1620200E710800","i_est_200":1,"idcar_1km":"CRS5490RES1000mN1620000E710000","i_est_1km":0,"idcar_nat":"CRS5490RES1000mN1620000E710000","groupe":1019629,"pop_carr":6.0,"men_1ind":1.4,"men_5ind":0.3,"men_prop":2.1,"men_fmp":0.2,"ind_snv":116846.3,"men_surf":338.1,"men_coll":0.5,"men_mais":1.9,"log_av45":0.2,"log_45_70":0.0,"log_70_90":1.0,"log_ap_90":1.2,"log_inc":0.0,"log_soc":0.0,"ind_0_3":0.3,"ind_4_5":0.3,"ind_6_10":0.2,"ind_11_17":1.0,"ind_18_24":0.7,"ind_25_39":0.3,"ind_40_54":0.9,"ind_55_64":0.7,"ind_65_79":0.9,"ind_80p":0.7,"ind_inc":0.0,"men_pauv":0.7,"men":2.4,"lcog_geo":"97224","year":"2017","com_arm_code":["97224"],"com_code":["97224"],"com_arm_name":["Saint-Joseph"],"com_name":["Saint-Joseph"],"epci_name":["CA du Centre de la Martinique"],"epci_code":["249720061"],"dep_name":["Martinique"],"dep_code":["972"],"reg_name":["Martinique"],"reg_code":["02"]}},{"type":"Feature","geometry":{"coordinates":[[[-61.05751653943823,14.652601006375624],[-61.05750061261045,14.654408261182908],[-61.05564430098414,14.654392746803413],[-61.05566024300871,14.652585493992268],[-61.05751653943823,14.652601006375624]]],"type":"Polygon"},"properties":{"geo_point_2d":{"lon":-61.05658042415949,"lat":14.653496878324166},"idcar_200m":"CRS5490RES200mN1620800E709200","i_est_200":0,"idcar_1km":"CRS5490RES1000mN1620000E709000","i_est_1km":0,"idcar_nat":"CRS5490RES1000mN1620000E709000","groupe":1019619,"pop_carr":40.0,"men_1ind":4.0,"men_5ind":1.0,"men_prop":13.0,"men_fmp":2.0,"ind_snv":1023992.1,"men_surf":1691.0,"men_coll":7.0,"men_mais":9.0,"log_av45":0.0,"log_45_70":0.0,"log_70_90":10.0,"log_ap_90":6.0,"log_inc":0.0,"log_soc":0.0,"ind_0_3":0.0,"ind_4_5":0.0,"ind_6_10":1.0,"ind_11_17":1.0,"ind_18_24":6.0,"ind_25_39":1.0,"ind_40_54":8.0,"ind_55_64":13.0,"ind_65_79":8.0,"ind_80p":2.0,"ind_inc":0.0,"men_pauv":3.0,"men":16.0,"lcog_geo":"97224","year":"2017","com_arm_code":["97224"],"com_code":["97224"],"com_arm_name":["Saint-Joseph"],"com_name":["Saint-Joseph"],"epci_name":["CA du Centre de la Martinique"],"epci_code":["249720061"],"dep_name":["Martinique"],"dep_code":["972"],"reg_name":["Martinique"],"reg_code":["02"]}},{"type":"Feature","geometry":{"coordinates":[[[-61.03340097900259,14.650590962369888],[-61.03338485683246,14.652398191376422],[-61.03152858896241,14.652382486659565],[-61.03154472632615,14.650575259673891],[-61.03340097900259,14.650590962369888]]],"type":"Polygon"},"properties":{"geo_point_2d":{"lon":-61.03246478793184,"lat":14.65148672625537},"idcar_200m":"CRS5490RES200mN1620600E711800","i_est_200":0,"idcar_1km":"CRS5490RES1000mN1620000E711000","i_est_1km":0,"idcar_nat":"CRS5490RES1000mN1620000E711000","groupe":1019651,"pop_carr":43.0,"men_1ind":2.0,"men_5ind":3.0,"men_prop":10.0,"men_fmp":2.0,"ind_snv":746967.0,"men_surf":1419.0,"men_coll":1.0,"men_mais":13.0,"log_av45":1.0,"log_45_70":2.0,"log_70_90":2.0,"log_ap_90":9.0,"log_inc":0.0,"log_soc":0.0,"ind_0_3":0.0,"ind_4_5":0.0,"ind_6_10":1.0,"ind_11_17":4.0,"ind_18_24":3.0,"ind_25_39":2.0,"ind_40_54":14.0,"ind_55_64":8.0,"ind_65_79":7.0,"ind_80p":4.0,"ind_inc":0.0,"men_pauv":3.0,"men":14.0,"lcog_geo":"97224","year":"2017","com_arm_code":["97224"],"com_code":["97224"],"com_arm_name":["Saint-Joseph"],"com_name":["Saint-Joseph"],"epci_name":["CA du Centre de la Martinique"],"epci_code":["249720061"],"dep_name":["Martinique"],"dep_code":["972"],"reg_name":["Martinique"],"reg_code":["02"]}},{"type":"Feature","geometry":{"coordinates":[[[-61.03711349098125,14.650622323384315],[-61.03709739919858,14.652429556426856],[-61.035241126911885,14.652413881298886],[-61.035257233888316,14.650606650273392],[-61.03711349098125,14.650622323384315]]],"type":"Polygon"},"properties":{"geo_point_2d":{"lon":-61.03617731289566,"lat":14.651518104081296},"idcar_200m":"CRS5490RES200mN1620600E711400","i_est_200":1,"idcar_1km":"CRS5490RES1000mN1620000E711000","i_est_1km":0,"idcar_nat":"CRS5490RES1000mN1620000E711000","groupe":1019648,"pop_carr":24.0,"men_1ind":2.8,"men_5ind":0.8,"men_prop":6.5,"men_fmp":2.0,"ind_snv":508261.9,"men_surf":937.3,"men_coll":2.0,"men_mais":7.7,"log_av45":0.4,"log_45_70":0.4,"log_70_90":1.8,"log_ap_90":5.9,"log_inc":1.2,"log_soc":0.0,"ind_0_3":0.8,"ind_4_5":0.4,"ind_6_10":0.8,"ind_11_17":2.4,"ind_18_24":1.6,"ind_25_39":2.2,"ind_40_54":4.9,"ind_55_64":3.2,"ind_65_79":5.5,"ind_80p":0.8,"ind_inc":1.4,"men_pauv":2.6,"men":9.7,"lcog_geo":"97224","year":"2017","com_arm_code":["97224"],"com_code":["97224"],"com_arm_name":["Saint-Joseph"],"com_name":["Saint-Joseph"],"epci_name":["CA du Centre de la Martinique"],"epci_code":["249720061"],"dep_name":["Martinique"],"dep_code":["972"],"reg_name":["Martinique"],"reg_code":["02"]}},{"type":"Feature","geometry":{"coordinates":[[[-61.05002740323232,14.659767853530933],[-61.05001140685445,14.661575099152428],[-61.048155043171896,14.661559517568968],[-61.04817105475455,14.659752273951364],[-61.05002740323232,14.659767853530933]]],"type":"Polygon"},"properties":{"geo_point_2d":{"lon":-61.04909122715297,"lat":14.660663687287162},"idcar_200m":"CRS5490RES200mN1621600E710000","i_est_200":1,"idcar_1km":"CRS5490RES1000mN1621000E710000","i_est_1km":0,"idcar_nat":"CRS5490RES1000mN1621000E710000","groupe":1019634,"pop_carr":11.0,"men_1ind":2.0,"men_5ind":0.2,"men_prop":3.9,"men_fmp":0.6,"ind_snv":308643.9,"men_surf":540.9,"men_coll":1.4,"men_mais":3.9,"log_av45":0.0,"log_45_70":0.6,"log_70_90":1.5,"log_ap_90":3.0,"log_inc":0.2,"log_soc":0.0,"ind_0_3":0.2,"ind_4_5":0.2,"ind_6_10":0.3,"ind_11_17":1.1,"ind_18_24":0.5,"ind_25_39":1.3,"ind_40_54":1.4,"ind_55_64":2.6,"ind_65_79":2.3,"ind_80p":1.1,"ind_inc":0.0,"men_pauv":1.0,"men":5.3,"lcog_geo":"97224","year":"2017","com_arm_code":["97224"],"com_code":["97224"],"com_arm_name":["Saint-Joseph"],"com_name":["Saint-Joseph"],"epci_name":["CA du Centre de la Martinique"],"epci_code":["249720061"],"dep_name":["Martinique"],"dep_code":["972"],"reg_name":["Martinique"],"reg_code":["02"]}},{"type":"Feature","geometry":{"coordinates":[[[-60.9997918748517,14.671992339054496],[-60.999775452242034,14.67379952781336],[-60.997919042029665,14.673783532147013],[-60.997935479856366,14.671976345443658],[-60.9997918748517,14.671992339054496]]],"type":"Polygon"},"properties":{"geo_point_2d":{"lon":-60.99885546239844,"lat":14.67288793735194},"idcar_200m":"CRS5490RES200mN1623000E715400","i_est_200":0,"idcar_1km":"CRS5490RES1000mN1623000E715000","i_est_1km":0,"idcar_nat":"CRS5490RES2000mN1622000E714000","groupe":1019943,"pop_carr":39.5,"men_1ind":4.0,"men_5ind":2.0,"men_prop":11.0,"men_fmp":2.0,"ind_snv":783027.8,"men_surf":1367.0,"men_coll":2.0,"men_mais":12.0,"log_av45":0.0,"log_45_70":6.0,"log_70_90":5.0,"log_ap_90":3.0,"log_inc":0.0,"log_soc":0.0,"ind_0_3":1.0,"ind_4_5":1.0,"ind_6_10":1.0,"ind_11_17":3.5,"ind_18_24":2.0,"ind_25_39":4.0,"ind_40_54":5.0,"ind_55_64":6.0,"ind_65_79":8.0,"ind_80p":7.0,"ind_inc":1.0,"men_pauv":3.0,"men":14.0,"lcog_geo":"97224","year":"2017","com_arm_code":["97224"],"com_code":["97224"],"com_arm_name":["Saint-Joseph"],"com_name":["Saint-Joseph"],"epci_name":["CA du Centre de la Martinique"],"epci_code":["249720061"],"dep_name":["Martinique"],"dep_code":["972"],"reg_name":["Martinique"],"reg_code":["02"]}},{"type":"Feature","geometry":{"coordinates":[[[-61.01835594809042,14.672151460385669],[-61.01833967765584,14.673958669594953],[-61.01648324505832,14.673942822090169],[-61.016499530710796,14.672135614917362],[-61.01835594809042,14.672151460385669]]],"type":"Polygon"},"properties":{"geo_point_2d":{"lon":-61.017419600530914,"lat":14.673047142984363},"idcar_200m":"CRS5490RES200mN1623000E713400","i_est_200":1,"idcar_1km":"CRS5490RES1000mN1623000E713000","i_est_1km":0,"idcar_nat":"CRS5490RES1000mN1623000E713000","groupe":1019931,"pop_carr":6.0,"men_1ind":0.8,"men_5ind":0.1,"men_prop":1.9,"men_fmp":0.4,"ind_snv":143006.7,"men_surf":235.5,"men_coll":0.7,"men_mais":2.0,"log_av45":0.0,"log_45_70":0.2,"log_70_90":0.2,"log_ap_90":2.1,"log_inc":0.2,"log_soc":0.0,"ind_0_3":0.2,"ind_4_5":0.1,"ind_6_10":0.2,"ind_11_17":0.3,"ind_18_24":0.3,"ind_25_39":0.6,"ind_40_54":1.8,"ind_55_64":1.5,"ind_65_79":0.7,"ind_80p":0.3,"ind_inc":0.0,"men_pauv":0.4,"men":2.7,"lcog_geo":"97224","year":"2017","com_arm_code":["97224"],"com_code":["97224"],"com_arm_name":["Saint-Joseph"],"com_name":["Saint-Joseph"],"epci_name":["CA du Centre de la Martinique"],"epci_code":["249720061"],"dep_name":["Martinique"],"dep_code":["972"],"reg_name":["Martinique"],"reg_code":["02"]}},{"type":"Feature","geometry":{"coordinates":[[[-61.02379535315233,14.686656622008408],[-61.02377911060304,14.688463834929037],[-61.021922549510336,14.688448015627046],[-61.02193880729444,14.68664080473744],[-61.02379535315233,14.686656622008408]]],"type":"Polygon"},"properties":{"geo_point_2d":{"lon":-61.02285895529167,"lat":14.687552320564082},"idcar_200m":"CRS5490RES200mN1624600E712800","i_est_200":1,"idcar_1km":"CRS5490RES1000mN1624000E712000","i_est_1km":0,"idcar_nat":"CRS5490RES1000mN1624000E712000","groupe":1020081,"pop_carr":2.0,"men_1ind":0.3,"men_5ind":0.1,"men_prop":0.6,"men_fmp":0.2,"ind_snv":38412.7,"men_surf":69.4,"men_coll":0.1,"men_mais":0.7,"log_av45":0.0,"log_45_70":0.2,"log_70_90":0.2,"log_ap_90":0.4,"log_inc":0.0,"log_soc":0.0,"ind_0_3":0.0,"ind_4_5":0.1,"ind_6_10":0.1,"ind_11_17":0.2,"ind_18_24":0.1,"ind_25_39":0.2,"ind_40_54":0.4,"ind_55_64":0.5,"ind_65_79":0.3,"ind_80p":0.1,"ind_inc":0.0,"men_pauv":0.3,"men":0.8,"lcog_geo":"97224","year":"2017","com_arm_code":["97224"],"com_code":["97224"],"com_arm_name":["Saint-Joseph"],"com_name":["Saint-Joseph"],"epci_name":["CA du Centre de la Martinique"],"epci_code":["249720061"],"dep_name":["Martinique"],"dep_code":["972"],"reg_name":["Martinique"],"reg_code":["02"]}},{"type":"Feature","geometry":{"coordinates":[[[-61.04458662122303,14.645263142840971],[-61.04457059680648,14.647070384824865],[-61.04271436128752,14.64705477490386],[-61.04273040089197,14.64524753492931],[-61.04458662122303,14.645263142840971]]],"type":"Polygon"},"properties":{"geo_point_2d":{"lon":-61.04365049520234,"lat":14.646158960609718},"idcar_200m":"CRS5490RES200mN1620000E710600","i_est_200":1,"idcar_1km":"CRS5490RES1000mN1620000E710000","i_est_1km":0,"idcar_nat":"CRS5490RES1000mN1620000E710000","groupe":1019629,"pop_carr":21.0,"men_1ind":4.8,"men_5ind":1.2,"men_prop":7.2,"men_fmp":0.6,"ind_snv":408962.2,"men_surf":1183.2,"men_coll":1.8,"men_mais":6.6,"log_av45":0.6,"log_45_70":0.0,"log_70_90":3.6,"log_ap_90":4.2,"log_inc":0.0,"log_soc":0.0,"ind_0_3":1.2,"ind_4_5":1.2,"ind_6_10":0.6,"ind_11_17":3.6,"ind_18_24":2.4,"ind_25_39":1.2,"ind_40_54":3.0,"ind_55_64":2.4,"ind_65_79":3.0,"ind_80p":2.4,"ind_inc":0.0,"men_pauv":2.4,"men":8.4,"lcog_geo":"9722497209","year":"2017","com_arm_code":["97224"],"com_code":["97224"],"com_arm_name":["Saint-Joseph"],"com_name":["Saint-Joseph"],"epci_name":["CA du Centre de la Martinique"],"epci_code":["249720061"],"dep_name":["Martinique"],"dep_code":["972"],"reg_name":["Martinique"],"reg_code":["02"]}},{"type":"Feature","geometry":{"coordinates":[[[-61.03528944121967,14.646992187329703],[-61.035273338657554,14.648799418950318],[-61.03341709896343,14.648783733065752],[-61.033433216715075,14.646976503464023],[-61.03528944121967,14.646992187329703]]],"type":"Polygon"},"properties":{"geo_point_2d":{"lon":-61.03435327403974,"lat":14.647887961937563},"idcar_200m":"CRS5490RES200mN1620200E711600","i_est_200":0,"idcar_1km":"CRS5490RES1000mN1620000E711000","i_est_1km":0,"idcar_nat":"CRS5490RES1000mN1620000E711000","groupe":1019663,"pop_carr":95.0,"men_1ind":9.0,"men_5ind":0.0,"men_prop":33.0,"men_fmp":11.0,"ind_snv":1679177.1,"men_surf":3542.5,"men_coll":12.0,"men_mais":28.0,"log_av45":0.0,"log_45_70":6.0,"log_70_90":17.0,"log_ap_90":15.0,"log_inc":2.0,"log_soc":0.0,"ind_0_3":1.0,"ind_4_5":0.0,"ind_6_10":1.0,"ind_11_17":6.0,"ind_18_24":10.0,"ind_25_39":10.0,"ind_40_54":24.0,"ind_55_64":19.0,"ind_65_79":17.0,"ind_80p":6.0,"ind_inc":1.0,"men_pauv":13.0,"men":40.0,"lcog_geo":"9722497213","year":"2017","com_arm_code":["97224"],"com_code":["97224"],"com_arm_name":["Saint-Joseph"],"com_name":["Saint-Joseph"],"epci_name":["CA du Centre de la Martinique"],"epci_code":["249720061"],"dep_name":["Martinique"],"dep_code":["972"],"reg_name":["Martinique"],"reg_code":["02"]}},{"type":"Feature","geometry":{"coordinates":[[[-61.03880888524032,14.668710318885692],[-61.0387927866164,14.670517550966357],[-61.036936360071344,14.670501870479685],[-61.03695247390995,14.668694640414495],[-61.03880888524032,14.668710318885692]]],"type":"Polygon"},"properties":{"geo_point_2d":{"lon":-61.03787262661001,"lat":14.66960609642358},"idcar_200m":"CRS5490RES200mN1622600E711200","i_est_200":0,"idcar_1km":"CRS5490RES1000mN1622000E711000","i_est_1km":0,"idcar_nat":"CRS5490RES1000mN1622000E711000","groupe":1019906,"pop_carr":130.0,"men_1ind":23.0,"men_5ind":4.0,"men_prop":7.0,"men_fmp":29.0,"ind_snv":2074873.0,"men_surf":4036.0,"men_coll":53.0,"men_mais":7.0,"log_av45":0.0,"log_45_70":3.0,"log_70_90":5.0,"log_ap_90":52.0,"log_inc":0.0,"log_soc":48.0,"ind_0_3":4.0,"ind_4_5":2.0,"ind_6_10":17.0,"ind_11_17":20.0,"ind_18_24":13.0,"ind_25_39":19.0,"ind_40_54":30.0,"ind_55_64":7.0,"ind_65_79":11.0,"ind_80p":7.0,"ind_inc":0.0,"men_pauv":25.0,"men":60.0,"lcog_geo":"97224","year":"2017","com_arm_code":["97224"],"com_code":["97224"],"com_arm_name":["Saint-Joseph"],"com_name":["Saint-Joseph"],"epci_name":["CA du Centre de la Martinique"],"epci_code":["249720061"],"dep_name":["Martinique"],"dep_code":["972"],"reg_name":["Martinique"],"reg_code":["02"]}},{"type":"Feature","geometry":{"coordinates":[[[-61.04252171451068,14.668741631392676],[-61.04250564631638,14.670548867498567],[-61.040649215365434,14.670533216639349],[-61.04066529877459,14.668725982545114],[-61.04252171451068,14.668741631392676]]],"type":"Polygon"},"properties":{"geo_point_2d":{"lon":-61.041585468891974,"lat":14.669637425755953},"idcar_200m":"CRS5490RES200mN1622600E710800","i_est_200":0,"idcar_1km":"CRS5490RES1000mN1622000E710000","i_est_1km":0,"idcar_nat":"CRS5490RES1000mN1622000E710000","groupe":1019882,"pop_carr":93.5,"men_1ind":13.0,"men_5ind":3.0,"men_prop":13.0,"men_fmp":12.0,"ind_snv":1719997.3,"men_surf":2729.8,"men_coll":23.0,"men_mais":17.0,"log_av45":0.0,"log_45_70":2.0,"log_70_90":4.0,"log_ap_90":31.0,"log_inc":3.0,"log_soc":0.0,"ind_0_3":5.0,"ind_4_5":1.0,"ind_6_10":4.5,"ind_11_17":15.0,"ind_18_24":3.0,"ind_25_39":15.0,"ind_40_54":27.0,"ind_55_64":13.0,"ind_65_79":9.0,"ind_80p":0.0,"ind_inc":1.0,"men_pauv":5.0,"men":40.0,"lcog_geo":"97224","year":"2017","com_arm_code":["97224"],"com_code":["97224"],"com_arm_name":["Saint-Joseph"],"com_name":["Saint-Joseph"],"epci_name":["CA du Centre de la Martinique"],"epci_code":["249720061"],"dep_name":["Martinique"],"dep_code":["972"],"reg_name":["Martinique"],"reg_code":["02"]}},{"type":"Feature","geometry":{"coordinates":[[[-61.02581405232618,14.66860025854443],[-61.02579784720129,14.67040747647682],[-61.02394143614242,14.670391692296628],[-61.0239576564814,14.668584476393024],[-61.02581405232618,14.66860025854443]]],"type":"Polygon"},"properties":{"geo_point_2d":{"lon":-61.02487774818932,"lat":14.669495977164738},"idcar_200m":"CRS5490RES200mN1622600E712600","i_est_200":1,"idcar_1km":"CRS5490RES1000mN1622000E712000","i_est_1km":0,"idcar_nat":"CRS5490RES1000mN1622000E712000","groupe":1019921,"pop_carr":4.0,"men_1ind":0.5,"men_5ind":0.1,"men_prop":1.3,"men_fmp":0.2,"ind_snv":71686.0,"men_surf":149.5,"men_coll":0.3,"men_mais":1.4,"log_av45":0.0,"log_45_70":0.3,"log_70_90":0.3,"log_ap_90":1.0,"log_inc":0.1,"log_soc":0.0,"ind_0_3":0.1,"ind_4_5":0.1,"ind_6_10":0.2,"ind_11_17":0.2,"ind_18_24":0.2,"ind_25_39":0.6,"ind_40_54":0.9,"ind_55_64":0.7,"ind_65_79":0.8,"ind_80p":0.2,"ind_inc":0.0,"men_pauv":0.9,"men":1.7,"lcog_geo":"97224","year":"2017","com_arm_code":["97224"],"com_code":["97224"],"com_arm_name":["Saint-Joseph"],"com_name":["Saint-Joseph"],"epci_name":["CA du Centre de la Martinique"],"epci_code":["249720061"],"dep_name":["Martinique"],"dep_code":["972"],"reg_name":["Martinique"],"reg_code":["02"]}},{"type":"Feature","geometry":{"coordinates":[[[-61.0517878340267,14.670626899585454],[-61.051771839718555,14.672434145423424],[-61.049915382571974,14.672418566632034],[-61.04993139209749,14.670611322796242],[-61.0517878340267,14.670626899585454]]],"type":"Polygon"},"properties":{"geo_point_2d":{"lon":-61.05085161225319,"lat":14.671522734846487},"idcar_200m":"CRS5490RES200mN1622800E709800","i_est_200":1,"idcar_1km":"CRS5490RES1000mN1622000E709000","i_est_1km":0,"idcar_nat":"CRS5490RES1000mN1622000E709000","groupe":1019845,"pop_carr":7.0,"men_1ind":1.3,"men_5ind":0.2,"men_prop":2.4,"men_fmp":0.6,"ind_snv":127460.4,"men_surf":284.5,"men_coll":0.5,"men_mais":2.8,"log_av45":0.1,"log_45_70":0.9,"log_70_90":0.5,"log_ap_90":1.5,"log_inc":0.3,"log_soc":0.0,"ind_0_3":0.1,"ind_4_5":0.0,"ind_6_10":0.2,"ind_11_17":0.4,"ind_18_24":0.5,"ind_25_39":0.5,"ind_40_54":1.5,"ind_55_64":1.5,"ind_65_79":1.6,"ind_80p":0.7,"ind_inc":0.0,"men_pauv":1.1,"men":3.3,"lcog_geo":"97224","year":"2017","com_arm_code":["97224"],"com_code":["97224"],"com_arm_name":["Saint-Joseph"],"com_name":["Saint-Joseph"],"epci_name":["CA du Centre de la Martinique"],"epci_code":["249720061"],"dep_name":["Martinique"],"dep_code":["972"],"reg_name":["Martinique"],"reg_code":["02"]}},{"type":"Feature","geometry":{"coordinates":[[[-61.0389536736905,14.652445216760269],[-61.038937594898584,14.654252451520414],[-61.03708130521071,14.654236789171831],[-61.03709739919858,14.652429556426856],[-61.0389536736905,14.652445216760269]]],"type":"Polygon"},"properties":{"geo_point_2d":{"lon":-61.03801749340012,"lat":14.653341004705439},"idcar_200m":"CRS5490RES200mN1620800E711200","i_est_200":0,"idcar_1km":"CRS5490RES1000mN1620000E711000","i_est_1km":0,"idcar_nat":"CRS5490RES1000mN1620000E711000","groupe":1019654,"pop_carr":42.0,"men_1ind":2.0,"men_5ind":0.0,"men_prop":10.0,"men_fmp":3.0,"ind_snv":1192598.9,"men_surf":1743.7,"men_coll":4.0,"men_mais":11.0,"log_av45":0.0,"log_45_70":0.0,"log_70_90":2.0,"log_ap_90":12.0,"log_inc":1.0,"log_soc":0.0,"ind_0_3":0.0,"ind_4_5":1.0,"ind_6_10":3.0,"ind_11_17":7.0,"ind_18_24":5.0,"ind_25_39":1.0,"ind_40_54":16.0,"ind_55_64":4.0,"ind_65_79":5.0,"ind_80p":0.0,"ind_inc":0.0,"men_pauv":0.0,"men":15.0,"lcog_geo":"97224","year":"2017","com_arm_code":["97224"],"com_code":["97224"],"com_arm_name":["Saint-Joseph"],"com_name":["Saint-Joseph"],"epci_name":["CA du Centre de la Martinique"],"epci_code":["249720061"],"dep_name":["Martinique"],"dep_code":["972"],"reg_name":["Martinique"],"reg_code":["02"]}},{"type":"Feature","geometry":{"coordinates":[[[-61.048074952359784,14.67059573119287],[-61.04805892761698,14.672402973024587],[-61.04620247485564,14.672387364601141],[-61.046218514815635,14.670580124775412],[-61.048074952359784,14.67059573119287]]],"type":"Polygon"},"properties":{"geo_point_2d":{"lon":-61.0471387175618,"lat":14.671491549635695},"idcar_200m":"CRS5490RES200mN1622800E710200","i_est_200":1,"idcar_1km":"CRS5490RES1000mN1622000E710000","i_est_1km":0,"idcar_nat":"CRS5490RES1000mN1622000E710000","groupe":1019875,"pop_carr":14.0,"men_1ind":3.0,"men_5ind":0.3,"men_prop":5.1,"men_fmp":0.7,"ind_snv":260860.2,"men_surf":572.1,"men_coll":1.1,"men_mais":5.7,"log_av45":0.2,"log_45_70":1.0,"log_70_90":1.7,"log_ap_90":3.2,"log_inc":0.7,"log_soc":0.0,"ind_0_3":0.4,"ind_4_5":0.1,"ind_6_10":0.7,"ind_11_17":1.1,"ind_18_24":0.9,"ind_25_39":1.6,"ind_40_54":3.3,"ind_55_64":1.8,"ind_65_79":2.6,"ind_80p":1.4,"ind_inc":0.1,"men_pauv":1.8,"men":6.8,"lcog_geo":"97224","year":"2017","com_arm_code":["97224"],"com_code":["97224"],"com_arm_name":["Saint-Joseph"],"com_name":["Saint-Joseph"],"epci_name":["CA du Centre de la Martinique"],"epci_code":["249720061"],"dep_name":["Martinique"],"dep_code":["972"],"reg_name":["Martinique"],"reg_code":["02"]}},{"type":"Feature","geometry":{"coordinates":[[[-61.031480163602126,14.657804165830374],[-61.03146401739207,14.659611391625132],[-61.029607690938576,14.659595664022564],[-61.02962385235049,14.657788440250695],[-61.031480163602126,14.657804165830374]]],"type":"Polygon"},"properties":{"geo_point_2d":{"lon":-61.030543931221885,"lat":14.658699916668256},"idcar_200m":"CRS5490RES200mN1621400E712000","i_est_200":1,"idcar_1km":"CRS5490RES1000mN1621000E712000","i_est_1km":0,"idcar_nat":"CRS5490RES1000mN1621000E712000","groupe":1019666,"pop_carr":4.0,"men_1ind":0.7,"men_5ind":0.0,"men_prop":1.3,"men_fmp":0.4,"ind_snv":89590.4,"men_surf":173.6,"men_coll":0.6,"men_mais":1.3,"log_av45":0.0,"log_45_70":0.2,"log_70_90":0.4,"log_ap_90":1.1,"log_inc":0.2,"log_soc":0.0,"ind_0_3":0.1,"ind_4_5":0.0,"ind_6_10":0.2,"ind_11_17":0.2,"ind_18_24":0.3,"ind_25_39":0.8,"ind_40_54":0.7,"ind_55_64":1.0,"ind_65_79":0.4,"ind_80p":0.3,"ind_inc":0.0,"men_pauv":0.6,"men":1.9,"lcog_geo":"97224","year":"2017","com_arm_code":["97224"],"com_code":["97224"],"com_arm_name":["Saint-Joseph"],"com_name":["Saint-Joseph"],"epci_name":["CA du Centre de la Martinique"],"epci_code":["249720061"],"dep_name":["Martinique"],"dep_code":["972"],"reg_name":["Martinique"],"reg_code":["02"]}},{"type":"Feature","geometry":{"coordinates":[[[-61.005311935717025,14.67746181484965],[-61.0052955520338,14.679269008867925],[-61.00343908941966,14.679253051499593],[-61.003455488326416,14.677445859531215],[-61.005311935717025,14.67746181484965]]],"type":"Polygon"},"properties":{"geo_point_2d":{"lon":-61.004375516527276,"lat":14.678357434924882},"idcar_200m":"CRS5490RES200mN1623600E714800","i_est_200":1,"idcar_1km":"CRS5490RES1000mN1623000E714000","i_est_1km":0,"idcar_nat":"CRS5490RES2000mN1622000E714000","groupe":1019944,"pop_carr":1.0,"men_1ind":0.2,"men_5ind":0.1,"men_prop":0.2,"men_fmp":0.1,"ind_snv":20460.5,"men_surf":31.5,"men_coll":0.0,"men_mais":0.4,"log_av45":0.0,"log_45_70":0.0,"log_70_90":0.1,"log_ap_90":0.2,"log_inc":0.1,"log_soc":0.0,"ind_0_3":0.0,"ind_4_5":0.0,"ind_6_10":0.1,"ind_11_17":0.1,"ind_18_24":0.1,"ind_25_39":0.1,"ind_40_54":0.2,"ind_55_64":0.2,"ind_65_79":0.1,"ind_80p":0.1,"ind_inc":0.0,"men_pauv":0.1,"men":0.4,"lcog_geo":"9722497212","year":"2017","com_arm_code":["97224"],"com_code":["97224"],"com_arm_name":["Saint-Joseph"],"com_name":["Saint-Joseph"],"epci_name":["CA du Centre de la Martinique"],"epci_code":["249720061"],"dep_name":["Martinique"],"dep_code":["972"],"reg_name":["Martinique"],"reg_code":["02"]}},{"type":"Feature","geometry":{"coordinates":[[[-61.044394183228206,14.666950027014892],[-61.044378132446504,14.668757265428301],[-61.04252171451068,14.668741631392676],[-61.04253778050524,14.666934394988994],[-61.044394183228206,14.666950027014892]]],"type":"Polygon"},"properties":{"geo_point_2d":{"lon":-61.04345795282273,"lat":14.667845830943087},"idcar_200m":"CRS5490RES200mN1622400E710600","i_est_200":1,"idcar_1km":"CRS5490RES1000mN1622000E710000","i_est_1km":0,"idcar_nat":"CRS5490RES1000mN1622000E710000","groupe":1019875,"pop_carr":21.0,"men_1ind":4.5,"men_5ind":0.4,"men_prop":7.6,"men_fmp":1.0,"ind_snv":391290.3,"men_surf":858.2,"men_coll":1.6,"men_mais":8.5,"log_av45":0.3,"log_45_70":1.5,"log_70_90":2.5,"log_ap_90":4.8,"log_inc":1.0,"log_soc":0.0,"ind_0_3":0.6,"ind_4_5":0.1,"ind_6_10":1.0,"ind_11_17":1.6,"ind_18_24":1.3,"ind_25_39":2.4,"ind_40_54":5.1,"ind_55_64":2.7,"ind_65_79":3.9,"ind_80p":2.1,"ind_inc":0.2,"men_pauv":2.7,"men":10.1,"lcog_geo":"97224","year":"2017","com_arm_code":["97224"],"com_code":["97224"],"com_arm_name":["Saint-Joseph"],"com_name":["Saint-Joseph"],"epci_name":["CA du Centre de la Martinique"],"epci_code":["249720061"],"dep_name":["Martinique"],"dep_code":["972"],"reg_name":["Martinique"],"reg_code":["02"]}},{"type":"Feature","geometry":{"coordinates":[[[-61.02221484949899,14.655918173974044],[-61.022198629502654,14.657725389933242],[-61.0203423293408,14.657709590354596],[-61.02035856453646,14.65590237642778],[-61.02221484949899,14.655918173974044]]],"type":"Polygon"},"properties":{"geo_point_2d":{"lon":-61.02127859337153,"lat":14.65681388390831},"idcar_200m":"CRS5490RES200mN1621200E713000","i_est_200":1,"idcar_1km":"CRS5490RES1000mN1621000E713000","i_est_1km":0,"idcar_nat":"CRS5490RES1000mN1621000E713000","groupe":1019681,"pop_carr":21.0,"men_1ind":2.0,"men_5ind":1.0,"men_prop":5.3,"men_fmp":1.5,"ind_snv":500961.4,"men_surf":835.0,"men_coll":1.8,"men_mais":6.2,"log_av45":0.2,"log_45_70":0.3,"log_70_90":1.9,"log_ap_90":4.6,"log_inc":1.0,"log_soc":0.0,"ind_0_3":0.8,"ind_4_5":0.5,"ind_6_10":1.4,"ind_11_17":2.4,"ind_18_24":1.3,"ind_25_39":3.4,"ind_40_54":4.5,"ind_55_64":2.9,"ind_65_79":3.1,"ind_80p":0.6,"ind_inc":0.1,"men_pauv":2.3,"men":8.0,"lcog_geo":"97224","year":"2017","com_arm_code":["97224"],"com_code":["97224"],"com_arm_name":["Saint-Joseph"],"com_name":["Saint-Joseph"],"epci_name":["CA du Centre de la Martinique"],"epci_code":["249720061"],"dep_name":["Martinique"],"dep_code":["972"],"reg_name":["Martinique"],"reg_code":["02"]}},{"type":"Feature","geometry":{"coordinates":[[[-61.04056876528944,14.679569382641926],[-61.04055266866759,14.681376614948487],[-61.03869614858622,14.681360937193434],[-61.03871226043532,14.679553706900627],[-61.04056876528944,14.679569382641926]]],"type":"Polygon"},"properties":{"geo_point_2d":{"lon":-61.03963246089498,"lat":14.680465161659097},"idcar_200m":"CRS5490RES200mN1623800E711000","i_est_200":0,"idcar_1km":"CRS5490RES1000mN1623000E711000","i_est_1km":0,"idcar_nat":"CRS5490RES1000mN1623000E711000","groupe":1019887,"pop_carr":38.0,"men_1ind":1.0,"men_5ind":1.0,"men_prop":10.0,"men_fmp":3.0,"ind_snv":737998.8,"men_surf":1155.0,"men_coll":2.0,"men_mais":10.0,"log_av45":1.0,"log_45_70":1.0,"log_70_90":4.0,"log_ap_90":6.0,"log_inc":0.0,"log_soc":0.0,"ind_0_3":1.0,"ind_4_5":1.0,"ind_6_10":2.0,"ind_11_17":7.0,"ind_18_24":3.0,"ind_25_39":2.0,"ind_40_54":8.0,"ind_55_64":5.0,"ind_65_79":7.0,"ind_80p":2.0,"ind_inc":0.0,"men_pauv":2.0,"men":12.0,"lcog_geo":"97224","year":"2017","com_arm_code":["97224"],"com_code":["97224"],"com_arm_name":["Saint-Joseph"],"com_name":["Saint-Joseph"],"epci_name":["CA du Centre de la Martinique"],"epci_code":["249720061"],"dep_name":["Martinique"],"dep_code":["972"],"reg_name":["Martinique"],"reg_code":["02"]}},{"type":"Feature","geometry":{"coordinates":[[[-61.046122242117896,14.681423559262196],[-61.0461061889822,14.683230797300647],[-61.04424964707021,14.683215162013319],[-61.04426571543552,14.681407925982944],[-61.046122242117896,14.681423559262196]]],"type":"Polygon"},"properties":{"geo_point_2d":{"lon":-61.04518594855137,"lat":14.682319362377921},"idcar_200m":"CRS5490RES200mN1624000E710400","i_est_200":1,"idcar_1km":"CRS5490RES1000mN1624000E710000","i_est_1km":0,"idcar_nat":"CRS5490RES8000mN1624000E704000","groupe":1020072,"pop_carr":10.0,"men_1ind":1.3,"men_5ind":0.2,"men_prop":2.8,"men_fmp":0.7,"ind_snv":204116.3,"men_surf":324.8,"men_coll":0.4,"men_mais":3.8,"log_av45":0.1,"log_45_70":0.8,"log_70_90":0.6,"log_ap_90":2.5,"log_inc":0.2,"log_soc":0.0,"ind_0_3":0.4,"ind_4_5":0.1,"ind_6_10":0.4,"ind_11_17":0.9,"ind_18_24":0.5,"ind_25_39":0.8,"ind_40_54":2.5,"ind_55_64":1.5,"ind_65_79":1.9,"ind_80p":0.9,"ind_inc":0.1,"men_pauv":1.5,"men":4.2,"lcog_geo":"97224","year":"2017","com_arm_code":["97224"],"com_code":["97224"],"com_arm_name":["Saint-Joseph"],"com_name":["Saint-Joseph"],"epci_name":["CA du Centre de la Martinique"],"epci_code":["249720061"],"dep_name":["Martinique"],"dep_code":["972"],"reg_name":["Martinique"],"reg_code":["02"]}},{"type":"Feature","geometry":{"coordinates":[[[-61.014806001564686,14.65404768688711],[-61.0147897230019,14.655854895003396],[-61.012933446948324,14.65583903826702],[-61.01294974070801,14.65403183219069],[-61.014806001564686,14.65404768688711]]],"type":"Polygon"},"properties":{"geo_point_2d":{"lon":-61.0138697282081,"lat":14.654943364322783},"idcar_200m":"CRS5490RES200mN1621000E713800","i_est_200":0,"idcar_1km":"CRS5490RES1000mN1621000E713000","i_est_1km":0,"idcar_nat":"CRS5490RES1000mN1621000E713000","groupe":1019682,"pop_carr":28.0,"men_1ind":4.0,"men_5ind":0.0,"men_prop":11.0,"men_fmp":0.0,"ind_snv":789505.8,"men_surf":1195.0,"men_coll":3.0,"men_mais":9.0,"log_av45":0.0,"log_45_70":0.0,"log_70_90":10.0,"log_ap_90":2.0,"log_inc":0.0,"log_soc":0.0,"ind_0_3":0.0,"ind_4_5":1.0,"ind_6_10":2.0,"ind_11_17":2.0,"ind_18_24":1.0,"ind_25_39":4.0,"ind_40_54":7.0,"ind_55_64":1.0,"ind_65_79":10.0,"ind_80p":0.0,"ind_inc":0.0,"men_pauv":0.0,"men":12.0,"lcog_geo":"97224","year":"2017","com_arm_code":["97224"],"com_code":["97224"],"com_arm_name":["Saint-Joseph"],"com_name":["Saint-Joseph"],"epci_name":["CA du Centre de la Martinique"],"epci_code":["249720061"],"dep_name":["Martinique"],"dep_code":["972"],"reg_name":["Martinique"],"reg_code":["02"]}},{"type":"Feature","geometry":{"coordinates":[[[-61.025781639857826,14.672214694111103],[-61.02576543029572,14.674021911447245],[-61.02390898880244,14.674006123209354],[-61.0239252135828,14.67219890790208],[-61.025781639857826,14.672214694111103]]],"type":"Polygon"},"properties":{"geo_point_2d":{"lon":-61.02484531828619,"lat":14.673110410404776},"idcar_200m":"CRS5490RES200mN1623000E712600","i_est_200":1,"idcar_1km":"CRS5490RES1000mN1623000E712000","i_est_1km":0,"idcar_nat":"CRS5490RES1000mN1623000E712000","groupe":1019915,"pop_carr":6.0,"men_1ind":0.8,"men_5ind":0.1,"men_prop":1.8,"men_fmp":0.3,"ind_snv":154501.1,"men_surf":279.6,"men_coll":1.1,"men_mais":1.6,"log_av45":0.0,"log_45_70":0.1,"log_70_90":0.5,"log_ap_90":1.8,"log_inc":0.3,"log_soc":0.0,"ind_0_3":0.2,"ind_4_5":0.1,"ind_6_10":0.3,"ind_11_17":0.3,"ind_18_24":0.4,"ind_25_39":0.9,"ind_40_54":0.9,"ind_55_64":1.3,"ind_65_79":1.4,"ind_80p":0.2,"ind_inc":0.0,"men_pauv":0.7,"men":2.7,"lcog_geo":"97224","year":"2017","com_arm_code":["97224"],"com_code":["97224"],"com_arm_name":["Saint-Joseph"],"com_name":["Saint-Joseph"],"epci_name":["CA du Centre de la Martinique"],"epci_code":["249720061"],"dep_name":["Martinique"],"dep_code":["972"],"reg_name":["Martinique"],"reg_code":["02"]}},{"type":"Feature","geometry":{"coordinates":[[[-60.99790260195301,14.6755907185517],[-60.9978861596263,14.677397904657695],[-60.99602972122377,14.677381890060715],[-60.996046178771586,14.675574706012199],[-60.99790260195301,14.6755907185517]]],"type":"Polygon"},"properties":{"geo_point_2d":{"lon":-60.99696616554728,"lat":14.6764863060582},"idcar_200m":"CRS5490RES200mN1623400E715600","i_est_200":1,"idcar_1km":"CRS5490RES1000mN1623000E715000","i_est_1km":0,"idcar_nat":"CRS5490RES2000mN1622000E714000","groupe":1019940,"pop_carr":5.0,"men_1ind":0.6,"men_5ind":0.2,"men_prop":1.8,"men_fmp":0.3,"ind_snv":94819.2,"men_surf":197.3,"men_coll":0.0,"men_mais":2.1,"log_av45":0.1,"log_45_70":0.3,"log_70_90":0.5,"log_ap_90":1.1,"log_inc":0.1,"log_soc":0.0,"ind_0_3":0.0,"ind_4_5":0.1,"ind_6_10":0.4,"ind_11_17":0.4,"ind_18_24":0.1,"ind_25_39":0.3,"ind_40_54":1.5,"ind_55_64":0.9,"ind_65_79":0.9,"ind_80p":0.4,"ind_inc":0.0,"men_pauv":0.5,"men":2.1,"lcog_geo":"9722497212","year":"2017","com_arm_code":["97224"],"com_code":["97224"],"com_arm_name":["Saint-Joseph"],"com_name":["Saint-Joseph"],"epci_name":["CA du Centre de la Martinique"],"epci_code":["249720061"],"dep_name":["Martinique"],"dep_code":["972"],"reg_name":["Martinique"],"reg_code":["02"]}},{"type":"Feature","geometry":{"coordinates":[[[-61.033271939774316,14.665048786086162],[-61.033255799926806,14.666856012710582],[-61.03139941043296,14.666840291825668],[-61.03141556549073,14.665033067222382],[-61.033271939774316,14.665048786086162]]],"type":"Polygon"},"properties":{"geo_point_2d":{"lon":-61.03233567905714,"lat":14.665944540697899},"idcar_200m":"CRS5490RES200mN1622200E711800","i_est_200":1,"idcar_1km":"CRS5490RES1000mN1622000E711000","i_est_1km":0,"idcar_nat":"CRS5490RES1000mN1622000E711000","groupe":1019897,"pop_carr":17.0,"men_1ind":3.2,"men_5ind":0.9,"men_prop":5.1,"men_fmp":1.2,"ind_snv":416404.4,"men_surf":687.4,"men_coll":3.0,"men_mais":4.3,"log_av45":0.2,"log_45_70":0.9,"log_70_90":0.7,"log_ap_90":4.5,"log_inc":1.0,"log_soc":0.0,"ind_0_3":0.7,"ind_4_5":0.4,"ind_6_10":1.5,"ind_11_17":1.2,"ind_18_24":1.3,"ind_25_39":2.6,"ind_40_54":3.1,"ind_55_64":2.7,"ind_65_79":2.8,"ind_80p":0.7,"ind_inc":0.0,"men_pauv":1.8,"men":7.3,"lcog_geo":"97224","year":"2017","com_arm_code":["97224"],"com_code":["97224"],"com_arm_name":["Saint-Joseph"],"com_name":["Saint-Joseph"],"epci_name":["CA du Centre de la Martinique"],"epci_code":["249720061"],"dep_name":["Martinique"],"dep_code":["972"],"reg_name":["Martinique"],"reg_code":["02"]}},{"type":"Feature","geometry":{"coordinates":[[[-61.02024487145559,14.668552867656894],[-61.0202286206887,14.670360079497197],[-61.01837221629802,14.670344250878129],[-61.01838848227872,14.668537041072325],[-61.02024487145559,14.668552867656894]]],"type":"Polygon"},"properties":{"geo_point_2d":{"lon":-61.01930854783219,"lat":14.669448561013144},"idcar_200m":"CRS5490RES200mN1622600E713200","i_est_200":1,"idcar_1km":"CRS5490RES1000mN1622000E713000","i_est_1km":0,"idcar_nat":"CRS5490RES1000mN1622000E713000","groupe":1019908,"pop_carr":21.0,"men_1ind":3.5,"men_5ind":0.5,"men_prop":7.2,"men_fmp":1.2,"ind_snv":478567.3,"men_surf":920.2,"men_coll":3.0,"men_mais":6.7,"log_av45":0.2,"log_45_70":1.6,"log_70_90":3.0,"log_ap_90":4.6,"log_inc":0.3,"log_soc":0.0,"ind_0_3":0.9,"ind_4_5":0.2,"ind_6_10":0.9,"ind_11_17":1.1,"ind_18_24":1.2,"ind_25_39":1.2,"ind_40_54":4.9,"ind_55_64":2.5,"ind_65_79":5.6,"ind_80p":2.5,"ind_inc":0.0,"men_pauv":2.6,"men":9.7,"lcog_geo":"97224","year":"2017","com_arm_code":["97224"],"com_code":["97224"],"com_arm_name":["Saint-Joseph"],"com_name":["Saint-Joseph"],"epci_name":["CA du Centre de la Martinique"],"epci_code":["249720061"],"dep_name":["Martinique"],"dep_code":["972"],"reg_name":["Martinique"],"reg_code":["02"]}},{"type":"Feature","geometry":{"coordinates":[[[-61.04245742853422,14.675970574029135],[-61.042441351540134,14.677777808943508],[-61.04058485970896,14.677762150037323],[-61.04060095192622,14.675954917134739],[-61.04245742853422,14.675970574029135]]],"type":"Polygon"},"properties":{"geo_point_2d":{"lon":-61.04152114807759,"lat":14.676866363773838},"idcar_200m":"CRS5490RES200mN1623400E710800","i_est_200":1,"idcar_1km":"CRS5490RES1000mN1623000E710000","i_est_1km":0,"idcar_nat":"CRS5490RES1000mN1623000E710000","groupe":1019867,"pop_carr":11.0,"men_1ind":2.2,"men_5ind":0.3,"men_prop":4.0,"men_fmp":0.7,"ind_snv":251220.7,"men_surf":490.9,"men_coll":0.6,"men_mais":4.6,"log_av45":0.2,"log_45_70":0.6,"log_70_90":1.4,"log_ap_90":2.7,"log_inc":0.3,"log_soc":0.0,"ind_0_3":0.1,"ind_4_5":0.2,"ind_6_10":0.6,"ind_11_17":0.9,"ind_18_24":0.4,"ind_25_39":1.2,"ind_40_54":2.3,"ind_55_64":2.6,"ind_65_79":1.9,"ind_80p":0.8,"ind_inc":0.0,"men_pauv":1.7,"men":5.2,"lcog_geo":"97224","year":"2017","com_arm_code":["97224"],"com_code":["97224"],"com_arm_name":["Saint-Joseph"],"com_name":["Saint-Joseph"],"epci_name":["CA du Centre de la Martinique"],"epci_code":["249720061"],"dep_name":["Martinique"],"dep_code":["972"],"reg_name":["Martinique"],"reg_code":["02"]}},{"type":"Feature","geometry":{"coordinates":[[[-61.02752466139241,14.684880994784427],[-61.02750845153028,14.686688212059753],[-61.02565190123164,14.686672424449215],[-61.025668126326686,14.684865209201064],[-61.02752466139241,14.684880994784427]]],"type":"Polygon"},"properties":{"geo_point_2d":{"lon":-61.02658828527159,"lat":14.685776711362058},"idcar_200m":"CRS5490RES200mN1624400E712400","i_est_200":0,"idcar_1km":"CRS5490RES1000mN1624000E712000","i_est_1km":0,"idcar_nat":"CRS5490RES1000mN1624000E712000","groupe":1020085,"pop_carr":78.0,"men_1ind":14.0,"men_5ind":4.0,"men_prop":21.0,"men_fmp":7.0,"ind_snv":1355989.1,"men_surf":3044.7,"men_coll":11.0,"men_mais":23.0,"log_av45":0.0,"log_45_70":2.0,"log_70_90":3.0,"log_ap_90":12.0,"log_inc":17.0,"log_soc":0.0,"ind_0_3":0.0,"ind_4_5":0.0,"ind_6_10":7.0,"ind_11_17":7.0,"ind_18_24":5.0,"ind_25_39":5.0,"ind_40_54":17.0,"ind_55_64":16.0,"ind_65_79":12.0,"ind_80p":9.0,"ind_inc":0.0,"men_pauv":14.0,"men":34.0,"lcog_geo":"97224","year":"2017","com_arm_code":["97224"],"com_code":["97224"],"com_arm_name":["Saint-Joseph"],"com_name":["Saint-Joseph"],"epci_name":["CA du Centre de la Martinique"],"epci_code":["249720061"],"dep_name":["Martinique"],"dep_code":["972"],"reg_name":["Martinique"],"reg_code":["02"]}},{"type":"Feature","geometry":{"coordinates":[[[-61.059086095036704,14.6851470808861],[-61.05907014414719,14.686954332332169],[-61.05721355643854,14.68693879684824],[-61.05722952256242,14.685131547396983],[-61.059086095036704,14.6851470808861]]],"type":"Polygon"},"properties":{"geo_point_2d":{"lon":-61.05814982969514,"lat":14.686042940604347},"idcar_200m":"CRS5490RES200mN1624400E709000","i_est_200":1,"idcar_1km":"CRS5490RES1000mN1624000E709000","i_est_1km":0,"idcar_nat":"CRS5490RES8000mN1624000E704000","groupe":1020062,"pop_carr":7.0,"men_1ind":0.6,"men_5ind":0.3,"men_prop":1.5,"men_fmp":0.4,"ind_snv":118644.3,"men_surf":171.0,"men_coll":0.0,"men_mais":2.4,"log_av45":0.5,"log_45_70":0.7,"log_70_90":0.1,"log_ap_90":1.0,"log_inc":0.1,"log_soc":0.0,"ind_0_3":0.5,"ind_4_5":0.1,"ind_6_10":0.5,"ind_11_17":0.4,"ind_18_24":0.5,"ind_25_39":0.6,"ind_40_54":1.3,"ind_55_64":1.8,"ind_65_79":0.8,"ind_80p":0.5,"ind_inc":0.0,"men_pauv":1.0,"men":2.4,"lcog_geo":"97224","year":"2017","com_arm_code":["97224"],"com_code":["97224"],"com_arm_name":["Saint-Joseph"],"com_name":["Saint-Joseph"],"epci_name":["CA du Centre de la Martinique"],"epci_code":["249720061"],"dep_name":["Martinique"],"dep_code":["972"],"reg_name":["Martinique"],"reg_code":["02"]}},{"type":"Feature","geometry":{"coordinates":[[[-61.04255384430017,14.665127158287552],[-61.04253778050524,14.666934394988994],[-61.04068137998193,14.666918748153062],[-61.04069745898754,14.665111513463216],[-61.04255384430017,14.665127158287552]]],"type":"Polygon"},"properties":{"geo_point_2d":{"lon":-61.04161761609395,"lat":14.666022954959917},"idcar_200m":"CRS5490RES200mN1622200E710800","i_est_200":1,"idcar_1km":"CRS5490RES1000mN1622000E710000","i_est_1km":0,"idcar_nat":"CRS5490RES1000mN1622000E710000","groupe":1019875,"pop_carr":4.0,"men_1ind":0.9,"men_5ind":0.1,"men_prop":1.4,"men_fmp":0.2,"ind_snv":74531.5,"men_surf":163.5,"men_coll":0.3,"men_mais":1.6,"log_av45":0.0,"log_45_70":0.3,"log_70_90":0.5,"log_ap_90":0.9,"log_inc":0.2,"log_soc":0.0,"ind_0_3":0.1,"ind_4_5":0.0,"ind_6_10":0.2,"ind_11_17":0.3,"ind_18_24":0.3,"ind_25_39":0.5,"ind_40_54":1.0,"ind_55_64":0.5,"ind_65_79":0.7,"ind_80p":0.4,"ind_inc":0.0,"men_pauv":0.5,"men":1.9,"lcog_geo":"97224","year":"2017","com_arm_code":["97224"],"com_code":["97224"],"com_arm_name":["Saint-Joseph"],"com_name":["Saint-Joseph"],"epci_name":["CA du Centre de la Martinique"],"epci_code":["249720061"],"dep_name":["Martinique"],"dep_code":["972"],"reg_name":["Martinique"],"reg_code":["02"]}},{"type":"Feature","geometry":{"coordinates":[[[-61.01829085298941,14.679380295432788],[-61.018274573646075,14.681187503448617],[-61.01641808015613,14.681171647797607],[-61.016434374725705,14.67936444181839],[-61.01829085298941,14.679380295432788]]],"type":"Polygon"},"properties":{"geo_point_2d":{"lon":-61.017354470531394,"lat":14.68027597336231},"idcar_200m":"CRS5490RES200mN1623800E713400","i_est_200":1,"idcar_1km":"CRS5490RES1000mN1623000E713000","i_est_1km":0,"idcar_nat":"CRS5490RES1000mN1623000E713000","groupe":1019931,"pop_carr":2.0,"men_1ind":0.3,"men_5ind":0.0,"men_prop":0.6,"men_fmp":0.1,"ind_snv":47668.9,"men_surf":78.5,"men_coll":0.2,"men_mais":0.7,"log_av45":0.0,"log_45_70":0.1,"log_70_90":0.0,"log_ap_90":0.7,"log_inc":0.1,"log_soc":0.0,"ind_0_3":0.1,"ind_4_5":0.0,"ind_6_10":0.1,"ind_11_17":0.1,"ind_18_24":0.1,"ind_25_39":0.2,"ind_40_54":0.6,"ind_55_64":0.5,"ind_65_79":0.2,"ind_80p":0.1,"ind_inc":0.0,"men_pauv":0.1,"men":0.9,"lcog_geo":"97224","year":"2017","com_arm_code":["97224"],"com_code":["97224"],"com_arm_name":["Saint-Joseph"],"com_name":["Saint-Joseph"],"epci_name":["CA du Centre de la Martinique"],"epci_code":["249720061"],"dep_name":["Martinique"],"dep_code":["972"],"reg_name":["Martinique"],"reg_code":["02"]}},{"type":"Feature","geometry":{"coordinates":[[[-61.04265018088186,14.654283731827869],[-61.04263413028304,14.65609097031515],[-61.04077782099264,14.656075335548326],[-61.04079388678966,14.65426809907246],[-61.04265018088186,14.654283731827869]]],"type":"Polygon"},"properties":{"geo_point_2d":{"lon":-61.041714004887034,"lat":14.65517953542671},"idcar_200m":"CRS5490RES200mN1621000E710800","i_est_200":1,"idcar_1km":"CRS5490RES1000mN1621000E710000","i_est_1km":0,"idcar_nat":"CRS5490RES1000mN1621000E710000","groupe":1019634,"pop_carr":8.0,"men_1ind":1.5,"men_5ind":0.1,"men_prop":2.8,"men_fmp":0.4,"ind_snv":224468.3,"men_surf":393.4,"men_coll":1.1,"men_mais":2.8,"log_av45":0.0,"log_45_70":0.5,"log_70_90":1.0,"log_ap_90":2.2,"log_inc":0.2,"log_soc":0.0,"ind_0_3":0.2,"ind_4_5":0.2,"ind_6_10":0.2,"ind_11_17":0.8,"ind_18_24":0.3,"ind_25_39":0.9,"ind_40_54":1.0,"ind_55_64":1.9,"ind_65_79":1.7,"ind_80p":0.8,"ind_inc":0.0,"men_pauv":0.8,"men":3.9,"lcog_geo":"97224","year":"2017","com_arm_code":["97224"],"com_code":["97224"],"com_arm_name":["Saint-Joseph"],"com_name":["Saint-Joseph"],"epci_name":["CA du Centre de la Martinique"],"epci_code":["249720061"],"dep_name":["Martinique"],"dep_code":["972"],"reg_name":["Martinique"],"reg_code":["02"]}},{"type":"Feature","geometry":{"coordinates":[[[-61.02008226366006,14.68662497263638],[-61.020065990641214,14.688432181493058],[-61.01820943399777,14.688416332527149],[-61.01822572225126,14.686609125705301],[-61.02008226366006,14.68662497263638]]],"type":"Polygon"},"properties":{"geo_point_2d":{"lon":-61.019145852789485,"lat":14.687520654329067},"idcar_200m":"CRS5490RES200mN1624600E713200","i_est_200":1,"idcar_1km":"CRS5490RES1000mN1624000E713000","i_est_1km":0,"idcar_nat":"CRS5490RES1000mN1624000E713000","groupe":1020086,"pop_carr":2.0,"men_1ind":0.4,"men_5ind":0.1,"men_prop":0.5,"men_fmp":0.1,"ind_snv":42371.3,"men_surf":77.9,"men_coll":0.2,"men_mais":0.7,"log_av45":0.1,"log_45_70":0.2,"log_70_90":0.2,"log_ap_90":0.4,"log_inc":0.0,"log_soc":0.0,"ind_0_3":0.0,"ind_4_5":0.0,"ind_6_10":0.0,"ind_11_17":0.3,"ind_18_24":0.2,"ind_25_39":0.1,"ind_40_54":0.5,"ind_55_64":0.4,"ind_65_79":0.3,"ind_80p":0.2,"ind_inc":0.0,"men_pauv":0.2,"men":0.9,"lcog_geo":"9722497212","year":"2017","com_arm_code":["97224"],"com_code":["97224"],"com_arm_name":["Saint-Joseph"],"com_name":["Saint-Joseph"],"epci_name":["CA du Centre de la Martinique"],"epci_code":["249720061"],"dep_name":["Martinique"],"dep_code":["972"],"reg_name":["Martinique"],"reg_code":["02"]}},{"type":"Feature","geometry":{"coordinates":[[[-61.03708130521071,14.654236789171831],[-61.037065209017555,14.656044021619167],[-61.03520890633705,14.65602834245699],[-61.03522501772815,14.654221112026768],[-61.03708130521071,14.654236789171831]]],"type":"Polygon"},"properties":{"geo_point_2d":{"lon":-61.03614510972402,"lat":14.65513256755444},"idcar_200m":"CRS5490RES200mN1621000E711400","i_est_200":1,"idcar_1km":"CRS5490RES1000mN1621000E711000","i_est_1km":0,"idcar_nat":"CRS5490RES1000mN1621000E711000","groupe":1019642,"pop_carr":14.0,"men_1ind":2.6,"men_5ind":0.4,"men_prop":4.0,"men_fmp":0.6,"ind_snv":316412.3,"men_surf":577.1,"men_coll":1.6,"men_mais":4.6,"log_av45":0.0,"log_45_70":0.5,"log_70_90":1.1,"log_ap_90":4.1,"log_inc":0.5,"log_soc":0.0,"ind_0_3":0.4,"ind_4_5":0.1,"ind_6_10":0.7,"ind_11_17":1.3,"ind_18_24":1.0,"ind_25_39":1.1,"ind_40_54":3.2,"ind_55_64":2.6,"ind_65_79":3.0,"ind_80p":0.5,"ind_inc":0.1,"men_pauv":1.9,"men":6.2,"lcog_geo":"97224","year":"2017","com_arm_code":["97224"],"com_code":["97224"],"com_arm_name":["Saint-Joseph"],"com_name":["Saint-Joseph"],"epci_name":["CA du Centre de la Martinique"],"epci_code":["249720061"],"dep_name":["Martinique"],"dep_code":["972"],"reg_name":["Martinique"],"reg_code":["02"]}},{"type":"Feature","geometry":{"coordinates":[[[-61.035079935732355,14.670486175179414],[-61.035063804471,14.672293402929272],[-61.03320736712358,14.672277690796168],[-61.03322351360152,14.670470465065618],[-61.035079935732355,14.670486175179414]]],"type":"Polygon"},"properties":{"geo_point_2d":{"lon":-61.03414365538289,"lat":14.6713819347298},"idcar_200m":"CRS5490RES200mN1622800E711600","i_est_200":1,"idcar_1km":"CRS5490RES1000mN1622000E711000","i_est_1km":0,"idcar_nat":"CRS5490RES1000mN1622000E711000","groupe":1019897,"pop_carr":21.0,"men_1ind":4.0,"men_5ind":1.1,"men_prop":6.3,"men_fmp":1.5,"ind_snv":514381.9,"men_surf":849.1,"men_coll":3.6,"men_mais":5.4,"log_av45":0.2,"log_45_70":1.1,"log_70_90":0.8,"log_ap_90":5.6,"log_inc":1.3,"log_soc":0.0,"ind_0_3":0.9,"ind_4_5":0.5,"ind_6_10":1.8,"ind_11_17":1.5,"ind_18_24":1.6,"ind_25_39":3.2,"ind_40_54":3.9,"ind_55_64":3.3,"ind_65_79":3.4,"ind_80p":0.9,"ind_inc":0.0,"men_pauv":2.2,"men":9.0,"lcog_geo":"97224","year":"2017","com_arm_code":["97224"],"com_code":["97224"],"com_arm_name":["Saint-Joseph"],"com_name":["Saint-Joseph"],"epci_name":["CA du Centre de la Martinique"],"epci_code":["249720061"],"dep_name":["Martinique"],"dep_code":["972"],"reg_name":["Martinique"],"reg_code":["02"]}},{"type":"Feature","geometry":{"coordinates":[[[-61.01089762710792,14.675702391430523],[-61.01088129133141,14.677509591885565],[-61.009024837221595,14.677493681026904],[-61.00904118821984,14.675686482616008],[-61.01089762710792,14.675702391430523]]],"type":"Polygon"},"properties":{"geo_point_2d":{"lon":-61.00996123612283,"lat":14.676598037977385},"idcar_200m":"CRS5490RES200mN1623400E714200","i_est_200":0,"idcar_1km":"CRS5490RES1000mN1623000E714000","i_est_1km":0,"idcar_nat":"CRS5490RES2000mN1622000E714000","groupe":1019946,"pop_carr":28.0,"men_1ind":7.0,"men_5ind":1.0,"men_prop":13.0,"men_fmp":3.0,"ind_snv":601421.4,"men_surf":1241.7,"men_coll":0.0,"men_mais":14.0,"log_av45":0.0,"log_45_70":1.0,"log_70_90":2.0,"log_ap_90":8.0,"log_inc":3.0,"log_soc":0.0,"ind_0_3":0.0,"ind_4_5":0.0,"ind_6_10":2.0,"ind_11_17":3.0,"ind_18_24":2.0,"ind_25_39":2.0,"ind_40_54":5.0,"ind_55_64":5.0,"ind_65_79":7.0,"ind_80p":2.0,"ind_inc":0.0,"men_pauv":4.0,"men":14.0,"lcog_geo":"97224","year":"2017","com_arm_code":["97224"],"com_code":["97224"],"com_arm_name":["Saint-Joseph"],"com_name":["Saint-Joseph"],"epci_name":["CA du Centre de la Martinique"],"epci_code":["249720061"],"dep_name":["Martinique"],"dep_code":["972"],"reg_name":["Martinique"],"reg_code":["02"]}},{"type":"Feature","geometry":{"coordinates":[[[-61.05353237857181,14.68329319017585],[-61.05351638416746,14.685100435929687],[-61.05165981825093,14.685084857951667],[-61.051675827887316,14.683277614198326],[-61.05353237857181,14.68329319017585]]],"type":"Polygon"},"properties":{"geo_point_2d":{"lon":-61.05259610236873,"lat":14.684189025802192},"idcar_200m":"CRS5490RES200mN1624200E709600","i_est_200":1,"idcar_1km":"CRS5490RES1000mN1624000E709000","i_est_1km":0,"idcar_nat":"CRS5490RES8000mN1624000E704000","groupe":1020062,"pop_carr":4.0,"men_1ind":0.4,"men_5ind":0.1,"men_prop":0.9,"men_fmp":0.2,"ind_snv":67796.7,"men_surf":97.7,"men_coll":0.0,"men_mais":1.4,"log_av45":0.3,"log_45_70":0.3,"log_70_90":0.1,"log_ap_90":0.6,"log_inc":0.1,"log_soc":0.0,"ind_0_3":0.3,"ind_4_5":0.1,"ind_6_10":0.3,"ind_11_17":0.2,"ind_18_24":0.3,"ind_25_39":0.4,"ind_40_54":0.7,"ind_55_64":1.0,"ind_65_79":0.4,"ind_80p":0.3,"ind_inc":0.0,"men_pauv":0.6,"men":1.4,"lcog_geo":"97224","year":"2017","com_arm_code":["97224"],"com_code":["97224"],"com_arm_name":["Saint-Joseph"],"com_name":["Saint-Joseph"],"epci_name":["CA du Centre de la Martinique"],"epci_code":["249720061"],"dep_name":["Martinique"],"dep_code":["972"],"reg_name":["Martinique"],"reg_code":["02"]}},{"type":"Feature","geometry":{"coordinates":[[[-61.05367622976485,14.667027964991062],[-61.053660255048705,14.668835213424547],[-61.05180382614545,14.668819653449809],[-61.05181981607488,14.667012407016538],[-61.05367622976485,14.667027964991062]]],"type":"Polygon"},"properties":{"geo_point_2d":{"lon":-61.052740031907845,"lat":14.667923810957369},"idcar_200m":"CRS5490RES200mN1622400E709600","i_est_200":1,"idcar_1km":"CRS5490RES1000mN1622000E709000","i_est_1km":0,"idcar_nat":"CRS5490RES1000mN1622000E709000","groupe":1019845,"pop_carr":6.0,"men_1ind":1.1,"men_5ind":0.2,"men_prop":2.0,"men_fmp":0.5,"ind_snv":109251.8,"men_surf":243.9,"men_coll":0.5,"men_mais":2.3,"log_av45":0.1,"log_45_70":0.7,"log_70_90":0.4,"log_ap_90":1.3,"log_inc":0.3,"log_soc":0.0,"ind_0_3":0.1,"ind_4_5":0.0,"ind_6_10":0.1,"ind_11_17":0.4,"ind_18_24":0.4,"ind_25_39":0.4,"ind_40_54":1.3,"ind_55_64":1.3,"ind_65_79":1.4,"ind_80p":0.6,"ind_inc":0.0,"men_pauv":0.9,"men":2.8,"lcog_geo":"97224","year":"2017","com_arm_code":["97224"],"com_code":["97224"],"com_arm_name":["Saint-Joseph"],"com_name":["Saint-Joseph"],"epci_name":["CA du Centre de la Martinique"],"epci_code":["249720061"],"dep_name":["Martinique"],"dep_code":["972"],"reg_name":["Martinique"],"reg_code":["02"]}},{"type":"Feature","geometry":{"coordinates":[[[-61.027686638083786,14.666808805627273],[-61.027670450389444,14.668616025884612],[-61.02581405232618,14.66860025854443],[-61.02583025523261,14.666793040313953],[-61.027686638083786,14.666808805627273]]],"type":"Polygon"},"properties":{"geo_point_2d":{"lon":-61.026750349159364,"lat":14.66770453382942},"idcar_200m":"CRS5490RES200mN1622400E712400","i_est_200":0,"idcar_1km":"CRS5490RES1000mN1622000E712000","i_est_1km":0,"idcar_nat":"CRS5490RES1000mN1622000E712000","groupe":1019927,"pop_carr":55.0,"men_1ind":5.0,"men_5ind":4.0,"men_prop":12.0,"men_fmp":4.0,"ind_snv":1129827.9,"men_surf":1786.0,"men_coll":5.0,"men_mais":14.0,"log_av45":1.0,"log_45_70":2.0,"log_70_90":6.0,"log_ap_90":10.0,"log_inc":0.0,"log_soc":0.0,"ind_0_3":2.0,"ind_4_5":3.0,"ind_6_10":1.0,"ind_11_17":2.0,"ind_18_24":4.0,"ind_25_39":3.0,"ind_40_54":16.0,"ind_55_64":10.0,"ind_65_79":13.0,"ind_80p":1.0,"ind_inc":0.0,"men_pauv":5.0,"men":19.0,"lcog_geo":"97224","year":"2017","com_arm_code":["97224"],"com_code":["97224"],"com_arm_name":["Saint-Joseph"],"com_name":["Saint-Joseph"],"epci_name":["CA du Centre de la Martinique"],"epci_code":["249720061"],"dep_name":["Martinique"],"dep_code":["972"],"reg_name":["Martinique"],"reg_code":["02"]}},{"type":"Feature","geometry":{"coordinates":[[[-61.03709739919858,14.652429556426856],[-61.03708130521071,14.654236789171831],[-61.03522501772815,14.654221112026768],[-61.035241126911885,14.652413881298886],[-61.03709739919858,14.652429556426856]]],"type":"Polygon"},"properties":{"geo_point_2d":{"lon":-61.03616121241299,"lat":14.65332533596668},"idcar_200m":"CRS5490RES200mN1620800E711400","i_est_200":0,"idcar_1km":"CRS5490RES1000mN1620000E711000","i_est_1km":0,"idcar_nat":"CRS5490RES1000mN1620000E711000","groupe":1019653,"pop_carr":41.0,"men_1ind":4.0,"men_5ind":1.0,"men_prop":5.0,"men_fmp":3.0,"ind_snv":637319.4,"men_surf":1334.1,"men_coll":7.0,"men_mais":8.0,"log_av45":1.0,"log_45_70":2.0,"log_70_90":1.0,"log_ap_90":10.0,"log_inc":1.0,"log_soc":0.0,"ind_0_3":2.0,"ind_4_5":2.0,"ind_6_10":1.0,"ind_11_17":2.0,"ind_18_24":3.0,"ind_25_39":6.0,"ind_40_54":10.0,"ind_55_64":9.0,"ind_65_79":4.0,"ind_80p":2.0,"ind_inc":0.0,"men_pauv":6.0,"men":15.0,"lcog_geo":"97224","year":"2017","com_arm_code":["97224"],"com_code":["97224"],"com_arm_name":["Saint-Joseph"],"com_name":["Saint-Joseph"],"epci_name":["CA du Centre de la Martinique"],"epci_code":["249720061"],"dep_name":["Martinique"],"dep_code":["972"],"reg_name":["Martinique"],"reg_code":["02"]}},{"type":"Feature","geometry":{"coordinates":[[[-61.03520890633705,14.65602834245699],[-61.03519279273847,14.657835572589539],[-61.03333647706548,14.657819876610013],[-61.03335260586399,14.65601264849652],[-61.03520890633705,14.65602834245699]]],"type":"Polygon"},"properties":{"geo_point_2d":{"lon":-61.034272695652035,"lat":14.656924111274174},"idcar_200m":"CRS5490RES200mN1621200E711600","i_est_200":1,"idcar_1km":"CRS5490RES1000mN1621000E711000","i_est_1km":0,"idcar_nat":"CRS5490RES1000mN1621000E711000","groupe":1019642,"pop_carr":6.0,"men_1ind":1.1,"men_5ind":0.2,"men_prop":1.7,"men_fmp":0.3,"ind_snv":135605.3,"men_surf":247.3,"men_coll":0.7,"men_mais":2.0,"log_av45":0.0,"log_45_70":0.2,"log_70_90":0.5,"log_ap_90":1.8,"log_inc":0.2,"log_soc":0.0,"ind_0_3":0.2,"ind_4_5":0.1,"ind_6_10":0.3,"ind_11_17":0.5,"ind_18_24":0.4,"ind_25_39":0.5,"ind_40_54":1.4,"ind_55_64":1.1,"ind_65_79":1.3,"ind_80p":0.2,"ind_inc":0.0,"men_pauv":0.8,"men":2.7,"lcog_geo":"97224","year":"2017","com_arm_code":["97224"],"com_code":["97224"],"com_arm_name":["Saint-Joseph"],"com_name":["Saint-Joseph"],"epci_name":["CA du Centre de la Martinique"],"epci_code":["249720061"],"dep_name":["Martinique"],"dep_code":["972"],"reg_name":["Martinique"],"reg_code":["02"]}},{"type":"Feature","geometry":{"coordinates":[[[-61.0276380683515,14.672230465505113],[-61.02762187400773,14.674037684868203],[-61.02576543029572,14.674021911447245],[-61.025781639857826,14.672214694111103],[-61.0276380683515,14.672230465505113]]],"type":"Polygon"},"properties":{"geo_point_2d":{"lon":-61.02670175327954,"lat":14.673126190220248},"idcar_200m":"CRS5490RES200mN1623000E712400","i_est_200":0,"idcar_1km":"CRS5490RES1000mN1623000E712000","i_est_1km":0,"idcar_nat":"CRS5490RES1000mN1623000E712000","groupe":1019917,"pop_carr":38.0,"men_1ind":6.0,"men_5ind":2.0,"men_prop":8.0,"men_fmp":3.0,"ind_snv":434362.9,"men_surf":1560.0,"men_coll":6.0,"men_mais":10.0,"log_av45":0.0,"log_45_70":1.0,"log_70_90":4.0,"log_ap_90":11.0,"log_inc":0.0,"log_soc":0.0,"ind_0_3":2.0,"ind_4_5":2.0,"ind_6_10":2.0,"ind_11_17":4.0,"ind_18_24":3.0,"ind_25_39":3.0,"ind_40_54":9.0,"ind_55_64":2.0,"ind_65_79":10.0,"ind_80p":1.0,"ind_inc":0.0,"men_pauv":10.0,"men":16.0,"lcog_geo":"97224","year":"2017","com_arm_code":["97224"],"com_code":["97224"],"com_arm_name":["Saint-Joseph"],"com_name":["Saint-Joseph"],"epci_name":["CA du Centre de la Martinique"],"epci_code":["249720061"],"dep_name":["Martinique"],"dep_code":["972"],"reg_name":["Martinique"],"reg_code":["02"]}},{"type":"Feature","geometry":{"coordinates":[[[-61.01456158889568,14.681155777322472],[-61.01454527686839,14.682962980964684],[-61.01268877261138,14.682947093625044],[-61.0127050998668,14.681139892023277],[-61.01456158889568,14.681155777322472]]],"type":"Polygon"},"properties":{"geo_point_2d":{"lon":-61.0136251847129,"lat":14.682051437221984},"idcar_200m":"CRS5490RES200mN1624000E713800","i_est_200":1,"idcar_1km":"CRS5490RES1000mN1624000E713000","i_est_1km":0,"idcar_nat":"CRS5490RES1000mN1624000E713000","groupe":1020086,"pop_carr":9.0,"men_1ind":1.8,"men_5ind":0.4,"men_prop":2.2,"men_fmp":0.6,"ind_snv":190670.7,"men_surf":350.5,"men_coll":0.7,"men_mais":3.2,"log_av45":0.3,"log_45_70":1.0,"log_70_90":0.7,"log_ap_90":1.7,"log_inc":0.2,"log_soc":0.0,"ind_0_3":0.1,"ind_4_5":0.1,"ind_6_10":0.1,"ind_11_17":1.2,"ind_18_24":0.9,"ind_25_39":0.6,"ind_40_54":2.3,"ind_55_64":1.8,"ind_65_79":1.1,"ind_80p":0.8,"ind_inc":0.0,"men_pauv":1.1,"men":3.9,"lcog_geo":"97224","year":"2017","com_arm_code":["97224"],"com_code":["97224"],"com_arm_name":["Saint-Joseph"],"com_name":["Saint-Joseph"],"epci_name":["CA du Centre de la Martinique"],"epci_code":["249720061"],"dep_name":["Martinique"],"dep_code":["972"],"reg_name":["Martinique"],"reg_code":["02"]}},{"type":"Feature","geometry":{"coordinates":[[[-61.03333647706548,14.657819876610013],[-61.03332034605735,14.659627104425763],[-61.03146401739207,14.659611391625132],[-61.031480163602126,14.657804165830374],[-61.03333647706548,14.657819876610013]]],"type":"Polygon"},"properties":{"geo_point_2d":{"lon":-61.0324002511802,"lat":14.658715635858888},"idcar_200m":"CRS5490RES200mN1621400E711800","i_est_200":1,"idcar_1km":"CRS5490RES1000mN1621000E711000","i_est_1km":0,"idcar_nat":"CRS5490RES1000mN1621000E711000","groupe":1019642,"pop_carr":1.0,"men_1ind":0.2,"men_5ind":0.0,"men_prop":0.3,"men_fmp":0.0,"ind_snv":22600.9,"men_surf":41.2,"men_coll":0.1,"men_mais":0.3,"log_av45":0.0,"log_45_70":0.0,"log_70_90":0.1,"log_ap_90":0.3,"log_inc":0.0,"log_soc":0.0,"ind_0_3":0.0,"ind_4_5":0.0,"ind_6_10":0.1,"ind_11_17":0.1,"ind_18_24":0.1,"ind_25_39":0.1,"ind_40_54":0.2,"ind_55_64":0.2,"ind_65_79":0.2,"ind_80p":0.0,"ind_inc":0.0,"men_pauv":0.1,"men":0.4,"lcog_geo":"97224","year":"2017","com_arm_code":["97224"],"com_code":["97224"],"com_arm_name":["Saint-Joseph"],"com_name":["Saint-Joseph"],"epci_name":["CA du Centre de la Martinique"],"epci_code":["249720061"],"dep_name":["Martinique"],"dep_code":["972"],"reg_name":["Martinique"],"reg_code":["02"]}},{"type":"Feature","geometry":{"coordinates":[[[-61.051723843656795,14.677855881150986],[-61.05170784059017,14.67966312579795],[-61.04985132255331,14.679647538997555],[-61.049867340845644,14.677840296352889],[-61.051723843656795,14.677855881150986]]],"type":"Polygon"},"properties":{"geo_point_2d":{"lon":-61.050787587060974,"lat":14.678751711812676},"idcar_200m":"CRS5490RES200mN1623600E709800","i_est_200":1,"idcar_1km":"CRS5490RES1000mN1623000E709000","i_est_1km":0,"idcar_nat":"CRS5490RES1000mN1623000E709000","groupe":1019859,"pop_carr":17.0,"men_1ind":2.7,"men_5ind":0.3,"men_prop":5.7,"men_fmp":1.7,"ind_snv":304310.2,"men_surf":706.7,"men_coll":0.5,"men_mais":6.9,"log_av45":0.1,"log_45_70":1.2,"log_70_90":0.9,"log_ap_90":4.8,"log_inc":0.4,"log_soc":0.0,"ind_0_3":0.3,"ind_4_5":0.4,"ind_6_10":1.0,"ind_11_17":1.2,"ind_18_24":1.0,"ind_25_39":1.4,"ind_40_54":4.1,"ind_55_64":3.2,"ind_65_79":3.0,"ind_80p":1.4,"ind_inc":0.0,"men_pauv":3.0,"men":7.4,"lcog_geo":"97224","year":"2017","com_arm_code":["97224"],"com_code":["97224"],"com_arm_name":["Saint-Joseph"],"com_name":["Saint-Joseph"],"epci_name":["CA du Centre de la Martinique"],"epci_code":["249720061"],"dep_name":["Martinique"],"dep_code":["972"],"reg_name":["Martinique"],"reg_code":["02"]}},{"type":"Feature","geometry":{"coordinates":[[[-61.009122909649356,14.666650486084666],[-61.00910656983806,14.668457685987745],[-61.007250194053235,14.668441770539042],[-61.00726654907575,14.666634572681861],[-61.009122909649356,14.666650486084666]]],"type":"Polygon"},"properties":{"geo_point_2d":{"lon":-61.00818655580687,"lat":14.667546130060165},"idcar_200m":"CRS5490RES200mN1622400E714400","i_est_200":1,"idcar_1km":"CRS5490RES1000mN1622000E714000","i_est_1km":1,"idcar_nat":"CRS5490RES2000mN1622000E714000","groupe":398694,"pop_carr":12.0,"men_1ind":1.1,"men_5ind":0.5,"men_prop":3.9,"men_fmp":0.6,"ind_snv":240633.3,"men_surf":456.2,"men_coll":0.3,"men_mais":4.6,"log_av45":0.1,"log_45_70":0.6,"log_70_90":0.5,"log_ap_90":3.2,"log_inc":0.5,"log_soc":0.0,"ind_0_3":0.0,"ind_4_5":0.3,"ind_6_10":0.2,"ind_11_17":2.0,"ind_18_24":0.6,"ind_25_39":0.5,"ind_40_54":3.3,"ind_55_64":2.4,"ind_65_79":1.6,"ind_80p":1.1,"ind_inc":0.0,"men_pauv":1.4,"men":4.9,"lcog_geo":"97224","year":"2017","com_arm_code":["97224"],"com_code":["97224"],"com_arm_name":["Saint-Joseph"],"com_name":["Saint-Joseph"],"epci_name":["CA du Centre de la Martinique"],"epci_code":["249720061"],"dep_name":["Martinique"],"dep_code":["972"],"reg_name":["Martinique"],"reg_code":["02"]}},{"type":"Feature","geometry":{"coordinates":[[[-60.999775452242034,14.67379952781336],[-60.99975902738449,14.675606716273593],[-60.99790260195301,14.6755907185517],[-60.997919042029665,14.673783532147013],[-60.999775452242034,14.67379952781336]]],"type":"Polygon"},"properties":{"geo_point_2d":{"lon":-60.99883903105579,"lat":14.674695124933882},"idcar_200m":"CRS5490RES200mN1623200E715400","i_est_200":0,"idcar_1km":"CRS5490RES1000mN1623000E715000","i_est_1km":0,"idcar_nat":"CRS5490RES2000mN1622000E714000","groupe":1019942,"pop_carr":29.0,"men_1ind":5.0,"men_5ind":1.0,"men_prop":7.0,"men_fmp":2.0,"ind_snv":606189.3,"men_surf":952.0,"men_coll":4.0,"men_mais":9.0,"log_av45":2.0,"log_45_70":3.0,"log_70_90":3.0,"log_ap_90":5.0,"log_inc":0.0,"log_soc":0.0,"ind_0_3":4.0,"ind_4_5":0.0,"ind_6_10":1.0,"ind_11_17":3.0,"ind_18_24":0.0,"ind_25_39":3.0,"ind_40_54":6.0,"ind_55_64":4.0,"ind_65_79":7.0,"ind_80p":1.0,"ind_inc":0.0,"men_pauv":4.0,"men":13.0,"lcog_geo":"97224","year":"2017","com_arm_code":["97224"],"com_code":["97224"],"com_arm_name":["Saint-Joseph"],"com_name":["Saint-Joseph"],"epci_name":["CA du Centre de la Martinique"],"epci_code":["249720061"],"dep_name":["Martinique"],"dep_code":["972"],"reg_name":["Martinique"],"reg_code":["02"]}},{"type":"Feature","geometry":{"coordinates":[[[-61.03139941043296,14.666840291825668],[-61.03138325316305,14.668647516131019],[-61.02952685066909,14.6686317784135],[-61.02954302315126,14.666824556131205],[-61.03139941043296,14.666840291825668]]],"type":"Polygon"},"properties":{"geo_point_2d":{"lon":-61.03046313450517,"lat":14.667736036862209},"idcar_200m":"CRS5490RES200mN1622400E712000","i_est_200":0,"idcar_1km":"CRS5490RES1000mN1622000E712000","i_est_1km":0,"idcar_nat":"CRS5490RES1000mN1622000E712000","groupe":1019924,"pop_carr":25.0,"men_1ind":9.0,"men_5ind":0.0,"men_prop":9.0,"men_fmp":1.0,"ind_snv":517698.6,"men_surf":1383.7,"men_coll":6.0,"men_mais":9.0,"log_av45":0.0,"log_45_70":1.0,"log_70_90":4.0,"log_ap_90":8.0,"log_inc":2.0,"log_soc":0.0,"ind_0_3":0.0,"ind_4_5":0.0,"ind_6_10":1.0,"ind_11_17":0.0,"ind_18_24":2.0,"ind_25_39":1.0,"ind_40_54":5.0,"ind_55_64":6.0,"ind_65_79":9.0,"ind_80p":1.0,"ind_inc":0.0,"men_pauv":3.0,"men":15.0,"lcog_geo":"97224","year":"2017","com_arm_code":["97224"],"com_code":["97224"],"com_arm_name":["Saint-Joseph"],"com_name":["Saint-Joseph"],"epci_name":["CA du Centre de la Martinique"],"epci_code":["249720061"],"dep_name":["Martinique"],"dep_code":["972"],"reg_name":["Martinique"],"reg_code":["02"]}},{"type":"Feature","geometry":{"coordinates":[[[-61.051691835333706,14.681470370147073],[-61.051675827887316,14.683277614198326],[-61.049819279392835,14.683262023393235],[-61.04983530206907,14.681454781344339],[-61.051691835333706,14.681470370147073]]],"type":"Polygon"},"properties":{"geo_point_2d":{"lon":-61.050755561320216,"lat":14.682366198508893},"idcar_200m":"CRS5490RES200mN1624000E709800","i_est_200":0,"idcar_1km":"CRS5490RES1000mN1624000E709000","i_est_1km":0,"idcar_nat":"CRS5490RES8000mN1624000E704000","groupe":1020067,"pop_carr":60.5,"men_1ind":11.0,"men_5ind":2.0,"men_prop":13.0,"men_fmp":7.0,"ind_snv":1055934.1,"men_surf":2231.4,"men_coll":7.0,"men_mais":21.0,"log_av45":0.0,"log_45_70":4.0,"log_70_90":2.0,"log_ap_90":7.0,"log_inc":15.0,"log_soc":0.0,"ind_0_3":3.0,"ind_4_5":1.0,"ind_6_10":2.0,"ind_11_17":6.5,"ind_18_24":6.0,"ind_25_39":6.0,"ind_40_54":18.0,"ind_55_64":10.0,"ind_65_79":7.0,"ind_80p":1.0,"ind_inc":0.0,"men_pauv":8.0,"men":28.0,"lcog_geo":"97224","year":"2017","com_arm_code":["97224"],"com_code":["97224"],"com_arm_name":["Saint-Joseph"],"com_name":["Saint-Joseph"],"epci_name":["CA du Centre de la Martinique"],"epci_code":["249720061"],"dep_name":["Martinique"],"dep_code":["972"],"reg_name":["Martinique"],"reg_code":["02"]}},{"type":"Feature","geometry":{"coordinates":[[[-61.01661346786933,14.659485156357038],[-61.01659719781844,14.66129236561728],[-61.01474087393103,14.661276517563948],[-61.01475715918516,14.65946931034186],[-61.01661346786933,14.659485156357038]]],"type":"Polygon"},"properties":{"geo_point_2d":{"lon":-61.015677174853195,"lat":14.660380838706242},"idcar_200m":"CRS5490RES200mN1621600E713600","i_est_200":1,"idcar_1km":"CRS5490RES1000mN1621000E713000","i_est_1km":0,"idcar_nat":"CRS5490RES1000mN1621000E713000","groupe":1019681,"pop_carr":21.0,"men_1ind":2.0,"men_5ind":1.0,"men_prop":5.3,"men_fmp":1.5,"ind_snv":500961.4,"men_surf":835.0,"men_coll":1.8,"men_mais":6.2,"log_av45":0.2,"log_45_70":0.3,"log_70_90":1.9,"log_ap_90":4.6,"log_inc":1.0,"log_soc":0.0,"ind_0_3":0.8,"ind_4_5":0.5,"ind_6_10":1.4,"ind_11_17":2.4,"ind_18_24":1.3,"ind_25_39":3.4,"ind_40_54":4.5,"ind_55_64":2.9,"ind_65_79":3.1,"ind_80p":0.6,"ind_inc":0.1,"men_pauv":2.3,"men":8.0,"lcog_geo":"97224","year":"2017","com_arm_code":["97224"],"com_code":["97224"],"com_arm_name":["Saint-Joseph"],"com_name":["Saint-Joseph"],"epci_name":["CA du Centre de la Martinique"],"epci_code":["249720061"],"dep_name":["Martinique"],"dep_code":["972"],"reg_name":["Martinique"],"reg_code":["02"]}},{"type":"Feature","geometry":{"coordinates":[[[-61.009024837221595,14.677493681026904],[-61.009008483985724,14.679300879139262],[-61.007152016889854,14.679284951414505],[-61.007168385349445,14.67747775534824],[-61.009024837221595,14.677493681026904]]],"type":"Polygon"},"properties":{"geo_point_2d":{"lon":-61.00808843101443,"lat":14.678389317970021},"idcar_200m":"CRS5490RES200mN1623600E714400","i_est_200":0,"idcar_1km":"CRS5490RES1000mN1623000E714000","i_est_1km":0,"idcar_nat":"CRS5490RES2000mN1622000E714000","groupe":1019945,"pop_carr":36.0,"men_1ind":3.0,"men_5ind":2.0,"men_prop":7.0,"men_fmp":1.0,"ind_snv":626629.5,"men_surf":1004.0,"men_coll":2.0,"men_mais":10.0,"log_av45":0.0,"log_45_70":4.0,"log_70_90":4.0,"log_ap_90":4.0,"log_inc":0.0,"log_soc":0.0,"ind_0_3":2.0,"ind_4_5":1.0,"ind_6_10":1.0,"ind_11_17":2.0,"ind_18_24":2.0,"ind_25_39":5.0,"ind_40_54":7.0,"ind_55_64":6.0,"ind_65_79":7.0,"ind_80p":3.0,"ind_inc":0.0,"men_pauv":3.0,"men":12.0,"lcog_geo":"97224","year":"2017","com_arm_code":["97224"],"com_code":["97224"],"com_arm_name":["Saint-Joseph"],"com_name":["Saint-Joseph"],"epci_name":["CA du Centre de la Martinique"],"epci_code":["249720061"],"dep_name":["Martinique"],"dep_code":["972"],"reg_name":["Martinique"],"reg_code":["02"]}},{"type":"Feature","geometry":{"coordinates":[[[-61.06286290643553,14.677949078677791],[-61.06284699472485,14.67975633529858],[-61.06099046358025,14.679740837441939],[-61.06100639051713,14.677933582812035],[-61.06286290643553,14.677949078677791]]],"type":"Polygon"},"properties":{"geo_point_2d":{"lon":-61.06192668896309,"lat":14.67884495979543},"idcar_200m":"CRS5490RES200mN1623600E708600","i_est_200":1,"idcar_1km":"CRS5490RES1000mN1623000E708000","i_est_1km":0,"idcar_nat":"CRS5490RES1000mN1623000E708000","groupe":1019849,"pop_carr":9.0,"men_1ind":1.5,"men_5ind":0.2,"men_prop":3.1,"men_fmp":0.7,"ind_snv":165793.1,"men_surf":332.6,"men_coll":0.4,"men_mais":3.7,"log_av45":0.0,"log_45_70":0.9,"log_70_90":0.7,"log_ap_90":2.4,"log_inc":0.1,"log_soc":0.0,"ind_0_3":0.1,"ind_4_5":0.0,"ind_6_10":0.1,"ind_11_17":0.7,"ind_18_24":0.4,"ind_25_39":1.0,"ind_40_54":2.2,"ind_55_64":2.3,"ind_65_79":1.5,"ind_80p":0.6,"ind_inc":0.1,"men_pauv":1.4,"men":4.1,"lcog_geo":"97224","year":"2017","com_arm_code":["97224"],"com_code":["97224"],"com_arm_name":["Saint-Joseph"],"com_name":["Saint-Joseph"],"epci_name":["CA du Centre de la Martinique"],"epci_code":["249720061"],"dep_name":["Martinique"],"dep_code":["972"],"reg_name":["Martinique"],"reg_code":["02"]}},{"type":"Feature","geometry":{"coordinates":[[[-61.04810699526474,14.666981246636265],[-61.048090974909,14.668788489063411],[-61.04623455257996,14.668772884651906],[-61.04625058814873,14.666965644230674],[-61.04810699526474,14.666981246636265]]],"type":"Polygon"},"properties":{"geo_point_2d":{"lon":-61.0471707778754,"lat":14.667877067382438},"idcar_200m":"CRS5490RES200mN1622400E710200","i_est_200":1,"idcar_1km":"CRS5490RES1000mN1622000E710000","i_est_1km":0,"idcar_nat":"CRS5490RES1000mN1622000E710000","groupe":1019875,"pop_carr":7.0,"men_1ind":1.5,"men_5ind":0.1,"men_prop":2.5,"men_fmp":0.3,"ind_snv":130430.1,"men_surf":286.1,"men_coll":0.6,"men_mais":2.8,"log_av45":0.1,"log_45_70":0.5,"log_70_90":0.8,"log_ap_90":1.6,"log_inc":0.4,"log_soc":0.0,"ind_0_3":0.2,"ind_4_5":0.1,"ind_6_10":0.3,"ind_11_17":0.5,"ind_18_24":0.4,"ind_25_39":0.8,"ind_40_54":1.7,"ind_55_64":0.9,"ind_65_79":1.3,"ind_80p":0.7,"ind_inc":0.1,"men_pauv":0.9,"men":3.4,"lcog_geo":"97224","year":"2017","com_arm_code":["97224"],"com_code":["97224"],"com_arm_name":["Saint-Joseph"],"com_name":["Saint-Joseph"],"epci_name":["CA du Centre de la Martinique"],"epci_code":["249720061"],"dep_name":["Martinique"],"dep_code":["972"],"reg_name":["Martinique"],"reg_code":["02"]}},{"type":"Feature","geometry":{"coordinates":[[[-61.046218514815635,14.670580124775412],[-61.04620247485564,14.672387364601141],[-61.044346024290036,14.672371741361799],[-61.04436207946714,14.670564503543954],[-61.046218514815635,14.670580124775412]]],"type":"Polygon"},"properties":{"geo_point_2d":{"lon":-61.04528227350704,"lat":14.671475934807766},"idcar_200m":"CRS5490RES200mN1622800E710400","i_est_200":1,"idcar_1km":"CRS5490RES1000mN1622000E710000","i_est_1km":0,"idcar_nat":"CRS5490RES1000mN1622000E710000","groupe":1019875,"pop_carr":13.0,"men_1ind":2.8,"men_5ind":0.3,"men_prop":4.7,"men_fmp":0.6,"ind_snv":242227.3,"men_surf":531.3,"men_coll":1.0,"men_mais":5.3,"log_av45":0.2,"log_45_70":0.9,"log_70_90":1.6,"log_ap_90":3.0,"log_inc":0.6,"log_soc":0.0,"ind_0_3":0.4,"ind_4_5":0.1,"ind_6_10":0.6,"ind_11_17":1.0,"ind_18_24":0.8,"ind_25_39":1.5,"ind_40_54":3.1,"ind_55_64":1.7,"ind_65_79":2.4,"ind_80p":1.3,"ind_inc":0.1,"men_pauv":1.7,"men":6.3,"lcog_geo":"97224","year":"2017","com_arm_code":["97224"],"com_code":["97224"],"com_arm_name":["Saint-Joseph"],"com_name":["Saint-Joseph"],"epci_name":["CA du Centre de la Martinique"],"epci_code":["249720061"],"dep_name":["Martinique"],"dep_code":["972"],"reg_name":["Martinique"],"reg_code":["02"]}},{"type":"Feature","geometry":{"coordinates":[[[-61.0389697502793,14.65063798170257],[-61.0389536736905,14.652445216760269],[-61.03709739919858,14.652429556426856],[-61.03711349098125,14.650622323384315],[-61.0389697502793,14.65063798170257]]],"type":"Polygon"},"properties":{"geo_point_2d":{"lon":-61.03803357868793,"lat":14.65153377080394},"idcar_200m":"CRS5490RES200mN1620600E711200","i_est_200":0,"idcar_1km":"CRS5490RES1000mN1620000E711000","i_est_1km":0,"idcar_nat":"CRS5490RES1000mN1620000E711000","groupe":1019658,"pop_carr":49.0,"men_1ind":12.0,"men_5ind":0.0,"men_prop":19.0,"men_fmp":0.0,"ind_snv":1769797.3,"men_surf":3028.4,"men_coll":7.0,"men_mais":17.0,"log_av45":0.0,"log_45_70":0.0,"log_70_90":1.0,"log_ap_90":22.0,"log_inc":1.0,"log_soc":0.0,"ind_0_3":0.0,"ind_4_5":0.0,"ind_6_10":1.0,"ind_11_17":4.0,"ind_18_24":4.0,"ind_25_39":7.0,"ind_40_54":10.0,"ind_55_64":9.0,"ind_65_79":11.0,"ind_80p":3.0,"ind_inc":0.0,"men_pauv":1.0,"men":24.0,"lcog_geo":"97224","year":"2017","com_arm_code":["97224"],"com_code":["97224"],"com_arm_name":["Saint-Joseph"],"com_name":["Saint-Joseph"],"epci_name":["CA du Centre de la Martinique"],"epci_code":["249720061"],"dep_name":["Martinique"],"dep_code":["972"],"reg_name":["Martinique"],"reg_code":["02"]}},{"type":"Feature","geometry":{"coordinates":[[[-61.035176676932366,14.65964280242437],[-61.035160558918605,14.66145003196145],[-61.033304212839504,14.661434331943722],[-61.03332034605735,14.659627104425763],[-61.035176676932366,14.65964280242437]]],"type":"Polygon"},"properties":{"geo_point_2d":{"lon":-61.03424044883774,"lat":14.660538568925052},"idcar_200m":"CRS5490RES200mN1621600E711600","i_est_200":1,"idcar_1km":"CRS5490RES1000mN1621000E711000","i_est_1km":0,"idcar_nat":"CRS5490RES1000mN1621000E711000","groupe":1019642,"pop_carr":2.0,"men_1ind":0.4,"men_5ind":0.1,"men_prop":0.6,"men_fmp":0.1,"ind_snv":45201.8,"men_surf":82.4,"men_coll":0.2,"men_mais":0.7,"log_av45":0.0,"log_45_70":0.1,"log_70_90":0.1,"log_ap_90":0.6,"log_inc":0.1,"log_soc":0.0,"ind_0_3":0.1,"ind_4_5":0.0,"ind_6_10":0.1,"ind_11_17":0.2,"ind_18_24":0.1,"ind_25_39":0.2,"ind_40_54":0.4,"ind_55_64":0.4,"ind_65_79":0.4,"ind_80p":0.1,"ind_inc":0.0,"men_pauv":0.3,"men":0.9,"lcog_geo":"97224","year":"2017","com_arm_code":["97224"],"com_code":["97224"],"com_arm_name":["Saint-Joseph"],"com_name":["Saint-Joseph"],"epci_name":["CA du Centre de la Martinique"],"epci_code":["249720061"],"dep_name":["Martinique"],"dep_code":["972"],"reg_name":["Martinique"],"reg_code":["02"]}},{"type":"Feature","geometry":{"coordinates":[[[-61.023811593480204,14.684849408789349],[-61.02379535315233,14.686656622008408],[-61.02193880729444,14.68664080473744],[-61.02195506285505,14.684833593549364],[-61.023811593480204,14.684849408789349]]],"type":"Polygon"},"properties":{"geo_point_2d":{"lon":-61.02287520434712,"lat":14.68574510850958},"idcar_200m":"CRS5490RES200mN1624400E712800","i_est_200":1,"idcar_1km":"CRS5490RES1000mN1624000E712000","i_est_1km":0,"idcar_nat":"CRS5490RES1000mN1624000E712000","groupe":1020081,"pop_carr":8.0,"men_1ind":1.1,"men_5ind":0.4,"men_prop":2.4,"men_fmp":0.7,"ind_snv":153651.0,"men_surf":277.7,"men_coll":0.4,"men_mais":3.0,"log_av45":0.1,"log_45_70":0.7,"log_70_90":0.8,"log_ap_90":1.7,"log_inc":0.1,"log_soc":0.0,"ind_0_3":0.1,"ind_4_5":0.2,"ind_6_10":0.2,"ind_11_17":0.8,"ind_18_24":0.5,"ind_25_39":1.0,"ind_40_54":1.5,"ind_55_64":1.8,"ind_65_79":1.3,"ind_80p":0.6,"ind_inc":0.0,"men_pauv":1.2,"men":3.4,"lcog_geo":"97224","year":"2017","com_arm_code":["97224"],"com_code":["97224"],"com_arm_name":["Saint-Joseph"],"com_name":["Saint-Joseph"],"epci_name":["CA du Centre de la Martinique"],"epci_code":["249720061"],"dep_name":["Martinique"],"dep_code":["972"],"reg_name":["Martinique"],"reg_code":["02"]}},{"type":"Feature","geometry":{"coordinates":[[[-61.05186777272808,14.661590665931245],[-61.05185178936611,14.663397913257214],[-61.04999540828554,14.663382344476389],[-61.05001140685445,14.661575099152428],[-61.05186777272808,14.661590665931245]]],"type":"Polygon"},"properties":{"geo_point_2d":{"lon":-61.050931594458056,"lat":14.66248650694072},"idcar_200m":"CRS5490RES200mN1621800E709800","i_est_200":1,"idcar_1km":"CRS5490RES1000mN1621000E709000","i_est_1km":0,"idcar_nat":"CRS5490RES1000mN1621000E709000","groupe":1019598,"pop_carr":4.0,"men_1ind":0.5,"men_5ind":0.1,"men_prop":1.3,"men_fmp":0.2,"ind_snv":107301.8,"men_surf":154.1,"men_coll":0.4,"men_mais":1.3,"log_av45":0.0,"log_45_70":0.3,"log_70_90":0.6,"log_ap_90":0.7,"log_inc":0.1,"log_soc":0.0,"ind_0_3":0.1,"ind_4_5":0.1,"ind_6_10":0.1,"ind_11_17":0.3,"ind_18_24":0.1,"ind_25_39":0.6,"ind_40_54":0.6,"ind_55_64":1.0,"ind_65_79":0.9,"ind_80p":0.2,"ind_inc":0.0,"men_pauv":0.2,"men":1.7,"lcog_geo":"97224","year":"2017","com_arm_code":["97224"],"com_code":["97224"],"com_arm_name":["Saint-Joseph"],"com_name":["Saint-Joseph"],"epci_name":["CA du Centre de la Martinique"],"epci_code":["249720061"],"dep_name":["Martinique"],"dep_code":["972"],"reg_name":["Martinique"],"reg_code":["02"]}},{"type":"Feature","geometry":{"coordinates":[[[-61.06657594480198,14.677980025942235],[-61.066560063543974,14.679787286539058],[-61.064703528046785,14.679771818330977],[-61.06471942453118,14.677964559721222],[-61.06657594480198,14.677980025942235]]],"type":"Polygon"},"properties":{"geo_point_2d":{"lon":-61.06563974037934,"lat":14.678875923871217},"idcar_200m":"CRS5490RES200mN1623600E708200","i_est_200":1,"idcar_1km":"CRS5490RES1000mN1623000E708000","i_est_1km":0,"idcar_nat":"CRS5490RES1000mN1623000E708000","groupe":1019849,"pop_carr":7.0,"men_1ind":1.2,"men_5ind":0.2,"men_prop":2.4,"men_fmp":0.5,"ind_snv":128950.2,"men_surf":258.7,"men_coll":0.3,"men_mais":2.9,"log_av45":0.0,"log_45_70":0.7,"log_70_90":0.5,"log_ap_90":1.9,"log_inc":0.1,"log_soc":0.0,"ind_0_3":0.0,"ind_4_5":0.0,"ind_6_10":0.1,"ind_11_17":0.6,"ind_18_24":0.3,"ind_25_39":0.8,"ind_40_54":1.8,"ind_55_64":1.8,"ind_65_79":1.2,"ind_80p":0.4,"ind_inc":0.0,"men_pauv":1.1,"men":3.2,"lcog_geo":"97224","year":"2017","com_arm_code":["97224"],"com_code":["97224"],"com_arm_name":["Saint-Joseph"],"com_name":["Saint-Joseph"],"epci_name":["CA du Centre de la Martinique"],"epci_code":["249720061"],"dep_name":["Martinique"],"dep_code":["972"],"reg_name":["Martinique"],"reg_code":["02"]}},{"type":"Feature","geometry":{"coordinates":[[[-61.03156086147852,14.64876803239058],[-61.03154472632615,14.650575259673891],[-61.02968847586107,14.650559542185464],[-61.02970462620489,14.648752316924883],[-61.03156086147852,14.64876803239058]]],"type":"Polygon"},"properties":{"geo_point_2d":{"lon":-61.03062467261875,"lat":14.649663789028974},"idcar_200m":"CRS5490RES200mN1620400E712000","i_est_200":0,"idcar_1km":"CRS5490RES1000mN1620000E712000","i_est_1km":0,"idcar_nat":"CRS5490RES1000mN1620000E712000","groupe":1019695,"pop_carr":45.0,"men_1ind":2.0,"men_5ind":2.0,"men_prop":13.0,"men_fmp":3.0,"ind_snv":1237303.9,"men_surf":1840.0,"men_coll":2.0,"men_mais":15.0,"log_av45":0.0,"log_45_70":0.0,"log_70_90":1.0,"log_ap_90":16.0,"log_inc":0.0,"log_soc":0.0,"ind_0_3":2.0,"ind_4_5":2.0,"ind_6_10":5.0,"ind_11_17":4.0,"ind_18_24":1.0,"ind_25_39":14.0,"ind_40_54":4.0,"ind_55_64":5.0,"ind_65_79":8.0,"ind_80p":0.0,"ind_inc":0.0,"men_pauv":2.0,"men":17.0,"lcog_geo":"9722497213","year":"2017","com_arm_code":["97224"],"com_code":["97224"],"com_arm_name":["Saint-Joseph"],"com_name":["Saint-Joseph"],"epci_name":["CA du Centre de la Martinique"],"epci_code":["249720061"],"dep_name":["Martinique"],"dep_code":["972"],"reg_name":["Martinique"],"reg_code":["02"]}},{"type":"Feature","geometry":{"coordinates":[[[-61.049915382571974,14.672418566632034],[-61.04989937085489,14.674225810170103],[-61.04804290068053,14.674210214558535],[-61.04805892761698,14.672402973024587],[-61.049915382571974,14.672418566632034]]],"type":"Polygon"},"properties":{"geo_point_2d":{"lon":-61.04897914558075,"lat":14.673314392333667},"idcar_200m":"CRS5490RES200mN1623000E710000","i_est_200":0,"idcar_1km":"CRS5490RES1000mN1623000E710000","i_est_1km":0,"idcar_nat":"CRS5490RES1000mN1623000E710000","groupe":1019872,"pop_carr":35.0,"men_1ind":9.0,"men_5ind":2.0,"men_prop":10.0,"men_fmp":1.0,"ind_snv":629279.1,"men_surf":1281.4,"men_coll":10.0,"men_mais":7.0,"log_av45":0.0,"log_45_70":2.0,"log_70_90":1.0,"log_ap_90":13.0,"log_inc":1.0,"log_soc":0.0,"ind_0_3":1.0,"ind_4_5":2.0,"ind_6_10":3.0,"ind_11_17":0.0,"ind_18_24":0.0,"ind_25_39":6.0,"ind_40_54":6.0,"ind_55_64":12.0,"ind_65_79":5.0,"ind_80p":0.0,"ind_inc":0.0,"men_pauv":8.0,"men":17.0,"lcog_geo":"97224","year":"2017","com_arm_code":["97224"],"com_code":["97224"],"com_arm_name":["Saint-Joseph"],"com_name":["Saint-Joseph"],"epci_name":["CA du Centre de la Martinique"],"epci_code":["249720061"],"dep_name":["Martinique"],"dep_code":["972"],"reg_name":["Martinique"],"reg_code":["02"]}},{"type":"Feature","geometry":{"coordinates":[[[-61.038937594898584,14.654252451520414],[-61.03892151390344,14.656059685982978],[-61.037065209017555,14.656044021619167],[-61.03708130521071,14.654236789171831],[-61.038937594898584,14.654252451520414]]],"type":"Polygon"},"properties":{"geo_point_2d":{"lon":-61.03800140590809,"lat":14.655148238309348},"idcar_200m":"CRS5490RES200mN1621000E711200","i_est_200":1,"idcar_1km":"CRS5490RES1000mN1621000E711000","i_est_1km":0,"idcar_nat":"CRS5490RES1000mN1621000E711000","groupe":1019642,"pop_carr":22.0,"men_1ind":4.0,"men_5ind":0.7,"men_prop":6.2,"men_fmp":0.9,"ind_snv":497219.4,"men_surf":906.8,"men_coll":2.5,"men_mais":7.3,"log_av45":0.0,"log_45_70":0.8,"log_70_90":1.7,"log_ap_90":6.5,"log_inc":0.8,"log_soc":0.0,"ind_0_3":0.6,"ind_4_5":0.2,"ind_6_10":1.2,"ind_11_17":2.0,"ind_18_24":1.5,"ind_25_39":1.7,"ind_40_54":5.0,"ind_55_64":4.2,"ind_65_79":4.7,"ind_80p":0.8,"ind_inc":0.1,"men_pauv":3.0,"men":9.8,"lcog_geo":"97224","year":"2017","com_arm_code":["97224"],"com_code":["97224"],"com_arm_name":["Saint-Joseph"],"com_name":["Saint-Joseph"],"epci_name":["CA du Centre de la Martinique"],"epci_code":["249720061"],"dep_name":["Martinique"],"dep_code":["972"],"reg_name":["Martinique"],"reg_code":["02"]}},{"type":"Feature","geometry":{"coordinates":[[[-61.023762865832246,14.69027104755116],[-61.02374661883986,14.69207825987478],[-61.021890027271255,14.692062436510641],[-61.02190628950263,14.69025522621812],[-61.023762865832246,14.69027104755116]]],"type":"Polygon"},"properties":{"geo_point_2d":{"lon":-61.022826450513115,"lat":14.691166743777593},"idcar_200m":"CRS5490RES200mN1625000E712800","i_est_200":1,"idcar_1km":"CRS5490RES1000mN1625000E712000","i_est_1km":0,"idcar_nat":"CRS5490RES1000mN1625000E712000","groupe":1020076,"pop_carr":22.0,"men_1ind":3.0,"men_5ind":1.2,"men_prop":5.9,"men_fmp":1.2,"ind_snv":348124.5,"men_surf":702.9,"men_coll":1.0,"men_mais":7.6,"log_av45":0.0,"log_45_70":2.0,"log_70_90":2.7,"log_ap_90":3.9,"log_inc":0.0,"log_soc":0.0,"ind_0_3":0.0,"ind_4_5":0.3,"ind_6_10":1.2,"ind_11_17":1.8,"ind_18_24":2.0,"ind_25_39":2.1,"ind_40_54":5.5,"ind_55_64":3.8,"ind_65_79":3.2,"ind_80p":2.1,"ind_inc":0.0,"men_pauv":3.9,"men":8.6,"lcog_geo":"9722497212","year":"2017","com_arm_code":["97224"],"com_code":["97224"],"com_arm_name":["Saint-Joseph"],"com_name":["Saint-Joseph"],"epci_name":["CA du Centre de la Martinique"],"epci_code":["249720061"],"dep_name":["Martinique"],"dep_code":["972"],"reg_name":["Martinique"],"reg_code":["02"]}},{"type":"Feature","geometry":{"coordinates":[[[-61.018274573646075,14.681187503448617],[-61.01825829207532,14.682994711166005],[-61.01640178335707,14.682978853478364],[-61.01641808015613,14.681171647797607],[-61.018274573646075,14.681187503448617]]],"type":"Polygon"},"properties":{"geo_point_2d":{"lon":-61.017338182460705,"lat":14.682083180210766},"idcar_200m":"CRS5490RES200mN1624000E713400","i_est_200":0,"idcar_1km":"CRS5490RES1000mN1624000E713000","i_est_1km":0,"idcar_nat":"CRS5490RES1000mN1624000E713000","groupe":1020087,"pop_carr":20.5,"men_1ind":6.0,"men_5ind":1.0,"men_prop":9.0,"men_fmp":2.0,"ind_snv":528195.5,"men_surf":957.0,"men_coll":0.0,"men_mais":11.0,"log_av45":0.0,"log_45_70":1.0,"log_70_90":2.0,"log_ap_90":8.0,"log_inc":0.0,"log_soc":0.0,"ind_0_3":0.0,"ind_4_5":0.0,"ind_6_10":1.5,"ind_11_17":4.0,"ind_18_24":0.0,"ind_25_39":0.0,"ind_40_54":7.0,"ind_55_64":4.0,"ind_65_79":2.0,"ind_80p":2.0,"ind_inc":0.0,"men_pauv":1.0,"men":11.0,"lcog_geo":"97224","year":"2017","com_arm_code":["97224"],"com_code":["97224"],"com_arm_name":["Saint-Joseph"],"com_name":["Saint-Joseph"],"epci_name":["CA du Centre de la Martinique"],"epci_code":["249720061"],"dep_name":["Martinique"],"dep_code":["972"],"reg_name":["Martinique"],"reg_code":["02"]}},{"type":"Feature","geometry":{"coordinates":[[[-61.049867340845644,14.677840296352889],[-61.04985132255331,14.679647538997555],[-61.04799480670838,14.67963193737347],[-61.04801084022631,14.677824696733019],[-61.049867340845644,14.677840296352889]]],"type":"Polygon"},"properties":{"geo_point_2d":{"lon":-61.04893107773306,"lat":14.678736118602062},"idcar_200m":"CRS5490RES200mN1623600E710000","i_est_200":1,"idcar_1km":"CRS5490RES1000mN1623000E710000","i_est_1km":0,"idcar_nat":"CRS5490RES1000mN1623000E710000","groupe":1019867,"pop_carr":10.0,"men_1ind":2.0,"men_5ind":0.2,"men_prop":3.6,"men_fmp":0.7,"ind_snv":228382.4,"men_surf":446.3,"men_coll":0.6,"men_mais":4.2,"log_av45":0.2,"log_45_70":0.6,"log_70_90":1.3,"log_ap_90":2.5,"log_inc":0.2,"log_soc":0.0,"ind_0_3":0.1,"ind_4_5":0.2,"ind_6_10":0.5,"ind_11_17":0.9,"ind_18_24":0.4,"ind_25_39":1.1,"ind_40_54":2.1,"ind_55_64":2.3,"ind_65_79":1.7,"ind_80p":0.7,"ind_inc":0.0,"men_pauv":1.5,"men":4.8,"lcog_geo":"97224","year":"2017","com_arm_code":["97224"],"com_code":["97224"],"com_arm_name":["Saint-Joseph"],"com_name":["Saint-Joseph"],"epci_name":["CA du Centre de la Martinique"],"epci_code":["249720061"],"dep_name":["Martinique"],"dep_code":["972"],"reg_name":["Martinique"],"reg_code":["02"]}},{"type":"Feature","geometry":{"coordinates":[[[-61.03519279273847,14.657835572589539],[-61.035176676932366,14.65964280242437],[-61.03332034605735,14.659627104425763],[-61.03333647706548,14.657819876610013],[-61.03519279273847,14.657835572589539]]],"type":"Polygon"},"properties":{"geo_point_2d":{"lon":-61.03425657334921,"lat":14.65873134024849},"idcar_200m":"CRS5490RES200mN1621400E711600","i_est_200":1,"idcar_1km":"CRS5490RES1000mN1621000E711000","i_est_1km":0,"idcar_nat":"CRS5490RES1000mN1621000E711000","groupe":1019642,"pop_carr":2.0,"men_1ind":0.4,"men_5ind":0.1,"men_prop":0.6,"men_fmp":0.1,"ind_snv":45201.8,"men_surf":82.4,"men_coll":0.2,"men_mais":0.7,"log_av45":0.0,"log_45_70":0.1,"log_70_90":0.1,"log_ap_90":0.6,"log_inc":0.1,"log_soc":0.0,"ind_0_3":0.1,"ind_4_5":0.0,"ind_6_10":0.1,"ind_11_17":0.2,"ind_18_24":0.1,"ind_25_39":0.2,"ind_40_54":0.4,"ind_55_64":0.4,"ind_65_79":0.4,"ind_80p":0.1,"ind_inc":0.0,"men_pauv":0.3,"men":0.9,"lcog_geo":"97224","year":"2017","com_arm_code":["97224"],"com_code":["97224"],"com_arm_name":["Saint-Joseph"],"com_name":["Saint-Joseph"],"epci_name":["CA du Centre de la Martinique"],"epci_code":["249720061"],"dep_name":["Martinique"],"dep_code":["972"],"reg_name":["Martinique"],"reg_code":["02"]}},{"type":"Feature","geometry":{"coordinates":[[[-61.02957536147302,14.663210110672717],[-61.0295591934192,14.665017333550937],[-61.027702823561825,14.665001585071924],[-61.027719006823645,14.663194364218596],[-61.02957536147302,14.663210110672717]]],"type":"Polygon"},"properties":{"geo_point_2d":{"lon":-61.02863909647064,"lat":14.664105849615082},"idcar_200m":"CRS5490RES200mN1622000E712200","i_est_200":0,"idcar_1km":"CRS5490RES1000mN1622000E712000","i_est_1km":0,"idcar_nat":"CRS5490RES1000mN1622000E712000","groupe":1019926,"pop_carr":47.0,"men_1ind":6.0,"men_5ind":2.0,"men_prop":11.0,"men_fmp":4.0,"ind_snv":897092.5,"men_surf":1636.5,"men_coll":3.0,"men_mais":15.0,"log_av45":0.0,"log_45_70":2.0,"log_70_90":3.0,"log_ap_90":12.0,"log_inc":1.0,"log_soc":0.0,"ind_0_3":5.0,"ind_4_5":1.0,"ind_6_10":3.0,"ind_11_17":5.0,"ind_18_24":4.0,"ind_25_39":6.0,"ind_40_54":8.0,"ind_55_64":6.0,"ind_65_79":8.0,"ind_80p":1.0,"ind_inc":0.0,"men_pauv":7.0,"men":18.0,"lcog_geo":"97224","year":"2017","com_arm_code":["97224"],"com_code":["97224"],"com_arm_name":["Saint-Joseph"],"com_name":["Saint-Joseph"],"epci_name":["CA du Centre de la Martinique"],"epci_code":["249720061"],"dep_name":["Martinique"],"dep_code":["972"],"reg_name":["Martinique"],"reg_code":["02"]}},{"type":"Feature","geometry":{"coordinates":[[[-61.036920244026675,14.672309100246956],[-61.03690412577585,14.674116329716265],[-61.035047671001415,14.674100630381147],[-61.035063804471,14.672293402929272],[-61.036920244026675,14.672309100246956]]],"type":"Polygon"},"properties":{"geo_point_2d":{"lon":-61.03598396146938,"lat":14.673204867055746},"idcar_200m":"CRS5490RES200mN1623000E711400","i_est_200":0,"idcar_1km":"CRS5490RES1000mN1623000E711000","i_est_1km":0,"idcar_nat":"CRS5490RES1000mN1623000E711000","groupe":1019892,"pop_carr":59.0,"men_1ind":5.0,"men_5ind":2.0,"men_prop":19.0,"men_fmp":2.0,"ind_snv":1306673.6,"men_surf":2178.0,"men_coll":4.0,"men_mais":19.0,"log_av45":0.0,"log_45_70":7.0,"log_70_90":8.0,"log_ap_90":8.0,"log_inc":0.0,"log_soc":0.0,"ind_0_3":0.0,"ind_4_5":1.0,"ind_6_10":1.0,"ind_11_17":5.0,"ind_18_24":0.0,"ind_25_39":5.0,"ind_40_54":10.0,"ind_55_64":17.0,"ind_65_79":14.0,"ind_80p":5.0,"ind_inc":1.0,"men_pauv":5.0,"men":23.0,"lcog_geo":"97224","year":"2017","com_arm_code":["97224"],"com_code":["97224"],"com_arm_name":["Saint-Joseph"],"com_name":["Saint-Joseph"],"epci_name":["CA du Centre de la Martinique"],"epci_code":["249720061"],"dep_name":["Martinique"],"dep_code":["972"],"reg_name":["Martinique"],"reg_code":["02"]}},{"type":"Feature","geometry":{"coordinates":[[[-61.03122155877724,14.686719742789757],[-61.0312053771681,14.688526963815422],[-61.02934880720186,14.688511203842218],[-61.02936500404618,14.686703984839962],[-61.03122155877724,14.686719742789757]]],"type":"Polygon"},"properties":{"geo_point_2d":{"lon":-61.03028518694939,"lat":14.687615475060449},"idcar_200m":"CRS5490RES200mN1624600E712000","i_est_200":1,"idcar_1km":"CRS5490RES1000mN1624000E712000","i_est_1km":0,"idcar_nat":"CRS5490RES1000mN1624000E712000","groupe":1020081,"pop_carr":8.0,"men_1ind":1.1,"men_5ind":0.4,"men_prop":2.4,"men_fmp":0.7,"ind_snv":153651.0,"men_surf":277.7,"men_coll":0.4,"men_mais":3.0,"log_av45":0.1,"log_45_70":0.7,"log_70_90":0.8,"log_ap_90":1.7,"log_inc":0.1,"log_soc":0.0,"ind_0_3":0.1,"ind_4_5":0.2,"ind_6_10":0.2,"ind_11_17":0.8,"ind_18_24":0.5,"ind_25_39":1.0,"ind_40_54":1.5,"ind_55_64":1.8,"ind_65_79":1.3,"ind_80p":0.6,"ind_inc":0.0,"men_pauv":1.2,"men":3.4,"lcog_geo":"97224","year":"2017","com_arm_code":["97224"],"com_code":["97224"],"com_arm_name":["Saint-Joseph"],"com_name":["Saint-Joseph"],"epci_name":["CA du Centre de la Martinique"],"epci_code":["249720061"],"dep_name":["Martinique"],"dep_code":["972"],"reg_name":["Martinique"],"reg_code":["02"]}},{"type":"Feature","geometry":{"coordinates":[[[-61.06116554003666,14.659861020148039],[-61.06114963488929,14.661668277752884],[-61.05929325809157,14.661652784998477],[-61.05930917844424,14.659845529386093],[-61.06116554003666,14.659861020148039]]],"type":"Polygon"},"properties":{"geo_point_2d":{"lon":-61.06022940301424,"lat":14.660756904307624},"idcar_200m":"CRS5490RES200mN1621600E708800","i_est_200":1,"idcar_1km":"CRS5490RES1000mN1621000E708000","i_est_1km":0,"idcar_nat":"CRS5490RES1000mN1621000E708000","groupe":1019603,"pop_carr":8.0,"men_1ind":1.1,"men_5ind":0.0,"men_prop":2.3,"men_fmp":0.5,"ind_snv":177911.5,"men_surf":334.5,"men_coll":0.8,"men_mais":3.0,"log_av45":0.1,"log_45_70":0.3,"log_70_90":1.7,"log_ap_90":1.7,"log_inc":0.0,"log_soc":0.0,"ind_0_3":0.1,"ind_4_5":0.0,"ind_6_10":0.4,"ind_11_17":0.1,"ind_18_24":0.2,"ind_25_39":1.2,"ind_40_54":1.3,"ind_55_64":2.2,"ind_65_79":1.9,"ind_80p":0.6,"ind_inc":0.0,"men_pauv":0.9,"men":3.8,"lcog_geo":"97224","year":"2017","com_arm_code":["97224"],"com_code":["97224"],"com_arm_name":["Saint-Joseph"],"com_name":["Saint-Joseph"],"epci_name":["CA du Centre de la Martinique"],"epci_code":["249720061"],"dep_name":["Martinique"],"dep_code":["972"],"reg_name":["Martinique"],"reg_code":["02"]}},{"type":"Feature","geometry":{"coordinates":[[[-61.00905753698052,14.67387928390662],[-61.00904118821984,14.675686482616008],[-61.007184751569326,14.675670558983404],[-61.00720111554955,14.673863362320038],[-61.00905753698052,14.67387928390662]]],"type":"Polygon"},"properties":{"geo_point_2d":{"lon":-61.00812114823258,"lat":14.674774923193993},"idcar_200m":"CRS5490RES200mN1623200E714400","i_est_200":1,"idcar_1km":"CRS5490RES1000mN1623000E714000","i_est_1km":0,"idcar_nat":"CRS5490RES2000mN1622000E714000","groupe":1019944,"pop_carr":6.0,"men_1ind":0.9,"men_5ind":0.4,"men_prop":1.3,"men_fmp":0.3,"ind_snv":122763.0,"men_surf":188.9,"men_coll":0.3,"men_mais":2.1,"log_av45":0.2,"log_45_70":0.2,"log_70_90":0.7,"log_ap_90":0.9,"log_inc":0.4,"log_soc":0.0,"ind_0_3":0.2,"ind_4_5":0.1,"ind_6_10":0.4,"ind_11_17":0.6,"ind_18_24":0.4,"ind_25_39":0.8,"ind_40_54":1.4,"ind_55_64":0.9,"ind_65_79":0.7,"ind_80p":0.5,"ind_inc":0.0,"men_pauv":0.6,"men":2.4,"lcog_geo":"97224","year":"2017","com_arm_code":["97224"],"com_code":["97224"],"com_arm_name":["Saint-Joseph"],"com_name":["Saint-Joseph"],"epci_name":["CA du Centre de la Martinique"],"epci_code":["249720061"],"dep_name":["Martinique"],"dep_code":["972"],"reg_name":["Martinique"],"reg_code":["02"]}},{"type":"Feature","geometry":{"coordinates":[[[-61.06100639051713,14.677933582812035],[-61.06099046358025,14.679740837441939],[-61.05913393461506,14.67972532476114],[-61.05914987677806,14.677918072124019],[-61.06100639051713,14.677933582812035]]],"type":"Polygon"},"properties":{"geo_point_2d":{"lon":-61.06007016652141,"lat":14.678829455522623},"idcar_200m":"CRS5490RES200mN1623600E708800","i_est_200":1,"idcar_1km":"CRS5490RES1000mN1623000E708000","i_est_1km":0,"idcar_nat":"CRS5490RES1000mN1623000E708000","groupe":1019849,"pop_carr":2.0,"men_1ind":0.3,"men_5ind":0.0,"men_prop":0.7,"men_fmp":0.1,"ind_snv":36842.9,"men_surf":73.9,"men_coll":0.1,"men_mais":0.8,"log_av45":0.0,"log_45_70":0.2,"log_70_90":0.2,"log_ap_90":0.5,"log_inc":0.0,"log_soc":0.0,"ind_0_3":0.0,"ind_4_5":0.0,"ind_6_10":0.0,"ind_11_17":0.2,"ind_18_24":0.1,"ind_25_39":0.2,"ind_40_54":0.5,"ind_55_64":0.5,"ind_65_79":0.4,"ind_80p":0.1,"ind_inc":0.0,"men_pauv":0.3,"men":0.9,"lcog_geo":"97224","year":"2017","com_arm_code":["97224"],"com_code":["97224"],"com_arm_name":["Saint-Joseph"],"com_name":["Saint-Joseph"],"epci_name":["CA du Centre de la Martinique"],"epci_code":["249720061"],"dep_name":["Martinique"],"dep_code":["972"],"reg_name":["Martinique"],"reg_code":["02"]}},{"type":"Feature","geometry":{"coordinates":[[[-61.05546879451959,14.674272508096651],[-61.055452826275676,14.67607975733795],[-61.05359633431089,14.676064204182106],[-61.0536123177765,14.674256956939233],[-61.05546879451959,14.674272508096651]]],"type":"Polygon"},"properties":{"geo_point_2d":{"lon":-61.054532568369886,"lat":14.675168357876503},"idcar_200m":"CRS5490RES200mN1623200E709400","i_est_200":1,"idcar_1km":"CRS5490RES1000mN1623000E709000","i_est_1km":0,"idcar_nat":"CRS5490RES1000mN1623000E709000","groupe":1019859,"pop_carr":11.0,"men_1ind":1.7,"men_5ind":0.2,"men_prop":3.7,"men_fmp":1.1,"ind_snv":196906.6,"men_surf":457.3,"men_coll":0.3,"men_mais":4.5,"log_av45":0.0,"log_45_70":0.8,"log_70_90":0.6,"log_ap_90":3.1,"log_inc":0.3,"log_soc":0.0,"ind_0_3":0.2,"ind_4_5":0.2,"ind_6_10":0.6,"ind_11_17":0.8,"ind_18_24":0.7,"ind_25_39":0.9,"ind_40_54":2.6,"ind_55_64":2.1,"ind_65_79":2.0,"ind_80p":0.9,"ind_inc":0.0,"men_pauv":2.0,"men":4.8,"lcog_geo":"97224","year":"2017","com_arm_code":["97224"],"com_code":["97224"],"com_arm_name":["Saint-Joseph"],"com_name":["Saint-Joseph"],"epci_name":["CA du Centre de la Martinique"],"epci_code":["249720061"],"dep_name":["Martinique"],"dep_code":["972"],"reg_name":["Martinique"],"reg_code":["02"]}},{"type":"Feature","geometry":{"coordinates":[[[-61.031237738173296,14.684912521465776],[-61.03122155877724,14.686719742789757],[-61.02936500404618,14.686703984839962],[-61.02938119867531,14.684896765539358],[-61.031237738173296,14.684912521465776]]],"type":"Polygon"},"properties":{"geo_point_2d":{"lon":-61.03030137506906,"lat":14.68580825489716},"idcar_200m":"CRS5490RES200mN1624400E712000","i_est_200":1,"idcar_1km":"CRS5490RES1000mN1624000E712000","i_est_1km":0,"idcar_nat":"CRS5490RES1000mN1624000E712000","groupe":1020081,"pop_carr":30.0,"men_1ind":4.0,"men_5ind":1.3,"men_prop":9.0,"men_fmp":2.5,"ind_snv":576191.1,"men_surf":1041.6,"men_coll":1.5,"men_mais":11.2,"log_av45":0.2,"log_45_70":2.5,"log_70_90":3.1,"log_ap_90":6.5,"log_inc":0.4,"log_soc":0.0,"ind_0_3":0.6,"ind_4_5":0.8,"ind_6_10":0.8,"ind_11_17":2.9,"ind_18_24":1.7,"ind_25_39":3.6,"ind_40_54":5.6,"ind_55_64":6.7,"ind_65_79":5.0,"ind_80p":2.1,"ind_inc":0.2,"men_pauv":4.6,"men":12.7,"lcog_geo":"97224","year":"2017","com_arm_code":["97224"],"com_code":["97224"],"com_arm_name":["Saint-Joseph"],"com_name":["Saint-Joseph"],"epci_name":["CA du Centre de la Martinique"],"epci_code":["249720061"],"dep_name":["Martinique"],"dep_code":["972"],"reg_name":["Martinique"],"reg_code":["02"]}},{"type":"Feature","geometry":{"coordinates":[[[-61.055404908430624,14.681501503275463],[-61.05538893144421,14.683308751325729],[-61.05353237857181,14.68329319017585],[-61.05354837078825,14.681485944124143],[-61.055404908430624,14.681501503275463]]],"type":"Polygon"},"properties":{"geo_point_2d":{"lon":-61.05446864745794,"lat":14.682397348463452},"idcar_200m":"CRS5490RES200mN1624000E709400","i_est_200":0,"idcar_1km":"CRS5490RES1000mN1624000E709000","i_est_1km":0,"idcar_nat":"CRS5490RES8000mN1624000E704000","groupe":1020066,"pop_carr":33.0,"men_1ind":8.0,"men_5ind":0.0,"men_prop":9.0,"men_fmp":4.0,"ind_snv":587726.0,"men_surf":1266.3,"men_coll":0.0,"men_mais":18.0,"log_av45":0.0,"log_45_70":3.0,"log_70_90":0.0,"log_ap_90":5.0,"log_inc":10.0,"log_soc":0.0,"ind_0_3":0.0,"ind_4_5":1.0,"ind_6_10":0.0,"ind_11_17":3.0,"ind_18_24":0.0,"ind_25_39":4.0,"ind_40_54":5.0,"ind_55_64":8.0,"ind_65_79":9.0,"ind_80p":3.0,"ind_inc":0.0,"men_pauv":7.0,"men":18.0,"lcog_geo":"97224","year":"2017","com_arm_code":["97224"],"com_code":["97224"],"com_arm_name":["Saint-Joseph"],"com_name":["Saint-Joseph"],"epci_name":["CA du Centre de la Martinique"],"epci_code":["249720061"],"dep_name":["Martinique"],"dep_code":["972"],"reg_name":["Martinique"],"reg_code":["02"]}},{"type":"Feature","geometry":{"coordinates":[[[-61.052011524491895,14.645325426614066],[-61.05199556082769,14.647132676616318],[-61.050139316534725,14.647117125852494],[-61.05015529538715,14.645309877851977],[-61.052011524491895,14.645325426614066]]],"type":"Polygon"},"properties":{"geo_point_2d":{"lon":-61.051075424459896,"lat":14.646221277968685},"idcar_200m":"CRS5490RES200mN1620000E709800","i_est_200":1,"idcar_1km":"CRS5490RES1000mN1620000E709000","i_est_1km":0,"idcar_nat":"CRS5490RES1000mN1620000E709000","groupe":1019613,"pop_carr":2.0,"men_1ind":0.2,"men_5ind":0.1,"men_prop":0.4,"men_fmp":0.3,"ind_snv":52232.8,"men_surf":71.7,"men_coll":0.3,"men_mais":0.5,"log_av45":0.0,"log_45_70":0.1,"log_70_90":0.2,"log_ap_90":0.4,"log_inc":0.1,"log_soc":0.0,"ind_0_3":0.1,"ind_4_5":0.1,"ind_6_10":0.2,"ind_11_17":0.1,"ind_18_24":0.1,"ind_25_39":0.3,"ind_40_54":0.4,"ind_55_64":0.2,"ind_65_79":0.3,"ind_80p":0.2,"ind_inc":0.0,"men_pauv":0.1,"men":0.8,"lcog_geo":"9722497209","year":"2017","com_arm_code":["97224"],"com_code":["97224"],"com_arm_name":["Saint-Joseph"],"com_name":["Saint-Joseph"],"epci_name":["CA du Centre de la Martinique"],"epci_code":["249720061"],"dep_name":["Martinique"],"dep_code":["972"],"reg_name":["Martinique"],"reg_code":["02"]}},{"type":"Feature","geometry":{"coordinates":[[[-61.053740106758724,14.659798968281779],[-61.053724140790685,14.661606217905332],[-61.05186777272808,14.661590665931245],[-61.051883753901066,14.659783418307764],[-61.053740106758724,14.659798968281779]]],"type":"Polygon"},"properties":{"geo_point_2d":{"lon":-61.052803943694016,"lat":14.660694818842774},"idcar_200m":"CRS5490RES200mN1621600E709600","i_est_200":1,"idcar_1km":"CRS5490RES1000mN1621000E709000","i_est_1km":0,"idcar_nat":"CRS5490RES1000mN1621000E709000","groupe":1019598,"pop_carr":7.0,"men_1ind":0.9,"men_5ind":0.2,"men_prop":2.2,"men_fmp":0.4,"ind_snv":187778.1,"men_surf":269.8,"men_coll":0.6,"men_mais":2.3,"log_av45":0.0,"log_45_70":0.5,"log_70_90":1.0,"log_ap_90":1.2,"log_inc":0.2,"log_soc":0.0,"ind_0_3":0.2,"ind_4_5":0.2,"ind_6_10":0.2,"ind_11_17":0.5,"ind_18_24":0.2,"ind_25_39":1.0,"ind_40_54":1.1,"ind_55_64":1.7,"ind_65_79":1.6,"ind_80p":0.3,"ind_inc":0.0,"men_pauv":0.3,"men":2.9,"lcog_geo":"97224","year":"2017","com_arm_code":["97224"],"com_code":["97224"],"com_arm_name":["Saint-Joseph"],"com_name":["Saint-Joseph"],"epci_name":["CA du Centre de la Martinique"],"epci_code":["249720061"],"dep_name":["Martinique"],"dep_code":["972"],"reg_name":["Martinique"],"reg_code":["02"]}},{"type":"Feature","geometry":{"coordinates":[[[-61.01659719781844,14.66129236561728],[-61.01658092553902,14.66309957457942],[-61.01472458644629,14.663083724487903],[-61.01474087393103,14.661276517563948],[-61.01659719781844,14.66129236561728]]],"type":"Polygon"},"properties":{"geo_point_2d":{"lon":-61.0156608960859,"lat":14.662188046798505},"idcar_200m":"CRS5490RES200mN1621800E713600","i_est_200":0,"idcar_1km":"CRS5490RES1000mN1621000E713000","i_est_1km":0,"idcar_nat":"CRS5490RES1000mN1621000E713000","groupe":1019686,"pop_carr":40.0,"men_1ind":7.0,"men_5ind":2.0,"men_prop":15.0,"men_fmp":1.0,"ind_snv":1055820.7,"men_surf":2066.4,"men_coll":5.0,"men_mais":14.0,"log_av45":0.0,"log_45_70":0.0,"log_70_90":6.0,"log_ap_90":12.0,"log_inc":1.0,"log_soc":0.0,"ind_0_3":1.0,"ind_4_5":1.0,"ind_6_10":3.0,"ind_11_17":1.0,"ind_18_24":3.0,"ind_25_39":4.0,"ind_40_54":7.0,"ind_55_64":10.0,"ind_65_79":8.0,"ind_80p":2.0,"ind_inc":0.0,"men_pauv":3.0,"men":19.0,"lcog_geo":"97224","year":"2017","com_arm_code":["97224"],"com_code":["97224"],"com_arm_name":["Saint-Joseph"],"com_name":["Saint-Joseph"],"epci_name":["CA du Centre de la Martinique"],"epci_code":["249720061"],"dep_name":["Martinique"],"dep_code":["972"],"reg_name":["Martinique"],"reg_code":["02"]}},{"type":"Feature","geometry":{"coordinates":[[[-61.02968847586107,14.650559542185464],[-61.02967232330382,14.65236676714837],[-61.02781605985876,14.652351032842938],[-61.02783222760946,14.650543809904702],[-61.02968847586107,14.650559542185464]]],"type":"Polygon"},"properties":{"geo_point_2d":{"lon":-61.02875227180951,"lat":14.651455289255795},"idcar_200m":"CRS5490RES200mN1620600E712200","i_est_200":0,"idcar_1km":"CRS5490RES1000mN1620000E712000","i_est_1km":0,"idcar_nat":"CRS5490RES1000mN1620000E712000","groupe":1019701,"pop_carr":64.0,"men_1ind":11.0,"men_5ind":2.0,"men_prop":21.0,"men_fmp":5.0,"ind_snv":1283128.5,"men_surf":2967.0,"men_coll":11.0,"men_mais":20.0,"log_av45":1.0,"log_45_70":3.0,"log_70_90":8.0,"log_ap_90":19.0,"log_inc":0.0,"log_soc":0.0,"ind_0_3":2.0,"ind_4_5":0.0,"ind_6_10":0.0,"ind_11_17":6.0,"ind_18_24":3.0,"ind_25_39":5.0,"ind_40_54":12.0,"ind_55_64":16.0,"ind_65_79":17.0,"ind_80p":3.0,"ind_inc":0.0,"men_pauv":5.0,"men":31.0,"lcog_geo":"97224","year":"2017","com_arm_code":["97224"],"com_code":["97224"],"com_arm_name":["Saint-Joseph"],"com_name":["Saint-Joseph"],"epci_name":["CA du Centre de la Martinique"],"epci_code":["249720061"],"dep_name":["Martinique"],"dep_code":["972"],"reg_name":["Martinique"],"reg_code":["02"]}},{"type":"Feature","geometry":{"coordinates":[[[-61.020147333480445,14.679396134224872],[-61.02013106936342,14.6812033442754],[-61.018274573646075,14.681187503448617],[-61.01829085298941,14.679380295432788],[-61.020147333480445,14.679396134224872]]],"type":"Polygon"},"properties":{"geo_point_2d":{"lon":-61.01921095752176,"lat":14.680291820583381},"idcar_200m":"CRS5490RES200mN1623800E713200","i_est_200":0,"idcar_1km":"CRS5490RES1000mN1623000E713000","i_est_1km":0,"idcar_nat":"CRS5490RES1000mN1623000E713000","groupe":1019932,"pop_carr":48.0,"men_1ind":4.0,"men_5ind":2.0,"men_prop":10.0,"men_fmp":3.0,"ind_snv":1007806.4,"men_surf":1286.0,"men_coll":2.0,"men_mais":13.0,"log_av45":0.0,"log_45_70":3.0,"log_70_90":4.0,"log_ap_90":8.0,"log_inc":0.0,"log_soc":0.0,"ind_0_3":1.0,"ind_4_5":1.0,"ind_6_10":4.0,"ind_11_17":5.0,"ind_18_24":8.0,"ind_25_39":7.0,"ind_40_54":12.0,"ind_55_64":4.0,"ind_65_79":6.0,"ind_80p":0.0,"ind_inc":0.0,"men_pauv":3.0,"men":15.0,"lcog_geo":"97224","year":"2017","com_arm_code":["97224"],"com_code":["97224"],"com_arm_name":["Saint-Joseph"],"com_name":["Saint-Joseph"],"epci_name":["CA du Centre de la Martinique"],"epci_code":["249720061"],"dep_name":["Martinique"],"dep_code":["972"],"reg_name":["Martinique"],"reg_code":["02"]}},{"type":"Feature","geometry":{"coordinates":[[[-61.035257233888316,14.650606650273392],[-61.035241126911885,14.652413881298886],[-61.03338485683246,14.652398191376422],[-61.03340097900259,14.650590962369888],[-61.035257233888316,14.650606650273392]]],"type":"Polygon"},"properties":{"geo_point_2d":{"lon":-61.03432104930962,"lat":14.651502422565079},"idcar_200m":"CRS5490RES200mN1620600E711600","i_est_200":0,"idcar_1km":"CRS5490RES1000mN1620000E711000","i_est_1km":0,"idcar_nat":"CRS5490RES1000mN1620000E711000","groupe":1019650,"pop_carr":34.0,"men_1ind":2.0,"men_5ind":1.0,"men_prop":9.0,"men_fmp":2.0,"ind_snv":711787.9,"men_surf":1236.0,"men_coll":8.0,"men_mais":4.0,"log_av45":0.0,"log_45_70":1.0,"log_70_90":2.0,"log_ap_90":9.0,"log_inc":0.0,"log_soc":0.0,"ind_0_3":1.0,"ind_4_5":0.0,"ind_6_10":4.0,"ind_11_17":1.0,"ind_18_24":2.0,"ind_25_39":5.0,"ind_40_54":5.0,"ind_55_64":9.0,"ind_65_79":4.0,"ind_80p":3.0,"ind_inc":0.0,"men_pauv":4.0,"men":12.0,"lcog_geo":"97224","year":"2017","com_arm_code":["97224"],"com_code":["97224"],"com_arm_name":["Saint-Joseph"],"com_name":["Saint-Joseph"],"epci_name":["CA du Centre de la Martinique"],"epci_code":["249720061"],"dep_name":["Martinique"],"dep_code":["972"],"reg_name":["Martinique"],"reg_code":["02"]}},{"type":"Feature","geometry":{"coordinates":[[[-61.011060861936144,14.657630370469695],[-61.01104454851051,14.659437573907939],[-61.00918824652418,14.659421683489366],[-61.00920457515072,14.657614482094955],[-61.011060861936144,14.657630370469695]]],"type":"Polygon"},"properties":{"geo_point_2d":{"lon":-61.01012455818303,"lat":14.65852602872653},"idcar_200m":"CRS5490RES200mN1621400E714200","i_est_200":0,"idcar_1km":"CRS5490RES1000mN1621000E714000","i_est_1km":0,"idcar_nat":"CRS5490RES2000mN1620000E714000","groupe":1019707,"pop_carr":33.5,"men_1ind":9.0,"men_5ind":1.0,"men_prop":11.0,"men_fmp":2.0,"ind_snv":802622.8,"men_surf":1546.4,"men_coll":6.0,"men_mais":11.0,"log_av45":0.0,"log_45_70":0.0,"log_70_90":6.0,"log_ap_90":10.0,"log_inc":1.0,"log_soc":0.0,"ind_0_3":2.0,"ind_4_5":0.0,"ind_6_10":2.0,"ind_11_17":4.5,"ind_18_24":0.0,"ind_25_39":3.0,"ind_40_54":7.0,"ind_55_64":3.0,"ind_65_79":10.0,"ind_80p":2.0,"ind_inc":0.0,"men_pauv":3.0,"men":17.0,"lcog_geo":"97224","year":"2017","com_arm_code":["97224"],"com_code":["97224"],"com_arm_name":["Saint-Joseph"],"com_name":["Saint-Joseph"],"epci_name":["CA du Centre de la Martinique"],"epci_code":["249720061"],"dep_name":["Martinique"],"dep_code":["972"],"reg_name":["Martinique"],"reg_code":["02"]}},{"type":"Feature","geometry":{"coordinates":[[[-61.048155043171896,14.661559517568968],[-61.0481390293961,14.663366760889009],[-61.04628265269991,14.663351162495166],[-61.04629868168248,14.661543921180947],[-61.048155043171896,14.661559517568968]]],"type":"Polygon"},"properties":{"geo_point_2d":{"lon":-61.04721885188739,"lat":14.662455341769917},"idcar_200m":"CRS5490RES200mN1621800E710200","i_est_200":1,"idcar_1km":"CRS5490RES1000mN1621000E710000","i_est_1km":0,"idcar_nat":"CRS5490RES1000mN1621000E710000","groupe":1019634,"pop_carr":1.0,"men_1ind":0.2,"men_5ind":0.0,"men_prop":0.4,"men_fmp":0.1,"ind_snv":28058.5,"men_surf":49.2,"men_coll":0.1,"men_mais":0.4,"log_av45":0.0,"log_45_70":0.1,"log_70_90":0.1,"log_ap_90":0.3,"log_inc":0.0,"log_soc":0.0,"ind_0_3":0.0,"ind_4_5":0.0,"ind_6_10":0.0,"ind_11_17":0.1,"ind_18_24":0.1,"ind_25_39":0.1,"ind_40_54":0.1,"ind_55_64":0.3,"ind_65_79":0.2,"ind_80p":0.1,"ind_inc":0.0,"men_pauv":0.1,"men":0.5,"lcog_geo":"97224","year":"2017","com_arm_code":["97224"],"com_code":["97224"],"com_arm_name":["Saint-Joseph"],"com_name":["Saint-Joseph"],"epci_name":["CA du Centre de la Martinique"],"epci_code":["249720061"],"dep_name":["Martinique"],"dep_code":["972"],"reg_name":["Martinique"],"reg_code":["02"]}},{"type":"Feature","geometry":{"coordinates":[[[-61.05364427814532,14.67064246156043],[-61.053628299054616,14.672449709398663],[-61.051771839718555,14.672434145423424],[-61.0517878340267,14.670626899585454],[-61.05364427814532,14.67064246156043]]],"type":"Polygon"},"properties":{"geo_point_2d":{"lon":-61.05270806288566,"lat":14.67153830522919},"idcar_200m":"CRS5490RES200mN1622800E709600","i_est_200":1,"idcar_1km":"CRS5490RES1000mN1622000E709000","i_est_1km":0,"idcar_nat":"CRS5490RES1000mN1622000E709000","groupe":1019845,"pop_carr":4.0,"men_1ind":0.7,"men_5ind":0.1,"men_prop":1.4,"men_fmp":0.3,"ind_snv":72834.5,"men_surf":162.6,"men_coll":0.3,"men_mais":1.6,"log_av45":0.0,"log_45_70":0.5,"log_70_90":0.3,"log_ap_90":0.9,"log_inc":0.2,"log_soc":0.0,"ind_0_3":0.1,"ind_4_5":0.0,"ind_6_10":0.1,"ind_11_17":0.2,"ind_18_24":0.3,"ind_25_39":0.3,"ind_40_54":0.8,"ind_55_64":0.9,"ind_65_79":0.9,"ind_80p":0.4,"ind_inc":0.0,"men_pauv":0.6,"men":1.9,"lcog_geo":"97224","year":"2017","com_arm_code":["97224"],"com_code":["97224"],"com_arm_name":["Saint-Joseph"],"com_name":["Saint-Joseph"],"epci_name":["CA du Centre de la Martinique"],"epci_code":["249720061"],"dep_name":["Martinique"],"dep_code":["972"],"reg_name":["Martinique"],"reg_code":["02"]}},{"type":"Feature","geometry":{"coordinates":[[[-61.01283563750586,14.66668226846445],[-61.01281932811725,14.668489472453608],[-61.010962947860094,14.668473586625957],[-61.01097927246009,14.66666638467889],[-61.01283563750586,14.66668226846445]]],"type":"Polygon"},"properties":{"geo_point_2d":{"lon":-61.01189929663832,"lat":14.667577929292566},"idcar_200m":"CRS5490RES200mN1622400E714000","i_est_200":1,"idcar_1km":"CRS5490RES1000mN1622000E714000","i_est_1km":1,"idcar_nat":"CRS5490RES2000mN1622000E714000","groupe":398694,"pop_carr":14.0,"men_1ind":1.3,"men_5ind":0.6,"men_prop":4.6,"men_fmp":0.7,"ind_snv":280738.8,"men_surf":532.2,"men_coll":0.4,"men_mais":5.3,"log_av45":0.2,"log_45_70":0.7,"log_70_90":0.5,"log_ap_90":3.7,"log_inc":0.6,"log_soc":0.0,"ind_0_3":0.0,"ind_4_5":0.4,"ind_6_10":0.2,"ind_11_17":2.4,"ind_18_24":0.7,"ind_25_39":0.5,"ind_40_54":3.9,"ind_55_64":2.8,"ind_65_79":1.8,"ind_80p":1.3,"ind_inc":0.0,"men_pauv":1.7,"men":5.7,"lcog_geo":"97224","year":"2017","com_arm_code":["97224"],"com_code":["97224"],"com_arm_name":["Saint-Joseph"],"com_name":["Saint-Joseph"],"epci_name":["CA du Centre de la Martinique"],"epci_code":["249720061"],"dep_name":["Martinique"],"dep_code":["972"],"reg_name":["Martinique"],"reg_code":["02"]}},{"type":"Feature","geometry":{"coordinates":[[[-61.03695247390995,14.668694640414495],[-61.036936360071344,14.670501870479685],[-61.035079935732355,14.670486175179414],[-61.03509606478556,14.66867894713159],[-61.03695247390995,14.668694640414495]]],"type":"Polygon"},"properties":{"geo_point_2d":{"lon":-61.03601620877545,"lat":14.66959040953832},"idcar_200m":"CRS5490RES200mN1622600E711400","i_est_200":0,"idcar_1km":"CRS5490RES1000mN1622000E711000","i_est_1km":0,"idcar_nat":"CRS5490RES1000mN1622000E711000","groupe":1019905,"pop_carr":123.5,"men_1ind":22.0,"men_5ind":2.0,"men_prop":26.0,"men_fmp":13.0,"ind_snv":2430943.6,"men_surf":4295.7,"men_coll":36.0,"men_mais":24.0,"log_av45":1.0,"log_45_70":4.0,"log_70_90":14.0,"log_ap_90":39.0,"log_inc":2.0,"log_soc":21.0,"ind_0_3":2.5,"ind_4_5":2.0,"ind_6_10":8.0,"ind_11_17":14.0,"ind_18_24":3.0,"ind_25_39":20.0,"ind_40_54":27.0,"ind_55_64":19.0,"ind_65_79":20.0,"ind_80p":6.0,"ind_inc":2.0,"men_pauv":16.0,"men":60.0,"lcog_geo":"97224","year":"2017","com_arm_code":["97224"],"com_code":["97224"],"com_arm_name":["Saint-Joseph"],"com_name":["Saint-Joseph"],"epci_name":["CA du Centre de la Martinique"],"epci_code":["249720061"],"dep_name":["Martinique"],"dep_code":["972"],"reg_name":["Martinique"],"reg_code":["02"]}},{"type":"Feature","geometry":{"coordinates":[[[-61.022068789528504,14.672183106878116],[-61.022052549529995,14.673990320154628],[-61.02019611248042,14.673974502283126],[-61.02021236769701,14.672167291039287],[-61.022068789528504,14.672183106878116]]],"type":"Polygon"},"properties":{"geo_point_2d":{"lon":-61.021132454960764,"lat":14.673078806326117},"idcar_200m":"CRS5490RES200mN1623000E713000","i_est_200":0,"idcar_1km":"CRS5490RES1000mN1623000E713000","i_est_1km":0,"idcar_nat":"CRS5490RES1000mN1623000E713000","groupe":1019936,"pop_carr":59.0,"men_1ind":4.0,"men_5ind":2.0,"men_prop":19.0,"men_fmp":4.0,"ind_snv":1495358.5,"men_surf":2553.0,"men_coll":9.0,"men_mais":15.0,"log_av45":0.0,"log_45_70":1.0,"log_70_90":5.0,"log_ap_90":18.0,"log_inc":0.0,"log_soc":0.0,"ind_0_3":0.5,"ind_4_5":0.0,"ind_6_10":2.5,"ind_11_17":5.0,"ind_18_24":3.0,"ind_25_39":8.0,"ind_40_54":7.0,"ind_55_64":19.0,"ind_65_79":12.0,"ind_80p":1.0,"ind_inc":1.0,"men_pauv":3.0,"men":24.0,"lcog_geo":"97224","year":"2017","com_arm_code":["97224"],"com_code":["97224"],"com_arm_name":["Saint-Joseph"],"com_name":["Saint-Joseph"],"epci_name":["CA du Centre de la Martinique"],"epci_code":["249720061"],"dep_name":["Martinique"],"dep_code":["972"],"reg_name":["Martinique"],"reg_code":["02"]}},{"type":"Feature","geometry":{"coordinates":[[[-61.04607407612195,14.686845272483495],[-61.046058016397225,14.68865250962784],[-61.044201428783936,14.68863686831609],[-61.044217503744505,14.686829633179917],[-61.04607407612195,14.686845272483495]]],"type":"Polygon"},"properties":{"geo_point_2d":{"lon":-61.04513775641182,"lat":14.687741072140456},"idcar_200m":"CRS5490RES200mN1624600E710400","i_est_200":1,"idcar_1km":"CRS5490RES1000mN1624000E710000","i_est_1km":0,"idcar_nat":"CRS5490RES8000mN1624000E704000","groupe":1020072,"pop_carr":6.0,"men_1ind":0.8,"men_5ind":0.1,"men_prop":1.7,"men_fmp":0.4,"ind_snv":122469.8,"men_surf":194.9,"men_coll":0.2,"men_mais":2.3,"log_av45":0.1,"log_45_70":0.5,"log_70_90":0.3,"log_ap_90":1.5,"log_inc":0.1,"log_soc":0.0,"ind_0_3":0.3,"ind_4_5":0.1,"ind_6_10":0.2,"ind_11_17":0.5,"ind_18_24":0.3,"ind_25_39":0.5,"ind_40_54":1.5,"ind_55_64":0.9,"ind_65_79":1.1,"ind_80p":0.5,"ind_inc":0.1,"men_pauv":0.9,"men":2.5,"lcog_geo":"97224","year":"2017","com_arm_code":["97224"],"com_code":["97224"],"com_arm_name":["Saint-Joseph"],"com_name":["Saint-Joseph"],"epci_name":["CA du Centre de la Martinique"],"epci_code":["249720061"],"dep_name":["Martinique"],"dep_code":["972"],"reg_name":["Martinique"],"reg_code":["02"]}},{"type":"Feature","geometry":{"coordinates":[[[-61.0555805110402,14.66162175507462],[-61.055564558092385,14.663429006398914],[-61.05370817263576,14.663413467231418],[-61.053724140790685,14.661606217905332],[-61.0555805110402,14.66162175507462]]],"type":"Polygon"},"properties":{"geo_point_2d":{"lon":-61.054644345788994,"lat":14.662517612888974},"idcar_200m":"CRS5490RES200mN1621800E709400","i_est_200":1,"idcar_1km":"CRS5490RES1000mN1621000E709000","i_est_1km":0,"idcar_nat":"CRS5490RES1000mN1621000E709000","groupe":1019598,"pop_carr":9.0,"men_1ind":1.2,"men_5ind":0.2,"men_prop":2.8,"men_fmp":0.5,"ind_snv":241429.0,"men_surf":346.8,"men_coll":0.7,"men_mais":3.0,"log_av45":0.1,"log_45_70":0.6,"log_70_90":1.2,"log_ap_90":1.5,"log_inc":0.3,"log_soc":0.0,"ind_0_3":0.2,"ind_4_5":0.2,"ind_6_10":0.3,"ind_11_17":0.6,"ind_18_24":0.2,"ind_25_39":1.3,"ind_40_54":1.5,"ind_55_64":2.2,"ind_65_79":2.0,"ind_80p":0.4,"ind_inc":0.1,"men_pauv":0.4,"men":3.7,"lcog_geo":"97224","year":"2017","com_arm_code":["97224"],"com_code":["97224"],"com_arm_name":["Saint-Joseph"],"com_name":["Saint-Joseph"],"epci_name":["CA du Centre de la Martinique"],"epci_code":["249720061"],"dep_name":["Martinique"],"dep_code":["972"],"reg_name":["Martinique"],"reg_code":["02"]}},{"type":"Feature","geometry":{"coordinates":[[[-61.044185351624776,14.690444103154126],[-61.044169272266934,14.692251337693996],[-61.042312656374456,14.692235677529043],[-61.042328750972224,14.690428444999311],[-61.044185351624776,14.690444103154126]]],"type":"Polygon"},"properties":{"geo_point_2d":{"lon":-61.04324900795965,"lat":14.691339892083056},"idcar_200m":"CRS5490RES200mN1625000E710600","i_est_200":0,"idcar_1km":"CRS5490RES1000mN1625000E710000","i_est_1km":0,"idcar_nat":"CRS5490RES8000mN1624000E704000","groupe":1020071,"pop_carr":79.0,"men_1ind":15.0,"men_5ind":2.0,"men_prop":28.0,"men_fmp":4.0,"ind_snv":1393521.3,"men_surf":2840.8,"men_coll":1.0,"men_mais":36.0,"log_av45":0.0,"log_45_70":6.0,"log_70_90":1.0,"log_ap_90":4.0,"log_inc":26.0,"log_soc":0.0,"ind_0_3":0.0,"ind_4_5":1.0,"ind_6_10":2.0,"ind_11_17":7.0,"ind_18_24":6.0,"ind_25_39":5.0,"ind_40_54":24.0,"ind_55_64":20.0,"ind_65_79":11.0,"ind_80p":3.0,"ind_inc":0.0,"men_pauv":14.0,"men":37.0,"lcog_geo":"97224","year":"2017","com_arm_code":["97224"],"com_code":["97224"],"com_arm_name":["Saint-Joseph"],"com_name":["Saint-Joseph"],"epci_name":["CA du Centre de la Martinique"],"epci_code":["249720061"],"dep_name":["Martinique"],"dep_code":["972"],"reg_name":["Martinique"],"reg_code":["02"]}},{"type":"Feature","geometry":{"coordinates":[[[-61.01088129133141,14.677509591885565],[-61.01086495331932,14.679316792042108],[-61.009008483985724,14.679300879139262],[-61.009024837221595,14.677493681026904],[-61.01088129133141,14.677509591885565]]],"type":"Polygon"},"properties":{"geo_point_2d":{"lon":-61.00994489161714,"lat":14.67840523726125},"idcar_200m":"CRS5490RES200mN1623600E714200","i_est_200":1,"idcar_1km":"CRS5490RES1000mN1623000E714000","i_est_1km":0,"idcar_nat":"CRS5490RES2000mN1622000E714000","groupe":1019944,"pop_carr":6.0,"men_1ind":0.9,"men_5ind":0.4,"men_prop":1.3,"men_fmp":0.3,"ind_snv":122763.0,"men_surf":188.9,"men_coll":0.3,"men_mais":2.1,"log_av45":0.2,"log_45_70":0.2,"log_70_90":0.7,"log_ap_90":0.9,"log_inc":0.4,"log_soc":0.0,"ind_0_3":0.2,"ind_4_5":0.1,"ind_6_10":0.4,"ind_11_17":0.6,"ind_18_24":0.4,"ind_25_39":0.8,"ind_40_54":1.4,"ind_55_64":0.9,"ind_65_79":0.7,"ind_80p":0.5,"ind_inc":0.0,"men_pauv":0.6,"men":2.4,"lcog_geo":"97224","year":"2017","com_arm_code":["97224"],"com_code":["97224"],"com_arm_name":["Saint-Joseph"],"com_name":["Saint-Joseph"],"epci_name":["CA du Centre de la Martinique"],"epci_code":["249720061"],"dep_name":["Martinique"],"dep_code":["972"],"reg_name":["Martinique"],"reg_code":["02"]}},{"type":"Feature","geometry":{"coordinates":[[[-61.02224728282562,14.65230374116197],[-61.022231067273275,14.654110957716943],[-61.020374797508005,14.654095162203019],[-61.02039102825551,14.652287947680364],[-61.02224728282562,14.65230374116197]]],"type":"Polygon"},"properties":{"geo_point_2d":{"lon":-61.0213110441174,"lat":14.653199453426154},"idcar_200m":"CRS5490RES200mN1620800E713000","i_est_200":1,"idcar_1km":"CRS5490RES1000mN1620000E713000","i_est_1km":0,"idcar_nat":"CRS5490RES1000mN1620000E713000","groupe":1019672,"pop_carr":2.0,"men_1ind":0.2,"men_5ind":0.1,"men_prop":0.6,"men_fmp":0.1,"ind_snv":47004.6,"men_surf":73.4,"men_coll":0.1,"men_mais":0.6,"log_av45":0.0,"log_45_70":0.0,"log_70_90":0.1,"log_ap_90":0.5,"log_inc":0.1,"log_soc":0.0,"ind_0_3":0.1,"ind_4_5":0.0,"ind_6_10":0.1,"ind_11_17":0.2,"ind_18_24":0.2,"ind_25_39":0.1,"ind_40_54":0.6,"ind_55_64":0.2,"ind_65_79":0.4,"ind_80p":0.1,"ind_inc":0.0,"men_pauv":0.1,"men":0.7,"lcog_geo":"97224","year":"2017","com_arm_code":["97224"],"com_code":["97224"],"com_arm_name":["Saint-Joseph"],"com_name":["Saint-Joseph"],"epci_name":["CA du Centre de la Martinique"],"epci_code":["249720061"],"dep_name":["Martinique"],"dep_code":["972"],"reg_name":["Martinique"],"reg_code":["02"]}},{"type":"Feature","geometry":{"coordinates":[[[-61.05753246408371,14.650793751271102],[-61.05751653943823,14.652601006375624],[-61.05566024300871,14.652585493992268],[-61.0556761828489,14.650778240883865],[-61.05753246408371,14.650793751271102]]],"type":"Polygon"},"properties":{"geo_point_2d":{"lon":-61.05659635749398,"lat":14.651689624366169},"idcar_200m":"CRS5490RES200mN1620600E709200","i_est_200":0,"idcar_1km":"CRS5490RES1000mN1620000E709000","i_est_1km":0,"idcar_nat":"CRS5490RES1000mN1620000E709000","groupe":1019621,"pop_carr":48.0,"men_1ind":5.0,"men_5ind":2.0,"men_prop":6.0,"men_fmp":5.0,"ind_snv":1109110.9,"men_surf":1338.3,"men_coll":10.0,"men_mais":9.0,"log_av45":0.0,"log_45_70":0.0,"log_70_90":2.0,"log_ap_90":12.0,"log_inc":5.0,"log_soc":0.0,"ind_0_3":2.0,"ind_4_5":1.0,"ind_6_10":5.0,"ind_11_17":6.0,"ind_18_24":2.0,"ind_25_39":10.0,"ind_40_54":10.0,"ind_55_64":8.0,"ind_65_79":4.0,"ind_80p":0.0,"ind_inc":0.0,"men_pauv":2.0,"men":19.0,"lcog_geo":"97224","year":"2017","com_arm_code":["97224"],"com_code":["97224"],"com_arm_name":["Saint-Joseph"],"com_name":["Saint-Joseph"],"epci_name":["CA du Centre de la Martinique"],"epci_code":["249720061"],"dep_name":["Martinique"],"dep_code":["972"],"reg_name":["Martinique"],"reg_code":["02"]}},{"type":"Feature","geometry":{"coordinates":[[[-61.03683963070932,14.681345244613276],[-61.036823501426454,14.683152472592308],[-61.03496697052697,14.683136763169536],[-61.034983115039026,14.681329537208102],[-61.03683963070932,14.681345244613276]]],"type":"Polygon"},"properties":{"geo_point_2d":{"lon":-61.03590330457608,"lat":14.68224100563394},"idcar_200m":"CRS5490RES200mN1624000E711400","i_est_200":1,"idcar_1km":"CRS5490RES1000mN1624000E711000","i_est_1km":0,"idcar_nat":"CRS5490RES8000mN1624000E704000","groupe":1020068,"pop_carr":3.0,"men_1ind":0.3,"men_5ind":0.1,"men_prop":1.0,"men_fmp":0.1,"ind_snv":60556.9,"men_surf":105.3,"men_coll":0.0,"men_mais":1.2,"log_av45":0.0,"log_45_70":0.4,"log_70_90":0.1,"log_ap_90":0.6,"log_inc":0.1,"log_soc":0.0,"ind_0_3":0.0,"ind_4_5":0.1,"ind_6_10":0.0,"ind_11_17":0.1,"ind_18_24":0.1,"ind_25_39":0.5,"ind_40_54":0.5,"ind_55_64":1.0,"ind_65_79":0.5,"ind_80p":0.2,"ind_inc":0.0,"men_pauv":0.2,"men":1.2,"lcog_geo":"97224","year":"2017","com_arm_code":["97224"],"com_code":["97224"],"com_arm_name":["Saint-Joseph"],"com_name":["Saint-Joseph"],"epci_name":["CA du Centre de la Martinique"],"epci_code":["249720061"],"dep_name":["Martinique"],"dep_code":["972"],"reg_name":["Martinique"],"reg_code":["02"]}},{"type":"Feature","geometry":{"coordinates":[[[-61.04058485970896,14.677762150037323],[-61.04056876528944,14.679569382641926],[-61.03871226043532,14.679553706900627],[-61.038728370080015,14.677746476309757],[-61.04058485970896,14.677762150037323]]],"type":"Polygon"},"properties":{"geo_point_2d":{"lon":-61.039648564028795,"lat":14.67865793021023},"idcar_200m":"CRS5490RES200mN1623600E711000","i_est_200":0,"idcar_1km":"CRS5490RES1000mN1623000E711000","i_est_1km":0,"idcar_nat":"CRS5490RES1000mN1623000E711000","groupe":1019893,"pop_carr":50.0,"men_1ind":12.0,"men_5ind":2.0,"men_prop":14.0,"men_fmp":2.0,"ind_snv":1107607.6,"men_surf":2126.0,"men_coll":8.0,"men_mais":16.0,"log_av45":0.0,"log_45_70":3.0,"log_70_90":3.0,"log_ap_90":18.0,"log_inc":0.0,"log_soc":0.0,"ind_0_3":2.0,"ind_4_5":3.0,"ind_6_10":6.0,"ind_11_17":2.0,"ind_18_24":1.0,"ind_25_39":4.0,"ind_40_54":14.0,"ind_55_64":11.0,"ind_65_79":5.0,"ind_80p":2.0,"ind_inc":0.0,"men_pauv":8.0,"men":24.0,"lcog_geo":"97224","year":"2017","com_arm_code":["97224"],"com_code":["97224"],"com_arm_name":["Saint-Joseph"],"com_name":["Saint-Joseph"],"epci_name":["CA du Centre de la Martinique"],"epci_code":["249720061"],"dep_name":["Martinique"],"dep_code":["972"],"reg_name":["Martinique"],"reg_code":["02"]}},{"type":"Feature","geometry":{"coordinates":[[[-61.05383585664682,14.648955464295522],[-61.053819903798406,14.650762715703168],[-61.05196362693429,14.65074717572909],[-61.05197959497519,14.648939926321333],[-61.05383585664682,14.648955464295522]]],"type":"Polygon"},"properties":{"geo_point_2d":{"lon":-61.05289974573806,"lat":14.64985132174757},"idcar_200m":"CRS5490RES200mN1620400E709600","i_est_200":1,"idcar_1km":"CRS5490RES1000mN1620000E709000","i_est_1km":0,"idcar_nat":"CRS5490RES1000mN1620000E709000","groupe":1019613,"pop_carr":6.0,"men_1ind":0.5,"men_5ind":0.3,"men_prop":1.1,"men_fmp":0.9,"ind_snv":156698.5,"men_surf":215.0,"men_coll":1.1,"men_mais":1.4,"log_av45":0.2,"log_45_70":0.2,"log_70_90":0.6,"log_ap_90":1.1,"log_inc":0.4,"log_soc":0.0,"ind_0_3":0.4,"ind_4_5":0.2,"ind_6_10":0.5,"ind_11_17":0.4,"ind_18_24":0.4,"ind_25_39":0.9,"ind_40_54":1.3,"ind_55_64":0.4,"ind_65_79":1.0,"ind_80p":0.5,"ind_inc":0.0,"men_pauv":0.4,"men":2.5,"lcog_geo":"9722497209","year":"2017","com_arm_code":["97224"],"com_code":["97224"],"com_arm_name":["Saint-Joseph"],"com_name":["Saint-Joseph"],"epci_name":["CA du Centre de la Martinique"],"epci_code":["249720061"],"dep_name":["Martinique"],"dep_code":["972"],"reg_name":["Martinique"],"reg_code":["02"]}},{"type":"Feature","geometry":{"coordinates":[[[-61.04256990589552,14.663319921288387],[-61.04255384430017,14.665127158287552],[-61.04069745898754,14.665111513463216],[-61.04071353579151,14.663304278475618],[-61.04256990589552,14.663319921288387]]],"type":"Polygon"},"properties":{"geo_point_2d":{"lon":-61.041633686393915,"lat":14.664215719115246},"idcar_200m":"CRS5490RES200mN1622000E710800","i_est_200":0,"idcar_1km":"CRS5490RES1000mN1622000E710000","i_est_1km":0,"idcar_nat":"CRS5490RES1000mN1622000E710000","groupe":1019877,"pop_carr":31.0,"men_1ind":3.0,"men_5ind":0.0,"men_prop":8.0,"men_fmp":3.0,"ind_snv":913235.6,"men_surf":1310.5,"men_coll":4.0,"men_mais":10.0,"log_av45":0.0,"log_45_70":0.0,"log_70_90":3.0,"log_ap_90":10.0,"log_inc":1.0,"log_soc":0.0,"ind_0_3":0.0,"ind_4_5":1.0,"ind_6_10":1.0,"ind_11_17":3.0,"ind_18_24":2.0,"ind_25_39":4.0,"ind_40_54":8.0,"ind_55_64":4.0,"ind_65_79":8.0,"ind_80p":0.0,"ind_inc":0.0,"men_pauv":2.0,"men":14.0,"lcog_geo":"97224","year":"2017","com_arm_code":["97224"],"com_code":["97224"],"com_arm_name":["Saint-Joseph"],"com_name":["Saint-Joseph"],"epci_name":["CA du Centre de la Martinique"],"epci_code":["249720061"],"dep_name":["Martinique"],"dep_code":["972"],"reg_name":["Martinique"],"reg_code":["02"]}},{"type":"Feature","geometry":{"coordinates":[[[-61.021922549510336,14.688448015627046],[-61.02190628950263,14.69025522621812],[-61.02004971539669,14.690239390051177],[-61.020065990641214,14.688432181493058],[-61.021922549510336,14.688448015627046]]],"type":"Polygon"},"properties":{"geo_point_2d":{"lon":-61.02098613641448,"lat":14.68934370458611},"idcar_200m":"CRS5490RES200mN1624800E713000","i_est_200":1,"idcar_1km":"CRS5490RES1000mN1624000E713000","i_est_1km":0,"idcar_nat":"CRS5490RES1000mN1624000E713000","groupe":1020086,"pop_carr":14.0,"men_1ind":2.9,"men_5ind":0.6,"men_prop":3.4,"men_fmp":1.0,"ind_snv":296598.9,"men_surf":545.2,"men_coll":1.1,"men_mais":5.0,"log_av45":0.4,"log_45_70":1.6,"log_70_90":1.1,"log_ap_90":2.7,"log_inc":0.3,"log_soc":0.0,"ind_0_3":0.1,"ind_4_5":0.1,"ind_6_10":0.2,"ind_11_17":1.9,"ind_18_24":1.4,"ind_25_39":1.0,"ind_40_54":3.6,"ind_55_64":2.7,"ind_65_79":1.7,"ind_80p":1.3,"ind_inc":0.0,"men_pauv":1.7,"men":6.1,"lcog_geo":"9722497212","year":"2017","com_arm_code":["97224"],"com_code":["97224"],"com_arm_name":["Saint-Joseph"],"com_name":["Saint-Joseph"],"epci_name":["CA du Centre de la Martinique"],"epci_code":["249720061"],"dep_name":["Martinique"],"dep_code":["972"],"reg_name":["Martinique"],"reg_code":["02"]}},{"type":"Feature","geometry":{"coordinates":[[[-61.049947399431524,14.668804078662738],[-61.04993139209749,14.670611322796242],[-61.048074952359784,14.67059573119287],[-61.048090974909,14.668788489063411],[-61.049947399431524,14.668804078662738]]],"type":"Polygon"},"properties":{"geo_point_2d":{"lon":-61.0490111798491,"lat":14.669699906665851},"idcar_200m":"CRS5490RES200mN1622600E710000","i_est_200":0,"idcar_1km":"CRS5490RES1000mN1622000E710000","i_est_1km":0,"idcar_nat":"CRS5490RES1000mN1622000E710000","groupe":1019879,"pop_carr":38.0,"men_1ind":10.0,"men_5ind":1.0,"men_prop":14.0,"men_fmp":2.0,"ind_snv":667350.7,"men_surf":1476.5,"men_coll":5.0,"men_mais":15.0,"log_av45":0.0,"log_45_70":7.0,"log_70_90":2.0,"log_ap_90":9.0,"log_inc":2.0,"log_soc":0.0,"ind_0_3":2.0,"ind_4_5":0.0,"ind_6_10":1.0,"ind_11_17":3.0,"ind_18_24":1.0,"ind_25_39":3.0,"ind_40_54":12.0,"ind_55_64":3.0,"ind_65_79":7.0,"ind_80p":6.0,"ind_inc":0.0,"men_pauv":5.0,"men":20.0,"lcog_geo":"97224","year":"2017","com_arm_code":["97224"],"com_code":["97224"],"com_arm_name":["Saint-Joseph"],"com_name":["Saint-Joseph"],"epci_name":["CA du Centre de la Martinique"],"epci_code":["249720061"],"dep_name":["Martinique"],"dep_code":["972"],"reg_name":["Martinique"],"reg_code":["02"]}},{"type":"Feature","geometry":{"coordinates":[[[-61.048026871550334,14.67601745579469],[-61.04801084022631,14.677824696733019],[-61.04615434180089,14.677809082291443],[-61.04617038834836,14.6760018433592],[-61.048026871550334,14.67601745579469]]],"type":"Polygon"},"properties":{"geo_point_2d":{"lon":-61.04709061063125,"lat":14.676913270782256},"idcar_200m":"CRS5490RES200mN1623400E710200","i_est_200":1,"idcar_1km":"CRS5490RES1000mN1623000E710000","i_est_1km":0,"idcar_nat":"CRS5490RES1000mN1623000E710000","groupe":1019867,"pop_carr":9.0,"men_1ind":1.8,"men_5ind":0.2,"men_prop":3.2,"men_fmp":0.6,"ind_snv":205544.2,"men_surf":401.7,"men_coll":0.5,"men_mais":3.8,"log_av45":0.2,"log_45_70":0.5,"log_70_90":1.2,"log_ap_90":2.2,"log_inc":0.2,"log_soc":0.0,"ind_0_3":0.1,"ind_4_5":0.2,"ind_6_10":0.4,"ind_11_17":0.8,"ind_18_24":0.3,"ind_25_39":1.0,"ind_40_54":1.9,"ind_55_64":2.1,"ind_65_79":1.6,"ind_80p":0.6,"ind_inc":0.0,"men_pauv":1.4,"men":4.3,"lcog_geo":"97224","year":"2017","com_arm_code":["97224"],"com_code":["97224"],"com_arm_name":["Saint-Joseph"],"com_name":["Saint-Joseph"],"epci_name":["CA du Centre de la Martinique"],"epci_code":["249720061"],"dep_name":["Martinique"],"dep_code":["972"],"reg_name":["Martinique"],"reg_code":["02"]}},{"type":"Feature","geometry":{"coordinates":[[[-61.05007537922038,14.654346114881623],[-61.05005938941519,14.656153361395496],[-61.048203071340744,14.656137785823608],[-61.04821907634445,14.654330541313529],[-61.05007537922038,14.654346114881623]]],"type":"Polygon"},"properties":{"geo_point_2d":{"lon":-61.04913922922986,"lat":14.655241952089325},"idcar_200m":"CRS5490RES200mN1621000E710000","i_est_200":1,"idcar_1km":"CRS5490RES1000mN1621000E710000","i_est_1km":0,"idcar_nat":"CRS5490RES1000mN1621000E710000","groupe":1019634,"pop_carr":5.0,"men_1ind":0.9,"men_5ind":0.1,"men_prop":1.8,"men_fmp":0.3,"ind_snv":140292.7,"men_surf":245.9,"men_coll":0.7,"men_mais":1.7,"log_av45":0.0,"log_45_70":0.3,"log_70_90":0.7,"log_ap_90":1.3,"log_inc":0.1,"log_soc":0.0,"ind_0_3":0.1,"ind_4_5":0.1,"ind_6_10":0.1,"ind_11_17":0.5,"ind_18_24":0.2,"ind_25_39":0.6,"ind_40_54":0.6,"ind_55_64":1.2,"ind_65_79":1.1,"ind_80p":0.5,"ind_inc":0.0,"men_pauv":0.5,"men":2.4,"lcog_geo":"97224","year":"2017","com_arm_code":["97224"],"com_code":["97224"],"com_arm_name":["Saint-Joseph"],"com_name":["Saint-Joseph"],"epci_name":["CA du Centre de la Martinique"],"epci_code":["249720061"],"dep_name":["Martinique"],"dep_code":["972"],"reg_name":["Martinique"],"reg_code":["02"]}},{"type":"Feature","geometry":{"coordinates":[[[-61.04617038834836,14.6760018433592],[-61.04615434180089,14.677809082291443],[-61.04429784557148,14.677793453028247],[-61.0443139073423,14.67598621610398],[-61.04617038834836,14.6760018433592]]],"type":"Polygon"},"properties":{"geo_point_2d":{"lon":-61.04523412091569,"lat":14.676897649933386},"idcar_200m":"CRS5490RES200mN1623400E710400","i_est_200":1,"idcar_1km":"CRS5490RES1000mN1623000E710000","i_est_1km":0,"idcar_nat":"CRS5490RES1000mN1623000E710000","groupe":1019867,"pop_carr":18.0,"men_1ind":3.6,"men_5ind":0.4,"men_prop":6.5,"men_fmp":1.2,"ind_snv":411088.4,"men_surf":803.3,"men_coll":1.0,"men_mais":7.6,"log_av45":0.4,"log_45_70":1.0,"log_70_90":2.3,"log_ap_90":4.5,"log_inc":0.4,"log_soc":0.0,"ind_0_3":0.2,"ind_4_5":0.4,"ind_6_10":0.9,"ind_11_17":1.5,"ind_18_24":0.7,"ind_25_39":2.0,"ind_40_54":3.8,"ind_55_64":4.2,"ind_65_79":3.1,"ind_80p":1.2,"ind_inc":0.0,"men_pauv":2.7,"men":8.6,"lcog_geo":"97224","year":"2017","com_arm_code":["97224"],"com_code":["97224"],"com_arm_name":["Saint-Joseph"],"com_name":["Saint-Joseph"],"epci_name":["CA du Centre de la Martinique"],"epci_code":["249720061"],"dep_name":["Martinique"],"dep_code":["972"],"reg_name":["Martinique"],"reg_code":["02"]}},{"type":"Feature","geometry":{"coordinates":[[[-61.05916581675966,14.676110819189216],[-61.05914987677806,14.677918072124019],[-61.057293365220424,14.677902546613822],[-61.05730932042596,14.676095295673676],[-61.05916581675966,14.676110819189216]]],"type":"Polygon"},"properties":{"geo_point_2d":{"lon":-61.058229594944954,"lat":14.677006684637863},"idcar_200m":"CRS5490RES200mN1623400E709000","i_est_200":1,"idcar_1km":"CRS5490RES1000mN1623000E709000","i_est_1km":0,"idcar_nat":"CRS5490RES1000mN1623000E709000","groupe":1019859,"pop_carr":13.0,"men_1ind":2.1,"men_5ind":0.3,"men_prop":4.4,"men_fmp":1.3,"ind_snv":232707.8,"men_surf":540.4,"men_coll":0.4,"men_mais":5.3,"log_av45":0.1,"log_45_70":0.9,"log_70_90":0.7,"log_ap_90":3.7,"log_inc":0.3,"log_soc":0.0,"ind_0_3":0.3,"ind_4_5":0.3,"ind_6_10":0.8,"ind_11_17":0.9,"ind_18_24":0.8,"ind_25_39":1.0,"ind_40_54":3.1,"ind_55_64":2.4,"ind_65_79":2.3,"ind_80p":1.1,"ind_inc":0.0,"men_pauv":2.3,"men":5.7,"lcog_geo":"97224","year":"2017","com_arm_code":["97224"],"com_code":["97224"],"com_arm_name":["Saint-Joseph"],"com_name":["Saint-Joseph"],"epci_name":["CA du Centre de la Martinique"],"epci_code":["249720061"],"dep_name":["Martinique"],"dep_code":["972"],"reg_name":["Martinique"],"reg_code":["02"]}},{"type":"Feature","geometry":{"coordinates":[[[-61.01469200478459,14.666698137441267],[-61.01467571060747,14.668505343470612],[-61.01281932811725,14.668489472453608],[-61.01283563750586,14.66668226846445],[-61.01469200478459,14.666698137441267]]],"type":"Polygon"},"properties":{"geo_point_2d":{"lon":-61.01375567040614,"lat":14.667593806694326},"idcar_200m":"CRS5490RES200mN1622400E713800","i_est_200":1,"idcar_1km":"CRS5490RES1000mN1622000E713000","i_est_1km":0,"idcar_nat":"CRS5490RES1000mN1622000E713000","groupe":1019908,"pop_carr":15.0,"men_1ind":2.5,"men_5ind":0.4,"men_prop":5.1,"men_fmp":0.9,"ind_snv":341833.8,"men_surf":657.3,"men_coll":2.1,"men_mais":4.8,"log_av45":0.1,"log_45_70":1.1,"log_70_90":2.1,"log_ap_90":3.3,"log_inc":0.3,"log_soc":0.0,"ind_0_3":0.6,"ind_4_5":0.1,"ind_6_10":0.6,"ind_11_17":0.8,"ind_18_24":0.9,"ind_25_39":0.9,"ind_40_54":3.5,"ind_55_64":1.8,"ind_65_79":4.0,"ind_80p":1.8,"ind_inc":0.0,"men_pauv":1.9,"men":6.9,"lcog_geo":"97224","year":"2017","com_arm_code":["97224"],"com_code":["97224"],"com_arm_name":["Saint-Joseph"],"com_name":["Saint-Joseph"],"epci_name":["CA du Centre de la Martinique"],"epci_code":["249720061"],"dep_name":["Martinique"],"dep_code":["972"],"reg_name":["Martinique"],"reg_code":["02"]}},{"type":"Feature","geometry":{"coordinates":[[[-61.00534469635813,14.673847425917337],[-61.005328317158444,14.675654620532779],[-61.003471884989295,14.675638667264211],[-61.00348827940835,14.673831474698606],[-61.00534469635813,14.673847425917337]]],"type":"Polygon"},"properties":{"geo_point_2d":{"lon":-61.0044082946316,"lat":14.674743048340703},"idcar_200m":"CRS5490RES200mN1623200E714800","i_est_200":1,"idcar_1km":"CRS5490RES1000mN1623000E714000","i_est_1km":0,"idcar_nat":"CRS5490RES2000mN1622000E714000","groupe":1019944,"pop_carr":18.0,"men_1ind":2.8,"men_5ind":1.2,"men_prop":4.0,"men_fmp":0.9,"ind_snv":368288.9,"men_surf":566.6,"men_coll":0.8,"men_mais":6.4,"log_av45":0.5,"log_45_70":0.5,"log_70_90":2.3,"log_ap_90":2.8,"log_inc":1.1,"log_soc":0.0,"ind_0_3":0.6,"ind_4_5":0.3,"ind_6_10":1.3,"ind_11_17":1.9,"ind_18_24":1.2,"ind_25_39":2.5,"ind_40_54":4.1,"ind_55_64":2.5,"ind_65_79":2.0,"ind_80p":1.6,"ind_inc":0.0,"men_pauv":1.7,"men":7.2,"lcog_geo":"97224","year":"2017","com_arm_code":["97224"],"com_code":["97224"],"com_arm_name":["Saint-Joseph"],"com_name":["Saint-Joseph"],"epci_name":["CA du Centre de la Martinique"],"epci_code":["249720061"],"dep_name":["Martinique"],"dep_code":["972"],"reg_name":["Martinique"],"reg_code":["02"]}},{"type":"Feature","geometry":{"coordinates":[[[-61.0295591934192,14.665017333550937],[-61.02954302315126,14.666824556131205],[-61.027686638083786,14.666808805627273],[-61.027702823561825,14.665001585071924],[-61.0295591934192,14.665017333550937]]],"type":"Polygon"},"properties":{"geo_point_2d":{"lon":-61.02862291970523,"lat":14.665913071332032},"idcar_200m":"CRS5490RES200mN1622200E712200","i_est_200":1,"idcar_1km":"CRS5490RES1000mN1622000E712000","i_est_1km":0,"idcar_nat":"CRS5490RES1000mN1622000E712000","groupe":1019921,"pop_carr":28.0,"men_1ind":3.8,"men_5ind":0.8,"men_prop":9.2,"men_fmp":1.3,"ind_snv":501802.1,"men_surf":1046.6,"men_coll":2.3,"men_mais":9.7,"log_av45":0.0,"log_45_70":2.0,"log_70_90":2.1,"log_ap_90":7.1,"log_inc":0.8,"log_soc":0.0,"ind_0_3":0.5,"ind_4_5":0.7,"ind_6_10":1.3,"ind_11_17":1.3,"ind_18_24":1.3,"ind_25_39":4.6,"ind_40_54":6.1,"ind_55_64":4.8,"ind_65_79":5.6,"ind_80p":1.8,"ind_inc":0.0,"men_pauv":6.1,"men":12.0,"lcog_geo":"97224","year":"2017","com_arm_code":["97224"],"com_code":["97224"],"com_arm_name":["Saint-Joseph"],"com_name":["Saint-Joseph"],"epci_name":["CA du Centre de la Martinique"],"epci_code":["249720061"],"dep_name":["Martinique"],"dep_code":["972"],"reg_name":["Martinique"],"reg_code":["02"]}},{"type":"Feature","geometry":{"coordinates":[[[-61.02394143614242,14.670391692296628],[-61.0239252135828,14.67219890790208],[-61.022068789528504,14.672183106878116],[-61.0220850273042,14.670375893303394],[-61.02394143614242,14.670391692296628]]],"type":"Polygon"},"properties":{"geo_point_2d":{"lon":-61.02300511679112,"lat":14.671287401332224},"idcar_200m":"CRS5490RES200mN1622800E712800","i_est_200":1,"idcar_1km":"CRS5490RES1000mN1622000E712000","i_est_1km":0,"idcar_nat":"CRS5490RES1000mN1622000E712000","groupe":1019921,"pop_carr":3.0,"men_1ind":0.4,"men_5ind":0.1,"men_prop":1.0,"men_fmp":0.1,"ind_snv":53764.5,"men_surf":112.1,"men_coll":0.3,"men_mais":1.0,"log_av45":0.0,"log_45_70":0.2,"log_70_90":0.2,"log_ap_90":0.8,"log_inc":0.1,"log_soc":0.0,"ind_0_3":0.1,"ind_4_5":0.1,"ind_6_10":0.1,"ind_11_17":0.1,"ind_18_24":0.1,"ind_25_39":0.5,"ind_40_54":0.7,"ind_55_64":0.5,"ind_65_79":0.6,"ind_80p":0.2,"ind_inc":0.0,"men_pauv":0.7,"men":1.3,"lcog_geo":"97224","year":"2017","com_arm_code":["97224"],"com_code":["97224"],"com_arm_name":["Saint-Joseph"],"com_name":["Saint-Joseph"],"epci_name":["CA du Centre de la Martinique"],"epci_code":["249720061"],"dep_name":["Martinique"],"dep_code":["972"],"reg_name":["Martinique"],"reg_code":["02"]}},{"type":"Feature","geometry":{"coordinates":[[[-61.03323965786924,14.668663239037068],[-61.03322351360152,14.670470465065618],[-61.03136709368091,14.670454740138377],[-61.03138325316305,14.668647516131019],[-61.03323965786924,14.668663239037068]]],"type":"Polygon"},"properties":{"geo_point_2d":{"lon":-61.03230337972962,"lat":14.66955899133004},"idcar_200m":"CRS5490RES200mN1622600E711800","i_est_200":1,"idcar_1km":"CRS5490RES1000mN1622000E711000","i_est_1km":0,"idcar_nat":"CRS5490RES1000mN1622000E711000","groupe":1019897,"pop_carr":25.0,"men_1ind":4.7,"men_5ind":1.4,"men_prop":7.5,"men_fmp":1.8,"ind_snv":612359.4,"men_surf":1010.8,"men_coll":4.3,"men_mais":6.4,"log_av45":0.3,"log_45_70":1.4,"log_70_90":0.9,"log_ap_90":6.6,"log_inc":1.5,"log_soc":0.0,"ind_0_3":1.1,"ind_4_5":0.5,"ind_6_10":2.2,"ind_11_17":1.8,"ind_18_24":1.9,"ind_25_39":3.8,"ind_40_54":4.6,"ind_55_64":3.9,"ind_65_79":4.1,"ind_80p":1.1,"ind_inc":0.0,"men_pauv":2.6,"men":10.7,"lcog_geo":"97224","year":"2017","com_arm_code":["97224"],"com_code":["97224"],"com_arm_name":["Saint-Joseph"],"com_name":["Saint-Joseph"],"epci_name":["CA du Centre de la Martinique"],"epci_code":["249720061"],"dep_name":["Martinique"],"dep_code":["972"],"reg_name":["Martinique"],"reg_code":["02"]}},{"type":"Feature","geometry":{"coordinates":[[[-61.0387927866164,14.670517550966357],[-61.03877668578849,14.67232478274913],[-61.036920244026675,14.672309100246956],[-61.036936360071344,14.670501870479685],[-61.0387927866164,14.670517550966357]]],"type":"Polygon"},"properties":{"geo_point_2d":{"lon":-61.03785651927622,"lat":14.671413327347715},"idcar_200m":"CRS5490RES200mN1622800E711200","i_est_200":0,"idcar_1km":"CRS5490RES1000mN1622000E711000","i_est_1km":0,"idcar_nat":"CRS5490RES1000mN1622000E711000","groupe":1019907,"pop_carr":138.0,"men_1ind":38.0,"men_5ind":3.0,"men_prop":25.0,"men_fmp":20.0,"ind_snv":2174402.6,"men_surf":5165.7,"men_coll":43.0,"men_mais":30.0,"log_av45":2.0,"log_45_70":12.0,"log_70_90":10.0,"log_ap_90":44.0,"log_inc":5.0,"log_soc":12.0,"ind_0_3":4.0,"ind_4_5":4.0,"ind_6_10":7.0,"ind_11_17":15.0,"ind_18_24":9.0,"ind_25_39":20.0,"ind_40_54":29.0,"ind_55_64":17.0,"ind_65_79":24.0,"ind_80p":9.0,"ind_inc":0.0,"men_pauv":30.0,"men":73.0,"lcog_geo":"97224","year":"2017","com_arm_code":["97224"],"com_code":["97224"],"com_arm_name":["Saint-Joseph"],"com_name":["Saint-Joseph"],"epci_name":["CA du Centre de la Martinique"],"epci_code":["249720061"],"dep_name":["Martinique"],"dep_code":["972"],"reg_name":["Martinique"],"reg_code":["02"]}},{"type":"Feature","geometry":{"coordinates":[[[-61.02405493188664,14.657741174712253],[-61.024038724869705,14.659548392404023],[-61.02218240728422,14.659532605594494],[-61.022198629502654,14.657725389933242],[-61.02405493188664,14.657741174712253]]],"type":"Polygon"},"properties":{"geo_point_2d":{"lon":-61.02311867353744,"lat":14.65863689189706},"idcar_200m":"CRS5490RES200mN1621400E712800","i_est_200":1,"idcar_1km":"CRS5490RES1000mN1621000E712000","i_est_1km":0,"idcar_nat":"CRS5490RES1000mN1621000E712000","groupe":1019666,"pop_carr":3.0,"men_1ind":0.5,"men_5ind":0.0,"men_prop":0.9,"men_fmp":0.3,"ind_snv":67192.8,"men_surf":130.2,"men_coll":0.4,"men_mais":1.0,"log_av45":0.0,"log_45_70":0.1,"log_70_90":0.3,"log_ap_90":0.9,"log_inc":0.1,"log_soc":0.0,"ind_0_3":0.1,"ind_4_5":0.0,"ind_6_10":0.2,"ind_11_17":0.2,"ind_18_24":0.2,"ind_25_39":0.6,"ind_40_54":0.5,"ind_55_64":0.7,"ind_65_79":0.3,"ind_80p":0.2,"ind_inc":0.0,"men_pauv":0.4,"men":1.4,"lcog_geo":"97224","year":"2017","com_arm_code":["97224"],"com_code":["97224"],"com_arm_name":["Saint-Joseph"],"com_name":["Saint-Joseph"],"epci_name":["CA du Centre de la Martinique"],"epci_code":["249720061"],"dep_name":["Martinique"],"dep_code":["972"],"reg_name":["Martinique"],"reg_code":["02"]}},{"type":"Feature","geometry":{"coordinates":[[[-61.04071353579151,14.663304278475618],[-61.04069745898754,14.665111513463216],[-61.03884107587656,14.66509585383083],[-61.038857167889056,14.663288620856699],[-61.04071353579151,14.663304278475618]]],"type":"Polygon"},"properties":{"geo_point_2d":{"lon":-61.03977730978654,"lat":14.664200067893141},"idcar_200m":"CRS5490RES200mN1622000E711000","i_est_200":1,"idcar_1km":"CRS5490RES1000mN1622000E711000","i_est_1km":0,"idcar_nat":"CRS5490RES1000mN1622000E711000","groupe":1019897,"pop_carr":20.0,"men_1ind":3.8,"men_5ind":1.1,"men_prop":6.0,"men_fmp":1.4,"ind_snv":489887.5,"men_surf":808.7,"men_coll":3.5,"men_mais":5.1,"log_av45":0.2,"log_45_70":1.1,"log_70_90":0.8,"log_ap_90":5.3,"log_inc":1.2,"log_soc":0.0,"ind_0_3":0.9,"ind_4_5":0.4,"ind_6_10":1.7,"ind_11_17":1.5,"ind_18_24":1.5,"ind_25_39":3.0,"ind_40_54":3.7,"ind_55_64":3.1,"ind_65_79":3.3,"ind_80p":0.9,"ind_inc":0.0,"men_pauv":2.1,"men":8.6,"lcog_geo":"97224","year":"2017","com_arm_code":["97224"],"com_code":["97224"],"com_arm_name":["Saint-Joseph"],"com_name":["Saint-Joseph"],"epci_name":["CA du Centre de la Martinique"],"epci_code":["249720061"],"dep_name":["Martinique"],"dep_code":["972"],"reg_name":["Martinique"],"reg_code":["02"]}},{"type":"Feature","geometry":{"coordinates":[[[-61.06475121097455,14.674350041608998],[-61.064735318840405,14.676157300813882],[-61.06287881596896,14.676141821759396],[-61.06289472332523,14.67433456454342],[-61.06475121097455,14.674350041608998]]],"type":"Polygon"},"properties":{"geo_point_2d":{"lon":-61.06381501742579,"lat":14.675245933418948},"idcar_200m":"CRS5490RES200mN1623200E708400","i_est_200":1,"idcar_1km":"CRS5490RES1000mN1623000E708000","i_est_1km":0,"idcar_nat":"CRS5490RES1000mN1623000E708000","groupe":1019849,"pop_carr":21.0,"men_1ind":3.5,"men_5ind":0.5,"men_prop":7.3,"men_fmp":1.5,"ind_snv":386850.6,"men_surf":776.1,"men_coll":0.8,"men_mais":8.7,"log_av45":0.0,"log_45_70":2.0,"log_70_90":1.5,"log_ap_90":5.6,"log_inc":0.4,"log_soc":0.0,"ind_0_3":0.1,"ind_4_5":0.0,"ind_6_10":0.3,"ind_11_17":1.7,"ind_18_24":1.0,"ind_25_39":2.4,"ind_40_54":5.2,"ind_55_64":5.5,"ind_65_79":3.4,"ind_80p":1.3,"ind_inc":0.1,"men_pauv":3.2,"men":9.5,"lcog_geo":"97224","year":"2017","com_arm_code":["97224"],"com_code":["97224"],"com_arm_name":["Saint-Joseph"],"com_name":["Saint-Joseph"],"epci_name":["CA du Centre de la Martinique"],"epci_code":["249720061"],"dep_name":["Martinique"],"dep_code":["972"],"reg_name":["Martinique"],"reg_code":["02"]}},{"type":"Feature","geometry":{"coordinates":[[[-61.02939739108936,14.68308954594043],[-61.02938119867531,14.684896765539358],[-61.02752466139241,14.684880994784427],[-61.02754086903738,14.683073777210742],[-61.02939739108936,14.68308954594043]]],"type":"Polygon"},"properties":{"geo_point_2d":{"lon":-61.028461030199814,"lat":14.683985272107027},"idcar_200m":"CRS5490RES200mN1624200E712200","i_est_200":1,"idcar_1km":"CRS5490RES1000mN1624000E712000","i_est_1km":0,"idcar_nat":"CRS5490RES1000mN1624000E712000","groupe":1020081,"pop_carr":15.0,"men_1ind":2.0,"men_5ind":0.7,"men_prop":4.5,"men_fmp":1.2,"ind_snv":288095.5,"men_surf":520.8,"men_coll":0.7,"men_mais":5.6,"log_av45":0.1,"log_45_70":1.2,"log_70_90":1.5,"log_ap_90":3.3,"log_inc":0.2,"log_soc":0.0,"ind_0_3":0.3,"ind_4_5":0.4,"ind_6_10":0.4,"ind_11_17":1.4,"ind_18_24":0.9,"ind_25_39":1.8,"ind_40_54":2.8,"ind_55_64":3.4,"ind_65_79":2.5,"ind_80p":1.0,"ind_inc":0.1,"men_pauv":2.3,"men":6.3,"lcog_geo":"97224","year":"2017","com_arm_code":["97224"],"com_code":["97224"],"com_arm_name":["Saint-Joseph"],"com_name":["Saint-Joseph"],"epci_name":["CA du Centre de la Martinique"],"epci_code":["249720061"],"dep_name":["Martinique"],"dep_code":["972"],"reg_name":["Martinique"],"reg_code":["02"]}},{"type":"Feature","geometry":{"coordinates":[[[-61.06087891399361,14.692391611514308],[-61.060862969619,14.69419886376182],[-61.059006318769875,14.694183335137641],[-61.05902227838726,14.692376084883167],[-61.06087891399361,14.692391611514308]]],"type":"Polygon"},"properties":{"geo_point_2d":{"lon":-61.059942620341225,"lat":14.693287475063347},"idcar_200m":"CRS5490RES200mN1625200E708800","i_est_200":1,"idcar_1km":"CRS5490RES1000mN1625000E708000","i_est_1km":1,"idcar_nat":"CRS5490RES8000mN1624000E704000","groupe":174613,"pop_carr":3.0,"men_1ind":0.4,"men_5ind":0.1,"men_prop":1.2,"men_fmp":0.2,"ind_snv":49741.9,"men_surf":118.7,"men_coll":0.1,"men_mais":1.3,"log_av45":0.0,"log_45_70":0.1,"log_70_90":0.0,"log_ap_90":1.3,"log_inc":0.0,"log_soc":0.0,"ind_0_3":0.0,"ind_4_5":0.0,"ind_6_10":0.1,"ind_11_17":0.0,"ind_18_24":0.1,"ind_25_39":0.3,"ind_40_54":1.5,"ind_55_64":0.8,"ind_65_79":0.2,"ind_80p":0.0,"ind_inc":0.0,"men_pauv":0.7,"men":1.4,"lcog_geo":"97224","year":"2017","com_arm_code":["97224"],"com_code":["97224"],"com_arm_name":["Saint-Joseph"],"com_name":["Saint-Joseph"],"epci_name":["CA du Centre de la Martinique"],"epci_code":["249720061"],"dep_name":["Martinique"],"dep_code":["972"],"reg_name":["Martinique"],"reg_code":["02"]}},{"type":"Feature","geometry":{"coordinates":[[[-61.05005938941519,14.656153361395496],[-61.050043397419195,14.657960607611948],[-61.04818706414413,14.657945030036235],[-61.048203071340744,14.656137785823608],[-61.05005938941519,14.656153361395496]]],"type":"Polygon"},"properties":{"geo_point_2d":{"lon":-61.04912323072948,"lat":14.657049197452743},"idcar_200m":"CRS5490RES200mN1621200E710000","i_est_200":0,"idcar_1km":"CRS5490RES1000mN1621000E710000","i_est_1km":0,"idcar_nat":"CRS5490RES1000mN1621000E710000","groupe":1019639,"pop_carr":43.5,"men_1ind":3.0,"men_5ind":1.0,"men_prop":12.0,"men_fmp":3.0,"ind_snv":976059.9,"men_surf":1210.8,"men_coll":3.0,"men_mais":13.0,"log_av45":0.0,"log_45_70":5.0,"log_70_90":8.0,"log_ap_90":1.0,"log_inc":2.0,"log_soc":0.0,"ind_0_3":2.0,"ind_4_5":0.0,"ind_6_10":3.0,"ind_11_17":3.0,"ind_18_24":2.5,"ind_25_39":3.0,"ind_40_54":9.0,"ind_55_64":6.0,"ind_65_79":11.0,"ind_80p":4.0,"ind_inc":0.0,"men_pauv":2.0,"men":16.0,"lcog_geo":"97224","year":"2017","com_arm_code":["97224"],"com_code":["97224"],"com_arm_name":["Saint-Joseph"],"com_name":["Saint-Joseph"],"epci_name":["CA du Centre de la Martinique"],"epci_code":["249720061"],"dep_name":["Martinique"],"dep_code":["972"],"reg_name":["Martinique"],"reg_code":["02"]}},{"type":"Feature","geometry":{"coordinates":[[[-61.05548476057808,14.672465258557686],[-61.05546879451959,14.674272508096651],[-61.0536123177765,14.674256956939233],[-61.053628299054616,14.672449709398663],[-61.05548476057808,14.672465258557686]]],"type":"Polygon"},"properties":{"geo_point_2d":{"lon":-61.05454854313142,"lat":14.673361109485414},"idcar_200m":"CRS5490RES200mN1623000E709400","i_est_200":1,"idcar_1km":"CRS5490RES1000mN1623000E709000","i_est_1km":0,"idcar_nat":"CRS5490RES1000mN1623000E709000","groupe":1019859,"pop_carr":1.0,"men_1ind":0.2,"men_5ind":0.0,"men_prop":0.3,"men_fmp":0.1,"ind_snv":17900.6,"men_surf":41.6,"men_coll":0.0,"men_mais":0.4,"log_av45":0.0,"log_45_70":0.1,"log_70_90":0.0,"log_ap_90":0.3,"log_inc":0.0,"log_soc":0.0,"ind_0_3":0.0,"ind_4_5":0.0,"ind_6_10":0.0,"ind_11_17":0.1,"ind_18_24":0.1,"ind_25_39":0.1,"ind_40_54":0.2,"ind_55_64":0.2,"ind_65_79":0.2,"ind_80p":0.1,"ind_inc":0.0,"men_pauv":0.2,"men":0.4,"lcog_geo":"97224","year":"2017","com_arm_code":["97224"],"com_code":["97224"],"com_arm_name":["Saint-Joseph"],"com_name":["Saint-Joseph"],"epci_name":["CA du Centre de la Martinique"],"epci_code":["249720061"],"dep_name":["Martinique"],"dep_code":["972"],"reg_name":["Martinique"],"reg_code":["02"]}},{"type":"Feature","geometry":{"coordinates":[[[-61.00161545506395,14.675622699177794],[-61.0015990431797,14.677429889393027],[-60.999742600278964,14.677413904435165],[-60.99975902738449,14.675606716273593],[-61.00161545506395,14.675622699177794]]],"type":"Polygon"},"properties":{"geo_point_2d":{"lon":-61.00067903163012,"lat":14.67651830355752},"idcar_200m":"CRS5490RES200mN1623400E715200","i_est_200":1,"idcar_1km":"CRS5490RES1000mN1623000E715000","i_est_1km":0,"idcar_nat":"CRS5490RES2000mN1622000E714000","groupe":1019940,"pop_carr":19.0,"men_1ind":2.1,"men_5ind":0.6,"men_prop":6.8,"men_fmp":1.3,"ind_snv":360312.9,"men_surf":749.7,"men_coll":0.0,"men_mais":8.0,"log_av45":0.2,"log_45_70":1.1,"log_70_90":2.1,"log_ap_90":4.2,"log_inc":0.4,"log_soc":0.0,"ind_0_3":0.2,"ind_4_5":0.2,"ind_6_10":1.5,"ind_11_17":1.7,"ind_18_24":0.4,"ind_25_39":1.0,"ind_40_54":5.7,"ind_55_64":3.4,"ind_65_79":3.4,"ind_80p":1.5,"ind_inc":0.0,"men_pauv":1.9,"men":8.0,"lcog_geo":"97224","year":"2017","com_arm_code":["97224"],"com_code":["97224"],"com_arm_name":["Saint-Joseph"],"com_name":["Saint-Joseph"],"epci_name":["CA du Centre de la Martinique"],"epci_code":["249720061"],"dep_name":["Martinique"],"dep_code":["972"],"reg_name":["Martinique"],"reg_code":["02"]}},{"type":"Feature","geometry":{"coordinates":[[[-61.03884107587656,14.66509585383083],[-61.038824981660355,14.666903086507174],[-61.03696858554259,14.666887410051409],[-61.03698469496931,14.665080179390474],[-61.03884107587656,14.66509585383083]]],"type":"Polygon"},"properties":{"geo_point_2d":{"lon":-61.037904834662704,"lat":14.665991633681676},"idcar_200m":"CRS5490RES200mN1622200E711200","i_est_200":1,"idcar_1km":"CRS5490RES1000mN1622000E711000","i_est_1km":0,"idcar_nat":"CRS5490RES1000mN1622000E711000","groupe":1019897,"pop_carr":8.0,"men_1ind":1.5,"men_5ind":0.4,"men_prop":2.4,"men_fmp":0.6,"ind_snv":195955.0,"men_surf":323.5,"men_coll":1.4,"men_mais":2.0,"log_av45":0.1,"log_45_70":0.4,"log_70_90":0.3,"log_ap_90":2.1,"log_inc":0.5,"log_soc":0.0,"ind_0_3":0.3,"ind_4_5":0.2,"ind_6_10":0.7,"ind_11_17":0.6,"ind_18_24":0.6,"ind_25_39":1.2,"ind_40_54":1.5,"ind_55_64":1.3,"ind_65_79":1.3,"ind_80p":0.3,"ind_inc":0.0,"men_pauv":0.8,"men":3.4,"lcog_geo":"97224","year":"2017","com_arm_code":["97224"],"com_code":["97224"],"com_arm_name":["Saint-Joseph"],"com_name":["Saint-Joseph"],"epci_name":["CA du Centre de la Martinique"],"epci_code":["249720061"],"dep_name":["Martinique"],"dep_code":["972"],"reg_name":["Martinique"],"reg_code":["02"]}},{"type":"Feature","geometry":{"coordinates":[[[-61.02016359537223,14.677588923875957],[-61.020147333480445,14.679396134224872],[-61.01829085298941,14.679380295432788],[-61.01830713010543,14.677573087118533],[-61.02016359537223,14.677588923875957]]],"type":"Polygon"},"properties":{"geo_point_2d":{"lon":-61.01922722813879,"lat":14.67848461140084},"idcar_200m":"CRS5490RES200mN1623600E713200","i_est_200":0,"idcar_1km":"CRS5490RES1000mN1623000E713000","i_est_1km":0,"idcar_nat":"CRS5490RES1000mN1623000E713000","groupe":1019937,"pop_carr":485.5,"men_1ind":63.0,"men_5ind":14.0,"men_prop":5.0,"men_fmp":84.0,"ind_snv":7104991.5,"men_surf":14756.0,"men_coll":201.0,"men_mais":0.0,"log_av45":7.0,"log_45_70":0.0,"log_70_90":0.0,"log_ap_90":188.0,"log_inc":6.0,"log_soc":196.0,"ind_0_3":33.0,"ind_4_5":22.5,"ind_6_10":42.0,"ind_11_17":60.0,"ind_18_24":49.0,"ind_25_39":87.0,"ind_40_54":104.0,"ind_55_64":60.0,"ind_65_79":26.0,"ind_80p":2.0,"ind_inc":0.0,"men_pauv":84.0,"men":201.0,"lcog_geo":"97224","year":"2017","com_arm_code":["97224"],"com_code":["97224"],"com_arm_name":["Saint-Joseph"],"com_name":["Saint-Joseph"],"epci_name":["CA du Centre de la Martinique"],"epci_code":["249720061"],"dep_name":["Martinique"],"dep_code":["972"],"reg_name":["Martinique"],"reg_code":["02"]}},{"type":"Feature","geometry":{"coordinates":[[[-61.022198629502654,14.657725389933242],[-61.02218240728422,14.659532605594494],[-61.02032609192094,14.659516803983442],[-61.0203423293408,14.657709590354596],[-61.022198629502654,14.657725389933242]]],"type":"Polygon"},"properties":{"geo_point_2d":{"lon":-61.02126236466394,"lat":14.658621098702499},"idcar_200m":"CRS5490RES200mN1621400E713000","i_est_200":0,"idcar_1km":"CRS5490RES1000mN1621000E713000","i_est_1km":0,"idcar_nat":"CRS5490RES1000mN1621000E713000","groupe":1019685,"pop_carr":41.0,"men_1ind":7.0,"men_5ind":0.0,"men_prop":11.0,"men_fmp":6.0,"ind_snv":687388.7,"men_surf":1467.5,"men_coll":4.0,"men_mais":14.0,"log_av45":0.0,"log_45_70":2.0,"log_70_90":2.0,"log_ap_90":13.0,"log_inc":1.0,"log_soc":0.0,"ind_0_3":2.0,"ind_4_5":2.0,"ind_6_10":2.0,"ind_11_17":3.0,"ind_18_24":5.0,"ind_25_39":9.0,"ind_40_54":10.0,"ind_55_64":3.0,"ind_65_79":5.0,"ind_80p":0.0,"ind_inc":0.0,"men_pauv":7.0,"men":18.0,"lcog_geo":"97224","year":"2017","com_arm_code":["97224"],"com_code":["97224"],"com_arm_name":["Saint-Joseph"],"com_name":["Saint-Joseph"],"epci_name":["CA du Centre de la Martinique"],"epci_code":["249720061"],"dep_name":["Martinique"],"dep_code":["972"],"reg_name":["Martinique"],"reg_code":["02"]}},{"type":"Feature","geometry":{"coordinates":[[[-61.02586265439039,14.663178602958896],[-61.02584645592065,14.664985821785425],[-61.02399009049779,14.664970043691518],[-61.02400630417536,14.663162826893688],[-61.02586265439039,14.663178602958896]]],"type":"Polygon"},"properties":{"geo_point_2d":{"lon":-61.024926376397545,"lat":14.664074325068917},"idcar_200m":"CRS5490RES200mN1622000E712600","i_est_200":1,"idcar_1km":"CRS5490RES1000mN1622000E712000","i_est_1km":0,"idcar_nat":"CRS5490RES1000mN1622000E712000","groupe":1019921,"pop_carr":1.0,"men_1ind":0.1,"men_5ind":0.0,"men_prop":0.3,"men_fmp":0.0,"ind_snv":17921.5,"men_surf":37.4,"men_coll":0.1,"men_mais":0.3,"log_av45":0.0,"log_45_70":0.1,"log_70_90":0.1,"log_ap_90":0.2,"log_inc":0.0,"log_soc":0.0,"ind_0_3":0.0,"ind_4_5":0.0,"ind_6_10":0.0,"ind_11_17":0.0,"ind_18_24":0.1,"ind_25_39":0.2,"ind_40_54":0.2,"ind_55_64":0.2,"ind_65_79":0.2,"ind_80p":0.1,"ind_inc":0.0,"men_pauv":0.2,"men":0.4,"lcog_geo":"97224","year":"2017","com_arm_code":["97224"],"com_code":["97224"],"com_arm_name":["Saint-Joseph"],"com_name":["Saint-Joseph"],"epci_name":["CA du Centre de la Martinique"],"epci_code":["249720061"],"dep_name":["Martinique"],"dep_code":["972"],"reg_name":["Martinique"],"reg_code":["02"]}},{"type":"Feature","geometry":{"coordinates":[[[-61.01654837429421,14.666713991609255],[-61.01653209532865,14.668521199676874],[-61.01467571060747,14.668505343470612],[-61.01469200478459,14.666698137441267],[-61.01654837429421,14.666713991609255]]],"type":"Polygon"},"properties":{"geo_point_2d":{"lon":-61.01561204640594,"lat":14.667609669286346},"idcar_200m":"CRS5490RES200mN1622400E713600","i_est_200":1,"idcar_1km":"CRS5490RES1000mN1622000E713000","i_est_1km":0,"idcar_nat":"CRS5490RES1000mN1622000E713000","groupe":1019908,"pop_carr":7.0,"men_1ind":1.2,"men_5ind":0.2,"men_prop":2.4,"men_fmp":0.4,"ind_snv":159522.4,"men_surf":306.7,"men_coll":1.0,"men_mais":2.2,"log_av45":0.1,"log_45_70":0.5,"log_70_90":1.0,"log_ap_90":1.5,"log_inc":0.1,"log_soc":0.0,"ind_0_3":0.3,"ind_4_5":0.1,"ind_6_10":0.3,"ind_11_17":0.4,"ind_18_24":0.4,"ind_25_39":0.4,"ind_40_54":1.6,"ind_55_64":0.8,"ind_65_79":1.9,"ind_80p":0.8,"ind_inc":0.0,"men_pauv":0.9,"men":3.2,"lcog_geo":"97224","year":"2017","com_arm_code":["97224"],"com_code":["97224"],"com_arm_name":["Saint-Joseph"],"com_name":["Saint-Joseph"],"epci_name":["CA du Centre de la Martinique"],"epci_code":["249720061"],"dep_name":["Martinique"],"dep_code":["972"],"reg_name":["Martinique"],"reg_code":["02"]}},{"type":"Feature","geometry":{"coordinates":[[[-61.04449044177258,14.656106590283356],[-61.04447440417498,14.657913830482624],[-61.042618077485066,14.657898208504875],[-61.04263413028304,14.65609097031515],[-61.04449044177258,14.656106590283356]]],"type":"Polygon"},"properties":{"geo_point_2d":{"lon":-61.04355426357901,"lat":14.65700240113242},"idcar_200m":"CRS5490RES200mN1621200E710600","i_est_200":1,"idcar_1km":"CRS5490RES1000mN1621000E710000","i_est_1km":0,"idcar_nat":"CRS5490RES1000mN1621000E710000","groupe":1019634,"pop_carr":11.0,"men_1ind":2.0,"men_5ind":0.2,"men_prop":3.9,"men_fmp":0.6,"ind_snv":308643.9,"men_surf":540.9,"men_coll":1.4,"men_mais":3.9,"log_av45":0.0,"log_45_70":0.6,"log_70_90":1.5,"log_ap_90":3.0,"log_inc":0.2,"log_soc":0.0,"ind_0_3":0.2,"ind_4_5":0.2,"ind_6_10":0.3,"ind_11_17":1.1,"ind_18_24":0.5,"ind_25_39":1.3,"ind_40_54":1.4,"ind_55_64":2.6,"ind_65_79":2.3,"ind_80p":1.1,"ind_inc":0.0,"men_pauv":1.0,"men":5.3,"lcog_geo":"97224","year":"2017","com_arm_code":["97224"],"com_code":["97224"],"com_arm_name":["Saint-Joseph"],"com_name":["Saint-Joseph"],"epci_name":["CA du Centre de la Martinique"],"epci_code":["249720061"],"dep_name":["Martinique"],"dep_code":["972"],"reg_name":["Martinique"],"reg_code":["02"]}},{"type":"Feature","geometry":{"coordinates":[[[-61.059245483949326,14.667074550051238],[-61.059229554873546,14.668881804473916],[-61.05737311941483,14.668866288936673],[-61.05738906370416,14.667059036508485],[-61.059245483949326,14.667074550051238]]],"type":"Polygon"},"properties":{"geo_point_2d":{"lon":-61.05830930563441,"lat":14.667970421229462},"idcar_200m":"CRS5490RES200mN1622400E709000","i_est_200":1,"idcar_1km":"CRS5490RES1000mN1622000E709000","i_est_1km":0,"idcar_nat":"CRS5490RES1000mN1622000E709000","groupe":1019845,"pop_carr":19.0,"men_1ind":3.4,"men_5ind":0.6,"men_prop":6.4,"men_fmp":1.6,"ind_snv":345963.9,"men_surf":772.3,"men_coll":1.5,"men_mais":7.4,"log_av45":0.3,"log_45_70":2.3,"log_70_90":1.3,"log_ap_90":4.1,"log_inc":0.9,"log_soc":0.0,"ind_0_3":0.3,"ind_4_5":0.2,"ind_6_10":0.4,"ind_11_17":1.1,"ind_18_24":1.3,"ind_25_39":1.4,"ind_40_54":4.0,"ind_55_64":4.1,"ind_65_79":4.3,"ind_80p":1.9,"ind_inc":0.0,"men_pauv":3.0,"men":8.9,"lcog_geo":"97224","year":"2017","com_arm_code":["97224"],"com_code":["97224"],"com_arm_name":["Saint-Joseph"],"com_name":["Saint-Joseph"],"epci_name":["CA du Centre de la Martinique"],"epci_code":["249720061"],"dep_name":["Martinique"],"dep_code":["972"],"reg_name":["Martinique"],"reg_code":["02"]}},{"type":"Feature","geometry":{"coordinates":[[[-61.01091396064896,14.673895190677008],[-61.01089762710792,14.675702391430523],[-61.00904118821984,14.675686482616008],[-61.00905753698052,14.67387928390662],[-61.01091396064896,14.673895190677008]]],"type":"Polygon"},"properties":{"geo_point_2d":{"lon":-61.00997757839195,"lat":14.674790838395015},"idcar_200m":"CRS5490RES200mN1623200E714200","i_est_200":0,"idcar_1km":"CRS5490RES1000mN1623000E714000","i_est_1km":0,"idcar_nat":"CRS5490RES2000mN1622000E714000","groupe":1019948,"pop_carr":56.0,"men_1ind":12.0,"men_5ind":2.0,"men_prop":14.0,"men_fmp":6.0,"ind_snv":981853.1,"men_surf":2266.7,"men_coll":5.0,"men_mais":22.0,"log_av45":0.0,"log_45_70":0.0,"log_70_90":0.0,"log_ap_90":3.0,"log_inc":24.0,"log_soc":0.0,"ind_0_3":5.0,"ind_4_5":3.0,"ind_6_10":5.0,"ind_11_17":3.0,"ind_18_24":3.0,"ind_25_39":7.0,"ind_40_54":12.0,"ind_55_64":12.0,"ind_65_79":5.0,"ind_80p":1.0,"ind_inc":0.0,"men_pauv":8.0,"men":27.0,"lcog_geo":"97224","year":"2017","com_arm_code":["97224"],"com_code":["97224"],"com_arm_name":["Saint-Joseph"],"com_name":["Saint-Joseph"],"epci_name":["CA du Centre de la Martinique"],"epci_code":["249720061"],"dep_name":["Martinique"],"dep_code":["972"],"reg_name":["Martinique"],"reg_code":["02"]}},{"type":"Feature","geometry":{"coordinates":[[[-61.042746438297776,14.64344029465741],[-61.04273040089197,14.64524753492931],[-61.04087418275952,14.645231912230463],[-61.04089023535105,14.643424673969783],[-61.042746438297776,14.64344029465741]]],"type":"Polygon"},"properties":{"geo_point_2d":{"lon":-61.04181031447532,"lat":14.644336105181546},"idcar_200m":"CRS5490RES200mN1619800E710800","i_est_200":0,"idcar_1km":"CRS5490RES1000mN1619000E710000","i_est_1km":0,"idcar_nat":"CRS5490RES1000mN1619000E710000","groupe":1019281,"pop_carr":40.0,"men_1ind":8.0,"men_5ind":2.0,"men_prop":9.0,"men_fmp":4.0,"ind_snv":667987.7,"men_surf":1559.1,"men_coll":8.0,"men_mais":10.0,"log_av45":0.0,"log_45_70":1.0,"log_70_90":4.0,"log_ap_90":11.0,"log_inc":2.0,"log_soc":0.0,"ind_0_3":0.0,"ind_4_5":1.0,"ind_6_10":2.0,"ind_11_17":7.0,"ind_18_24":2.0,"ind_25_39":2.0,"ind_40_54":10.0,"ind_55_64":9.0,"ind_65_79":5.0,"ind_80p":2.0,"ind_inc":0.0,"men_pauv":8.0,"men":18.0,"lcog_geo":"97224","year":"2017","com_arm_code":["97224"],"com_code":["97224"],"com_arm_name":["Saint-Joseph"],"com_name":["Saint-Joseph"],"epci_name":["CA du Centre de la Martinique"],"epci_code":["249720061"],"dep_name":["Martinique"],"dep_code":["972"],"reg_name":["Martinique"],"reg_code":["02"]}},{"type":"Feature","geometry":{"coordinates":[[[-61.039017966827785,14.64521627474451],[-61.03900189684786,14.64702351069465],[-61.03714566793128,14.64700785640661],[-61.037161753098836,14.645200622471515],[-61.039017966827785,14.64521627474451]]],"type":"Polygon"},"properties":{"geo_point_2d":{"lon":-61.03808182132697,"lat":14.646112067314279},"idcar_200m":"CRS5490RES200mN1620000E711200","i_est_200":1,"idcar_1km":"CRS5490RES1000mN1620000E711000","i_est_1km":0,"idcar_nat":"CRS5490RES1000mN1620000E711000","groupe":1019648,"pop_carr":19.0,"men_1ind":2.2,"men_5ind":0.6,"men_prop":5.1,"men_fmp":1.6,"ind_snv":402374.0,"men_surf":742.1,"men_coll":1.6,"men_mais":6.1,"log_av45":0.3,"log_45_70":0.3,"log_70_90":1.5,"log_ap_90":4.6,"log_inc":1.0,"log_soc":0.0,"ind_0_3":0.6,"ind_4_5":0.3,"ind_6_10":0.6,"ind_11_17":1.9,"ind_18_24":1.3,"ind_25_39":1.8,"ind_40_54":3.8,"ind_55_64":2.6,"ind_65_79":4.3,"ind_80p":0.7,"ind_inc":1.1,"men_pauv":2.1,"men":7.7,"lcog_geo":"9722497213","year":"2017","com_arm_code":["97224"],"com_code":["97224"],"com_arm_name":["Saint-Joseph"],"com_name":["Saint-Joseph"],"epci_name":["CA du Centre de la Martinique"],"epci_code":["249720061"],"dep_name":["Martinique"],"dep_code":["972"],"reg_name":["Martinique"],"reg_code":["02"]}},{"type":"Feature","geometry":{"coordinates":[[[-61.03322351360152,14.670470465065618],[-61.03320736712358,14.672277690796168],[-61.03135093198645,14.672261963847722],[-61.03136709368091,14.670454740138377],[-61.03322351360152,14.670470465065618]]],"type":"Polygon"},"properties":{"geo_point_2d":{"lon":-61.03228722674904,"lat":14.671366216199148},"idcar_200m":"CRS5490RES200mN1622800E711800","i_est_200":1,"idcar_1km":"CRS5490RES1000mN1622000E711000","i_est_1km":0,"idcar_nat":"CRS5490RES1000mN1622000E711000","groupe":1019897,"pop_carr":11.0,"men_1ind":2.1,"men_5ind":0.6,"men_prop":3.3,"men_fmp":0.8,"ind_snv":269438.1,"men_surf":444.8,"men_coll":1.9,"men_mais":2.8,"log_av45":0.1,"log_45_70":0.6,"log_70_90":0.4,"log_ap_90":2.9,"log_inc":0.7,"log_soc":0.0,"ind_0_3":0.5,"ind_4_5":0.2,"ind_6_10":1.0,"ind_11_17":0.8,"ind_18_24":0.8,"ind_25_39":1.7,"ind_40_54":2.0,"ind_55_64":1.7,"ind_65_79":1.8,"ind_80p":0.5,"ind_inc":0.0,"men_pauv":1.1,"men":4.7,"lcog_geo":"97224","year":"2017","com_arm_code":["97224"],"com_code":["97224"],"com_arm_name":["Saint-Joseph"],"com_name":["Saint-Joseph"],"epci_name":["CA du Centre de la Martinique"],"epci_code":["249720061"],"dep_name":["Martinique"],"dep_code":["972"],"reg_name":["Martinique"],"reg_code":["02"]}},{"type":"Feature","geometry":{"coordinates":[[[-61.03309427988428,14.684928262563613],[-61.03307811572139,14.68673548590906],[-61.03122155877724,14.686719742789757],[-61.031237738173296,14.684912521465776],[-61.03309427988428,14.684928262563613]]],"type":"Polygon"},"properties":{"geo_point_2d":{"lon":-61.032157923289965,"lat":14.6858240044205},"idcar_200m":"CRS5490RES200mN1624400E711800","i_est_200":1,"idcar_1km":"CRS5490RES1000mN1624000E711000","i_est_1km":0,"idcar_nat":"CRS5490RES8000mN1624000E704000","groupe":1020068,"pop_carr":3.0,"men_1ind":0.3,"men_5ind":0.1,"men_prop":1.0,"men_fmp":0.1,"ind_snv":60556.9,"men_surf":105.3,"men_coll":0.0,"men_mais":1.2,"log_av45":0.0,"log_45_70":0.4,"log_70_90":0.1,"log_ap_90":0.6,"log_inc":0.1,"log_soc":0.0,"ind_0_3":0.0,"ind_4_5":0.1,"ind_6_10":0.0,"ind_11_17":0.1,"ind_18_24":0.1,"ind_25_39":0.5,"ind_40_54":0.5,"ind_55_64":1.0,"ind_65_79":0.5,"ind_80p":0.2,"ind_inc":0.0,"men_pauv":0.2,"men":1.2,"lcog_geo":"97224","year":"2017","com_arm_code":["97224"],"com_code":["97224"],"com_arm_name":["Saint-Joseph"],"com_name":["Saint-Joseph"],"epci_name":["CA du Centre de la Martinique"],"epci_code":["249720061"],"dep_name":["Martinique"],"dep_code":["972"],"reg_name":["Martinique"],"reg_code":["02"]}},{"type":"Feature","geometry":{"coordinates":[[[-61.04805892761698,14.672402973024587],[-61.04804290068053,14.674210214558535],[-61.04618643269991,14.674194604129081],[-61.04620247485564,14.672387364601141],[-61.04805892761698,14.672402973024587]]],"type":"Polygon"},"properties":{"geo_point_2d":{"lon":-61.047122684113056,"lat":14.67329879031569},"idcar_200m":"CRS5490RES200mN1623000E710200","i_est_200":1,"idcar_1km":"CRS5490RES1000mN1623000E710000","i_est_1km":0,"idcar_nat":"CRS5490RES1000mN1623000E710000","groupe":1019867,"pop_carr":3.0,"men_1ind":0.6,"men_5ind":0.1,"men_prop":1.1,"men_fmp":0.2,"ind_snv":68514.7,"men_surf":133.9,"men_coll":0.1,"men_mais":1.3,"log_av45":0.0,"log_45_70":0.2,"log_70_90":0.4,"log_ap_90":0.7,"log_inc":0.1,"log_soc":0.0,"ind_0_3":0.0,"ind_4_5":0.1,"ind_6_10":0.2,"ind_11_17":0.3,"ind_18_24":0.1,"ind_25_39":0.3,"ind_40_54":0.6,"ind_55_64":0.7,"ind_65_79":0.5,"ind_80p":0.2,"ind_inc":0.0,"men_pauv":0.5,"men":1.4,"lcog_geo":"97224","year":"2017","com_arm_code":["97224"],"com_code":["97224"],"com_arm_name":["Saint-Joseph"],"com_name":["Saint-Joseph"],"epci_name":["CA du Centre de la Martinique"],"epci_code":["249720061"],"dep_name":["Martinique"],"dep_code":["972"],"reg_name":["Martinique"],"reg_code":["02"]}},{"type":"Feature","geometry":{"coordinates":[[[-61.04799480670838,14.67963193737347],[-61.04797877099644,14.68143917771602],[-61.046122242117896,14.681423559262196],[-61.04613829305744,14.67961632092579],[-61.04799480670838,14.67963193737347]]],"type":"Polygon"},"properties":{"geo_point_2d":{"lon":-61.047058528369824,"lat":14.680527750057358},"idcar_200m":"CRS5490RES200mN1623800E710200","i_est_200":1,"idcar_1km":"CRS5490RES1000mN1623000E710000","i_est_1km":0,"idcar_nat":"CRS5490RES1000mN1623000E710000","groupe":1019867,"pop_carr":7.0,"men_1ind":1.4,"men_5ind":0.2,"men_prop":2.5,"men_fmp":0.5,"ind_snv":159867.7,"men_surf":312.4,"men_coll":0.4,"men_mais":2.9,"log_av45":0.1,"log_45_70":0.4,"log_70_90":0.9,"log_ap_90":1.7,"log_inc":0.2,"log_soc":0.0,"ind_0_3":0.1,"ind_4_5":0.1,"ind_6_10":0.3,"ind_11_17":0.6,"ind_18_24":0.3,"ind_25_39":0.8,"ind_40_54":1.5,"ind_55_64":1.6,"ind_65_79":1.2,"ind_80p":0.5,"ind_inc":0.0,"men_pauv":1.1,"men":3.3,"lcog_geo":"97224","year":"2017","com_arm_code":["97224"],"com_code":["97224"],"com_arm_name":["Saint-Joseph"],"com_name":["Saint-Joseph"],"epci_name":["CA du Centre de la Martinique"],"epci_code":["249720061"],"dep_name":["Martinique"],"dep_code":["972"],"reg_name":["Martinique"],"reg_code":["02"]}},{"type":"Feature","geometry":{"coordinates":[[[-61.01475715918516,14.65946931034186],[-61.01474087393103,14.661276517563948],[-61.01288455227425,14.661260654707496],[-61.012900852731526,14.659453449525465],[-61.01475715918516,14.65946931034186]]],"type":"Polygon"},"properties":{"geo_point_2d":{"lon":-61.01382085968286,"lat":14.6603649842709},"idcar_200m":"CRS5490RES200mN1621600E713800","i_est_200":0,"idcar_1km":"CRS5490RES1000mN1621000E713000","i_est_1km":0,"idcar_nat":"CRS5490RES1000mN1621000E713000","groupe":1019689,"pop_carr":57.0,"men_1ind":7.0,"men_5ind":4.0,"men_prop":15.0,"men_fmp":5.0,"ind_snv":1305904.3,"men_surf":1948.0,"men_coll":6.0,"men_mais":15.0,"log_av45":0.0,"log_45_70":5.0,"log_70_90":8.0,"log_ap_90":8.0,"log_inc":0.0,"log_soc":0.0,"ind_0_3":3.0,"ind_4_5":0.0,"ind_6_10":1.0,"ind_11_17":10.5,"ind_18_24":1.5,"ind_25_39":6.0,"ind_40_54":14.0,"ind_55_64":6.0,"ind_65_79":10.0,"ind_80p":5.0,"ind_inc":0.0,"men_pauv":7.0,"men":21.0,"lcog_geo":"97224","year":"2017","com_arm_code":["97224"],"com_code":["97224"],"com_arm_name":["Saint-Joseph"],"com_name":["Saint-Joseph"],"epci_name":["CA du Centre de la Martinique"],"epci_code":["249720061"],"dep_name":["Martinique"],"dep_code":["972"],"reg_name":["Martinique"],"reg_code":["02"]}},{"type":"Feature","geometry":{"coordinates":[[[-61.05934101260795,14.656231017269365],[-61.05932509661634,14.658038273476379],[-61.057468752407615,14.658022769905648],[-61.05748468360027,14.656215515692924],[-61.05934101260795,14.656231017269365]]],"type":"Polygon"},"properties":{"geo_point_2d":{"lon":-61.05840488645699,"lat":14.657126895322008},"idcar_200m":"CRS5490RES200mN1621200E709000","i_est_200":1,"idcar_1km":"CRS5490RES1000mN1621000E709000","i_est_1km":0,"idcar_nat":"CRS5490RES1000mN1621000E709000","groupe":1019598,"pop_carr":14.0,"men_1ind":1.9,"men_5ind":0.3,"men_prop":4.4,"men_fmp":0.8,"ind_snv":375556.2,"men_surf":539.5,"men_coll":1.2,"men_mais":4.6,"log_av45":0.1,"log_45_70":0.9,"log_70_90":1.9,"log_ap_90":2.4,"log_inc":0.5,"log_soc":0.0,"ind_0_3":0.3,"ind_4_5":0.3,"ind_6_10":0.4,"ind_11_17":1.0,"ind_18_24":0.4,"ind_25_39":2.0,"ind_40_54":2.3,"ind_55_64":3.4,"ind_65_79":3.1,"ind_80p":0.7,"ind_inc":0.1,"men_pauv":0.7,"men":5.8,"lcog_geo":"97224","year":"2017","com_arm_code":["97224"],"com_code":["97224"],"com_arm_name":["Saint-Joseph"],"com_name":["Saint-Joseph"],"epci_name":["CA du Centre de la Martinique"],"epci_code":["249720061"],"dep_name":["Martinique"],"dep_code":["972"],"reg_name":["Martinique"],"reg_code":["02"]}},{"type":"Feature","geometry":{"coordinates":[[[-61.04060095192622,14.675954917134739],[-61.04058485970896,14.677762150037323],[-61.038728370080015,14.677746476309757],[-61.03874447752039,14.675939245420865],[-61.04060095192622,14.675954917134739]]],"type":"Polygon"},"properties":{"geo_point_2d":{"lon":-61.03966466495925,"lat":14.676850698463335},"idcar_200m":"CRS5490RES200mN1623400E711000","i_est_200":1,"idcar_1km":"CRS5490RES1000mN1623000E711000","i_est_1km":0,"idcar_nat":"CRS5490RES1000mN1623000E711000","groupe":1019883,"pop_carr":1.0,"men_1ind":0.2,"men_5ind":0.0,"men_prop":0.3,"men_fmp":0.1,"ind_snv":24582.6,"men_surf":44.0,"men_coll":0.1,"men_mais":0.4,"log_av45":0.0,"log_45_70":0.0,"log_70_90":0.2,"log_ap_90":0.2,"log_inc":0.1,"log_soc":0.0,"ind_0_3":0.0,"ind_4_5":0.0,"ind_6_10":0.1,"ind_11_17":0.0,"ind_18_24":0.1,"ind_25_39":0.1,"ind_40_54":0.2,"ind_55_64":0.2,"ind_65_79":0.2,"ind_80p":0.1,"ind_inc":0.0,"men_pauv":0.1,"men":0.5,"lcog_geo":"97224","year":"2017","com_arm_code":["97224"],"com_code":["97224"],"com_arm_name":["Saint-Joseph"],"com_name":["Saint-Joseph"],"epci_name":["CA du Centre de la Martinique"],"epci_code":["249720061"],"dep_name":["Martinique"],"dep_code":["972"],"reg_name":["Martinique"],"reg_code":["02"]}},{"type":"Feature","geometry":{"coordinates":[[[-61.044217503744505,14.686829633179917],[-61.044201428783936,14.68863686831609],[-61.042344843369236,14.688621212171387],[-61.04236093356557,14.686813979045294],[-61.044217503744505,14.686829633179917]]],"type":"Polygon"},"properties":{"geo_point_2d":{"lon":-61.043281177515865,"lat":14.687725424416788},"idcar_200m":"CRS5490RES200mN1624600E710600","i_est_200":1,"idcar_1km":"CRS5490RES1000mN1624000E710000","i_est_1km":0,"idcar_nat":"CRS5490RES8000mN1624000E704000","groupe":1020072,"pop_carr":18.0,"men_1ind":2.3,"men_5ind":0.4,"men_prop":5.0,"men_fmp":1.3,"ind_snv":367409.3,"men_surf":584.7,"men_coll":0.7,"men_mais":6.8,"log_av45":0.2,"log_45_70":1.5,"log_70_90":1.1,"log_ap_90":4.4,"log_inc":0.3,"log_soc":0.0,"ind_0_3":0.8,"ind_4_5":0.1,"ind_6_10":0.7,"ind_11_17":1.5,"ind_18_24":1.0,"ind_25_39":1.5,"ind_40_54":4.5,"ind_55_64":2.7,"ind_65_79":3.4,"ind_80p":1.6,"ind_inc":0.2,"men_pauv":2.7,"men":7.5,"lcog_geo":"97224","year":"2017","com_arm_code":["97224"],"com_code":["97224"],"com_arm_name":["Saint-Joseph"],"com_name":["Saint-Joseph"],"epci_name":["CA du Centre de la Martinique"],"epci_code":["249720061"],"dep_name":["Martinique"],"dep_code":["972"],"reg_name":["Martinique"],"reg_code":["02"]}},{"type":"Feature","geometry":{"coordinates":[[[-61.031156819061295,14.693948625102106],[-61.03114062859893,14.69575584493414],[-61.02928399767121,14.695740076867],[-61.029300203377055,14.693932859058506],[-61.031156819061295,14.693948625102106]]],"type":"Polygon"},"properties":{"geo_point_2d":{"lon":-61.03022041232816,"lat":14.694844352729678},"idcar_200m":"CRS5490RES200mN1625400E712000","i_est_200":1,"idcar_1km":"CRS5490RES1000mN1625000E712000","i_est_1km":0,"idcar_nat":"CRS5490RES1000mN1625000E712000","groupe":1020076,"pop_carr":11.0,"men_1ind":1.5,"men_5ind":0.6,"men_prop":3.0,"men_fmp":0.6,"ind_snv":174062.2,"men_surf":351.5,"men_coll":0.5,"men_mais":3.8,"log_av45":0.0,"log_45_70":1.0,"log_70_90":1.3,"log_ap_90":2.0,"log_inc":0.0,"log_soc":0.0,"ind_0_3":0.0,"ind_4_5":0.1,"ind_6_10":0.6,"ind_11_17":0.9,"ind_18_24":1.0,"ind_25_39":1.1,"ind_40_54":2.7,"ind_55_64":1.9,"ind_65_79":1.6,"ind_80p":1.1,"ind_inc":0.0,"men_pauv":2.0,"men":4.3,"lcog_geo":"9722497212","year":"2017","com_arm_code":["97224"],"com_code":["97224"],"com_arm_name":["Saint-Joseph"],"com_name":["Saint-Joseph"],"epci_name":["CA du Centre de la Martinique"],"epci_code":["249720061"],"dep_name":["Martinique"],"dep_code":["972"],"reg_name":["Martinique"],"reg_code":["02"]}},{"type":"Feature","geometry":{"coordinates":[[[-61.012917150956184,14.657646244045296],[-61.012900852731526,14.659453449525465],[-61.01104454851051,14.659437573907939],[-61.011060861936144,14.657630370469695],[-61.012917150956184,14.657646244045296]]],"type":"Polygon"},"properties":{"geo_point_2d":{"lon":-61.0119808536861,"lat":14.658541910723144},"idcar_200m":"CRS5490RES200mN1621400E714000","i_est_200":0,"idcar_1km":"CRS5490RES1000mN1621000E714000","i_est_1km":0,"idcar_nat":"CRS5490RES2000mN1620000E714000","groupe":1019713,"pop_carr":81.0,"men_1ind":11.0,"men_5ind":4.0,"men_prop":15.0,"men_fmp":5.0,"ind_snv":1324694.4,"men_surf":2653.9,"men_coll":7.0,"men_mais":23.0,"log_av45":1.0,"log_45_70":1.0,"log_70_90":9.0,"log_ap_90":15.0,"log_inc":4.0,"log_soc":0.0,"ind_0_3":4.0,"ind_4_5":5.0,"ind_6_10":8.0,"ind_11_17":6.0,"ind_18_24":6.0,"ind_25_39":11.0,"ind_40_54":16.0,"ind_55_64":11.0,"ind_65_79":10.0,"ind_80p":4.0,"ind_inc":0.0,"men_pauv":13.0,"men":30.0,"lcog_geo":"97224","year":"2017","com_arm_code":["97224"],"com_code":["97224"],"com_arm_name":["Saint-Joseph"],"com_name":["Saint-Joseph"],"epci_name":["CA du Centre de la Martinique"],"epci_code":["249720061"],"dep_name":["Martinique"],"dep_code":["972"],"reg_name":["Martinique"],"reg_code":["02"]}},{"type":"Feature","geometry":{"coordinates":[[[-61.04445836438025,14.659721070384327],[-61.044442322388285,14.661528309988439],[-61.042585965291394,14.661512683991528],[-61.0426020224879,14.659705446397012],[-61.04445836438025,14.659721070384327]]],"type":"Polygon"},"properties":{"geo_point_2d":{"lon":-61.04352216878704,"lat":14.660616878926561},"idcar_200m":"CRS5490RES200mN1621600E710600","i_est_200":0,"idcar_1km":"CRS5490RES1000mN1621000E710000","i_est_1km":0,"idcar_nat":"CRS5490RES1000mN1621000E710000","groupe":1019637,"pop_carr":28.0,"men_1ind":9.0,"men_5ind":1.0,"men_prop":7.0,"men_fmp":1.0,"ind_snv":596651.9,"men_surf":1330.2,"men_coll":9.0,"men_mais":6.0,"log_av45":0.0,"log_45_70":1.0,"log_70_90":2.0,"log_ap_90":8.0,"log_inc":4.0,"log_soc":0.0,"ind_0_3":2.0,"ind_4_5":1.0,"ind_6_10":3.0,"ind_11_17":0.0,"ind_18_24":2.0,"ind_25_39":6.0,"ind_40_54":5.0,"ind_55_64":4.0,"ind_65_79":4.0,"ind_80p":1.0,"ind_inc":0.0,"men_pauv":3.0,"men":15.0,"lcog_geo":"97224","year":"2017","com_arm_code":["97224"],"com_code":["97224"],"com_arm_name":["Saint-Joseph"],"com_name":["Saint-Joseph"],"epci_name":["CA du Centre de la Martinique"],"epci_code":["249720061"],"dep_name":["Martinique"],"dep_code":["972"],"reg_name":["Martinique"],"reg_code":["02"]}},{"type":"Feature","geometry":{"coordinates":[[[-61.03877668578849,14.67232478274913],[-61.038760582756524,14.674132014233967],[-61.03690412577585,14.674116329716265],[-61.036920244026675,14.672309100246956],[-61.03877668578849,14.67232478274913]]],"type":"Polygon"},"properties":{"geo_point_2d":{"lon":-61.03784040973738,"lat":14.673220557973922},"idcar_200m":"CRS5490RES200mN1623000E711200","i_est_200":0,"idcar_1km":"CRS5490RES1000mN1623000E711000","i_est_1km":0,"idcar_nat":"CRS5490RES1000mN1623000E711000","groupe":1019896,"pop_carr":180.0,"men_1ind":48.0,"men_5ind":3.0,"men_prop":26.0,"men_fmp":30.0,"ind_snv":3040481.0,"men_surf":6541.0,"men_coll":43.0,"men_mais":54.0,"log_av45":3.0,"log_45_70":11.0,"log_70_90":4.0,"log_ap_90":79.0,"log_inc":0.0,"log_soc":59.0,"ind_0_3":2.0,"ind_4_5":6.0,"ind_6_10":14.0,"ind_11_17":20.0,"ind_18_24":13.0,"ind_25_39":15.0,"ind_40_54":32.0,"ind_55_64":28.0,"ind_65_79":32.0,"ind_80p":18.0,"ind_inc":0.0,"men_pauv":31.0,"men":97.0,"lcog_geo":"97224","year":"2017","com_arm_code":["97224"],"com_code":["97224"],"com_arm_name":["Saint-Joseph"],"com_name":["Saint-Joseph"],"epci_name":["CA du Centre de la Martinique"],"epci_code":["249720061"],"dep_name":["Martinique"],"dep_code":["972"],"reg_name":["Martinique"],"reg_code":["02"]}},{"type":"Feature","geometry":{"coordinates":[[[-61.05734122428689,14.672480792900393],[-61.057325273448086,14.674288044435857],[-61.05546879451959,14.674272508096651],[-61.05548476057808,14.672465258557686],[-61.05734122428689,14.672480792900393]]],"type":"Polygon"},"properties":{"geo_point_2d":{"lon":-61.056405013357235,"lat":14.673376652235003},"idcar_200m":"CRS5490RES200mN1623000E709200","i_est_200":1,"idcar_1km":"CRS5490RES1000mN1623000E709000","i_est_1km":0,"idcar_nat":"CRS5490RES1000mN1623000E709000","groupe":1019859,"pop_carr":22.0,"men_1ind":3.5,"men_5ind":0.4,"men_prop":7.4,"men_fmp":2.2,"ind_snv":393813.3,"men_surf":914.6,"men_coll":0.7,"men_mais":8.9,"log_av45":0.1,"log_45_70":1.6,"log_70_90":1.1,"log_ap_90":6.3,"log_inc":0.5,"log_soc":0.0,"ind_0_3":0.4,"ind_4_5":0.5,"ind_6_10":1.3,"ind_11_17":1.6,"ind_18_24":1.3,"ind_25_39":1.8,"ind_40_54":5.3,"ind_55_64":4.1,"ind_65_79":3.9,"ind_80p":1.8,"ind_inc":0.0,"men_pauv":3.9,"men":9.6,"lcog_geo":"97224","year":"2017","com_arm_code":["97224"],"com_code":["97224"],"com_arm_name":["Saint-Joseph"],"com_name":["Saint-Joseph"],"epci_name":["CA du Centre de la Martinique"],"epci_code":["249720061"],"dep_name":["Martinique"],"dep_code":["972"],"reg_name":["Martinique"],"reg_code":["02"]}},{"type":"Feature","geometry":{"coordinates":[[[-61.06478298871792,14.670735522306714],[-61.06476710093369,14.672542782106596],[-61.062910628504405,14.672527307029902],[-61.0629265315066,14.670720049218868],[-61.06478298871792,14.670735522306714]]],"type":"Polygon"},"properties":{"geo_point_2d":{"lon":-61.063846812564165,"lat":14.671631416402729},"idcar_200m":"CRS5490RES200mN1622800E708400","i_est_200":1,"idcar_1km":"CRS5490RES1000mN1622000E708000","i_est_1km":0,"idcar_nat":"CRS5490RES1000mN1622000E708000","groupe":1019853,"pop_carr":22.0,"men_1ind":3.0,"men_5ind":0.3,"men_prop":5.9,"men_fmp":2.1,"ind_snv":376605.3,"men_surf":678.0,"men_coll":2.1,"men_mais":8.0,"log_av45":0.6,"log_45_70":2.1,"log_70_90":1.5,"log_ap_90":5.3,"log_inc":0.6,"log_soc":0.0,"ind_0_3":0.0,"ind_4_5":0.6,"ind_6_10":0.9,"ind_11_17":1.8,"ind_18_24":0.9,"ind_25_39":3.3,"ind_40_54":5.9,"ind_55_64":3.6,"ind_65_79":4.1,"ind_80p":0.9,"ind_inc":0.0,"men_pauv":4.2,"men":10.1,"lcog_geo":"97224","year":"2017","com_arm_code":["97224"],"com_code":["97224"],"com_arm_name":["Saint-Joseph"],"com_name":["Saint-Joseph"],"epci_name":["CA du Centre de la Martinique"],"epci_code":["249720061"],"dep_name":["Martinique"],"dep_code":["972"],"reg_name":["Martinique"],"reg_code":["02"]}},{"type":"Feature","geometry":{"coordinates":[[[-61.04084207097428,14.648846387859646],[-61.040826011780396,14.650653625228081],[-61.0389697502793,14.65063798170257],[-61.038985824665055,14.648830746347357],[-61.04084207097428,14.648846387859646]]],"type":"Polygon"},"properties":{"geo_point_2d":{"lon":-61.03990591457514,"lat":14.649742186519694},"idcar_200m":"CRS5490RES200mN1620400E711000","i_est_200":0,"idcar_1km":"CRS5490RES1000mN1620000E711000","i_est_1km":0,"idcar_nat":"CRS5490RES1000mN1620000E711000","groupe":1019652,"pop_carr":34.5,"men_1ind":2.0,"men_5ind":1.0,"men_prop":12.0,"men_fmp":3.0,"ind_snv":1019698.4,"men_surf":1485.0,"men_coll":4.0,"men_mais":10.0,"log_av45":0.0,"log_45_70":0.0,"log_70_90":0.0,"log_ap_90":14.0,"log_inc":0.0,"log_soc":0.0,"ind_0_3":0.0,"ind_4_5":2.0,"ind_6_10":1.0,"ind_11_17":4.5,"ind_18_24":1.0,"ind_25_39":5.0,"ind_40_54":7.0,"ind_55_64":9.0,"ind_65_79":5.0,"ind_80p":0.0,"ind_inc":0.0,"men_pauv":2.0,"men":14.0,"lcog_geo":"97224","year":"2017","com_arm_code":["97224"],"com_code":["97224"],"com_arm_name":["Saint-Joseph"],"com_name":["Saint-Joseph"],"epci_name":["CA du Centre de la Martinique"],"epci_code":["249720061"],"dep_name":["Martinique"],"dep_code":["972"],"reg_name":["Martinique"],"reg_code":["02"]}},{"type":"Feature","geometry":{"coordinates":[[[-61.04236093356557,14.686813979045294],[-61.042344843369236,14.688621212171387],[-61.0404882601552,14.688605541193793],[-61.04050436558723,14.68679831007968],[-61.04236093356557,14.686813979045294]]],"type":"Polygon"},"properties":{"geo_point_2d":{"lon":-61.041424600819504,"lat":14.687709761861157},"idcar_200m":"CRS5490RES200mN1624600E710800","i_est_200":1,"idcar_1km":"CRS5490RES1000mN1624000E710000","i_est_1km":0,"idcar_nat":"CRS5490RES8000mN1624000E704000","groupe":1020072,"pop_carr":17.0,"men_1ind":2.2,"men_5ind":0.4,"men_prop":4.7,"men_fmp":1.2,"ind_snv":346997.7,"men_surf":552.2,"men_coll":0.7,"men_mais":6.4,"log_av45":0.2,"log_45_70":1.4,"log_70_90":1.0,"log_ap_90":4.2,"log_inc":0.3,"log_soc":0.0,"ind_0_3":0.7,"ind_4_5":0.1,"ind_6_10":0.7,"ind_11_17":1.4,"ind_18_24":0.9,"ind_25_39":1.4,"ind_40_54":4.3,"ind_55_64":2.6,"ind_65_79":3.2,"ind_80p":1.5,"ind_inc":0.2,"men_pauv":2.6,"men":7.1,"lcog_geo":"97224","year":"2017","com_arm_code":["97224"],"com_code":["97224"],"com_arm_name":["Saint-Joseph"],"com_name":["Saint-Joseph"],"epci_name":["CA du Centre de la Martinique"],"epci_code":["249720061"],"dep_name":["Martinique"],"dep_code":["972"],"reg_name":["Martinique"],"reg_code":["02"]}},{"type":"Feature","geometry":{"coordinates":[[[-61.005328317158444,14.675654620532779],[-61.005311935717025,14.67746181484965],[-61.003455488326416,14.677445859531215],[-61.003471884989295,14.675638667264211],[-61.005328317158444,14.675654620532779]]],"type":"Polygon"},"properties":{"geo_point_2d":{"lon":-61.00439190670085,"lat":14.676550241782094},"idcar_200m":"CRS5490RES200mN1623400E714800","i_est_200":1,"idcar_1km":"CRS5490RES1000mN1623000E714000","i_est_1km":0,"idcar_nat":"CRS5490RES2000mN1622000E714000","groupe":1019944,"pop_carr":12.0,"men_1ind":1.9,"men_5ind":0.8,"men_prop":2.7,"men_fmp":0.6,"ind_snv":245525.9,"men_surf":377.7,"men_coll":0.5,"men_mais":4.3,"log_av45":0.3,"log_45_70":0.4,"log_70_90":1.5,"log_ap_90":1.9,"log_inc":0.7,"log_soc":0.0,"ind_0_3":0.3,"ind_4_5":0.2,"ind_6_10":0.9,"ind_11_17":1.2,"ind_18_24":0.8,"ind_25_39":1.7,"ind_40_54":2.8,"ind_55_64":1.7,"ind_65_79":1.3,"ind_80p":1.1,"ind_inc":0.0,"men_pauv":1.2,"men":4.8,"lcog_geo":"9722497212","year":"2017","com_arm_code":["97224"],"com_code":["97224"],"com_arm_name":["Saint-Joseph"],"com_name":["Saint-Joseph"],"epci_name":["CA du Centre de la Martinique"],"epci_code":["249720061"],"dep_name":["Martinique"],"dep_code":["972"],"reg_name":["Martinique"],"reg_code":["02"]}},{"type":"Feature","geometry":{"coordinates":[[[-61.03302960996637,14.692157154155513],[-61.03301343695895,14.693964376307603],[-61.031156819061295,14.693948625102106],[-61.031173007310215,14.69214140497163],[-61.03302960996637,14.692157154155513]]],"type":"Polygon"},"properties":{"geo_point_2d":{"lon":-61.032093218475126,"lat":14.693052891373299},"idcar_200m":"CRS5490RES200mN1625200E711800","i_est_200":1,"idcar_1km":"CRS5490RES1000mN1625000E711000","i_est_1km":0,"idcar_nat":"CRS5490RES8000mN1624000E704000","groupe":1020069,"pop_carr":12.0,"men_1ind":2.2,"men_5ind":0.1,"men_prop":3.5,"men_fmp":0.6,"ind_snv":215009.6,"men_surf":449.3,"men_coll":0.4,"men_mais":4.7,"log_av45":0.1,"log_45_70":0.6,"log_70_90":0.6,"log_ap_90":3.4,"log_inc":0.4,"log_soc":0.0,"ind_0_3":0.6,"ind_4_5":0.2,"ind_6_10":0.4,"ind_11_17":0.7,"ind_18_24":1.0,"ind_25_39":1.8,"ind_40_54":2.8,"ind_55_64":2.2,"ind_65_79":1.9,"ind_80p":0.4,"ind_inc":0.0,"men_pauv":1.5,"men":5.1,"lcog_geo":"97224","year":"2017","com_arm_code":["97224"],"com_code":["97224"],"com_arm_name":["Saint-Joseph"],"com_name":["Saint-Joseph"],"epci_name":["CA du Centre de la Martinique"],"epci_code":["249720061"],"dep_name":["Martinique"],"dep_code":["972"],"reg_name":["Martinique"],"reg_code":["02"]}},{"type":"Feature","geometry":{"coordinates":[[[-61.033175067536654,14.675892141363194],[-61.033158914427496,14.677699366199592],[-61.031302433628355,14.67768363318731],[-61.031318601960265,14.675876410372222],[-61.033175067536654,14.675892141363194]]],"type":"Polygon"},"properties":{"geo_point_2d":{"lon":-61.03223875453911,"lat":14.676787889018236},"idcar_200m":"CRS5490RES200mN1623400E711800","i_est_200":1,"idcar_1km":"CRS5490RES1000mN1623000E711000","i_est_1km":0,"idcar_nat":"CRS5490RES1000mN1623000E711000","groupe":1019883,"pop_carr":13.0,"men_1ind":2.4,"men_5ind":0.4,"men_prop":4.3,"men_fmp":1.1,"ind_snv":319573.3,"men_surf":572.1,"men_coll":1.7,"men_mais":4.4,"log_av45":0.2,"log_45_70":0.2,"log_70_90":2.4,"log_ap_90":3.0,"log_inc":0.3,"log_soc":0.0,"ind_0_3":0.1,"ind_4_5":0.0,"ind_6_10":0.6,"ind_11_17":0.6,"ind_18_24":1.1,"ind_25_39":1.5,"ind_40_54":2.8,"ind_55_64":2.2,"ind_65_79":2.6,"ind_80p":1.5,"ind_inc":0.0,"men_pauv":0.9,"men":6.1,"lcog_geo":"97224","year":"2017","com_arm_code":["97224"],"com_code":["97224"],"com_arm_name":["Saint-Joseph"],"com_name":["Saint-Joseph"],"epci_name":["CA du Centre de la Martinique"],"epci_code":["249720061"],"dep_name":["Martinique"],"dep_code":["972"],"reg_name":["Martinique"],"reg_code":["02"]}},{"type":"Feature","geometry":{"coordinates":[[[-61.024103539617585,14.652319519849653],[-61.02408733926049,14.654126738435044],[-61.022231067273275,14.654110957716943],[-61.02224728282562,14.65230374116197],[-61.024103539617585,14.652319519849653]]],"type":"Polygon"},"properties":{"geo_point_2d":{"lon":-61.023167307395894,"lat":14.65321524052648},"idcar_200m":"CRS5490RES200mN1620800E712800","i_est_200":1,"idcar_1km":"CRS5490RES1000mN1620000E712000","i_est_1km":0,"idcar_nat":"CRS5490RES1000mN1620000E712000","groupe":1019691,"pop_carr":21.0,"men_1ind":3.8,"men_5ind":0.0,"men_prop":8.0,"men_fmp":0.3,"ind_snv":592561.8,"men_surf":1172.8,"men_coll":0.4,"men_mais":10.1,"log_av45":0.0,"log_45_70":2.1,"log_70_90":3.5,"log_ap_90":4.9,"log_inc":0.0,"log_soc":0.0,"ind_0_3":0.0,"ind_4_5":0.0,"ind_6_10":0.3,"ind_11_17":1.0,"ind_18_24":1.0,"ind_25_39":1.4,"ind_40_54":3.9,"ind_55_64":7.0,"ind_65_79":4.6,"ind_80p":1.8,"ind_inc":0.0,"men_pauv":2.4,"men":10.5,"lcog_geo":"97224","year":"2017","com_arm_code":["97224"],"com_code":["97224"],"com_arm_name":["Saint-Joseph"],"com_name":["Saint-Joseph"],"epci_name":["CA du Centre de la Martinique"],"epci_code":["249720061"],"dep_name":["Martinique"],"dep_code":["972"],"reg_name":["Martinique"],"reg_code":["02"]}},{"type":"Feature","geometry":{"coordinates":[[[-61.03320736712358,14.672277690796168],[-61.033191218435306,14.6740849162287],[-61.0313347680796,14.67406918725901],[-61.03135093198645,14.672261963847722],[-61.03320736712358,14.672277690796168]]],"type":"Polygon"},"properties":{"geo_point_2d":{"lon":-61.032271071557155,"lat":14.673173440770238},"idcar_200m":"CRS5490RES200mN1623000E711800","i_est_200":0,"idcar_1km":"CRS5490RES1000mN1623000E711000","i_est_1km":0,"idcar_nat":"CRS5490RES1000mN1623000E711000","groupe":1019888,"pop_carr":29.0,"men_1ind":6.0,"men_5ind":0.0,"men_prop":1.0,"men_fmp":4.0,"ind_snv":545227.9,"men_surf":1126.5,"men_coll":7.0,"men_mais":7.0,"log_av45":0.0,"log_45_70":0.0,"log_70_90":2.0,"log_ap_90":1.0,"log_inc":11.0,"log_soc":0.0,"ind_0_3":4.0,"ind_4_5":0.0,"ind_6_10":2.0,"ind_11_17":3.0,"ind_18_24":2.0,"ind_25_39":5.0,"ind_40_54":7.0,"ind_55_64":3.0,"ind_65_79":3.0,"ind_80p":0.0,"ind_inc":0.0,"men_pauv":5.0,"men":14.0,"lcog_geo":"97224","year":"2017","com_arm_code":["97224"],"com_code":["97224"],"com_arm_name":["Saint-Joseph"],"com_name":["Saint-Joseph"],"epci_name":["CA du Centre de la Martinique"],"epci_code":["249720061"],"dep_name":["Martinique"],"dep_code":["972"],"reg_name":["Martinique"],"reg_code":["02"]}},{"type":"Feature","geometry":{"coordinates":[[[-61.034983115039026,14.681329537208102],[-61.03496697052697,14.683136763169536],[-61.03311044183624,14.683121038919905],[-61.03312660157738,14.681313814977974],[-61.034983115039026,14.681329537208102]]],"type":"Polygon"},"properties":{"geo_point_2d":{"lon":-61.03404678239568,"lat":14.682225289807013},"idcar_200m":"CRS5490RES200mN1624000E711600","i_est_200":1,"idcar_1km":"CRS5490RES1000mN1624000E711000","i_est_1km":0,"idcar_nat":"CRS5490RES8000mN1624000E704000","groupe":1020068,"pop_carr":19.0,"men_1ind":1.7,"men_5ind":0.4,"men_prop":6.2,"men_fmp":0.8,"ind_snv":383526.8,"men_surf":666.7,"men_coll":0.4,"men_mais":7.4,"log_av45":0.0,"log_45_70":2.5,"log_70_90":0.4,"log_ap_90":4.1,"log_inc":0.8,"log_soc":0.0,"ind_0_3":0.0,"ind_4_5":0.8,"ind_6_10":0.0,"ind_11_17":0.4,"ind_18_24":0.8,"ind_25_39":3.3,"ind_40_54":3.3,"ind_55_64":6.2,"ind_65_79":3.3,"ind_80p":0.9,"ind_inc":0.0,"men_pauv":1.2,"men":7.8,"lcog_geo":"97224","year":"2017","com_arm_code":["97224"],"com_code":["97224"],"com_arm_name":["Saint-Joseph"],"com_name":["Saint-Joseph"],"epci_name":["CA du Centre de la Martinique"],"epci_code":["249720061"],"dep_name":["Martinique"],"dep_code":["972"],"reg_name":["Martinique"],"reg_code":["02"]}},{"type":"Feature","geometry":{"coordinates":[[[-61.027654260478705,14.670423245843903],[-61.0276380683515,14.672230465505113],[-61.025781639857826,14.672214694111103],[-61.02579784720129,14.67040747647682],[-61.027654260478705,14.670423245843903]]],"type":"Polygon"},"properties":{"geo_point_2d":{"lon":-61.02671795412369,"lat":14.671318971721412},"idcar_200m":"CRS5490RES200mN1622800E712400","i_est_200":1,"idcar_1km":"CRS5490RES1000mN1622000E712000","i_est_1km":0,"idcar_nat":"CRS5490RES1000mN1622000E712000","groupe":1019921,"pop_carr":19.0,"men_1ind":2.6,"men_5ind":0.5,"men_prop":6.2,"men_fmp":0.9,"ind_snv":340508.6,"men_surf":710.2,"men_coll":1.5,"men_mais":6.6,"log_av45":0.0,"log_45_70":1.4,"log_70_90":1.4,"log_ap_90":4.8,"log_inc":0.5,"log_soc":0.0,"ind_0_3":0.3,"ind_4_5":0.5,"ind_6_10":0.9,"ind_11_17":0.9,"ind_18_24":0.9,"ind_25_39":3.1,"ind_40_54":4.1,"ind_55_64":3.3,"ind_65_79":3.8,"ind_80p":1.2,"ind_inc":0.0,"men_pauv":4.1,"men":8.1,"lcog_geo":"97224","year":"2017","com_arm_code":["97224"],"com_code":["97224"],"com_arm_name":["Saint-Joseph"],"com_name":["Saint-Joseph"],"epci_name":["CA du Centre de la Martinique"],"epci_code":["249720061"],"dep_name":["Martinique"],"dep_code":["972"],"reg_name":["Martinique"],"reg_code":["02"]}},{"type":"Feature","geometry":{"coordinates":[[[-61.02384406747202,14.681234981455992],[-61.02382783158673,14.683042195271861],[-61.021971316192236,14.683026382062833],[-61.0219875673061,14.681219170277881],[-61.02384406747202,14.681234981455992]]],"type":"Polygon"},"properties":{"geo_point_2d":{"lon":-61.0229076957909,"lat":14.682130683505266},"idcar_200m":"CRS5490RES200mN1624000E712800","i_est_200":0,"idcar_1km":"CRS5490RES1000mN1624000E712000","i_est_1km":0,"idcar_nat":"CRS5490RES1000mN1624000E712000","groupe":1020083,"pop_carr":45.0,"men_1ind":5.0,"men_5ind":2.0,"men_prop":11.0,"men_fmp":4.0,"ind_snv":878136.5,"men_surf":1546.4,"men_coll":3.0,"men_mais":14.0,"log_av45":1.0,"log_45_70":4.0,"log_70_90":4.0,"log_ap_90":7.0,"log_inc":1.0,"log_soc":0.0,"ind_0_3":1.0,"ind_4_5":2.0,"ind_6_10":3.0,"ind_11_17":2.0,"ind_18_24":5.0,"ind_25_39":7.0,"ind_40_54":10.0,"ind_55_64":7.0,"ind_65_79":6.0,"ind_80p":2.0,"ind_inc":0.0,"men_pauv":6.0,"men":17.0,"lcog_geo":"97224","year":"2017","com_arm_code":["97224"],"com_code":["97224"],"com_arm_name":["Saint-Joseph"],"com_name":["Saint-Joseph"],"epci_name":["CA du Centre de la Martinique"],"epci_code":["249720061"],"dep_name":["Martinique"],"dep_code":["972"],"reg_name":["Martinique"],"reg_code":["02"]}},{"type":"Feature","geometry":{"coordinates":[[[-61.05921362361677,14.670689058599098],[-61.05919769017893,14.67249631242672],[-61.05734122428689,14.672480792900393],[-61.057357172942446,14.670673541067323],[-61.05921362361677,14.670689058599098]]],"type":"Polygon"},"properties":{"geo_point_2d":{"lon":-61.05827742790518,"lat":14.671584927485585},"idcar_200m":"CRS5490RES200mN1622800E709000","i_est_200":1,"idcar_1km":"CRS5490RES1000mN1622000E709000","i_est_1km":0,"idcar_nat":"CRS5490RES1000mN1622000E709000","groupe":1019845,"pop_carr":5.0,"men_1ind":0.9,"men_5ind":0.2,"men_prop":1.7,"men_fmp":0.4,"ind_snv":91043.1,"men_surf":203.2,"men_coll":0.4,"men_mais":1.9,"log_av45":0.1,"log_45_70":0.6,"log_70_90":0.3,"log_ap_90":1.1,"log_inc":0.2,"log_soc":0.0,"ind_0_3":0.1,"ind_4_5":0.0,"ind_6_10":0.1,"ind_11_17":0.3,"ind_18_24":0.3,"ind_25_39":0.4,"ind_40_54":1.1,"ind_55_64":1.1,"ind_65_79":1.1,"ind_80p":0.5,"ind_inc":0.0,"men_pauv":0.8,"men":2.3,"lcog_geo":"97224","year":"2017","com_arm_code":["97224"],"com_code":["97224"],"com_arm_name":["Saint-Joseph"],"com_name":["Saint-Joseph"],"epci_name":["CA du Centre de la Martinique"],"epci_code":["249720061"],"dep_name":["Martinique"],"dep_code":["972"],"reg_name":["Martinique"],"reg_code":["02"]}},{"type":"Feature","geometry":{"coordinates":[[[-61.0219875673061,14.681219170277881],[-61.021971316192236,14.683026382062833],[-61.02011480302107,14.683010554027517],[-61.02013106936342,14.6812033442754],[-61.0219875673061,14.681219170277881]]],"type":"Polygon"},"properties":{"geo_point_2d":{"lon":-61.02105118912248,"lat":14.68211486389903},"idcar_200m":"CRS5490RES200mN1624000E713000","i_est_200":0,"idcar_1km":"CRS5490RES1000mN1624000E713000","i_est_1km":0,"idcar_nat":"CRS5490RES1000mN1624000E713000","groupe":1020091,"pop_carr":42.0,"men_1ind":8.0,"men_5ind":0.0,"men_prop":5.0,"men_fmp":7.0,"ind_snv":664644.4,"men_surf":1298.0,"men_coll":17.0,"men_mais":3.0,"log_av45":0.0,"log_45_70":1.0,"log_70_90":1.0,"log_ap_90":18.0,"log_inc":0.0,"log_soc":14.0,"ind_0_3":1.0,"ind_4_5":0.0,"ind_6_10":5.0,"ind_11_17":7.0,"ind_18_24":3.0,"ind_25_39":5.0,"ind_40_54":10.0,"ind_55_64":4.0,"ind_65_79":4.0,"ind_80p":3.0,"ind_inc":0.0,"men_pauv":5.0,"men":20.0,"lcog_geo":"97224","year":"2017","com_arm_code":["97224"],"com_code":["97224"],"com_arm_name":["Saint-Joseph"],"com_name":["Saint-Joseph"],"epci_name":["CA du Centre de la Martinique"],"epci_code":["249720061"],"dep_name":["Martinique"],"dep_code":["972"],"reg_name":["Martinique"],"reg_code":["02"]}},{"type":"Feature","geometry":{"coordinates":[[[-61.061181443005545,14.658053762245888],[-61.06116554003666,14.659861020148039],[-61.05930917844424,14.659845529386093],[-61.05932509661634,14.658038273476379],[-61.061181443005545,14.658053762245888]]],"type":"Polygon"},"properties":{"geo_point_2d":{"lon":-61.06024531467451,"lat":14.658949647550193},"idcar_200m":"CRS5490RES200mN1621400E708800","i_est_200":1,"idcar_1km":"CRS5490RES1000mN1621000E708000","i_est_1km":0,"idcar_nat":"CRS5490RES1000mN1621000E708000","groupe":1019603,"pop_carr":1.0,"men_1ind":0.1,"men_5ind":0.0,"men_prop":0.3,"men_fmp":0.1,"ind_snv":22238.9,"men_surf":41.8,"men_coll":0.1,"men_mais":0.4,"log_av45":0.0,"log_45_70":0.1,"log_70_90":0.2,"log_ap_90":0.2,"log_inc":0.0,"log_soc":0.0,"ind_0_3":0.0,"ind_4_5":0.0,"ind_6_10":0.0,"ind_11_17":0.0,"ind_18_24":0.0,"ind_25_39":0.2,"ind_40_54":0.2,"ind_55_64":0.3,"ind_65_79":0.2,"ind_80p":0.1,"ind_inc":0.0,"men_pauv":0.1,"men":0.5,"lcog_geo":"9722497209","year":"2017","com_arm_code":["97224"],"com_code":["97224"],"com_arm_name":["Saint-Joseph"],"com_name":["Saint-Joseph"],"epci_name":["CA du Centre de la Martinique"],"epci_code":["249720061"],"dep_name":["Martinique"],"dep_code":["972"],"reg_name":["Martinique"],"reg_code":["02"]}},{"type":"Feature","geometry":{"coordinates":[[[-61.02013106936342,14.6812033442754],[-61.02011480302107,14.683010554027517],[-61.01825829207532,14.682994711166005],[-61.018274573646075,14.681187503448617],[-61.02013106936342,14.6812033442754]]],"type":"Polygon"},"properties":{"geo_point_2d":{"lon":-61.019194684678396,"lat":14.682099029467507},"idcar_200m":"CRS5490RES200mN1624000E713200","i_est_200":0,"idcar_1km":"CRS5490RES1000mN1624000E713000","i_est_1km":0,"idcar_nat":"CRS5490RES1000mN1624000E713000","groupe":1020092,"pop_carr":65.0,"men_1ind":12.0,"men_5ind":1.0,"men_prop":9.0,"men_fmp":11.0,"ind_snv":1164786.6,"men_surf":2521.0,"men_coll":19.0,"men_mais":11.0,"log_av45":0.0,"log_45_70":4.0,"log_70_90":3.0,"log_ap_90":23.0,"log_inc":0.0,"log_soc":17.0,"ind_0_3":0.0,"ind_4_5":2.0,"ind_6_10":6.0,"ind_11_17":12.0,"ind_18_24":7.0,"ind_25_39":8.0,"ind_40_54":16.0,"ind_55_64":8.0,"ind_65_79":5.0,"ind_80p":1.0,"ind_inc":0.0,"men_pauv":10.0,"men":30.0,"lcog_geo":"97224","year":"2017","com_arm_code":["97224"],"com_code":["97224"],"com_arm_name":["Saint-Joseph"],"com_name":["Saint-Joseph"],"epci_name":["CA du Centre de la Martinique"],"epci_code":["249720061"],"dep_name":["Martinique"],"dep_code":["972"],"reg_name":["Martinique"],"reg_code":["02"]}},{"type":"Feature","geometry":{"coordinates":[[[-61.05189973288517,14.657976170386828],[-61.051883753901066,14.659783418307764],[-61.05002740323232,14.659767853530933],[-61.050043397419195,14.657960607611948],[-61.05189973288517,14.657976170386828]]],"type":"Polygon"},"properties":{"geo_point_2d":{"lon":-61.05096357200895,"lat":14.658872013695449},"idcar_200m":"CRS5490RES200mN1621400E709800","i_est_200":1,"idcar_1km":"CRS5490RES1000mN1621000E709000","i_est_1km":0,"idcar_nat":"CRS5490RES1000mN1621000E709000","groupe":1019598,"pop_carr":11.0,"men_1ind":1.5,"men_5ind":0.3,"men_prop":3.4,"men_fmp":0.6,"ind_snv":295079.8,"men_surf":423.9,"men_coll":0.9,"men_mais":3.7,"log_av45":0.1,"log_45_70":0.7,"log_70_90":1.5,"log_ap_90":1.9,"log_inc":0.4,"log_soc":0.0,"ind_0_3":0.3,"ind_4_5":0.3,"ind_6_10":0.3,"ind_11_17":0.8,"ind_18_24":0.3,"ind_25_39":1.6,"ind_40_54":1.8,"ind_55_64":2.6,"ind_65_79":2.4,"ind_80p":0.5,"ind_inc":0.1,"men_pauv":0.5,"men":4.6,"lcog_geo":"97224","year":"2017","com_arm_code":["97224"],"com_code":["97224"],"com_arm_name":["Saint-Joseph"],"com_name":["Saint-Joseph"],"epci_name":["CA du Centre de la Martinique"],"epci_code":["249720061"],"dep_name":["Martinique"],"dep_code":["972"],"reg_name":["Martinique"],"reg_code":["02"]}},{"type":"Feature","geometry":{"coordinates":[[[-61.014577898691385,14.67934857338175],[-61.01456158889568,14.681155777322472],[-61.0127050998668,14.681139892023277],[-61.012721424888575,14.679332690122967],[-61.014577898691385,14.67934857338175]]],"type":"Polygon"},"properties":{"geo_point_2d":{"lon":-61.01364150323795,"lat":14.680244234450575},"idcar_200m":"CRS5490RES200mN1623800E713800","i_est_200":1,"idcar_1km":"CRS5490RES1000mN1623000E713000","i_est_1km":0,"idcar_nat":"CRS5490RES1000mN1623000E713000","groupe":1019931,"pop_carr":1.0,"men_1ind":0.1,"men_5ind":0.0,"men_prop":0.3,"men_fmp":0.1,"ind_snv":23834.4,"men_surf":39.2,"men_coll":0.1,"men_mais":0.4,"log_av45":0.0,"log_45_70":0.1,"log_70_90":0.0,"log_ap_90":0.4,"log_inc":0.0,"log_soc":0.0,"ind_0_3":0.0,"ind_4_5":0.0,"ind_6_10":0.0,"ind_11_17":0.1,"ind_18_24":0.1,"ind_25_39":0.1,"ind_40_54":0.3,"ind_55_64":0.3,"ind_65_79":0.1,"ind_80p":0.0,"ind_inc":0.0,"men_pauv":0.1,"men":0.5,"lcog_geo":"97224","year":"2017","com_arm_code":["97224"],"com_code":["97224"],"com_arm_name":["Saint-Joseph"],"com_name":["Saint-Joseph"],"epci_name":["CA du Centre de la Martinique"],"epci_code":["249720061"],"dep_name":["Martinique"],"dep_code":["972"],"reg_name":["Martinique"],"reg_code":["02"]}},{"type":"Feature","geometry":{"coordinates":[[[-61.020374797508005,14.654095162203019],[-61.02035856453646,14.65590237642778],[-61.01850228179805,14.655886564083856],[-61.018518529966755,14.654079351893358],[-61.020374797508005,14.654095162203019]]],"type":"Polygon"},"properties":{"geo_point_2d":{"lon":-61.01943854360425,"lat":14.65499086488774},"idcar_200m":"CRS5490RES200mN1621000E713200","i_est_200":1,"idcar_1km":"CRS5490RES1000mN1621000E713000","i_est_1km":0,"idcar_nat":"CRS5490RES1000mN1621000E713000","groupe":1019681,"pop_carr":2.0,"men_1ind":0.2,"men_5ind":0.1,"men_prop":0.5,"men_fmp":0.1,"ind_snv":47710.6,"men_surf":79.5,"men_coll":0.2,"men_mais":0.6,"log_av45":0.0,"log_45_70":0.0,"log_70_90":0.2,"log_ap_90":0.5,"log_inc":0.1,"log_soc":0.0,"ind_0_3":0.1,"ind_4_5":0.1,"ind_6_10":0.1,"ind_11_17":0.2,"ind_18_24":0.1,"ind_25_39":0.3,"ind_40_54":0.4,"ind_55_64":0.3,"ind_65_79":0.3,"ind_80p":0.1,"ind_inc":0.0,"men_pauv":0.2,"men":0.8,"lcog_geo":"97224","year":"2017","com_arm_code":["97224"],"com_code":["97224"],"com_arm_name":["Saint-Joseph"],"com_name":["Saint-Joseph"],"epci_name":["CA du Centre de la Martinique"],"epci_code":["249720061"],"dep_name":["Martinique"],"dep_code":["972"],"reg_name":["Martinique"],"reg_code":["02"]}},{"type":"Feature","geometry":{"coordinates":[[[-61.04050436558723,14.68679831007968],[-61.0404882601552,14.688605541193793],[-61.03863167914394,14.688589855383405],[-61.03864779981155,14.686782626283172],[-61.04050436558723,14.68679831007968]]],"type":"Polygon"},"properties":{"geo_point_2d":{"lon":-61.03956802632483,"lat":14.687694084473625},"idcar_200m":"CRS5490RES200mN1624600E711000","i_est_200":1,"idcar_1km":"CRS5490RES1000mN1624000E711000","i_est_1km":0,"idcar_nat":"CRS5490RES8000mN1624000E704000","groupe":1020068,"pop_carr":3.0,"men_1ind":0.3,"men_5ind":0.1,"men_prop":1.0,"men_fmp":0.1,"ind_snv":60556.9,"men_surf":105.3,"men_coll":0.0,"men_mais":1.2,"log_av45":0.0,"log_45_70":0.4,"log_70_90":0.1,"log_ap_90":0.6,"log_inc":0.1,"log_soc":0.0,"ind_0_3":0.0,"ind_4_5":0.1,"ind_6_10":0.0,"ind_11_17":0.1,"ind_18_24":0.1,"ind_25_39":0.5,"ind_40_54":0.5,"ind_55_64":1.0,"ind_65_79":0.5,"ind_80p":0.2,"ind_inc":0.0,"men_pauv":0.2,"men":1.2,"lcog_geo":"97224","year":"2017","com_arm_code":["97224"],"com_code":["97224"],"com_arm_name":["Saint-Joseph"],"com_name":["Saint-Joseph"],"epci_name":["CA du Centre de la Martinique"],"epci_code":["249720061"],"dep_name":["Martinique"],"dep_code":["972"],"reg_name":["Martinique"],"reg_code":["02"]}},{"type":"Feature","geometry":{"coordinates":[[[-61.038985824665055,14.648830746347357],[-61.0389697502793,14.65063798170257],[-61.03711349098125,14.650622323384315],[-61.03712958055878,14.64881509004422],[-61.038985824665055,14.648830746347357]]],"type":"Polygon"},"properties":{"geo_point_2d":{"lon":-61.038049661771616,"lat":14.649726536604893},"idcar_200m":"CRS5490RES200mN1620400E711200","i_est_200":0,"idcar_1km":"CRS5490RES1000mN1620000E711000","i_est_1km":0,"idcar_nat":"CRS5490RES1000mN1620000E711000","groupe":1019662,"pop_carr":49.0,"men_1ind":15.0,"men_5ind":0.0,"men_prop":23.0,"men_fmp":1.0,"ind_snv":1465109.5,"men_surf":3555.8,"men_coll":12.0,"men_mais":17.0,"log_av45":0.0,"log_45_70":0.0,"log_70_90":0.0,"log_ap_90":26.0,"log_inc":3.0,"log_soc":0.0,"ind_0_3":2.0,"ind_4_5":1.0,"ind_6_10":0.0,"ind_11_17":3.0,"ind_18_24":1.0,"ind_25_39":4.0,"ind_40_54":10.0,"ind_55_64":22.0,"ind_65_79":6.0,"ind_80p":0.0,"ind_inc":0.0,"men_pauv":4.0,"men":29.0,"lcog_geo":"97224","year":"2017","com_arm_code":["97224"],"com_code":["97224"],"com_arm_name":["Saint-Joseph"],"com_name":["Saint-Joseph"],"epci_name":["CA du Centre de la Martinique"],"epci_code":["249720061"],"dep_name":["Martinique"],"dep_code":["972"],"reg_name":["Martinique"],"reg_code":["02"]}},{"type":"Feature","geometry":{"coordinates":[[[-61.053420371790246,14.695943904195444],[-61.053404362068065,14.697751147863203],[-61.05154768946902,14.697735555880861],[-61.05156371443781,14.695928314213807],[-61.053420371790246,14.695943904195444]]],"type":"Polygon"},"properties":{"geo_point_2d":{"lon":-61.05248403459062,"lat":14.696839731777755},"idcar_200m":"CRS5490RES200mN1625600E709600","i_est_200":1,"idcar_1km":"CRS5490RES1000mN1625000E709000","i_est_1km":1,"idcar_nat":"CRS5490RES8000mN1624000E704000","groupe":174613,"pop_carr":8.0,"men_1ind":1.2,"men_5ind":0.3,"men_prop":3.3,"men_fmp":0.6,"ind_snv":132645.0,"men_surf":316.4,"men_coll":0.3,"men_mais":3.6,"log_av45":0.0,"log_45_70":0.3,"log_70_90":0.0,"log_ap_90":3.6,"log_inc":0.0,"log_soc":0.0,"ind_0_3":0.0,"ind_4_5":0.0,"ind_6_10":0.3,"ind_11_17":0.0,"ind_18_24":0.3,"ind_25_39":0.9,"ind_40_54":3.8,"ind_55_64":2.1,"ind_65_79":0.6,"ind_80p":0.0,"ind_inc":0.0,"men_pauv":1.8,"men":3.9,"lcog_geo":"97224","year":"2017","com_arm_code":["97224"],"com_code":["97224"],"com_arm_name":["Saint-Joseph"],"com_name":["Saint-Joseph"],"epci_name":["CA du Centre de la Martinique"],"epci_code":["249720061"],"dep_name":["Martinique"],"dep_code":["972"],"reg_name":["Martinique"],"reg_code":["02"]}},{"type":"Feature","geometry":{"coordinates":[[[-61.064735318840405,14.676157300813882],[-61.06471942453118,14.677964559721222],[-61.06286290643553,14.677949078677791],[-61.06287881596896,14.676141821759396],[-61.064735318840405,14.676157300813882]]],"type":"Polygon"},"properties":{"geo_point_2d":{"lon":-61.06379911659252,"lat":14.677053191480756},"idcar_200m":"CRS5490RES200mN1623400E708400","i_est_200":1,"idcar_1km":"CRS5490RES1000mN1623000E708000","i_est_1km":0,"idcar_nat":"CRS5490RES1000mN1623000E708000","groupe":1019849,"pop_carr":23.0,"men_1ind":3.8,"men_5ind":0.5,"men_prop":7.9,"men_fmp":1.7,"ind_snv":423693.5,"men_surf":850.0,"men_coll":0.9,"men_mais":9.5,"log_av45":0.0,"log_45_70":2.2,"log_70_90":1.7,"log_ap_90":6.1,"log_inc":0.4,"log_soc":0.0,"ind_0_3":0.1,"ind_4_5":0.0,"ind_6_10":0.3,"ind_11_17":1.8,"ind_18_24":1.1,"ind_25_39":2.6,"ind_40_54":5.8,"ind_55_64":6.0,"ind_65_79":3.8,"ind_80p":1.4,"ind_inc":0.1,"men_pauv":3.5,"men":10.4,"lcog_geo":"97224","year":"2017","com_arm_code":["97224"],"com_code":["97224"],"com_arm_name":["Saint-Joseph"],"com_name":["Saint-Joseph"],"epci_name":["CA du Centre de la Martinique"],"epci_code":["249720061"],"dep_name":["Martinique"],"dep_code":["972"],"reg_name":["Martinique"],"reg_code":["02"]}},{"type":"Feature","geometry":{"coordinates":[[[-61.02781605985876,14.652351032842938],[-61.02779988989245,14.654158255483441],[-61.02594361346758,14.654142504357234],[-61.02595979862932,14.652335283743342],[-61.02781605985876,14.652351032842938]]],"type":"Polygon"},"properties":{"geo_point_2d":{"lon":-61.02687984061339,"lat":14.653246770342324},"idcar_200m":"CRS5490RES200mN1620800E712400","i_est_200":0,"idcar_1km":"CRS5490RES1000mN1620000E712000","i_est_1km":0,"idcar_nat":"CRS5490RES1000mN1620000E712000","groupe":1019692,"pop_carr":23.0,"men_1ind":6.0,"men_5ind":0.0,"men_prop":6.0,"men_fmp":2.0,"ind_snv":564065.2,"men_surf":1025.4,"men_coll":6.0,"men_mais":7.0,"log_av45":0.0,"log_45_70":0.0,"log_70_90":3.0,"log_ap_90":9.0,"log_inc":1.0,"log_soc":0.0,"ind_0_3":1.0,"ind_4_5":1.0,"ind_6_10":0.0,"ind_11_17":2.0,"ind_18_24":1.0,"ind_25_39":3.0,"ind_40_54":6.0,"ind_55_64":4.0,"ind_65_79":5.0,"ind_80p":0.0,"ind_inc":0.0,"men_pauv":3.0,"men":13.0,"lcog_geo":"97224","year":"2017","com_arm_code":["97224"],"com_code":["97224"],"com_arm_name":["Saint-Joseph"],"com_name":["Saint-Joseph"],"epci_name":["CA du Centre de la Martinique"],"epci_code":["249720061"],"dep_name":["Martinique"],"dep_code":["972"],"reg_name":["Martinique"],"reg_code":["02"]}},{"type":"Feature","geometry":{"coordinates":[[[-61.0314478689702,14.661418617122067],[-61.03143171833646,14.663225842321166],[-61.02957536147302,14.663210110672717],[-61.029591527312775,14.661402887496575],[-61.0314478689702,14.661418617122067]]],"type":"Polygon"},"properties":{"geo_point_2d":{"lon":-61.03051161917419,"lat":14.662314365639512},"idcar_200m":"CRS5490RES200mN1621800E712000","i_est_200":0,"idcar_1km":"CRS5490RES1000mN1621000E712000","i_est_1km":0,"idcar_nat":"CRS5490RES1000mN1621000E712000","groupe":1019670,"pop_carr":44.0,"men_1ind":6.0,"men_5ind":1.0,"men_prop":17.0,"men_fmp":1.0,"ind_snv":1254208.3,"men_surf":1820.0,"men_coll":5.0,"men_mais":14.0,"log_av45":0.0,"log_45_70":0.0,"log_70_90":9.0,"log_ap_90":10.0,"log_inc":0.0,"log_soc":0.0,"ind_0_3":3.0,"ind_4_5":0.0,"ind_6_10":2.0,"ind_11_17":1.0,"ind_18_24":5.0,"ind_25_39":6.0,"ind_40_54":4.0,"ind_55_64":8.0,"ind_65_79":14.0,"ind_80p":1.0,"ind_inc":0.0,"men_pauv":3.0,"men":19.0,"lcog_geo":"97224","year":"2017","com_arm_code":["97224"],"com_code":["97224"],"com_arm_name":["Saint-Joseph"],"com_name":["Saint-Joseph"],"epci_name":["CA du Centre de la Martinique"],"epci_code":["249720061"],"dep_name":["Martinique"],"dep_code":["972"],"reg_name":["Martinique"],"reg_code":["02"]}},{"type":"Feature","geometry":{"coordinates":[[[-61.03154472632615,14.650575259673891],[-61.03152858896241,14.652382486659565],[-61.02967232330382,14.65236676714837],[-61.02968847586107,14.650559542185464],[-61.03154472632615,14.650575259673891]]],"type":"Polygon"},"properties":{"geo_point_2d":{"lon":-61.03060852876446,"lat":14.65147101515225},"idcar_200m":"CRS5490RES200mN1620600E712000","i_est_200":0,"idcar_1km":"CRS5490RES1000mN1620000E712000","i_est_1km":0,"idcar_nat":"CRS5490RES1000mN1620000E712000","groupe":1019700,"pop_carr":50.5,"men_1ind":12.0,"men_5ind":0.0,"men_prop":21.0,"men_fmp":3.0,"ind_snv":724629.9,"men_surf":2560.0,"men_coll":3.0,"men_mais":24.0,"log_av45":0.0,"log_45_70":6.0,"log_70_90":10.0,"log_ap_90":11.0,"log_inc":0.0,"log_soc":0.0,"ind_0_3":1.5,"ind_4_5":0.0,"ind_6_10":1.0,"ind_11_17":2.0,"ind_18_24":1.0,"ind_25_39":5.0,"ind_40_54":7.0,"ind_55_64":14.0,"ind_65_79":11.0,"ind_80p":8.0,"ind_inc":0.0,"men_pauv":14.0,"men":27.0,"lcog_geo":"97224","year":"2017","com_arm_code":["97224"],"com_code":["97224"],"com_arm_name":["Saint-Joseph"],"com_name":["Saint-Joseph"],"epci_name":["CA du Centre de la Martinique"],"epci_code":["249720061"],"dep_name":["Martinique"],"dep_code":["972"],"reg_name":["Martinique"],"reg_code":["02"]}},{"type":"Feature","geometry":{"coordinates":[[[-61.027702823561825,14.665001585071924],[-61.027686638083786,14.666808805627273],[-61.02583025523261,14.666793040313953],[-61.02584645592065,14.664985821785425],[-61.027702823561825,14.665001585071924]]],"type":"Polygon"},"properties":{"geo_point_2d":{"lon":-61.02676654335107,"lat":14.66589731443634},"idcar_200m":"CRS5490RES200mN1622200E712400","i_est_200":1,"idcar_1km":"CRS5490RES1000mN1622000E712000","i_est_1km":0,"idcar_nat":"CRS5490RES1000mN1622000E712000","groupe":1019921,"pop_carr":7.0,"men_1ind":1.0,"men_5ind":0.2,"men_prop":2.3,"men_fmp":0.3,"ind_snv":125450.5,"men_surf":261.6,"men_coll":0.6,"men_mais":2.4,"log_av45":0.0,"log_45_70":0.5,"log_70_90":0.5,"log_ap_90":1.8,"log_inc":0.2,"log_soc":0.0,"ind_0_3":0.1,"ind_4_5":0.2,"ind_6_10":0.3,"ind_11_17":0.3,"ind_18_24":0.3,"ind_25_39":1.2,"ind_40_54":1.5,"ind_55_64":1.2,"ind_65_79":1.4,"ind_80p":0.5,"ind_inc":0.0,"men_pauv":1.5,"men":3.0,"lcog_geo":"97224","year":"2017","com_arm_code":["97224"],"com_code":["97224"],"com_arm_name":["Saint-Joseph"],"com_name":["Saint-Joseph"],"epci_name":["CA du Centre de la Martinique"],"epci_code":["249720061"],"dep_name":["Martinique"],"dep_code":["972"],"reg_name":["Martinique"],"reg_code":["02"]}},{"type":"Feature","geometry":{"coordinates":[[[-61.03888934530318,14.659674154015214],[-61.038873257697894,14.661481387584818],[-61.03701690720544,14.66146571717518],[-61.037033010014994,14.65965848562089],[-61.03888934530318,14.659674154015214]]],"type":"Polygon"},"properties":{"geo_point_2d":{"lon":-61.03795313020589,"lat":14.660569937335257},"idcar_200m":"CRS5490RES200mN1621600E711200","i_est_200":1,"idcar_1km":"CRS5490RES1000mN1621000E711000","i_est_1km":0,"idcar_nat":"CRS5490RES1000mN1621000E711000","groupe":1019642,"pop_carr":3.0,"men_1ind":0.6,"men_5ind":0.1,"men_prop":0.9,"men_fmp":0.1,"ind_snv":67802.6,"men_surf":123.7,"men_coll":0.3,"men_mais":1.0,"log_av45":0.0,"log_45_70":0.1,"log_70_90":0.2,"log_ap_90":0.9,"log_inc":0.1,"log_soc":0.0,"ind_0_3":0.1,"ind_4_5":0.0,"ind_6_10":0.2,"ind_11_17":0.3,"ind_18_24":0.2,"ind_25_39":0.2,"ind_40_54":0.7,"ind_55_64":0.6,"ind_65_79":0.6,"ind_80p":0.1,"ind_inc":0.0,"men_pauv":0.4,"men":1.3,"lcog_geo":"97224","year":"2017","com_arm_code":["97224"],"com_code":["97224"],"com_arm_name":["Saint-Joseph"],"com_name":["Saint-Joseph"],"epci_name":["CA du Centre de la Martinique"],"epci_code":["249720061"],"dep_name":["Martinique"],"dep_code":["972"],"reg_name":["Martinique"],"reg_code":["02"]}},{"type":"Feature","geometry":{"coordinates":[[[-61.02563567391726,14.68847963939895],[-61.025619444383445,14.690286854050225],[-61.023762865832246,14.69027104755116],[-61.02377911060304,14.688463834929037],[-61.02563567391726,14.68847963939895]]],"type":"Polygon"},"properties":{"geo_point_2d":{"lon":-61.02469927383548,"lat":14.689375345221103},"idcar_200m":"CRS5490RES200mN1624800E712600","i_est_200":1,"idcar_1km":"CRS5490RES1000mN1624000E712000","i_est_1km":0,"idcar_nat":"CRS5490RES1000mN1624000E712000","groupe":1020081,"pop_carr":1.0,"men_1ind":0.1,"men_5ind":0.0,"men_prop":0.3,"men_fmp":0.1,"ind_snv":19206.4,"men_surf":34.7,"men_coll":0.0,"men_mais":0.4,"log_av45":0.0,"log_45_70":0.1,"log_70_90":0.1,"log_ap_90":0.2,"log_inc":0.0,"log_soc":0.0,"ind_0_3":0.0,"ind_4_5":0.0,"ind_6_10":0.0,"ind_11_17":0.1,"ind_18_24":0.1,"ind_25_39":0.1,"ind_40_54":0.2,"ind_55_64":0.2,"ind_65_79":0.2,"ind_80p":0.1,"ind_inc":0.0,"men_pauv":0.2,"men":0.4,"lcog_geo":"97224","year":"2017","com_arm_code":["97224"],"com_code":["97224"],"com_arm_name":["Saint-Joseph"],"com_name":["Saint-Joseph"],"epci_name":["CA du Centre de la Martinique"],"epci_code":["249720061"],"dep_name":["Martinique"],"dep_code":["972"],"reg_name":["Martinique"],"reg_code":["02"]}},{"type":"Feature","geometry":{"coordinates":[[[-61.038760582756524,14.674132014233967],[-61.03874447752039,14.675939245420865],[-61.036888005318794,14.675923558887595],[-61.03690412577585,14.674116329716265],[-61.038760582756524,14.674132014233967]]],"type":"Polygon"},"properties":{"geo_point_2d":{"lon":-61.03782429799339,"lat":14.675027788302174},"idcar_200m":"CRS5490RES200mN1623200E711200","i_est_200":0,"idcar_1km":"CRS5490RES1000mN1623000E711000","i_est_1km":0,"idcar_nat":"CRS5490RES1000mN1623000E711000","groupe":1019894,"pop_carr":76.5,"men_1ind":12.0,"men_5ind":2.0,"men_prop":23.0,"men_fmp":2.0,"ind_snv":1667598.3,"men_surf":2587.9,"men_coll":2.0,"men_mais":30.0,"log_av45":1.0,"log_45_70":16.0,"log_70_90":8.0,"log_ap_90":6.0,"log_inc":1.0,"log_soc":0.0,"ind_0_3":1.0,"ind_4_5":2.0,"ind_6_10":1.0,"ind_11_17":2.5,"ind_18_24":2.0,"ind_25_39":10.0,"ind_40_54":15.0,"ind_55_64":10.0,"ind_65_79":24.0,"ind_80p":8.0,"ind_inc":1.0,"men_pauv":6.0,"men":32.0,"lcog_geo":"97224","year":"2017","com_arm_code":["97224"],"com_code":["97224"],"com_arm_name":["Saint-Joseph"],"com_name":["Saint-Joseph"],"epci_name":["CA du Centre de la Martinique"],"epci_code":["249720061"],"dep_name":["Martinique"],"dep_code":["972"],"reg_name":["Martinique"],"reg_code":["02"]}},{"type":"Feature","geometry":{"coordinates":[[[-61.037065209017555,14.656044021619167],[-61.03704911061901,14.657851253768873],[-61.03519279273847,14.657835572589539],[-61.03520890633705,14.65602834245699],[-61.037065209017555,14.656044021619167]]],"type":"Polygon"},"properties":{"geo_point_2d":{"lon":-61.03612900482867,"lat":14.656939798844554},"idcar_200m":"CRS5490RES200mN1621200E711400","i_est_200":1,"idcar_1km":"CRS5490RES1000mN1621000E711000","i_est_1km":0,"idcar_nat":"CRS5490RES1000mN1621000E711000","groupe":1019642,"pop_carr":7.0,"men_1ind":1.3,"men_5ind":0.2,"men_prop":2.0,"men_fmp":0.3,"ind_snv":158206.2,"men_surf":288.5,"men_coll":0.8,"men_mais":2.3,"log_av45":0.0,"log_45_70":0.2,"log_70_90":0.5,"log_ap_90":2.1,"log_inc":0.3,"log_soc":0.0,"ind_0_3":0.2,"ind_4_5":0.1,"ind_6_10":0.4,"ind_11_17":0.6,"ind_18_24":0.5,"ind_25_39":0.5,"ind_40_54":1.6,"ind_55_64":1.3,"ind_65_79":1.5,"ind_80p":0.3,"ind_inc":0.0,"men_pauv":1.0,"men":3.1,"lcog_geo":"97224","year":"2017","com_arm_code":["97224"],"com_code":["97224"],"com_arm_name":["Saint-Joseph"],"com_name":["Saint-Joseph"],"epci_name":["CA du Centre de la Martinique"],"epci_code":["249720061"],"dep_name":["Martinique"],"dep_code":["972"],"reg_name":["Martinique"],"reg_code":["02"]}},{"type":"Feature","geometry":{"coordinates":[[[-61.03698469496931,14.665080179390474],[-61.03696858554259,14.666887410051409],[-61.0351121916307,14.666871718785854],[-61.03512831626787,14.665064490142228],[-61.03698469496931,14.665080179390474]]],"type":"Polygon"},"properties":{"geo_point_2d":{"lon":-61.03604844725327,"lat":14.665975950829198},"idcar_200m":"CRS5490RES200mN1622200E711400","i_est_200":1,"idcar_1km":"CRS5490RES1000mN1622000E711000","i_est_1km":0,"idcar_nat":"CRS5490RES1000mN1622000E711000","groupe":1019897,"pop_carr":2.0,"men_1ind":0.4,"men_5ind":0.1,"men_prop":0.6,"men_fmp":0.1,"ind_snv":48988.7,"men_surf":80.9,"men_coll":0.4,"men_mais":0.5,"log_av45":0.0,"log_45_70":0.1,"log_70_90":0.1,"log_ap_90":0.6,"log_inc":0.1,"log_soc":0.0,"ind_0_3":0.1,"ind_4_5":0.0,"ind_6_10":0.2,"ind_11_17":0.1,"ind_18_24":0.2,"ind_25_39":0.3,"ind_40_54":0.4,"ind_55_64":0.3,"ind_65_79":0.3,"ind_80p":0.1,"ind_inc":0.0,"men_pauv":0.2,"men":0.9,"lcog_geo":"97224","year":"2017","com_arm_code":["97224"],"com_code":["97224"],"com_arm_name":["Saint-Joseph"],"com_name":["Saint-Joseph"],"epci_name":["CA du Centre de la Martinique"],"epci_code":["249720061"],"dep_name":["Martinique"],"dep_code":["972"],"reg_name":["Martinique"],"reg_code":["02"]}},{"type":"Feature","geometry":{"coordinates":[[[-61.04977119821125,14.688683747752128],[-61.049755166766154,14.690490988609056],[-61.04789855952383,14.690475374959078],[-61.04791460620703,14.688668136106537],[-61.04977119821125,14.688683747752128]]],"type":"Polygon"},"properties":{"geo_point_2d":{"lon":-61.048834882826704,"lat":14.689579563095483},"idcar_200m":"CRS5490RES200mN1624800E710000","i_est_200":1,"idcar_1km":"CRS5490RES1000mN1624000E710000","i_est_1km":0,"idcar_nat":"CRS5490RES8000mN1624000E704000","groupe":1020072,"pop_carr":2.0,"men_1ind":0.3,"men_5ind":0.0,"men_prop":0.6,"men_fmp":0.1,"ind_snv":40823.3,"men_surf":65.0,"men_coll":0.1,"men_mais":0.7,"log_av45":0.0,"log_45_70":0.2,"log_70_90":0.1,"log_ap_90":0.5,"log_inc":0.0,"log_soc":0.0,"ind_0_3":0.1,"ind_4_5":0.0,"ind_6_10":0.1,"ind_11_17":0.2,"ind_18_24":0.1,"ind_25_39":0.1,"ind_40_54":0.5,"ind_55_64":0.3,"ind_65_79":0.4,"ind_80p":0.2,"ind_inc":0.0,"men_pauv":0.3,"men":0.8,"lcog_geo":"97224","year":"2017","com_arm_code":["97224"],"com_code":["97224"],"com_arm_name":["Saint-Joseph"],"com_name":["Saint-Joseph"],"epci_name":["CA du Centre de la Martinique"],"epci_code":["249720061"],"dep_name":["Martinique"],"dep_code":["972"],"reg_name":["Martinique"],"reg_code":["02"]}},{"type":"Feature","geometry":{"coordinates":[[[-61.01467571060747,14.668505343470612],[-61.01465941419938,14.670312549201679],[-61.012803016495596,14.670296676144464],[-61.01281932811725,14.668489472453608],[-61.01467571060747,14.668505343470612]]],"type":"Polygon"},"properties":{"geo_point_2d":{"lon":-61.013739367507284,"lat":14.669401011554593},"idcar_200m":"CRS5490RES200mN1622600E713800","i_est_200":1,"idcar_1km":"CRS5490RES1000mN1622000E713000","i_est_1km":0,"idcar_nat":"CRS5490RES1000mN1622000E713000","groupe":1019908,"pop_carr":4.0,"men_1ind":0.7,"men_5ind":0.1,"men_prop":1.4,"men_fmp":0.2,"ind_snv":91155.7,"men_surf":175.3,"men_coll":0.5,"men_mais":1.3,"log_av45":0.0,"log_45_70":0.3,"log_70_90":0.6,"log_ap_90":0.9,"log_inc":0.0,"log_soc":0.0,"ind_0_3":0.2,"ind_4_5":0.0,"ind_6_10":0.2,"ind_11_17":0.2,"ind_18_24":0.2,"ind_25_39":0.2,"ind_40_54":0.9,"ind_55_64":0.5,"ind_65_79":1.1,"ind_80p":0.5,"ind_inc":0.0,"men_pauv":0.5,"men":1.8,"lcog_geo":"97224","year":"2017","com_arm_code":["97224"],"com_code":["97224"],"com_arm_name":["Saint-Joseph"],"com_name":["Saint-Joseph"],"epci_name":["CA du Centre de la Martinique"],"epci_code":["249720061"],"dep_name":["Martinique"],"dep_code":["972"],"reg_name":["Martinique"],"reg_code":["02"]}},{"type":"Feature","geometry":{"coordinates":[[[-61.031512449387215,14.654189713347558],[-61.03149630760049,14.655996939737836],[-61.029640011548615,14.655981216181022],[-61.02965616853303,14.654173991813572],[-61.031512449387215,14.654189713347558]]],"type":"Polygon"},"properties":{"geo_point_2d":{"lon":-61.03057623441842,"lat":14.655085466505742},"idcar_200m":"CRS5490RES200mN1621000E712000","i_est_200":0,"idcar_1km":"CRS5490RES1000mN1621000E712000","i_est_1km":0,"idcar_nat":"CRS5490RES1000mN1621000E712000","groupe":1019668,"pop_carr":33.0,"men_1ind":5.0,"men_5ind":0.0,"men_prop":14.0,"men_fmp":2.0,"ind_snv":1020517.7,"men_surf":1553.0,"men_coll":4.0,"men_mais":11.0,"log_av45":0.0,"log_45_70":0.0,"log_70_90":7.0,"log_ap_90":8.0,"log_inc":0.0,"log_soc":0.0,"ind_0_3":1.0,"ind_4_5":0.0,"ind_6_10":1.0,"ind_11_17":2.0,"ind_18_24":2.0,"ind_25_39":4.0,"ind_40_54":6.0,"ind_55_64":5.0,"ind_65_79":8.0,"ind_80p":4.0,"ind_inc":0.0,"men_pauv":2.0,"men":15.0,"lcog_geo":"97224","year":"2017","com_arm_code":["97224"],"com_code":["97224"],"com_arm_name":["Saint-Joseph"],"com_name":["Saint-Joseph"],"epci_name":["CA du Centre de la Martinique"],"epci_code":["249720061"],"dep_name":["Martinique"],"dep_code":["972"],"reg_name":["Martinique"],"reg_code":["02"]}},{"type":"Feature","geometry":{"coordinates":[[[-61.04263413028304,14.65609097031515],[-61.042618077485066,14.657898208504875],[-61.040761752994385,14.657882571726619],[-61.04077782099264,14.656075335548326],[-61.04263413028304,14.65609097031515]]],"type":"Polygon"},"properties":{"geo_point_2d":{"lon":-61.041697945589014,"lat":14.656986772759655},"idcar_200m":"CRS5490RES200mN1621200E710800","i_est_200":0,"idcar_1km":"CRS5490RES1000mN1621000E710000","i_est_1km":0,"idcar_nat":"CRS5490RES1000mN1621000E710000","groupe":1019638,"pop_carr":32.0,"men_1ind":3.0,"men_5ind":0.0,"men_prop":13.0,"men_fmp":2.0,"ind_snv":1054983.4,"men_surf":1636.0,"men_coll":3.0,"men_mais":12.0,"log_av45":0.0,"log_45_70":1.0,"log_70_90":3.0,"log_ap_90":11.0,"log_inc":0.0,"log_soc":0.0,"ind_0_3":0.0,"ind_4_5":0.0,"ind_6_10":2.0,"ind_11_17":2.0,"ind_18_24":0.0,"ind_25_39":5.0,"ind_40_54":7.0,"ind_55_64":7.0,"ind_65_79":8.0,"ind_80p":1.0,"ind_inc":0.0,"men_pauv":2.0,"men":15.0,"lcog_geo":"97224","year":"2017","com_arm_code":["97224"],"com_code":["97224"],"com_arm_name":["Saint-Joseph"],"com_name":["Saint-Joseph"],"epci_name":["CA du Centre de la Martinique"],"epci_code":["249720061"],"dep_name":["Martinique"],"dep_code":["972"],"reg_name":["Martinique"],"reg_code":["02"]}},{"type":"Feature","geometry":{"coordinates":[[[-61.066702916642214,14.66352193045863],[-61.066687052766504,14.66532919343493],[-61.06483063902199,14.665313741122507],[-61.064846518107416,14.663506480133035],[-61.066702916642214,14.66352193045863]]],"type":"Polygon"},"properties":{"geo_point_2d":{"lon":-61.0657667817829,"lat":14.664417837523848},"idcar_200m":"CRS5490RES200mN1622000E708200","i_est_200":1,"idcar_1km":"CRS5490RES1000mN1622000E708000","i_est_1km":0,"idcar_nat":"CRS5490RES1000mN1622000E708000","groupe":1019853,"pop_carr":2.0,"men_1ind":0.3,"men_5ind":0.0,"men_prop":0.5,"men_fmp":0.2,"ind_snv":34236.8,"men_surf":61.6,"men_coll":0.2,"men_mais":0.7,"log_av45":0.0,"log_45_70":0.2,"log_70_90":0.1,"log_ap_90":0.5,"log_inc":0.1,"log_soc":0.0,"ind_0_3":0.0,"ind_4_5":0.0,"ind_6_10":0.1,"ind_11_17":0.2,"ind_18_24":0.1,"ind_25_39":0.3,"ind_40_54":0.5,"ind_55_64":0.3,"ind_65_79":0.4,"ind_80p":0.1,"ind_inc":0.0,"men_pauv":0.4,"men":0.9,"lcog_geo":"9722497209","year":"2017","com_arm_code":["97224"],"com_code":["97224"],"com_arm_name":["Saint-Joseph"],"com_name":["Saint-Joseph"],"epci_name":["CA du Centre de la Martinique"],"epci_code":["249720061"],"dep_name":["Martinique"],"dep_code":["972"],"reg_name":["Martinique"],"reg_code":["02"]}},{"type":"Feature","geometry":{"coordinates":[[[-61.025700569859104,14.681250777809634],[-61.02568434920248,14.683057993654524],[-61.02382783158673,14.683042195271861],[-61.02384406747202,14.681234981455992],[-61.025700569859104,14.681250777809634]]],"type":"Polygon"},"properties":{"geo_point_2d":{"lon":-61.02476420468157,"lat":14.68214648828613},"idcar_200m":"CRS5490RES200mN1624000E712600","i_est_200":1,"idcar_1km":"CRS5490RES1000mN1624000E712000","i_est_1km":0,"idcar_nat":"CRS5490RES1000mN1624000E712000","groupe":1020081,"pop_carr":7.0,"men_1ind":0.9,"men_5ind":0.3,"men_prop":2.1,"men_fmp":0.6,"ind_snv":134444.6,"men_surf":243.0,"men_coll":0.4,"men_mais":2.6,"log_av45":0.1,"log_45_70":0.6,"log_70_90":0.7,"log_ap_90":1.5,"log_inc":0.1,"log_soc":0.0,"ind_0_3":0.1,"ind_4_5":0.2,"ind_6_10":0.2,"ind_11_17":0.7,"ind_18_24":0.4,"ind_25_39":0.8,"ind_40_54":1.3,"ind_55_64":1.6,"ind_65_79":1.2,"ind_80p":0.5,"ind_inc":0.0,"men_pauv":1.1,"men":3.0,"lcog_geo":"97224","year":"2017","com_arm_code":["97224"],"com_code":["97224"],"com_arm_name":["Saint-Joseph"],"com_name":["Saint-Joseph"],"epci_name":["CA du Centre de la Martinique"],"epci_code":["249720061"],"dep_name":["Martinique"],"dep_code":["972"],"reg_name":["Martinique"],"reg_code":["02"]}},{"type":"Feature","geometry":{"coordinates":[[[-61.022052549529995,14.673990320154628],[-61.02203630730858,14.675797533132895],[-61.02017985503886,14.6757817132287],[-61.02019611248042,14.673974502283126],[-61.022052549529995,14.673990320154628]]],"type":"Polygon"},"properties":{"geo_point_2d":{"lon":-61.021116206241246,"lat":14.674886018437322},"idcar_200m":"CRS5490RES200mN1623200E713000","i_est_200":0,"idcar_1km":"CRS5490RES1000mN1623000E713000","i_est_1km":0,"idcar_nat":"CRS5490RES1000mN1623000E713000","groupe":1019934,"pop_carr":45.0,"men_1ind":3.0,"men_5ind":1.0,"men_prop":16.0,"men_fmp":4.0,"ind_snv":1344996.3,"men_surf":2121.6,"men_coll":10.0,"men_mais":10.0,"log_av45":0.0,"log_45_70":0.0,"log_70_90":8.0,"log_ap_90":10.0,"log_inc":2.0,"log_soc":0.0,"ind_0_3":1.0,"ind_4_5":1.0,"ind_6_10":1.0,"ind_11_17":4.0,"ind_18_24":1.0,"ind_25_39":6.0,"ind_40_54":5.0,"ind_55_64":14.0,"ind_65_79":10.0,"ind_80p":2.0,"ind_inc":0.0,"men_pauv":1.0,"men":20.0,"lcog_geo":"97224","year":"2017","com_arm_code":["97224"],"com_code":["97224"],"com_arm_name":["Saint-Joseph"],"com_name":["Saint-Joseph"],"epci_name":["CA du Centre de la Martinique"],"epci_code":["249720061"],"dep_name":["Martinique"],"dep_code":["972"],"reg_name":["Martinique"],"reg_code":["02"]}},{"type":"Feature","geometry":{"coordinates":[[[-61.05553264564196,14.667043508155077],[-61.055516686139185,14.668850758586865],[-61.053660255048705,14.668835213424547],[-61.05367622976485,14.667027964991062],[-61.05553264564196,14.667043508155077]]],"type":"Polygon"},"properties":{"geo_point_2d":{"lon":-61.05459645429789,"lat":14.667939362526269},"idcar_200m":"CRS5490RES200mN1622400E709400","i_est_200":1,"idcar_1km":"CRS5490RES1000mN1622000E709000","i_est_1km":0,"idcar_nat":"CRS5490RES1000mN1622000E709000","groupe":1019845,"pop_carr":4.0,"men_1ind":0.7,"men_5ind":0.1,"men_prop":1.4,"men_fmp":0.3,"ind_snv":72834.5,"men_surf":162.6,"men_coll":0.3,"men_mais":1.6,"log_av45":0.0,"log_45_70":0.5,"log_70_90":0.3,"log_ap_90":0.9,"log_inc":0.2,"log_soc":0.0,"ind_0_3":0.1,"ind_4_5":0.0,"ind_6_10":0.1,"ind_11_17":0.2,"ind_18_24":0.3,"ind_25_39":0.3,"ind_40_54":0.8,"ind_55_64":0.9,"ind_65_79":0.9,"ind_80p":0.4,"ind_inc":0.0,"men_pauv":0.6,"men":1.9,"lcog_geo":"97224","year":"2017","com_arm_code":["97224"],"com_code":["97224"],"com_arm_name":["Saint-Joseph"],"com_name":["Saint-Joseph"],"epci_name":["CA du Centre de la Martinique"],"epci_code":["249720061"],"dep_name":["Martinique"],"dep_code":["972"],"reg_name":["Martinique"],"reg_code":["02"]}},{"type":"Feature","geometry":{"coordinates":[[[-61.03338485683246,14.652398191376422],[-61.033368732452956,14.654205420085319],[-61.031512449387215,14.654189713347558],[-61.03152858896241,14.652382486659565],[-61.03338485683246,14.652398191376422]]],"type":"Polygon"},"properties":{"geo_point_2d":{"lon":-61.0324486570597,"lat":14.653293954102805},"idcar_200m":"CRS5490RES200mN1620800E711800","i_est_200":0,"idcar_1km":"CRS5490RES1000mN1620000E711000","i_est_1km":0,"idcar_nat":"CRS5490RES1000mN1620000E711000","groupe":1019661,"pop_carr":54.0,"men_1ind":11.0,"men_5ind":1.0,"men_prop":20.0,"men_fmp":8.0,"ind_snv":1316365.5,"men_surf":2745.4,"men_coll":5.0,"men_mais":23.0,"log_av45":0.0,"log_45_70":1.0,"log_70_90":9.0,"log_ap_90":17.0,"log_inc":1.0,"log_soc":0.0,"ind_0_3":1.0,"ind_4_5":0.0,"ind_6_10":1.5,"ind_11_17":5.5,"ind_18_24":4.0,"ind_25_39":4.0,"ind_40_54":12.0,"ind_55_64":14.0,"ind_65_79":9.0,"ind_80p":3.0,"ind_inc":0.0,"men_pauv":8.0,"men":28.0,"lcog_geo":"97224","year":"2017","com_arm_code":["97224"],"com_code":["97224"],"com_arm_name":["Saint-Joseph"],"com_name":["Saint-Joseph"],"epci_name":["CA du Centre de la Martinique"],"epci_code":["249720061"],"dep_name":["Martinique"],"dep_code":["972"],"reg_name":["Martinique"],"reg_code":["02"]}},{"type":"Feature","geometry":{"coordinates":[[[-61.01640178335707,14.682978853478364],[-61.01638548432843,14.684786058860606],[-61.014528962609454,14.684770184308354],[-61.01454527686839,14.682962980964684],[-61.01640178335707,14.682978853478364]]],"type":"Polygon"},"properties":{"geo_point_2d":{"lon":-61.015465376943034,"lat":14.683874520641277},"idcar_200m":"CRS5490RES200mN1624200E713600","i_est_200":1,"idcar_1km":"CRS5490RES1000mN1624000E713000","i_est_1km":0,"idcar_nat":"CRS5490RES1000mN1624000E713000","groupe":1020086,"pop_carr":8.0,"men_1ind":1.6,"men_5ind":0.3,"men_prop":2.0,"men_fmp":0.6,"ind_snv":169485.1,"men_surf":311.6,"men_coll":0.6,"men_mais":2.9,"log_av45":0.2,"log_45_70":0.9,"log_70_90":0.7,"log_ap_90":1.5,"log_inc":0.2,"log_soc":0.0,"ind_0_3":0.1,"ind_4_5":0.1,"ind_6_10":0.1,"ind_11_17":1.1,"ind_18_24":0.8,"ind_25_39":0.6,"ind_40_54":2.0,"ind_55_64":1.5,"ind_65_79":1.0,"ind_80p":0.7,"ind_inc":0.0,"men_pauv":1.0,"men":3.5,"lcog_geo":"9722497212","year":"2017","com_arm_code":["97224"],"com_code":["97224"],"com_arm_name":["Saint-Joseph"],"com_name":["Saint-Joseph"],"epci_name":["CA du Centre de la Martinique"],"epci_code":["249720061"],"dep_name":["Martinique"],"dep_code":["972"],"reg_name":["Martinique"],"reg_code":["02"]}},{"type":"Feature","geometry":{"coordinates":[[[-61.051771839718555,14.672434145423424],[-61.0517558432209,14.674241390963699],[-61.04989937085489,14.674225810170103],[-61.049915382571974,14.672418566632034],[-61.051771839718555,14.672434145423424]]],"type":"Polygon"},"properties":{"geo_point_2d":{"lon":-61.05083560924108,"lat":14.673329979534667},"idcar_200m":"CRS5490RES200mN1623000E709800","i_est_200":1,"idcar_1km":"CRS5490RES1000mN1623000E709000","i_est_1km":0,"idcar_nat":"CRS5490RES1000mN1623000E709000","groupe":1019859,"pop_carr":27.0,"men_1ind":4.3,"men_5ind":0.5,"men_prop":9.1,"men_fmp":2.7,"ind_snv":483316.3,"men_surf":1122.4,"men_coll":0.8,"men_mais":11.0,"log_av45":0.1,"log_45_70":1.9,"log_70_90":1.4,"log_ap_90":7.7,"log_inc":0.7,"log_soc":0.0,"ind_0_3":0.5,"ind_4_5":0.6,"ind_6_10":1.6,"ind_11_17":1.9,"ind_18_24":1.6,"ind_25_39":2.2,"ind_40_54":6.5,"ind_55_64":5.1,"ind_65_79":4.8,"ind_80p":2.2,"ind_inc":0.0,"men_pauv":4.8,"men":11.8,"lcog_geo":"97224","year":"2017","com_arm_code":["97224"],"com_code":["97224"],"com_arm_name":["Saint-Joseph"],"com_name":["Saint-Joseph"],"epci_name":["CA du Centre de la Martinique"],"epci_code":["249720061"],"dep_name":["Martinique"],"dep_code":["972"],"reg_name":["Martinique"],"reg_code":["02"]}},{"type":"Feature","geometry":{"coordinates":[[[-61.04426571543552,14.681407925982944],[-61.04424964707021,14.683215162013319],[-61.04239310735656,14.683199511898746],[-61.042409190951396,14.681392277878347],[-61.04426571543552,14.681407925982944]]],"type":"Polygon"},"properties":{"geo_point_2d":{"lon":-61.043329415353476,"lat":14.68230372068148},"idcar_200m":"CRS5490RES200mN1624000E710600","i_est_200":1,"idcar_1km":"CRS5490RES1000mN1624000E710000","i_est_1km":0,"idcar_nat":"CRS5490RES8000mN1624000E704000","groupe":1020072,"pop_carr":18.0,"men_1ind":2.3,"men_5ind":0.4,"men_prop":5.0,"men_fmp":1.3,"ind_snv":367409.3,"men_surf":584.7,"men_coll":0.7,"men_mais":6.8,"log_av45":0.2,"log_45_70":1.5,"log_70_90":1.1,"log_ap_90":4.4,"log_inc":0.3,"log_soc":0.0,"ind_0_3":0.8,"ind_4_5":0.1,"ind_6_10":0.7,"ind_11_17":1.5,"ind_18_24":1.0,"ind_25_39":1.5,"ind_40_54":4.5,"ind_55_64":2.7,"ind_65_79":3.4,"ind_80p":1.6,"ind_inc":0.2,"men_pauv":2.7,"men":7.5,"lcog_geo":"97224","year":"2017","com_arm_code":["97224"],"com_code":["97224"],"com_arm_name":["Saint-Joseph"],"com_name":["Saint-Joseph"],"epci_name":["CA du Centre de la Martinique"],"epci_code":["249720061"],"dep_name":["Martinique"],"dep_code":["972"],"reg_name":["Martinique"],"reg_code":["02"]}},{"type":"Feature","geometry":{"coordinates":[[[-61.03712958055878,14.64881509004422],[-61.03711349098125,14.650622323384315],[-61.035257233888316,14.650606650273392],[-61.035273338657554,14.648799418950318],[-61.03712958055878,14.64881509004422]]],"type":"Polygon"},"properties":{"geo_point_2d":{"lon":-61.03619341117214,"lat":14.649710871898336},"idcar_200m":"CRS5490RES200mN1620400E711400","i_est_200":0,"idcar_1km":"CRS5490RES1000mN1620000E711000","i_est_1km":0,"idcar_nat":"CRS5490RES1000mN1620000E711000","groupe":1019664,"pop_carr":84.5,"men_1ind":18.0,"men_5ind":2.0,"men_prop":29.0,"men_fmp":5.0,"ind_snv":2331055.3,"men_surf":4546.7,"men_coll":10.0,"men_mais":32.0,"log_av45":0.0,"log_45_70":1.0,"log_70_90":4.0,"log_ap_90":24.0,"log_inc":13.0,"log_soc":0.0,"ind_0_3":2.0,"ind_4_5":2.0,"ind_6_10":2.0,"ind_11_17":5.5,"ind_18_24":10.0,"ind_25_39":7.0,"ind_40_54":19.0,"ind_55_64":22.0,"ind_65_79":12.0,"ind_80p":3.0,"ind_inc":0.0,"men_pauv":12.0,"men":42.0,"lcog_geo":"97224","year":"2017","com_arm_code":["97224"],"com_code":["97224"],"com_arm_name":["Saint-Joseph"],"com_name":["Saint-Joseph"],"epci_name":["CA du Centre de la Martinique"],"epci_code":["249720061"],"dep_name":["Martinique"],"dep_code":["972"],"reg_name":["Martinique"],"reg_code":["02"]}},{"type":"Feature","geometry":{"coordinates":[[[-61.01838848227872,14.668537041072325],[-61.01837221629802,14.670344250878129],[-61.01651581413421,14.670328407446258],[-61.01653209532865,14.668521199676874],[-61.01838848227872,14.668537041072325]]],"type":"Polygon"},"properties":{"geo_point_2d":{"lon":-61.01745215216198,"lat":14.669432726005402},"idcar_200m":"CRS5490RES200mN1622600E713400","i_est_200":0,"idcar_1km":"CRS5490RES1000mN1622000E713000","i_est_1km":0,"idcar_nat":"CRS5490RES1000mN1622000E713000","groupe":1019912,"pop_carr":29.0,"men_1ind":6.0,"men_5ind":0.0,"men_prop":12.0,"men_fmp":4.0,"ind_snv":717652.1,"men_surf":1461.0,"men_coll":4.0,"men_mais":11.0,"log_av45":0.0,"log_45_70":0.0,"log_70_90":4.0,"log_ap_90":11.0,"log_inc":0.0,"log_soc":0.0,"ind_0_3":0.0,"ind_4_5":2.0,"ind_6_10":2.5,"ind_11_17":1.5,"ind_18_24":3.0,"ind_25_39":2.0,"ind_40_54":6.0,"ind_55_64":6.0,"ind_65_79":4.0,"ind_80p":2.0,"ind_inc":0.0,"men_pauv":1.0,"men":15.0,"lcog_geo":"97224","year":"2017","com_arm_code":["97224"],"com_code":["97224"],"com_arm_name":["Saint-Joseph"],"com_name":["Saint-Joseph"],"epci_name":["CA du Centre de la Martinique"],"epci_code":["249720061"],"dep_name":["Martinique"],"dep_code":["972"],"reg_name":["Martinique"],"reg_code":["02"]}},{"type":"Feature","geometry":{"coordinates":[[[-61.047946692990244,14.685053657507293],[-61.047930650695804,14.686860896955935],[-61.04607407612195,14.686845272483495],[-61.04609013365024,14.68503803504109],[-61.047946692990244,14.685053657507293]]],"type":"Polygon"},"properties":{"geo_point_2d":{"lon":-61.04701038851434,"lat":14.685949466735417},"idcar_200m":"CRS5490RES200mN1624400E710200","i_est_200":1,"idcar_1km":"CRS5490RES1000mN1624000E710000","i_est_1km":0,"idcar_nat":"CRS5490RES8000mN1624000E704000","groupe":1020072,"pop_carr":1.0,"men_1ind":0.1,"men_5ind":0.0,"men_prop":0.3,"men_fmp":0.1,"ind_snv":20411.6,"men_surf":32.5,"men_coll":0.0,"men_mais":0.4,"log_av45":0.0,"log_45_70":0.1,"log_70_90":0.1,"log_ap_90":0.2,"log_inc":0.0,"log_soc":0.0,"ind_0_3":0.0,"ind_4_5":0.0,"ind_6_10":0.0,"ind_11_17":0.1,"ind_18_24":0.1,"ind_25_39":0.1,"ind_40_54":0.2,"ind_55_64":0.2,"ind_65_79":0.2,"ind_80p":0.1,"ind_inc":0.0,"men_pauv":0.2,"men":0.4,"lcog_geo":"97224","year":"2017","com_arm_code":["97224"],"com_code":["97224"],"com_arm_name":["Saint-Joseph"],"com_name":["Saint-Joseph"],"epci_name":["CA du Centre de la Martinique"],"epci_code":["249720061"],"dep_name":["Martinique"],"dep_code":["972"],"reg_name":["Martinique"],"reg_code":["02"]}},{"type":"Feature","geometry":{"coordinates":[[[-61.00164827209483,14.672008317851443],[-61.00163186470229,14.673815508663917],[-60.999775452242034,14.67379952781336],[-60.9997918748517,14.671992339054496],[-61.00164827209483,14.672008317851443]]],"type":"Polygon"},"properties":{"geo_point_2d":{"lon":-61.000711866126046,"lat":14.672903924583112},"idcar_200m":"CRS5490RES200mN1623000E715200","i_est_200":1,"idcar_1km":"CRS5490RES1000mN1623000E715000","i_est_1km":0,"idcar_nat":"CRS5490RES2000mN1622000E714000","groupe":1019940,"pop_carr":12.0,"men_1ind":1.3,"men_5ind":0.4,"men_prop":4.3,"men_fmp":0.8,"ind_snv":227566.0,"men_surf":473.5,"men_coll":0.0,"men_mais":5.1,"log_av45":0.1,"log_45_70":0.7,"log_70_90":1.3,"log_ap_90":2.7,"log_inc":0.3,"log_soc":0.0,"ind_0_3":0.1,"ind_4_5":0.1,"ind_6_10":0.9,"ind_11_17":1.1,"ind_18_24":0.3,"ind_25_39":0.7,"ind_40_54":3.6,"ind_55_64":2.1,"ind_65_79":2.1,"ind_80p":1.0,"ind_inc":0.0,"men_pauv":1.2,"men":5.1,"lcog_geo":"97224","year":"2017","com_arm_code":["97224"],"com_code":["97224"],"com_arm_name":["Saint-Joseph"],"com_name":["Saint-Joseph"],"epci_name":["CA du Centre de la Martinique"],"epci_code":["249720061"],"dep_name":["Martinique"],"dep_code":["972"],"reg_name":["Martinique"],"reg_code":["02"]}},{"type":"Feature","geometry":{"coordinates":[[[-61.070399886770936,14.665360053632165],[-61.07038405114657,14.66716732027913],[-61.068527617847195,14.667151895602089],[-61.068543468683515,14.665344630938167],[-61.070399886770936,14.665360053632165]]],"type":"Polygon"},"properties":{"geo_point_2d":{"lon":-61.06946375626015,"lat":14.666255976349621},"idcar_200m":"CRS5490RES200mN1622200E707800","i_est_200":1,"idcar_1km":"CRS5490RES1000mN1622000E707000","i_est_1km":0,"idcar_nat":"CRS5490RES2000mN1622000E706000","groupe":1019844,"pop_carr":1.0,"men_1ind":0.2,"men_5ind":0.1,"men_prop":0.3,"men_fmp":0.0,"ind_snv":16595.1,"men_surf":32.4,"men_coll":0.0,"men_mais":0.4,"log_av45":0.0,"log_45_70":0.0,"log_70_90":0.3,"log_ap_90":0.1,"log_inc":0.0,"log_soc":0.0,"ind_0_3":0.0,"ind_4_5":0.0,"ind_6_10":0.0,"ind_11_17":0.1,"ind_18_24":0.0,"ind_25_39":0.2,"ind_40_54":0.1,"ind_55_64":0.2,"ind_65_79":0.2,"ind_80p":0.2,"ind_inc":0.0,"men_pauv":0.1,"men":0.4,"lcog_geo":"9722497209","year":"2017","com_arm_code":["97224"],"com_code":["97224"],"com_arm_name":["Saint-Joseph"],"com_name":["Saint-Joseph"],"epci_name":["CA du Centre de la Martinique"],"epci_code":["249720061"],"dep_name":["Martinique"],"dep_code":["972"],"reg_name":["Martinique"],"reg_code":["02"]}},{"type":"Feature","geometry":{"coordinates":[[[-61.06294243233188,14.668912791110346],[-61.0629265315066,14.670720049218868],[-61.061070076472184,14.670704561316304],[-61.06108599251326,14.668897305198499],[-61.06294243233188,14.668912791110346]]],"type":"Polygon"},"properties":{"geo_point_2d":{"lon":-61.062006258354636,"lat":14.669808677948051},"idcar_200m":"CRS5490RES200mN1622600E708600","i_est_200":1,"idcar_1km":"CRS5490RES1000mN1622000E708000","i_est_1km":0,"idcar_nat":"CRS5490RES1000mN1622000E708000","groupe":1019853,"pop_carr":6.0,"men_1ind":0.8,"men_5ind":0.1,"men_prop":1.6,"men_fmp":0.6,"ind_snv":102710.5,"men_surf":184.9,"men_coll":0.6,"men_mais":2.2,"log_av45":0.2,"log_45_70":0.6,"log_70_90":0.4,"log_ap_90":1.4,"log_inc":0.2,"log_soc":0.0,"ind_0_3":0.0,"ind_4_5":0.2,"ind_6_10":0.2,"ind_11_17":0.5,"ind_18_24":0.2,"ind_25_39":0.9,"ind_40_54":1.6,"ind_55_64":1.0,"ind_65_79":1.1,"ind_80p":0.3,"ind_inc":0.0,"men_pauv":1.1,"men":2.8,"lcog_geo":"97224","year":"2017","com_arm_code":["97224"],"com_code":["97224"],"com_arm_name":["Saint-Joseph"],"com_name":["Saint-Joseph"],"epci_name":["CA du Centre de la Martinique"],"epci_code":["249720061"],"dep_name":["Martinique"],"dep_code":["972"],"reg_name":["Martinique"],"reg_code":["02"]}},{"type":"Feature","geometry":{"coordinates":[[[-61.07030484049689,14.67620364905396],[-61.070288991860785,14.678010913916697],[-61.068432467245884,14.677995477340751],[-61.06844833110645,14.676188214461245],[-61.07030484049689,14.67620364905396]]],"type":"Polygon"},"properties":{"geo_point_2d":{"lon":-61.06936865782559,"lat":14.677099564930854},"idcar_200m":"CRS5490RES200mN1623400E707800","i_est_200":1,"idcar_1km":"CRS5490RES1000mN1623000E707000","i_est_1km":1,"idcar_nat":"CRS5490RES2000mN1622000E706000","groupe":398662,"pop_carr":8.0,"men_1ind":1.4,"men_5ind":0.7,"men_prop":2.1,"men_fmp":0.5,"ind_snv":176579.4,"men_surf":278.6,"men_coll":0.7,"men_mais":2.4,"log_av45":0.0,"log_45_70":0.9,"log_70_90":1.0,"log_ap_90":1.2,"log_inc":0.0,"log_soc":0.0,"ind_0_3":0.5,"ind_4_5":0.7,"ind_6_10":0.5,"ind_11_17":0.2,"ind_18_24":0.5,"ind_25_39":1.4,"ind_40_54":0.5,"ind_55_64":1.4,"ind_65_79":2.1,"ind_80p":0.2,"ind_inc":0.0,"men_pauv":0.2,"men":3.1,"lcog_geo":"97224","year":"2017","com_arm_code":["97224"],"com_code":["97224"],"com_arm_name":["Saint-Joseph"],"com_name":["Saint-Joseph"],"epci_name":["CA du Centre de la Martinique"],"epci_code":["249720061"],"dep_name":["Martinique"],"dep_code":["972"],"reg_name":["Martinique"],"reg_code":["02"]}},{"type":"Feature","geometry":{"coordinates":[[[-61.03304578076252,14.690349931705049],[-61.03302960996637,14.692157154155513],[-61.031173007310215,14.69214140497163],[-61.03118919334579,14.690334184542715],[-61.03304578076252,14.690349931705049]]],"type":"Polygon"},"properties":{"geo_point_2d":{"lon":-61.03210939799713,"lat":14.691245670082655},"idcar_200m":"CRS5490RES200mN1625000E711800","i_est_200":1,"idcar_1km":"CRS5490RES1000mN1625000E711000","i_est_1km":0,"idcar_nat":"CRS5490RES8000mN1624000E704000","groupe":1020069,"pop_carr":1.0,"men_1ind":0.2,"men_5ind":0.0,"men_prop":0.3,"men_fmp":0.0,"ind_snv":17917.5,"men_surf":37.4,"men_coll":0.0,"men_mais":0.4,"log_av45":0.0,"log_45_70":0.0,"log_70_90":0.1,"log_ap_90":0.3,"log_inc":0.0,"log_soc":0.0,"ind_0_3":0.1,"ind_4_5":0.0,"ind_6_10":0.0,"ind_11_17":0.1,"ind_18_24":0.1,"ind_25_39":0.1,"ind_40_54":0.2,"ind_55_64":0.2,"ind_65_79":0.2,"ind_80p":0.0,"ind_inc":0.0,"men_pauv":0.1,"men":0.4,"lcog_geo":"97224","year":"2017","com_arm_code":["97224"],"com_code":["97224"],"com_arm_name":["Saint-Joseph"],"com_name":["Saint-Joseph"],"epci_name":["CA du Centre de la Martinique"],"epci_code":["249720061"],"dep_name":["Martinique"],"dep_code":["972"],"reg_name":["Martinique"],"reg_code":["02"]}},{"type":"Feature","geometry":{"coordinates":[[[-61.05159575780367,14.692313829985304],[-61.051579737216,14.694121072248612],[-61.0497230972986,14.694105469428665],[-61.04973913312863,14.692298229167916],[-61.05159575780367,14.692313829985304]]],"type":"Polygon"},"properties":{"geo_point_2d":{"lon":-61.05065943151122,"lat":14.693209651446727},"idcar_200m":"CRS5490RES200mN1625200E709800","i_est_200":1,"idcar_1km":"CRS5490RES1000mN1625000E709000","i_est_1km":1,"idcar_nat":"CRS5490RES8000mN1624000E704000","groupe":174613,"pop_carr":2.0,"men_1ind":0.3,"men_5ind":0.1,"men_prop":0.8,"men_fmp":0.1,"ind_snv":33161.2,"men_surf":79.1,"men_coll":0.1,"men_mais":0.9,"log_av45":0.0,"log_45_70":0.1,"log_70_90":0.0,"log_ap_90":0.9,"log_inc":0.0,"log_soc":0.0,"ind_0_3":0.0,"ind_4_5":0.0,"ind_6_10":0.1,"ind_11_17":0.0,"ind_18_24":0.1,"ind_25_39":0.2,"ind_40_54":1.0,"ind_55_64":0.5,"ind_65_79":0.1,"ind_80p":0.0,"ind_inc":0.0,"men_pauv":0.4,"men":1.0,"lcog_geo":"97224","year":"2017","com_arm_code":["97224"],"com_code":["97224"],"com_arm_name":["Saint-Joseph"],"com_name":["Saint-Joseph"],"epci_name":["CA du Centre de la Martinique"],"epci_code":["249720061"],"dep_name":["Martinique"],"dep_code":["972"],"reg_name":["Martinique"],"reg_code":["02"]}},{"type":"Feature","geometry":{"coordinates":[[[-61.016564651030976,14.664906783243422],[-61.01654837429421,14.666713991609255],[-61.01469200478459,14.666698137441267],[-61.01470829673084,14.664890931113687],[-61.016564651030976,14.664906783243422]]],"type":"Polygon"},"properties":{"geo_point_2d":{"lon":-61.015628331862374,"lat":14.665802462088594},"idcar_200m":"CRS5490RES200mN1622200E713600","i_est_200":1,"idcar_1km":"CRS5490RES1000mN1622000E713000","i_est_1km":0,"idcar_nat":"CRS5490RES1000mN1622000E713000","groupe":1019908,"pop_carr":5.0,"men_1ind":0.8,"men_5ind":0.1,"men_prop":1.7,"men_fmp":0.3,"ind_snv":113944.6,"men_surf":219.1,"men_coll":0.7,"men_mais":1.6,"log_av45":0.0,"log_45_70":0.4,"log_70_90":0.7,"log_ap_90":1.1,"log_inc":0.1,"log_soc":0.0,"ind_0_3":0.2,"ind_4_5":0.0,"ind_6_10":0.2,"ind_11_17":0.3,"ind_18_24":0.3,"ind_25_39":0.3,"ind_40_54":1.2,"ind_55_64":0.6,"ind_65_79":1.3,"ind_80p":0.6,"ind_inc":0.0,"men_pauv":0.6,"men":2.3,"lcog_geo":"97224","year":"2017","com_arm_code":["97224"],"com_code":["97224"],"com_arm_name":["Saint-Joseph"],"com_name":["Saint-Joseph"],"epci_name":["CA du Centre de la Martinique"],"epci_code":["249720061"],"dep_name":["Martinique"],"dep_code":["972"],"reg_name":["Martinique"],"reg_code":["02"]}},{"type":"Feature","geometry":{"coordinates":[[[-61.012851944661506,14.664875064177028],[-61.01283563750586,14.66668226846445],[-61.01097927246009,14.66666638467889],[-61.01099559482504,14.66485918243352],[-61.012851944661506,14.664875064177028]]],"type":"Polygon"},"properties":{"geo_point_2d":{"lon":-61.01191561251562,"lat":14.665770726175152},"idcar_200m":"CRS5490RES200mN1622200E714000","i_est_200":1,"idcar_1km":"CRS5490RES1000mN1622000E714000","i_est_1km":1,"idcar_nat":"CRS5490RES2000mN1622000E714000","groupe":398694,"pop_carr":3.0,"men_1ind":0.3,"men_5ind":0.1,"men_prop":1.0,"men_fmp":0.2,"ind_snv":60158.3,"men_surf":114.1,"men_coll":0.1,"men_mais":1.1,"log_av45":0.0,"log_45_70":0.2,"log_70_90":0.1,"log_ap_90":0.8,"log_inc":0.1,"log_soc":0.0,"ind_0_3":0.0,"ind_4_5":0.1,"ind_6_10":0.0,"ind_11_17":0.5,"ind_18_24":0.2,"ind_25_39":0.1,"ind_40_54":0.8,"ind_55_64":0.6,"ind_65_79":0.4,"ind_80p":0.3,"ind_inc":0.0,"men_pauv":0.4,"men":1.2,"lcog_geo":"97224","year":"2017","com_arm_code":["97224"],"com_code":["97224"],"com_arm_name":["Saint-Joseph"],"com_name":["Saint-Joseph"],"epci_name":["CA du Centre de la Martinique"],"epci_code":["249720061"],"dep_name":["Martinique"],"dep_code":["972"],"reg_name":["Martinique"],"reg_code":["02"]}},{"type":"Feature","geometry":{"coordinates":[[[-61.033433216715075,14.646976503464023],[-61.03341709896343,14.648783733065752],[-61.03156086147852,14.64876803239058],[-61.03157699441961,14.646960804809655],[-61.033433216715075,14.646976503464023]]],"type":"Polygon"},"properties":{"geo_point_2d":{"lon":-61.03249704304511,"lat":14.647872269667616},"idcar_200m":"CRS5490RES200mN1620200E711800","i_est_200":0,"idcar_1km":"CRS5490RES1000mN1620000E711000","i_est_1km":0,"idcar_nat":"CRS5490RES1000mN1620000E711000","groupe":1019657,"pop_carr":52.0,"men_1ind":9.0,"men_5ind":1.0,"men_prop":15.0,"men_fmp":4.0,"ind_snv":948031.6,"men_surf":2072.4,"men_coll":5.0,"men_mais":19.0,"log_av45":2.0,"log_45_70":0.0,"log_70_90":8.0,"log_ap_90":13.0,"log_inc":1.0,"log_soc":0.0,"ind_0_3":2.0,"ind_4_5":1.0,"ind_6_10":2.0,"ind_11_17":3.0,"ind_18_24":3.0,"ind_25_39":6.0,"ind_40_54":10.0,"ind_55_64":12.0,"ind_65_79":11.0,"ind_80p":2.0,"ind_inc":0.0,"men_pauv":9.0,"men":24.0,"lcog_geo":"9722497213","year":"2017","com_arm_code":["97224"],"com_code":["97224"],"com_arm_name":["Saint-Joseph"],"com_name":["Saint-Joseph"],"epci_name":["CA du Centre de la Martinique"],"epci_code":["249720061"],"dep_name":["Martinique"],"dep_code":["972"],"reg_name":["Martinique"],"reg_code":["02"]}},{"type":"Feature","geometry":{"coordinates":[[[-61.04269831948439,14.648862014581029],[-61.042682275482456,14.650669253960768],[-61.040826011780396,14.650653625228081],[-61.04084207097428,14.648846387859646],[-61.04269831948439,14.648862014581029]]],"type":"Polygon"},"properties":{"geo_point_2d":{"lon":-61.04176216958062,"lat":14.64975782164266},"idcar_200m":"CRS5490RES200mN1620400E710800","i_est_200":1,"idcar_1km":"CRS5490RES1000mN1620000E710000","i_est_1km":0,"idcar_nat":"CRS5490RES1000mN1620000E710000","groupe":1019629,"pop_carr":2.0,"men_1ind":0.5,"men_5ind":0.1,"men_prop":0.7,"men_fmp":0.1,"ind_snv":38948.8,"men_surf":112.7,"men_coll":0.2,"men_mais":0.6,"log_av45":0.1,"log_45_70":0.0,"log_70_90":0.3,"log_ap_90":0.4,"log_inc":0.0,"log_soc":0.0,"ind_0_3":0.1,"ind_4_5":0.1,"ind_6_10":0.1,"ind_11_17":0.4,"ind_18_24":0.2,"ind_25_39":0.1,"ind_40_54":0.3,"ind_55_64":0.2,"ind_65_79":0.3,"ind_80p":0.2,"ind_inc":0.0,"men_pauv":0.2,"men":0.8,"lcog_geo":"97224","year":"2017","com_arm_code":["97224"],"com_code":["97224"],"com_arm_name":["Saint-Joseph"],"com_name":["Saint-Joseph"],"epci_name":["CA du Centre de la Martinique"],"epci_code":["249720061"],"dep_name":["Martinique"],"dep_code":["972"],"reg_name":["Martinique"],"reg_code":["02"]}},{"type":"Feature","geometry":{"coordinates":[[[-61.035273338657554,14.648799418950318],[-61.035257233888316,14.650606650273392],[-61.03340097900259,14.650590962369888],[-61.03341709896343,14.648783733065752],[-61.035273338657554,14.648799418950318]]],"type":"Polygon"},"properties":{"geo_point_2d":{"lon":-61.034337162778776,"lat":14.649695192400111},"idcar_200m":"CRS5490RES200mN1620400E711600","i_est_200":0,"idcar_1km":"CRS5490RES1000mN1620000E711000","i_est_1km":0,"idcar_nat":"CRS5490RES1000mN1620000E711000","groupe":1019649,"pop_carr":25.0,"men_1ind":3.0,"men_5ind":0.0,"men_prop":10.0,"men_fmp":2.0,"ind_snv":693832.0,"men_surf":1325.6,"men_coll":2.0,"men_mais":9.0,"log_av45":0.0,"log_45_70":0.0,"log_70_90":3.0,"log_ap_90":6.0,"log_inc":2.0,"log_soc":0.0,"ind_0_3":1.0,"ind_4_5":0.0,"ind_6_10":2.0,"ind_11_17":1.0,"ind_18_24":2.0,"ind_25_39":0.0,"ind_40_54":7.0,"ind_55_64":2.0,"ind_65_79":5.0,"ind_80p":5.0,"ind_inc":0.0,"men_pauv":3.0,"men":11.0,"lcog_geo":"97224","year":"2017","com_arm_code":["97224"],"com_code":["97224"],"com_arm_name":["Saint-Joseph"],"com_name":["Saint-Joseph"],"epci_name":["CA du Centre de la Martinique"],"epci_code":["249720061"],"dep_name":["Martinique"],"dep_code":["972"],"reg_name":["Martinique"],"reg_code":["02"]}},{"type":"Feature","geometry":{"coordinates":[[[-61.035160558918605,14.66145003196145],[-61.03514443869714,14.663257261200744],[-61.033288077411854,14.663241559163874],[-61.033304212839504,14.661434331943722],[-61.035160558918605,14.66145003196145]]],"type":"Polygon"},"properties":{"geo_point_2d":{"lon":-61.03422432211758,"lat":14.662345797303834},"idcar_200m":"CRS5490RES200mN1621800E711600","i_est_200":1,"idcar_1km":"CRS5490RES1000mN1621000E711000","i_est_1km":0,"idcar_nat":"CRS5490RES1000mN1621000E711000","groupe":1019642,"pop_carr":13.0,"men_1ind":2.4,"men_5ind":0.4,"men_prop":3.7,"men_fmp":0.5,"ind_snv":293811.5,"men_surf":535.9,"men_coll":1.5,"men_mais":4.3,"log_av45":0.0,"log_45_70":0.5,"log_70_90":1.0,"log_ap_90":3.8,"log_inc":0.5,"log_soc":0.0,"ind_0_3":0.3,"ind_4_5":0.1,"ind_6_10":0.7,"ind_11_17":1.2,"ind_18_24":0.9,"ind_25_39":1.0,"ind_40_54":2.9,"ind_55_64":2.5,"ind_65_79":2.8,"ind_80p":0.5,"ind_inc":0.1,"men_pauv":1.8,"men":5.8,"lcog_geo":"97224","year":"2017","com_arm_code":["97224"],"com_code":["97224"],"com_arm_name":["Saint-Joseph"],"com_name":["Saint-Joseph"],"epci_name":["CA du Centre de la Martinique"],"epci_code":["249720061"],"dep_name":["Martinique"],"dep_code":["972"],"reg_name":["Martinique"],"reg_code":["02"]}},{"type":"Feature","geometry":{"coordinates":[[[-61.03314275910777,14.679506590737857],[-61.03312660157738,14.681313814977974],[-61.03127009032648,14.68129807792299],[-61.03128626308379,14.679490855704245],[-61.03314275910777,14.679506590737857]]],"type":"Polygon"},"properties":{"geo_point_2d":{"lon":-61.03220642867476,"lat":14.68040233607374},"idcar_200m":"CRS5490RES200mN1623800E711800","i_est_200":1,"idcar_1km":"CRS5490RES1000mN1623000E711000","i_est_1km":0,"idcar_nat":"CRS5490RES1000mN1623000E711000","groupe":1019883,"pop_carr":1.0,"men_1ind":0.2,"men_5ind":0.0,"men_prop":0.3,"men_fmp":0.1,"ind_snv":24582.6,"men_surf":44.0,"men_coll":0.1,"men_mais":0.4,"log_av45":0.0,"log_45_70":0.0,"log_70_90":0.2,"log_ap_90":0.2,"log_inc":0.1,"log_soc":0.0,"ind_0_3":0.0,"ind_4_5":0.0,"ind_6_10":0.1,"ind_11_17":0.0,"ind_18_24":0.1,"ind_25_39":0.1,"ind_40_54":0.2,"ind_55_64":0.2,"ind_65_79":0.2,"ind_80p":0.1,"ind_inc":0.0,"men_pauv":0.1,"men":0.5,"lcog_geo":"97224","year":"2017","com_arm_code":["97224"],"com_code":["97224"],"com_arm_name":["Saint-Joseph"],"com_name":["Saint-Joseph"],"epci_name":["CA du Centre de la Martinique"],"epci_code":["249720061"],"dep_name":["Martinique"],"dep_code":["972"],"reg_name":["Martinique"],"reg_code":["02"]}},{"type":"Feature","geometry":{"coordinates":[[[-61.05724548650247,14.683324297647875],[-61.05722952256242,14.685131547396983],[-61.05537295227197,14.685115999078157],[-61.05538893144421,14.683308751325729],[-61.05724548650247,14.683324297647875]]],"type":"Polygon"},"properties":{"geo_point_2d":{"lon":-61.056309223344336,"lat":14.684220150100499},"idcar_200m":"CRS5490RES200mN1624200E709200","i_est_200":1,"idcar_1km":"CRS5490RES1000mN1624000E709000","i_est_1km":0,"idcar_nat":"CRS5490RES8000mN1624000E704000","groupe":1020062,"pop_carr":5.0,"men_1ind":0.5,"men_5ind":0.2,"men_prop":1.1,"men_fmp":0.3,"ind_snv":84745.9,"men_surf":122.1,"men_coll":0.0,"men_mais":1.7,"log_av45":0.4,"log_45_70":0.4,"log_70_90":0.1,"log_ap_90":0.7,"log_inc":0.1,"log_soc":0.0,"ind_0_3":0.3,"ind_4_5":0.1,"ind_6_10":0.4,"ind_11_17":0.3,"ind_18_24":0.4,"ind_25_39":0.4,"ind_40_54":0.9,"ind_55_64":1.3,"ind_65_79":0.5,"ind_80p":0.4,"ind_inc":0.0,"men_pauv":0.7,"men":1.7,"lcog_geo":"97224","year":"2017","com_arm_code":["97224"],"com_code":["97224"],"com_arm_name":["Saint-Joseph"],"com_name":["Saint-Joseph"],"epci_name":["CA du Centre de la Martinique"],"epci_code":["249720061"],"dep_name":["Martinique"],"dep_code":["972"],"reg_name":["Martinique"],"reg_code":["02"]}},{"type":"Feature","geometry":{"coordinates":[[[-61.02938119867531,14.684896765539358],[-61.02936500404618,14.686703984839962],[-61.02750845153028,14.686688212059753],[-61.02752466139241,14.684880994784427],[-61.02938119867531,14.684896765539358]]],"type":"Polygon"},"properties":{"geo_point_2d":{"lon":-61.028444829062245,"lat":14.685792490544324},"idcar_200m":"CRS5490RES200mN1624400E712200","i_est_200":1,"idcar_1km":"CRS5490RES1000mN1624000E712000","i_est_1km":0,"idcar_nat":"CRS5490RES1000mN1624000E712000","groupe":1020081,"pop_carr":9.0,"men_1ind":1.2,"men_5ind":0.4,"men_prop":2.7,"men_fmp":0.8,"ind_snv":172857.3,"men_surf":312.5,"men_coll":0.5,"men_mais":3.3,"log_av45":0.1,"log_45_70":0.7,"log_70_90":0.9,"log_ap_90":2.0,"log_inc":0.1,"log_soc":0.0,"ind_0_3":0.2,"ind_4_5":0.2,"ind_6_10":0.2,"ind_11_17":0.9,"ind_18_24":0.5,"ind_25_39":1.1,"ind_40_54":1.7,"ind_55_64":2.0,"ind_65_79":1.5,"ind_80p":0.6,"ind_inc":0.1,"men_pauv":1.4,"men":3.8,"lcog_geo":"97224","year":"2017","com_arm_code":["97224"],"com_code":["97224"],"com_arm_name":["Saint-Joseph"],"com_name":["Saint-Joseph"],"epci_name":["CA du Centre de la Martinique"],"epci_code":["249720061"],"dep_name":["Martinique"],"dep_code":["972"],"reg_name":["Martinique"],"reg_code":["02"]}},{"type":"Feature","geometry":{"coordinates":[[[-61.01824200827709,14.684801918584913],[-61.01822572225126,14.686609125705301],[-61.01636918307013,14.686593263944298],[-61.01638548432843,14.684786058860606],[-61.01824200827709,14.684801918584913]]],"type":"Polygon"},"properties":{"geo_point_2d":{"lon":-61.01730559963377,"lat":14.685697593012216},"idcar_200m":"CRS5490RES200mN1624400E713400","i_est_200":1,"idcar_1km":"CRS5490RES1000mN1624000E713000","i_est_1km":0,"idcar_nat":"CRS5490RES1000mN1624000E713000","groupe":1020086,"pop_carr":26.0,"men_1ind":5.3,"men_5ind":1.1,"men_prop":6.4,"men_fmp":1.9,"ind_snv":550826.5,"men_surf":1012.6,"men_coll":2.1,"men_mais":9.3,"log_av45":0.8,"log_45_70":2.9,"log_70_90":2.1,"log_ap_90":5.1,"log_inc":0.5,"log_soc":0.0,"ind_0_3":0.3,"ind_4_5":0.3,"ind_6_10":0.3,"ind_11_17":3.4,"ind_18_24":2.6,"ind_25_39":1.9,"ind_40_54":6.6,"ind_55_64":5.0,"ind_65_79":3.2,"ind_80p":2.4,"ind_inc":0.0,"men_pauv":3.2,"men":11.4,"lcog_geo":"9722497212","year":"2017","com_arm_code":["97224"],"com_code":["97224"],"com_arm_name":["Saint-Joseph"],"com_name":["Saint-Joseph"],"epci_name":["CA du Centre de la Martinique"],"epci_code":["249720061"],"dep_name":["Martinique"],"dep_code":["972"],"reg_name":["Martinique"],"reg_code":["02"]}},{"type":"Feature","geometry":{"coordinates":[[[-61.044442322388285,14.661528309988439],[-61.04442627819902,14.663335549294933],[-61.04256990589552,14.663319921288387],[-61.042585965291394,14.661512683991528],[-61.044442322388285,14.661528309988439]]],"type":"Polygon"},"properties":{"geo_point_2d":{"lon":-61.04350611809364,"lat":14.662424117377213},"idcar_200m":"CRS5490RES200mN1621800E710600","i_est_200":1,"idcar_1km":"CRS5490RES1000mN1621000E710000","i_est_1km":0,"idcar_nat":"CRS5490RES1000mN1621000E710000","groupe":1019634,"pop_carr":18.0,"men_1ind":3.3,"men_5ind":0.3,"men_prop":6.3,"men_fmp":0.9,"ind_snv":505053.6,"men_surf":885.1,"men_coll":2.4,"men_mais":6.3,"log_av45":0.0,"log_45_70":1.0,"log_70_90":2.4,"log_ap_90":4.9,"log_inc":0.4,"log_soc":0.0,"ind_0_3":0.4,"ind_4_5":0.4,"ind_6_10":0.5,"ind_11_17":1.7,"ind_18_24":0.8,"ind_25_39":2.1,"ind_40_54":2.2,"ind_55_64":4.2,"ind_65_79":3.8,"ind_80p":1.9,"ind_inc":0.0,"men_pauv":1.7,"men":8.7,"lcog_geo":"97224","year":"2017","com_arm_code":["97224"],"com_code":["97224"],"com_arm_name":["Saint-Joseph"],"com_name":["Saint-Joseph"],"epci_name":["CA du Centre de la Martinique"],"epci_code":["249720061"],"dep_name":["Martinique"],"dep_code":["972"],"reg_name":["Martinique"],"reg_code":["02"]}},{"type":"Feature","geometry":{"coordinates":[[[-61.05191570968046,14.656168922168458],[-61.05189973288517,14.657976170386828],[-61.050043397419195,14.657960607611948],[-61.05005938941519,14.656153361395496],[-61.05191570968046,14.656168922168458]]],"type":"Polygon"},"properties":{"geo_point_2d":{"lon":-61.05097955749952,"lat":14.657064766626604},"idcar_200m":"CRS5490RES200mN1621200E709800","i_est_200":1,"idcar_1km":"CRS5490RES1000mN1621000E709000","i_est_1km":0,"idcar_nat":"CRS5490RES1000mN1621000E709000","groupe":1019598,"pop_carr":8.0,"men_1ind":1.1,"men_5ind":0.2,"men_prop":2.5,"men_fmp":0.4,"ind_snv":214603.5,"men_surf":308.3,"men_coll":0.7,"men_mais":2.6,"log_av45":0.0,"log_45_70":0.5,"log_70_90":1.1,"log_ap_90":1.4,"log_inc":0.3,"log_soc":0.0,"ind_0_3":0.2,"ind_4_5":0.2,"ind_6_10":0.2,"ind_11_17":0.6,"ind_18_24":0.2,"ind_25_39":1.2,"ind_40_54":1.3,"ind_55_64":1.9,"ind_65_79":1.8,"ind_80p":0.4,"ind_inc":0.0,"men_pauv":0.4,"men":3.3,"lcog_geo":"97224","year":"2017","com_arm_code":["97224"],"com_code":["97224"],"com_arm_name":["Saint-Joseph"],"com_name":["Saint-Joseph"],"epci_name":["CA du Centre de la Martinique"],"epci_code":["249720061"],"dep_name":["Martinique"],"dep_code":["972"],"reg_name":["Martinique"],"reg_code":["02"]}},{"type":"Feature","geometry":{"coordinates":[[[-61.05927733555826,14.663460040313476],[-61.059261410844215,14.665267295331079],[-61.05740500581049,14.665251783782793],[-61.05742094573392,14.663444530759632],[-61.05927733555826,14.663460040313476]]],"type":"Polygon"},"properties":{"geo_point_2d":{"lon":-61.058341174635665,"lat":14.664355913783313},"idcar_200m":"CRS5490RES200mN1622000E709000","i_est_200":1,"idcar_1km":"CRS5490RES1000mN1622000E709000","i_est_1km":0,"idcar_nat":"CRS5490RES1000mN1622000E709000","groupe":1019845,"pop_carr":1.0,"men_1ind":0.2,"men_5ind":0.0,"men_prop":0.3,"men_fmp":0.1,"ind_snv":18208.6,"men_surf":40.6,"men_coll":0.1,"men_mais":0.4,"log_av45":0.0,"log_45_70":0.1,"log_70_90":0.1,"log_ap_90":0.2,"log_inc":0.1,"log_soc":0.0,"ind_0_3":0.0,"ind_4_5":0.0,"ind_6_10":0.0,"ind_11_17":0.1,"ind_18_24":0.1,"ind_25_39":0.1,"ind_40_54":0.2,"ind_55_64":0.2,"ind_65_79":0.2,"ind_80p":0.1,"ind_inc":0.0,"men_pauv":0.2,"men":0.5,"lcog_geo":"97224","year":"2017","com_arm_code":["97224"],"com_code":["97224"],"com_arm_name":["Saint-Joseph"],"com_name":["Saint-Joseph"],"epci_name":["CA du Centre de la Martinique"],"epci_code":["249720061"],"dep_name":["Martinique"],"dep_code":["972"],"reg_name":["Martinique"],"reg_code":["02"]}},{"type":"Feature","geometry":{"coordinates":[[[-61.038857167889056,14.663288620856699],[-61.03884107587656,14.66509585383083],[-61.03698469496931,14.665080179390474],[-61.03700080219023,14.66327294843172],[-61.038857167889056,14.663288620856699]]],"type":"Polygon"},"properties":{"geo_point_2d":{"lon":-61.037920935381784,"lat":14.664184401863977},"idcar_200m":"CRS5490RES200mN1622000E711200","i_est_200":1,"idcar_1km":"CRS5490RES1000mN1622000E711000","i_est_1km":0,"idcar_nat":"CRS5490RES1000mN1622000E711000","groupe":1019897,"pop_carr":21.0,"men_1ind":4.0,"men_5ind":1.1,"men_prop":6.3,"men_fmp":1.5,"ind_snv":514381.9,"men_surf":849.1,"men_coll":3.6,"men_mais":5.4,"log_av45":0.2,"log_45_70":1.1,"log_70_90":0.8,"log_ap_90":5.6,"log_inc":1.3,"log_soc":0.0,"ind_0_3":0.9,"ind_4_5":0.5,"ind_6_10":1.8,"ind_11_17":1.5,"ind_18_24":1.6,"ind_25_39":3.2,"ind_40_54":3.9,"ind_55_64":3.3,"ind_65_79":3.4,"ind_80p":0.9,"ind_inc":0.0,"men_pauv":2.2,"men":9.0,"lcog_geo":"97224","year":"2017","com_arm_code":["97224"],"com_code":["97224"],"com_arm_name":["Saint-Joseph"],"com_name":["Saint-Joseph"],"epci_name":["CA du Centre de la Martinique"],"epci_code":["249720061"],"dep_name":["Martinique"],"dep_code":["972"],"reg_name":["Martinique"],"reg_code":["02"]}},{"type":"Feature","geometry":{"coordinates":[[[-61.00169748079852,14.666586743622764],[-61.001681080142866,14.668393935330833],[-60.99982471332772,14.668377960641],[-60.999841129194245,14.666570770986441],[-61.00169748079852,14.666586743622764]]],"type":"Polygon"},"properties":{"geo_point_2d":{"lon":-61.00076110101918,"lat":14.667482353882093},"idcar_200m":"CRS5490RES200mN1622400E715200","i_est_200":1,"idcar_1km":"CRS5490RES1000mN1622000E715000","i_est_1km":1,"idcar_nat":"CRS5490RES2000mN1622000E714000","groupe":398694,"pop_carr":3.0,"men_1ind":0.3,"men_5ind":0.1,"men_prop":1.0,"men_fmp":0.2,"ind_snv":60158.3,"men_surf":114.1,"men_coll":0.1,"men_mais":1.1,"log_av45":0.0,"log_45_70":0.2,"log_70_90":0.1,"log_ap_90":0.8,"log_inc":0.1,"log_soc":0.0,"ind_0_3":0.0,"ind_4_5":0.1,"ind_6_10":0.0,"ind_11_17":0.5,"ind_18_24":0.2,"ind_25_39":0.1,"ind_40_54":0.8,"ind_55_64":0.6,"ind_65_79":0.4,"ind_80p":0.3,"ind_inc":0.0,"men_pauv":0.4,"men":1.2,"lcog_geo":"97224","year":"2017","com_arm_code":["97224"],"com_code":["97224"],"com_arm_name":["Saint-Joseph"],"com_name":["Saint-Joseph"],"epci_name":["CA du Centre de la Martinique"],"epci_code":["249720061"],"dep_name":["Martinique"],"dep_code":["972"],"reg_name":["Martinique"],"reg_code":["02"]}},{"type":"Feature","geometry":{"coordinates":[[[-61.068416601214324,14.679802739922739],[-61.06840073301167,14.681610002207163],[-61.06654418011278,14.681594546838289],[-61.066560063543974,14.679787286539058],[-61.068416601214324,14.679802739922739]]],"type":"Polygon"},"properties":{"geo_point_2d":{"lon":-61.067480394618904,"lat":14.680698645114818},"idcar_200m":"CRS5490RES200mN1623800E708000","i_est_200":1,"idcar_1km":"CRS5490RES1000mN1623000E708000","i_est_1km":0,"idcar_nat":"CRS5490RES1000mN1623000E708000","groupe":1019849,"pop_carr":2.0,"men_1ind":0.3,"men_5ind":0.0,"men_prop":0.7,"men_fmp":0.1,"ind_snv":36842.9,"men_surf":73.9,"men_coll":0.1,"men_mais":0.8,"log_av45":0.0,"log_45_70":0.2,"log_70_90":0.2,"log_ap_90":0.5,"log_inc":0.0,"log_soc":0.0,"ind_0_3":0.0,"ind_4_5":0.0,"ind_6_10":0.0,"ind_11_17":0.2,"ind_18_24":0.1,"ind_25_39":0.2,"ind_40_54":0.5,"ind_55_64":0.5,"ind_65_79":0.4,"ind_80p":0.1,"ind_inc":0.0,"men_pauv":0.3,"men":0.9,"lcog_geo":"97224","year":"2017","com_arm_code":["97224"],"com_code":["97224"],"com_arm_name":["Saint-Joseph"],"com_name":["Saint-Joseph"],"epci_name":["CA du Centre de la Martinique"],"epci_code":["249720061"],"dep_name":["Martinique"],"dep_code":["972"],"reg_name":["Martinique"],"reg_code":["02"]}},{"type":"Feature","geometry":{"coordinates":[[[-61.046058016397225,14.68865250962784],[-61.046041954475996,14.69045974647408],[-61.044185351624776,14.690444103154126],[-61.044201428783936,14.68863686831609],[-61.046058016397225,14.68865250962784]]],"type":"Polygon"},"properties":{"geo_point_2d":{"lon":-61.045121687970415,"lat":14.689548308131814},"idcar_200m":"CRS5490RES200mN1624800E710400","i_est_200":1,"idcar_1km":"CRS5490RES1000mN1624000E710000","i_est_1km":0,"idcar_nat":"CRS5490RES8000mN1624000E704000","groupe":1020072,"pop_carr":26.0,"men_1ind":3.4,"men_5ind":0.6,"men_prop":7.2,"men_fmp":1.8,"ind_snv":530702.3,"men_surf":844.5,"men_coll":1.1,"men_mais":9.7,"log_av45":0.3,"log_45_70":2.1,"log_70_90":1.5,"log_ap_90":6.4,"log_inc":0.5,"log_soc":0.0,"ind_0_3":1.1,"ind_4_5":0.1,"ind_6_10":1.0,"ind_11_17":2.2,"ind_18_24":1.4,"ind_25_39":2.1,"ind_40_54":6.6,"ind_55_64":4.0,"ind_65_79":4.9,"ind_80p":2.3,"ind_inc":0.3,"men_pauv":4.0,"men":10.8,"lcog_geo":"97224","year":"2017","com_arm_code":["97224"],"com_code":["97224"],"com_arm_name":["Saint-Joseph"],"com_name":["Saint-Joseph"],"epci_name":["CA du Centre de la Martinique"],"epci_code":["249720061"],"dep_name":["Martinique"],"dep_code":["972"],"reg_name":["Martinique"],"reg_code":["02"]}},{"type":"Feature","geometry":{"coordinates":[[[-61.04429784557148,14.677793453028247],[-61.044281781602585,14.679600689654574],[-61.04242527234589,14.679585043559936],[-61.042441351540134,14.677777808943508],[-61.04429784557148,14.677793453028247]]],"type":"Polygon"},"properties":{"geo_point_2d":{"lon":-61.04336156291509,"lat":14.678689250034392},"idcar_200m":"CRS5490RES200mN1623600E710600","i_est_200":0,"idcar_1km":"CRS5490RES1000mN1623000E710000","i_est_1km":0,"idcar_nat":"CRS5490RES1000mN1623000E710000","groupe":1019868,"pop_carr":23.0,"men_1ind":6.0,"men_5ind":0.0,"men_prop":9.0,"men_fmp":2.0,"ind_snv":478927.6,"men_surf":885.0,"men_coll":4.0,"men_mais":8.0,"log_av45":1.0,"log_45_70":1.0,"log_70_90":5.0,"log_ap_90":5.0,"log_inc":0.0,"log_soc":0.0,"ind_0_3":1.0,"ind_4_5":0.0,"ind_6_10":1.0,"ind_11_17":0.0,"ind_18_24":1.0,"ind_25_39":2.0,"ind_40_54":3.0,"ind_55_64":11.0,"ind_65_79":1.0,"ind_80p":3.0,"ind_inc":0.0,"men_pauv":3.0,"men":12.0,"lcog_geo":"97224","year":"2017","com_arm_code":["97224"],"com_code":["97224"],"com_arm_name":["Saint-Joseph"],"com_name":["Saint-Joseph"],"epci_name":["CA du Centre de la Martinique"],"epci_code":["249720061"],"dep_name":["Martinique"],"dep_code":["972"],"reg_name":["Martinique"],"reg_code":["02"]}},{"type":"Feature","geometry":{"coordinates":[[[-61.05542088323128,14.67969425492739],[-61.055404908430624,14.681501503275463],[-61.05354837078825,14.681485944124143],[-61.05356436081684,14.679678697774593],[-61.05542088323128,14.67969425492739]]],"type":"Polygon"},"properties":{"geo_point_2d":{"lon":-61.05448463096595,"lat":14.68059010126339},"idcar_200m":"CRS5490RES200mN1623800E709400","i_est_200":1,"idcar_1km":"CRS5490RES1000mN1623000E709000","i_est_1km":0,"idcar_nat":"CRS5490RES1000mN1623000E709000","groupe":1019859,"pop_carr":2.0,"men_1ind":0.3,"men_5ind":0.0,"men_prop":0.7,"men_fmp":0.2,"ind_snv":35801.2,"men_surf":83.1,"men_coll":0.1,"men_mais":0.8,"log_av45":0.0,"log_45_70":0.1,"log_70_90":0.1,"log_ap_90":0.6,"log_inc":0.1,"log_soc":0.0,"ind_0_3":0.0,"ind_4_5":0.0,"ind_6_10":0.1,"ind_11_17":0.1,"ind_18_24":0.1,"ind_25_39":0.2,"ind_40_54":0.5,"ind_55_64":0.4,"ind_65_79":0.4,"ind_80p":0.2,"ind_inc":0.0,"men_pauv":0.4,"men":0.9,"lcog_geo":"97224","year":"2017","com_arm_code":["97224"],"com_code":["97224"],"com_arm_name":["Saint-Joseph"],"com_name":["Saint-Joseph"],"epci_name":["CA du Centre de la Martinique"],"epci_code":["249720061"],"dep_name":["Martinique"],"dep_code":["972"],"reg_name":["Martinique"],"reg_code":["02"]}},{"type":"Feature","geometry":{"coordinates":[[[-61.04253778050524,14.666934394988994],[-61.04252171451068,14.668741631392676],[-61.04066529877459,14.668725982545114],[-61.04068137998193,14.666918748153062],[-61.04253778050524,14.666934394988994]]],"type":"Polygon"},"properties":{"geo_point_2d":{"lon":-61.04160154359333,"lat":14.66783019050683},"idcar_200m":"CRS5490RES200mN1622400E710800","i_est_200":0,"idcar_1km":"CRS5490RES1000mN1622000E710000","i_est_1km":0,"idcar_nat":"CRS5490RES1000mN1622000E710000","groupe":1019881,"pop_carr":80.0,"men_1ind":13.0,"men_5ind":3.0,"men_prop":21.0,"men_fmp":2.0,"ind_snv":1377688.0,"men_surf":2929.8,"men_coll":8.0,"men_mais":23.0,"log_av45":1.0,"log_45_70":4.0,"log_70_90":2.0,"log_ap_90":20.0,"log_inc":4.0,"log_soc":0.0,"ind_0_3":2.0,"ind_4_5":0.0,"ind_6_10":8.0,"ind_11_17":10.0,"ind_18_24":8.0,"ind_25_39":8.0,"ind_40_54":26.0,"ind_55_64":9.0,"ind_65_79":5.0,"ind_80p":4.0,"ind_inc":0.0,"men_pauv":8.0,"men":31.0,"lcog_geo":"97224","year":"2017","com_arm_code":["97224"],"com_code":["97224"],"com_arm_name":["Saint-Joseph"],"com_name":["Saint-Joseph"],"epci_name":["CA du Centre de la Martinique"],"epci_code":["249720061"],"dep_name":["Martinique"],"dep_code":["972"],"reg_name":["Martinique"],"reg_code":["02"]}},{"type":"Feature","geometry":{"coordinates":[[[-61.00920457515072,14.657614482094955],[-61.00918824652418,14.659421683489366],[-61.00733194677463,14.659405778269821],[-61.00734829060199,14.65759857892114],[-61.00920457515072,14.657614482094955]]],"type":"Polygon"},"properties":{"geo_point_2d":{"lon":-61.008268264915664,"lat":14.658510131929862},"idcar_200m":"CRS5490RES200mN1621400E714400","i_est_200":1,"idcar_1km":"CRS5490RES1000mN1621000E714000","i_est_1km":0,"idcar_nat":"CRS5490RES2000mN1620000E714000","groupe":1019704,"pop_carr":16.0,"men_1ind":3.1,"men_5ind":0.2,"men_prop":4.9,"men_fmp":1.8,"ind_snv":370107.5,"men_surf":655.1,"men_coll":2.2,"men_mais":5.2,"log_av45":0.2,"log_45_70":0.3,"log_70_90":2.0,"log_ap_90":4.7,"log_inc":0.2,"log_soc":0.0,"ind_0_3":0.4,"ind_4_5":0.2,"ind_6_10":0.4,"ind_11_17":1.8,"ind_18_24":1.2,"ind_25_39":1.4,"ind_40_54":4.0,"ind_55_64":2.9,"ind_65_79":3.2,"ind_80p":0.5,"ind_inc":0.0,"men_pauv":1.3,"men":7.4,"lcog_geo":"97224","year":"2017","com_arm_code":["97224"],"com_code":["97224"],"com_arm_name":["Saint-Joseph"],"com_name":["Saint-Joseph"],"epci_name":["CA du Centre de la Martinique"],"epci_code":["249720061"],"dep_name":["Martinique"],"dep_code":["972"],"reg_name":["Martinique"],"reg_code":["02"]}},{"type":"Feature","geometry":{"coordinates":[[[-61.01294974070801,14.65403183219069],[-61.012933446948324,14.65583903826702],[-61.011077173127184,14.655823166733317],[-61.0110934820837,14.654015962698852],[-61.01294974070801,14.65403183219069]]],"type":"Polygon"},"properties":{"geo_point_2d":{"lon":-61.012013460869305,"lat":14.6549275012082},"idcar_200m":"CRS5490RES200mN1621000E714000","i_est_200":0,"idcar_1km":"CRS5490RES1000mN1621000E714000","i_est_1km":0,"idcar_nat":"CRS5490RES2000mN1620000E714000","groupe":1019706,"pop_carr":48.0,"men_1ind":3.0,"men_5ind":2.0,"men_prop":14.0,"men_fmp":3.0,"ind_snv":1266604.0,"men_surf":1782.0,"men_coll":2.0,"men_mais":15.0,"log_av45":1.0,"log_45_70":1.0,"log_70_90":8.0,"log_ap_90":7.0,"log_inc":0.0,"log_soc":0.0,"ind_0_3":0.0,"ind_4_5":1.0,"ind_6_10":5.0,"ind_11_17":3.0,"ind_18_24":4.0,"ind_25_39":9.0,"ind_40_54":8.0,"ind_55_64":8.0,"ind_65_79":9.0,"ind_80p":1.0,"ind_inc":0.0,"men_pauv":1.0,"men":17.0,"lcog_geo":"9722497213","year":"2017","com_arm_code":["97224"],"com_code":["97224"],"com_arm_name":["Saint-Joseph"],"com_name":["Saint-Joseph"],"epci_name":["CA du Centre de la Martinique"],"epci_code":["249720061"],"dep_name":["Martinique"],"dep_code":["972"],"reg_name":["Martinique"],"reg_code":["02"]}},{"type":"Feature","geometry":{"coordinates":[[[-61.057357172942446,14.670673541067323],[-61.05734122428689,14.672480792900393],[-61.05548476057808,14.672465258557686],[-61.05550072445126,14.670658008721075],[-61.057357172942446,14.670673541067323]]],"type":"Polygon"},"properties":{"geo_point_2d":{"lon":-61.056420970713745,"lat":14.671569401548822},"idcar_200m":"CRS5490RES200mN1622800E709200","i_est_200":1,"idcar_1km":"CRS5490RES1000mN1622000E709000","i_est_1km":0,"idcar_nat":"CRS5490RES1000mN1622000E709000","groupe":1019845,"pop_carr":8.0,"men_1ind":1.4,"men_5ind":0.2,"men_prop":2.7,"men_fmp":0.7,"ind_snv":145669.0,"men_surf":325.2,"men_coll":0.6,"men_mais":3.1,"log_av45":0.1,"log_45_70":1.0,"log_70_90":0.5,"log_ap_90":1.7,"log_inc":0.4,"log_soc":0.0,"ind_0_3":0.1,"ind_4_5":0.1,"ind_6_10":0.2,"ind_11_17":0.5,"ind_18_24":0.5,"ind_25_39":0.6,"ind_40_54":1.7,"ind_55_64":1.7,"ind_65_79":1.8,"ind_80p":0.8,"ind_inc":0.0,"men_pauv":1.3,"men":3.7,"lcog_geo":"97224","year":"2017","com_arm_code":["97224"],"com_code":["97224"],"com_arm_name":["Saint-Joseph"],"com_name":["Saint-Joseph"],"epci_name":["CA du Centre de la Martinique"],"epci_code":["249720061"],"dep_name":["Martinique"],"dep_code":["972"],"reg_name":["Martinique"],"reg_code":["02"]}},{"type":"Feature","geometry":{"coordinates":[[[-61.05914987677806,14.677918072124019],[-61.05913393461506,14.67972532476114],[-61.05727740783138,14.679709797256267],[-61.057293365220424,14.677902546613822],[-61.05914987677806,14.677918072124019]]],"type":"Polygon"},"properties":{"geo_point_2d":{"lon":-61.058213646260164,"lat":14.67881393642665},"idcar_200m":"CRS5490RES200mN1623600E709000","i_est_200":1,"idcar_1km":"CRS5490RES1000mN1623000E709000","i_est_1km":0,"idcar_nat":"CRS5490RES1000mN1623000E709000","groupe":1019859,"pop_carr":1.0,"men_1ind":0.2,"men_5ind":0.0,"men_prop":0.3,"men_fmp":0.1,"ind_snv":17900.6,"men_surf":41.6,"men_coll":0.0,"men_mais":0.4,"log_av45":0.0,"log_45_70":0.1,"log_70_90":0.0,"log_ap_90":0.3,"log_inc":0.0,"log_soc":0.0,"ind_0_3":0.0,"ind_4_5":0.0,"ind_6_10":0.0,"ind_11_17":0.1,"ind_18_24":0.1,"ind_25_39":0.1,"ind_40_54":0.2,"ind_55_64":0.2,"ind_65_79":0.2,"ind_80p":0.1,"ind_inc":0.0,"men_pauv":0.2,"men":0.4,"lcog_geo":"97224","year":"2017","com_arm_code":["97224"],"com_code":["97224"],"com_arm_name":["Saint-Joseph"],"com_name":["Saint-Joseph"],"epci_name":["CA du Centre de la Martinique"],"epci_code":["249720061"],"dep_name":["Martinique"],"dep_code":["972"],"reg_name":["Martinique"],"reg_code":["02"]}},{"type":"Feature","geometry":{"coordinates":[[[-61.02035856453646,14.65590237642778],[-61.0203423293408,14.657709590354596],[-61.01848603140314,14.657693775976401],[-61.01850228179805,14.655886564083856],[-61.02035856453646,14.65590237642778]]],"type":"Polygon"},"properties":{"geo_point_2d":{"lon":-61.019422301921544,"lat":14.656798077946554},"idcar_200m":"CRS5490RES200mN1621200E713200","i_est_200":1,"idcar_1km":"CRS5490RES1000mN1621000E713000","i_est_1km":0,"idcar_nat":"CRS5490RES1000mN1621000E713000","groupe":1019681,"pop_carr":19.0,"men_1ind":1.8,"men_5ind":0.9,"men_prop":4.8,"men_fmp":1.4,"ind_snv":453250.8,"men_surf":755.5,"men_coll":1.6,"men_mais":5.7,"log_av45":0.2,"log_45_70":0.3,"log_70_90":1.7,"log_ap_90":4.2,"log_inc":0.9,"log_soc":0.0,"ind_0_3":0.7,"ind_4_5":0.5,"ind_6_10":1.3,"ind_11_17":2.2,"ind_18_24":1.1,"ind_25_39":3.1,"ind_40_54":4.0,"ind_55_64":2.6,"ind_65_79":2.8,"ind_80p":0.6,"ind_inc":0.1,"men_pauv":2.1,"men":7.3,"lcog_geo":"97224","year":"2017","com_arm_code":["97224"],"com_code":["97224"],"com_arm_name":["Saint-Joseph"],"com_name":["Saint-Joseph"],"epci_name":["CA du Centre de la Martinique"],"epci_code":["249720061"],"dep_name":["Martinique"],"dep_code":["972"],"reg_name":["Martinique"],"reg_code":["02"]}},{"type":"Feature","geometry":{"coordinates":[[[-61.04996340457415,14.666996834231579],[-61.049947399431524,14.668804078662738],[-61.048090974909,14.668788489063411],[-61.04810699526474,14.666981246636265],[-61.04996340457415,14.666996834231579]]],"type":"Polygon"},"properties":{"geo_point_2d":{"lon":-61.049027193694506,"lat":14.667892663385373},"idcar_200m":"CRS5490RES200mN1622400E710000","i_est_200":0,"idcar_1km":"CRS5490RES1000mN1622000E710000","i_est_1km":0,"idcar_nat":"CRS5490RES1000mN1622000E710000","groupe":1019880,"pop_carr":38.0,"men_1ind":7.0,"men_5ind":0.0,"men_prop":13.0,"men_fmp":5.0,"ind_snv":702759.9,"men_surf":1579.7,"men_coll":1.0,"men_mais":19.0,"log_av45":0.0,"log_45_70":7.0,"log_70_90":5.0,"log_ap_90":7.0,"log_inc":1.0,"log_soc":0.0,"ind_0_3":1.0,"ind_4_5":0.0,"ind_6_10":2.0,"ind_11_17":0.0,"ind_18_24":2.0,"ind_25_39":4.0,"ind_40_54":11.0,"ind_55_64":11.0,"ind_65_79":5.0,"ind_80p":1.0,"ind_inc":1.0,"men_pauv":7.0,"men":20.0,"lcog_geo":"97224","year":"2017","com_arm_code":["97224"],"com_code":["97224"],"com_arm_name":["Saint-Joseph"],"com_name":["Saint-Joseph"],"epci_name":["CA du Centre de la Martinique"],"epci_code":["249720061"],"dep_name":["Martinique"],"dep_code":["972"],"reg_name":["Martinique"],"reg_code":["02"]}},{"type":"Feature","geometry":{"coordinates":[[[-61.06302190380757,14.659876496106758],[-61.06300601386557,14.661683755702166],[-61.06114963488929,14.661668277752884],[-61.06116554003666,14.659861020148039],[-61.06302190380757,14.659876496106758]]],"type":"Polygon"},"properties":{"geo_point_2d":{"lon":-61.06208577329843,"lat":14.660772388663716},"idcar_200m":"CRS5490RES200mN1621600E708600","i_est_200":0,"idcar_1km":"CRS5490RES1000mN1621000E708000","i_est_1km":0,"idcar_nat":"CRS5490RES1000mN1621000E708000","groupe":1019607,"pop_carr":33.0,"men_1ind":2.0,"men_5ind":1.0,"men_prop":8.0,"men_fmp":2.0,"ind_snv":601796.3,"men_surf":1154.0,"men_coll":2.0,"men_mais":11.0,"log_av45":0.0,"log_45_70":7.0,"log_70_90":4.0,"log_ap_90":2.0,"log_inc":0.0,"log_soc":0.0,"ind_0_3":1.0,"ind_4_5":0.0,"ind_6_10":2.0,"ind_11_17":0.0,"ind_18_24":1.0,"ind_25_39":7.0,"ind_40_54":7.0,"ind_55_64":4.0,"ind_65_79":6.0,"ind_80p":5.0,"ind_inc":0.0,"men_pauv":3.0,"men":13.0,"lcog_geo":"9722497209","year":"2017","com_arm_code":["97224"],"com_code":["97224"],"com_arm_name":["Saint-Joseph"],"com_name":["Saint-Joseph"],"epci_name":["CA du Centre de la Martinique"],"epci_code":["249720061"],"dep_name":["Martinique"],"dep_code":["972"],"reg_name":["Martinique"],"reg_code":["02"]}},{"type":"Feature","geometry":{"coordinates":[[[-61.02587885064191,14.661371383834386],[-61.02586265439039,14.663178602958896],[-61.02400630417536,14.663162826893688],[-61.02402251563264,14.661355609797837],[-61.02587885064191,14.661371383834386]]],"type":"Polygon"},"properties":{"geo_point_2d":{"lon":-61.02494258136158,"lat":14.662267107107578},"idcar_200m":"CRS5490RES200mN1621800E712600","i_est_200":1,"idcar_1km":"CRS5490RES1000mN1621000E712000","i_est_1km":0,"idcar_nat":"CRS5490RES1000mN1621000E712000","groupe":1019666,"pop_carr":19.0,"men_1ind":3.1,"men_5ind":0.0,"men_prop":6.0,"men_fmp":1.7,"ind_snv":425554.3,"men_surf":824.5,"men_coll":2.6,"men_mais":6.2,"log_av45":0.0,"log_45_70":0.8,"log_70_90":1.7,"log_ap_90":5.4,"log_inc":0.9,"log_soc":0.0,"ind_0_3":0.7,"ind_4_5":0.0,"ind_6_10":1.0,"ind_11_17":0.9,"ind_18_24":1.4,"ind_25_39":4.0,"ind_40_54":3.1,"ind_55_64":4.5,"ind_65_79":2.0,"ind_80p":1.4,"ind_inc":0.0,"men_pauv":2.8,"men":8.8,"lcog_geo":"97224","year":"2017","com_arm_code":["97224"],"com_code":["97224"],"com_arm_name":["Saint-Joseph"],"com_name":["Saint-Joseph"],"epci_name":["CA du Centre de la Martinique"],"epci_code":["249720061"],"dep_name":["Martinique"],"dep_code":["972"],"reg_name":["Martinique"],"reg_code":["02"]}},{"type":"Feature","geometry":{"coordinates":[[[-61.02754086903738,14.683073777210742],[-61.02752466139241,14.684880994784427],[-61.025668126326686,14.684865209201064],[-61.02568434920248,14.683057993654524],[-61.02754086903738,14.683073777210742]]],"type":"Polygon"},"properties":{"geo_point_2d":{"lon":-61.02660450164109,"lat":14.683969494950976},"idcar_200m":"CRS5490RES200mN1624200E712400","i_est_200":1,"idcar_1km":"CRS5490RES1000mN1624000E712000","i_est_1km":0,"idcar_nat":"CRS5490RES1000mN1624000E712000","groupe":1020081,"pop_carr":22.0,"men_1ind":3.0,"men_5ind":1.0,"men_prop":6.6,"men_fmp":1.8,"ind_snv":422540.1,"men_surf":763.8,"men_coll":1.1,"men_mais":8.2,"log_av45":0.1,"log_45_70":1.8,"log_70_90":2.3,"log_ap_90":4.8,"log_inc":0.3,"log_soc":0.0,"ind_0_3":0.4,"ind_4_5":0.6,"ind_6_10":0.6,"ind_11_17":2.1,"ind_18_24":1.3,"ind_25_39":2.7,"ind_40_54":4.1,"ind_55_64":4.9,"ind_65_79":3.7,"ind_80p":1.5,"ind_inc":0.1,"men_pauv":3.4,"men":9.3,"lcog_geo":"97224","year":"2017","com_arm_code":["97224"],"com_code":["97224"],"com_arm_name":["Saint-Joseph"],"com_name":["Saint-Joseph"],"epci_name":["CA du Centre de la Martinique"],"epci_code":["249720061"],"dep_name":["Martinique"],"dep_code":["972"],"reg_name":["Martinique"],"reg_code":["02"]}},{"type":"Feature","geometry":{"coordinates":[[[-61.02216618284357,14.66133982095778],[-61.02214995618063,14.663147036023053],[-61.02029361040827,14.663131230347075],[-61.020309852276796,14.661324017314282],[-61.02216618284357,14.66133982095778]]],"type":"Polygon"},"properties":{"geo_point_2d":{"lon":-61.02122990057911,"lat":14.662235527396923},"idcar_200m":"CRS5490RES200mN1621800E713000","i_est_200":1,"idcar_1km":"CRS5490RES1000mN1621000E713000","i_est_1km":0,"idcar_nat":"CRS5490RES1000mN1621000E713000","groupe":1019681,"pop_carr":7.0,"men_1ind":0.7,"men_5ind":0.3,"men_prop":1.8,"men_fmp":0.5,"ind_snv":166987.1,"men_surf":278.3,"men_coll":0.6,"men_mais":2.1,"log_av45":0.1,"log_45_70":0.1,"log_70_90":0.6,"log_ap_90":1.5,"log_inc":0.4,"log_soc":0.0,"ind_0_3":0.3,"ind_4_5":0.2,"ind_6_10":0.5,"ind_11_17":0.8,"ind_18_24":0.4,"ind_25_39":1.1,"ind_40_54":1.5,"ind_55_64":1.0,"ind_65_79":1.0,"ind_80p":0.2,"ind_inc":0.0,"men_pauv":0.8,"men":2.7,"lcog_geo":"97224","year":"2017","com_arm_code":["97224"],"com_code":["97224"],"com_arm_name":["Saint-Joseph"],"com_name":["Saint-Joseph"],"epci_name":["CA du Centre de la Martinique"],"epci_code":["249720061"],"dep_name":["Martinique"],"dep_code":["972"],"reg_name":["Martinique"],"reg_code":["02"]}},{"type":"Feature","geometry":{"coordinates":[[[-61.06844833110645,14.676188214461245],[-61.068432467245884,14.677995477340751],[-61.06657594480198,14.677980025942235],[-61.066591823886924,14.676172765047856],[-61.06844833110645,14.676188214461245]]],"type":"Polygon"},"properties":{"geo_point_2d":{"lon":-61.06751214190852,"lat":14.677084121935708},"idcar_200m":"CRS5490RES200mN1623400E708000","i_est_200":1,"idcar_1km":"CRS5490RES1000mN1623000E708000","i_est_1km":0,"idcar_nat":"CRS5490RES1000mN1623000E708000","groupe":1019849,"pop_carr":16.0,"men_1ind":2.6,"men_5ind":0.4,"men_prop":5.5,"men_fmp":1.2,"ind_snv":294743.3,"men_surf":591.3,"men_coll":0.7,"men_mais":6.6,"log_av45":0.0,"log_45_70":1.5,"log_70_90":1.2,"log_ap_90":4.3,"log_inc":0.3,"log_soc":0.0,"ind_0_3":0.1,"ind_4_5":0.0,"ind_6_10":0.2,"ind_11_17":1.3,"ind_18_24":0.7,"ind_25_39":1.8,"ind_40_54":4.0,"ind_55_64":4.2,"ind_65_79":2.6,"ind_80p":1.0,"ind_inc":0.1,"men_pauv":2.4,"men":7.3,"lcog_geo":"97224","year":"2017","com_arm_code":["97224"],"com_code":["97224"],"com_arm_name":["Saint-Joseph"],"com_name":["Saint-Joseph"],"epci_name":["CA du Centre de la Martinique"],"epci_code":["249720061"],"dep_name":["Martinique"],"dep_code":["972"],"reg_name":["Martinique"],"reg_code":["02"]}},{"type":"Feature","geometry":{"coordinates":[[[-61.02389276180128,14.675813338218418],[-61.023876532579216,14.677620552929238],[-61.022020062864186,14.677604745812886],[-61.02203630730858,14.675797533132895],[-61.02389276180128,14.675813338218418]]],"type":"Polygon"},"properties":{"geo_point_2d":{"lon":-61.02295641628995,"lat":14.67670904376101},"idcar_200m":"CRS5490RES200mN1623400E712800","i_est_200":0,"idcar_1km":"CRS5490RES1000mN1623000E712000","i_est_1km":0,"idcar_nat":"CRS5490RES1000mN1623000E712000","groupe":1019916,"pop_carr":30.0,"men_1ind":5.0,"men_5ind":1.0,"men_prop":6.0,"men_fmp":2.0,"ind_snv":466095.9,"men_surf":840.4,"men_coll":4.0,"men_mais":9.0,"log_av45":0.0,"log_45_70":2.0,"log_70_90":6.0,"log_ap_90":4.0,"log_inc":1.0,"log_soc":0.0,"ind_0_3":0.0,"ind_4_5":0.0,"ind_6_10":1.0,"ind_11_17":4.0,"ind_18_24":1.0,"ind_25_39":3.0,"ind_40_54":11.0,"ind_55_64":3.0,"ind_65_79":7.0,"ind_80p":0.0,"ind_inc":0.0,"men_pauv":9.0,"men":13.0,"lcog_geo":"97224","year":"2017","com_arm_code":["97224"],"com_code":["97224"],"com_arm_name":["Saint-Joseph"],"com_name":["Saint-Joseph"],"epci_name":["CA du Centre de la Martinique"],"epci_code":["249720061"],"dep_name":["Martinique"],"dep_code":["972"],"reg_name":["Martinique"],"reg_code":["02"]}},{"type":"Feature","geometry":{"coordinates":[[[-61.029332608142305,14.690318422546085],[-61.029316406867395,14.692125640951526],[-61.02745980864,14.692109862095291],[-61.027476025154165,14.690302645715228],[-61.029332608142305,14.690318422546085]]],"type":"Polygon"},"properties":{"geo_point_2d":{"lon":-61.02839621235216,"lat":14.691214144065958},"idcar_200m":"CRS5490RES200mN1625000E712200","i_est_200":1,"idcar_1km":"CRS5490RES1000mN1625000E712000","i_est_1km":0,"idcar_nat":"CRS5490RES1000mN1625000E712000","groupe":1020076,"pop_carr":18.0,"men_1ind":2.5,"men_5ind":1.0,"men_prop":4.8,"men_fmp":1.0,"ind_snv":284829.1,"men_surf":575.1,"men_coll":0.9,"men_mais":6.2,"log_av45":0.0,"log_45_70":1.6,"log_70_90":2.3,"log_ap_90":3.2,"log_inc":0.0,"log_soc":0.0,"ind_0_3":0.0,"ind_4_5":0.3,"ind_6_10":1.0,"ind_11_17":1.5,"ind_18_24":1.6,"ind_25_39":1.7,"ind_40_54":4.5,"ind_55_64":3.1,"ind_65_79":2.6,"ind_80p":1.7,"ind_inc":0.0,"men_pauv":3.2,"men":7.1,"lcog_geo":"97224","year":"2017","com_arm_code":["97224"],"com_code":["97224"],"com_arm_name":["Saint-Joseph"],"com_name":["Saint-Joseph"],"epci_name":["CA du Centre de la Martinique"],"epci_code":["249720061"],"dep_name":["Martinique"],"dep_code":["972"],"reg_name":["Martinique"],"reg_code":["02"]}},{"type":"Feature","geometry":{"coordinates":[[[-61.029640011548615,14.655981216181022],[-61.02962385235049,14.657788440250695],[-61.027767543312635,14.657772699871066],[-61.027783717710435,14.655965477826154],[-61.029640011548615,14.655981216181022]]],"type":"Polygon"},"properties":{"geo_point_2d":{"lon":-61.02870378138177,"lat":14.656876959768137},"idcar_200m":"CRS5490RES200mN1621200E712200","i_est_200":1,"idcar_1km":"CRS5490RES1000mN1621000E712000","i_est_1km":0,"idcar_nat":"CRS5490RES1000mN1621000E712000","groupe":1019666,"pop_carr":1.0,"men_1ind":0.2,"men_5ind":0.0,"men_prop":0.3,"men_fmp":0.1,"ind_snv":22397.6,"men_surf":43.4,"men_coll":0.2,"men_mais":0.3,"log_av45":0.0,"log_45_70":0.0,"log_70_90":0.1,"log_ap_90":0.3,"log_inc":0.1,"log_soc":0.0,"ind_0_3":0.0,"ind_4_5":0.0,"ind_6_10":0.1,"ind_11_17":0.0,"ind_18_24":0.1,"ind_25_39":0.2,"ind_40_54":0.2,"ind_55_64":0.2,"ind_65_79":0.1,"ind_80p":0.1,"ind_inc":0.0,"men_pauv":0.1,"men":0.5,"lcog_geo":"97224","year":"2017","com_arm_code":["97224"],"com_code":["97224"],"com_arm_name":["Saint-Joseph"],"com_name":["Saint-Joseph"],"epci_name":["CA du Centre de la Martinique"],"epci_code":["249720061"],"dep_name":["Martinique"],"dep_code":["972"],"reg_name":["Martinique"],"reg_code":["02"]}},{"type":"Feature","geometry":{"coordinates":[[[-61.06110190637542,14.667090048783228],[-61.06108599251326,14.668897305198499],[-61.059229554873546,14.668881804473916],[-61.059245483949326,14.667074550051238],[-61.06110190637542,14.667090048783228]]],"type":"Polygon"},"properties":{"geo_point_2d":{"lon":-61.06016573457668,"lat":14.667985928363608},"idcar_200m":"CRS5490RES200mN1622400E708800","i_est_200":0,"idcar_1km":"CRS5490RES1000mN1622000E708000","i_est_1km":0,"idcar_nat":"CRS5490RES1000mN1622000E708000","groupe":1019856,"pop_carr":25.0,"men_1ind":10.0,"men_5ind":1.0,"men_prop":10.0,"men_fmp":1.0,"ind_snv":383512.1,"men_surf":1197.2,"men_coll":2.0,"men_mais":13.0,"log_av45":0.0,"log_45_70":2.0,"log_70_90":1.0,"log_ap_90":9.0,"log_inc":3.0,"log_soc":0.0,"ind_0_3":1.0,"ind_4_5":0.0,"ind_6_10":2.0,"ind_11_17":0.0,"ind_18_24":1.0,"ind_25_39":3.0,"ind_40_54":4.0,"ind_55_64":8.0,"ind_65_79":5.0,"ind_80p":1.0,"ind_inc":0.0,"men_pauv":6.0,"men":15.0,"lcog_geo":"97224","year":"2017","com_arm_code":["97224"],"com_code":["97224"],"com_arm_name":["Saint-Joseph"],"com_name":["Saint-Joseph"],"epci_name":["CA du Centre de la Martinique"],"epci_code":["249720061"],"dep_name":["Martinique"],"dep_code":["972"],"reg_name":["Martinique"],"reg_code":["02"]}},{"type":"Feature","geometry":{"coordinates":[[[-61.04988335694613,14.676033053410396],[-61.049867340845644,14.677840296352889],[-61.04801084022631,14.677824696733019],[-61.048026871550334,14.67601745579469],[-61.04988335694613,14.676033053410396]]],"type":"Polygon"},"properties":{"geo_point_2d":{"lon":-61.048947102541746,"lat":14.67692887681042},"idcar_200m":"CRS5490RES200mN1623400E710000","i_est_200":1,"idcar_1km":"CRS5490RES1000mN1623000E710000","i_est_1km":0,"idcar_nat":"CRS5490RES1000mN1623000E710000","groupe":1019867,"pop_carr":9.0,"men_1ind":1.8,"men_5ind":0.2,"men_prop":3.2,"men_fmp":0.6,"ind_snv":205544.2,"men_surf":401.7,"men_coll":0.5,"men_mais":3.8,"log_av45":0.2,"log_45_70":0.5,"log_70_90":1.2,"log_ap_90":2.2,"log_inc":0.2,"log_soc":0.0,"ind_0_3":0.1,"ind_4_5":0.2,"ind_6_10":0.4,"ind_11_17":0.8,"ind_18_24":0.3,"ind_25_39":1.0,"ind_40_54":1.9,"ind_55_64":2.1,"ind_65_79":1.6,"ind_80p":0.6,"ind_inc":0.0,"men_pauv":1.4,"men":4.3,"lcog_geo":"97224","year":"2017","com_arm_code":["97224"],"com_code":["97224"],"com_arm_name":["Saint-Joseph"],"com_name":["Saint-Joseph"],"epci_name":["CA du Centre de la Martinique"],"epci_code":["249720061"],"dep_name":["Martinique"],"dep_code":["972"],"reg_name":["Martinique"],"reg_code":["02"]}},{"type":"Feature","geometry":{"coordinates":[[[-61.040761752994385,14.657882571726619],[-61.04074568279485,14.659689807607286],[-61.03888934530318,14.659674154015214],[-61.038905430705,14.657866920147926],[-61.040761752994385,14.657882571726619]]],"type":"Polygon"},"properties":{"geo_point_2d":{"lon":-61.039825553099725,"lat":14.658778364610333},"idcar_200m":"CRS5490RES200mN1621400E711000","i_est_200":0,"idcar_1km":"CRS5490RES1000mN1621000E711000","i_est_1km":0,"idcar_nat":"CRS5490RES1000mN1621000E711000","groupe":1019647,"pop_carr":56.0,"men_1ind":9.0,"men_5ind":3.0,"men_prop":16.0,"men_fmp":4.0,"ind_snv":1126909.5,"men_surf":1984.4,"men_coll":8.0,"men_mais":15.0,"log_av45":0.0,"log_45_70":3.0,"log_70_90":4.0,"log_ap_90":15.0,"log_inc":1.0,"log_soc":0.0,"ind_0_3":5.0,"ind_4_5":3.0,"ind_6_10":5.0,"ind_11_17":3.0,"ind_18_24":2.0,"ind_25_39":6.0,"ind_40_54":14.0,"ind_55_64":7.0,"ind_65_79":11.0,"ind_80p":0.0,"ind_inc":0.0,"men_pauv":10.0,"men":23.0,"lcog_geo":"97224","year":"2017","com_arm_code":["97224"],"com_code":["97224"],"com_arm_name":["Saint-Joseph"],"com_name":["Saint-Joseph"],"epci_name":["CA du Centre de la Martinique"],"epci_code":["249720061"],"dep_name":["Martinique"],"dep_code":["972"],"reg_name":["Martinique"],"reg_code":["02"]}},{"type":"Feature","geometry":{"coordinates":[[[-61.05377203213445,14.656184468142396],[-61.053756070539954,14.657991718360785],[-61.05189973288517,14.657976170386828],[-61.05191570968046,14.656168922168458],[-61.05377203213445,14.656184468142396]]],"type":"Polygon"},"properties":{"geo_point_2d":{"lon":-61.052835886459384,"lat":14.65708032100054},"idcar_200m":"CRS5490RES200mN1621200E709600","i_est_200":1,"idcar_1km":"CRS5490RES1000mN1621000E709000","i_est_1km":0,"idcar_nat":"CRS5490RES1000mN1621000E709000","groupe":1019598,"pop_carr":11.0,"men_1ind":1.5,"men_5ind":0.3,"men_prop":3.4,"men_fmp":0.6,"ind_snv":295079.8,"men_surf":423.9,"men_coll":0.9,"men_mais":3.7,"log_av45":0.1,"log_45_70":0.7,"log_70_90":1.5,"log_ap_90":1.9,"log_inc":0.4,"log_soc":0.0,"ind_0_3":0.3,"ind_4_5":0.3,"ind_6_10":0.3,"ind_11_17":0.8,"ind_18_24":0.3,"ind_25_39":1.6,"ind_40_54":1.8,"ind_55_64":2.6,"ind_65_79":2.4,"ind_80p":0.5,"ind_inc":0.1,"men_pauv":0.5,"men":4.6,"lcog_geo":"97224","year":"2017","com_arm_code":["97224"],"com_code":["97224"],"com_arm_name":["Saint-Joseph"],"com_name":["Saint-Joseph"],"epci_name":["CA du Centre de la Martinique"],"epci_code":["249720061"],"dep_name":["Martinique"],"dep_code":["972"],"reg_name":["Martinique"],"reg_code":["02"]}},{"type":"Feature","geometry":{"coordinates":[[[-61.024071136683546,14.655933956722581],[-61.02405493188664,14.657741174712253],[-61.022198629502654,14.657725389933242],[-61.02221484949899,14.655918173974044],[-61.024071136683546,14.655933956722581]]],"type":"Polygon"},"properties":{"geo_point_2d":{"lon":-61.02313488704461,"lat":14.656829675071426},"idcar_200m":"CRS5490RES200mN1621200E712800","i_est_200":1,"idcar_1km":"CRS5490RES1000mN1621000E712000","i_est_1km":0,"idcar_nat":"CRS5490RES1000mN1621000E712000","groupe":1019666,"pop_carr":4.0,"men_1ind":0.7,"men_5ind":0.0,"men_prop":1.3,"men_fmp":0.4,"ind_snv":89590.4,"men_surf":173.6,"men_coll":0.6,"men_mais":1.3,"log_av45":0.0,"log_45_70":0.2,"log_70_90":0.4,"log_ap_90":1.1,"log_inc":0.2,"log_soc":0.0,"ind_0_3":0.1,"ind_4_5":0.0,"ind_6_10":0.2,"ind_11_17":0.2,"ind_18_24":0.3,"ind_25_39":0.8,"ind_40_54":0.7,"ind_55_64":1.0,"ind_65_79":0.4,"ind_80p":0.3,"ind_inc":0.0,"men_pauv":0.6,"men":1.9,"lcog_geo":"97224","year":"2017","com_arm_code":["97224"],"com_code":["97224"],"com_arm_name":["Saint-Joseph"],"com_name":["Saint-Joseph"],"epci_name":["CA du Centre de la Martinique"],"epci_code":["249720061"],"dep_name":["Martinique"],"dep_code":["972"],"reg_name":["Martinique"],"reg_code":["02"]}},{"type":"Feature","geometry":{"coordinates":[[[-61.05538893144421,14.683308751325729],[-61.05537295227197,14.685115999078157],[-61.05351638416746,14.685100435929687],[-61.05353237857181,14.68329319017585],[-61.05538893144421,14.683308751325729]]],"type":"Polygon"},"properties":{"geo_point_2d":{"lon":-61.05445266176307,"lat":14.684204595365669},"idcar_200m":"CRS5490RES200mN1624200E709400","i_est_200":0,"idcar_1km":"CRS5490RES1000mN1624000E709000","i_est_1km":0,"idcar_nat":"CRS5490RES8000mN1624000E704000","groupe":1020063,"pop_carr":30.0,"men_1ind":6.0,"men_5ind":3.0,"men_prop":7.0,"men_fmp":1.0,"ind_snv":703596.3,"men_surf":1117.0,"men_coll":4.0,"men_mais":8.0,"log_av45":0.0,"log_45_70":2.0,"log_70_90":3.0,"log_ap_90":7.0,"log_inc":0.0,"log_soc":0.0,"ind_0_3":0.0,"ind_4_5":0.0,"ind_6_10":3.0,"ind_11_17":2.0,"ind_18_24":0.0,"ind_25_39":3.0,"ind_40_54":8.0,"ind_55_64":10.0,"ind_65_79":3.0,"ind_80p":1.0,"ind_inc":0.0,"men_pauv":3.0,"men":12.0,"lcog_geo":"97224","year":"2017","com_arm_code":["97224"],"com_code":["97224"],"com_arm_name":["Saint-Joseph"],"com_name":["Saint-Joseph"],"epci_name":["CA du Centre de la Martinique"],"epci_code":["249720061"],"dep_name":["Martinique"],"dep_code":["972"],"reg_name":["Martinique"],"reg_code":["02"]}},{"type":"Feature","geometry":{"coordinates":[[[-61.02597598157337,14.650528062831675],[-61.02595979862932,14.652335283743342],[-61.024103539617585,14.652319519849653],[-61.02411973775488,14.650512300966472],[-61.02597598157337,14.650528062831675]]],"type":"Polygon"},"properties":{"geo_point_2d":{"lon":-61.02503976454532,"lat":14.65142379308321},"idcar_200m":"CRS5490RES200mN1620600E712600","i_est_200":0,"idcar_1km":"CRS5490RES1000mN1620000E712000","i_est_1km":0,"idcar_nat":"CRS5490RES1000mN1620000E712000","groupe":1019694,"pop_carr":38.0,"men_1ind":4.0,"men_5ind":0.0,"men_prop":13.0,"men_fmp":3.0,"ind_snv":885621.0,"men_surf":1444.0,"men_coll":1.0,"men_mais":15.0,"log_av45":0.0,"log_45_70":1.0,"log_70_90":5.0,"log_ap_90":10.0,"log_inc":0.0,"log_soc":0.0,"ind_0_3":0.0,"ind_4_5":0.0,"ind_6_10":0.0,"ind_11_17":4.0,"ind_18_24":4.0,"ind_25_39":5.0,"ind_40_54":11.0,"ind_55_64":7.0,"ind_65_79":7.0,"ind_80p":0.0,"ind_inc":0.0,"men_pauv":3.0,"men":16.0,"lcog_geo":"97224","year":"2017","com_arm_code":["97224"],"com_code":["97224"],"com_arm_name":["Saint-Joseph"],"com_name":["Saint-Joseph"],"epci_name":["CA du Centre de la Martinique"],"epci_code":["249720061"],"dep_name":["Martinique"],"dep_code":["972"],"reg_name":["Martinique"],"reg_code":["02"]}},{"type":"Feature","geometry":{"coordinates":[[[-61.02029361040827,14.663131230347075],[-61.02027736631528,14.6649384430818],[-61.018421007559816,14.664922620566157],[-61.01843726686038,14.663115409865842],[-61.02029361040827,14.663131230347075]]],"type":"Polygon"},"properties":{"geo_point_2d":{"lon":-61.01935731293788,"lat":14.664026927201752},"idcar_200m":"CRS5490RES200mN1622000E713200","i_est_200":1,"idcar_1km":"CRS5490RES1000mN1622000E713000","i_est_1km":0,"idcar_nat":"CRS5490RES1000mN1622000E713000","groupe":1019908,"pop_carr":7.0,"men_1ind":1.2,"men_5ind":0.2,"men_prop":2.4,"men_fmp":0.4,"ind_snv":159522.4,"men_surf":306.7,"men_coll":1.0,"men_mais":2.2,"log_av45":0.1,"log_45_70":0.5,"log_70_90":1.0,"log_ap_90":1.5,"log_inc":0.1,"log_soc":0.0,"ind_0_3":0.3,"ind_4_5":0.1,"ind_6_10":0.3,"ind_11_17":0.4,"ind_18_24":0.4,"ind_25_39":0.4,"ind_40_54":1.6,"ind_55_64":0.8,"ind_65_79":1.9,"ind_80p":0.8,"ind_inc":0.0,"men_pauv":0.9,"men":3.2,"lcog_geo":"97224","year":"2017","com_arm_code":["97224"],"com_code":["97224"],"com_arm_name":["Saint-Joseph"],"com_name":["Saint-Joseph"],"epci_name":["CA du Centre de la Martinique"],"epci_code":["249720061"],"dep_name":["Martinique"],"dep_code":["972"],"reg_name":["Martinique"],"reg_code":["02"]}},{"type":"Feature","geometry":{"coordinates":[[[-61.009073883503724,14.672072084898753],[-61.00905753698052,14.67387928390662],[-61.00720111554955,14.673863362320038],[-61.00721747729021,14.672056165358164],[-61.009073883503724,14.672072084898753]]],"type":"Polygon"},"properties":{"geo_point_2d":{"lon":-61.00813750348378,"lat":14.672967725358207},"idcar_200m":"CRS5490RES200mN1623000E714400","i_est_200":1,"idcar_1km":"CRS5490RES1000mN1623000E714000","i_est_1km":0,"idcar_nat":"CRS5490RES2000mN1622000E714000","groupe":1019944,"pop_carr":6.0,"men_1ind":0.9,"men_5ind":0.4,"men_prop":1.3,"men_fmp":0.3,"ind_snv":122763.0,"men_surf":188.9,"men_coll":0.3,"men_mais":2.1,"log_av45":0.2,"log_45_70":0.2,"log_70_90":0.7,"log_ap_90":0.9,"log_inc":0.4,"log_soc":0.0,"ind_0_3":0.2,"ind_4_5":0.1,"ind_6_10":0.4,"ind_11_17":0.6,"ind_18_24":0.4,"ind_25_39":0.8,"ind_40_54":1.4,"ind_55_64":0.9,"ind_65_79":0.7,"ind_80p":0.5,"ind_inc":0.0,"men_pauv":0.6,"men":2.4,"lcog_geo":"97224","year":"2017","com_arm_code":["97224"],"com_code":["97224"],"com_arm_name":["Saint-Joseph"],"com_name":["Saint-Joseph"],"epci_name":["CA du Centre de la Martinique"],"epci_code":["249720061"],"dep_name":["Martinique"],"dep_code":["972"],"reg_name":["Martinique"],"reg_code":["02"]}},{"type":"Feature","geometry":{"coordinates":[[[-61.00904118821984,14.675686482616008],[-61.009024837221595,14.677493681026904],[-61.007168385349445,14.67747775534824],[-61.007184751569326,14.675670558983404],[-61.00904118821984,14.675686482616008]]],"type":"Polygon"},"properties":{"geo_point_2d":{"lon":-61.00810479074283,"lat":14.676582120731274},"idcar_200m":"CRS5490RES200mN1623400E714400","i_est_200":1,"idcar_1km":"CRS5490RES1000mN1623000E714000","i_est_1km":0,"idcar_nat":"CRS5490RES2000mN1622000E714000","groupe":1019944,"pop_carr":5.0,"men_1ind":0.8,"men_5ind":0.3,"men_prop":1.1,"men_fmp":0.3,"ind_snv":102302.5,"men_surf":157.4,"men_coll":0.2,"men_mais":1.8,"log_av45":0.1,"log_45_70":0.2,"log_70_90":0.6,"log_ap_90":0.8,"log_inc":0.3,"log_soc":0.0,"ind_0_3":0.2,"ind_4_5":0.1,"ind_6_10":0.4,"ind_11_17":0.5,"ind_18_24":0.3,"ind_25_39":0.7,"ind_40_54":1.1,"ind_55_64":0.7,"ind_65_79":0.6,"ind_80p":0.4,"ind_inc":0.0,"men_pauv":0.5,"men":2.0,"lcog_geo":"97224","year":"2017","com_arm_code":["97224"],"com_code":["97224"],"com_arm_name":["Saint-Joseph"],"com_name":["Saint-Joseph"],"epci_name":["CA du Centre de la Martinique"],"epci_code":["249720061"],"dep_name":["Martinique"],"dep_code":["972"],"reg_name":["Martinique"],"reg_code":["02"]}},{"type":"Feature","geometry":{"coordinates":[[[-61.033158914427496,14.677699366199592],[-61.03314275910777,14.679506590737857],[-61.03128626308379,14.679490855704245],[-61.031302433628355,14.67768363318731],[-61.033158914427496,14.677699366199592]]],"type":"Polygon"},"properties":{"geo_point_2d":{"lon":-61.03222259271277,"lat":14.678595112695065},"idcar_200m":"CRS5490RES200mN1623600E711800","i_est_200":1,"idcar_1km":"CRS5490RES1000mN1623000E711000","i_est_1km":0,"idcar_nat":"CRS5490RES1000mN1623000E711000","groupe":1019883,"pop_carr":5.0,"men_1ind":0.9,"men_5ind":0.1,"men_prop":1.6,"men_fmp":0.4,"ind_snv":122912.8,"men_surf":220.1,"men_coll":0.7,"men_mais":1.7,"log_av45":0.1,"log_45_70":0.1,"log_70_90":0.9,"log_ap_90":1.1,"log_inc":0.2,"log_soc":0.0,"ind_0_3":0.0,"ind_4_5":0.0,"ind_6_10":0.2,"ind_11_17":0.2,"ind_18_24":0.4,"ind_25_39":0.6,"ind_40_54":1.1,"ind_55_64":0.9,"ind_65_79":1.0,"ind_80p":0.6,"ind_inc":0.0,"men_pauv":0.4,"men":2.4,"lcog_geo":"97224","year":"2017","com_arm_code":["97224"],"com_code":["97224"],"com_arm_name":["Saint-Joseph"],"com_name":["Saint-Joseph"],"epci_name":["CA du Centre de la Martinique"],"epci_code":["249720061"],"dep_name":["Martinique"],"dep_code":["972"],"reg_name":["Martinique"],"reg_code":["02"]}},{"type":"Feature","geometry":{"coordinates":[[[-61.0426020224879,14.659705446397012],[-61.042585965291394,14.661512683991528],[-61.04072961039391,14.661497043190298],[-61.04074568279485,14.659689807607286],[-61.0426020224879,14.659705446397012]]],"type":"Polygon"},"properties":{"geo_point_2d":{"lon":-61.04166582039224,"lat":14.660601246532766},"idcar_200m":"CRS5490RES200mN1621600E710800","i_est_200":1,"idcar_1km":"CRS5490RES1000mN1621000E710000","i_est_1km":0,"idcar_nat":"CRS5490RES1000mN1621000E710000","groupe":1019634,"pop_carr":10.0,"men_1ind":1.8,"men_5ind":0.1,"men_prop":3.5,"men_fmp":0.5,"ind_snv":280585.3,"men_surf":491.7,"men_coll":1.3,"men_mais":3.5,"log_av45":0.0,"log_45_70":0.6,"log_70_90":1.3,"log_ap_90":2.7,"log_inc":0.2,"log_soc":0.0,"ind_0_3":0.2,"ind_4_5":0.2,"ind_6_10":0.3,"ind_11_17":1.0,"ind_18_24":0.4,"ind_25_39":1.2,"ind_40_54":1.3,"ind_55_64":2.3,"ind_65_79":2.1,"ind_80p":1.0,"ind_inc":0.0,"men_pauv":0.9,"men":4.8,"lcog_geo":"97224","year":"2017","com_arm_code":["97224"],"com_code":["97224"],"com_arm_name":["Saint-Joseph"],"com_name":["Saint-Joseph"],"epci_name":["CA du Centre de la Martinique"],"epci_code":["249720061"],"dep_name":["Martinique"],"dep_code":["972"],"reg_name":["Martinique"],"reg_code":["02"]}},{"type":"Feature","geometry":{"coordinates":[[[-61.04045604268281,14.692220002527394],[-61.04043993064226,14.694027232746821],[-61.03858330391171,14.694011540894584],[-61.03859943119409,14.692204312689142],[-61.04045604268281,14.692220002527394]]],"type":"Polygon"},"properties":{"geo_point_2d":{"lon":-61.03951967725806,"lat":14.693115773453577},"idcar_200m":"CRS5490RES200mN1625200E711000","i_est_200":1,"idcar_1km":"CRS5490RES1000mN1625000E711000","i_est_1km":0,"idcar_nat":"CRS5490RES8000mN1624000E704000","groupe":1020069,"pop_carr":2.0,"men_1ind":0.4,"men_5ind":0.0,"men_prop":0.6,"men_fmp":0.1,"ind_snv":35834.9,"men_surf":74.9,"men_coll":0.1,"men_mais":0.8,"log_av45":0.0,"log_45_70":0.1,"log_70_90":0.1,"log_ap_90":0.6,"log_inc":0.1,"log_soc":0.0,"ind_0_3":0.1,"ind_4_5":0.0,"ind_6_10":0.1,"ind_11_17":0.1,"ind_18_24":0.2,"ind_25_39":0.3,"ind_40_54":0.4,"ind_55_64":0.4,"ind_65_79":0.3,"ind_80p":0.1,"ind_inc":0.0,"men_pauv":0.2,"men":0.9,"lcog_geo":"97224","year":"2017","com_arm_code":["97224"],"com_code":["97224"],"com_arm_name":["Saint-Joseph"],"com_name":["Saint-Joseph"],"epci_name":["CA du Centre de la Martinique"],"epci_code":["249720061"],"dep_name":["Martinique"],"dep_code":["972"],"reg_name":["Martinique"],"reg_code":["02"]}},{"type":"Feature","geometry":{"coordinates":[[[-61.011077173127184,14.655823166733317],[-61.011060861936144,14.657630370469695],[-61.00920457515072,14.657614482094955],[-61.00922090154058,14.655807280402374],[-61.011077173127184,14.655823166733317]]],"type":"Polygon"},"properties":{"geo_point_2d":{"lon":-61.0101408780913,"lat":14.656718826160972},"idcar_200m":"CRS5490RES200mN1621200E714200","i_est_200":0,"idcar_1km":"CRS5490RES1000mN1621000E714000","i_est_1km":0,"idcar_nat":"CRS5490RES2000mN1620000E714000","groupe":1019714,"pop_carr":100.0,"men_1ind":14.0,"men_5ind":4.0,"men_prop":24.0,"men_fmp":10.0,"ind_snv":1672101.8,"men_surf":3518.5,"men_coll":8.0,"men_mais":32.0,"log_av45":2.0,"log_45_70":3.0,"log_70_90":3.0,"log_ap_90":14.0,"log_inc":18.0,"log_soc":0.0,"ind_0_3":5.0,"ind_4_5":0.0,"ind_6_10":6.0,"ind_11_17":17.0,"ind_18_24":7.0,"ind_25_39":9.0,"ind_40_54":28.0,"ind_55_64":14.0,"ind_65_79":11.0,"ind_80p":3.0,"ind_inc":0.0,"men_pauv":13.0,"men":40.0,"lcog_geo":"9722497213","year":"2017","com_arm_code":["97224"],"com_code":["97224"],"com_arm_name":["Saint-Joseph"],"com_name":["Saint-Joseph"],"epci_name":["CA du Centre de la Martinique"],"epci_code":["249720061"],"dep_name":["Martinique"],"dep_code":["972"],"reg_name":["Martinique"],"reg_code":["02"]}},{"type":"Feature","geometry":{"coordinates":[[[-61.05745281903239,14.659830023821025],[-61.05743688347452,14.661637277439032],[-61.0555805110402,14.66162175507462],[-61.05559646180319,14.65981450345289],[-61.05745281903239,14.659830023821025]]],"type":"Polygon"},"properties":{"geo_point_2d":{"lon":-61.05651666898667,"lat":14.660725891183139},"idcar_200m":"CRS5490RES200mN1621600E709200","i_est_200":1,"idcar_1km":"CRS5490RES1000mN1621000E709000","i_est_1km":0,"idcar_nat":"CRS5490RES1000mN1621000E709000","groupe":1019598,"pop_carr":8.0,"men_1ind":1.1,"men_5ind":0.2,"men_prop":2.5,"men_fmp":0.4,"ind_snv":214603.5,"men_surf":308.3,"men_coll":0.7,"men_mais":2.6,"log_av45":0.0,"log_45_70":0.5,"log_70_90":1.1,"log_ap_90":1.4,"log_inc":0.3,"log_soc":0.0,"ind_0_3":0.2,"ind_4_5":0.2,"ind_6_10":0.2,"ind_11_17":0.6,"ind_18_24":0.2,"ind_25_39":1.2,"ind_40_54":1.3,"ind_55_64":1.9,"ind_65_79":1.8,"ind_80p":0.4,"ind_inc":0.0,"men_pauv":0.4,"men":3.3,"lcog_geo":"97224","year":"2017","com_arm_code":["97224"],"com_code":["97224"],"com_arm_name":["Saint-Joseph"],"com_name":["Saint-Joseph"],"epci_name":["CA du Centre de la Martinique"],"epci_code":["249720061"],"dep_name":["Martinique"],"dep_code":["972"],"reg_name":["Martinique"],"reg_code":["02"]}},{"type":"Feature","geometry":{"coordinates":[[[-61.061054158252134,14.672511817136577],[-61.06103823785298,14.674319072659321],[-61.059181754559916,14.674303565956771],[-61.05919769017893,14.67249631242672],[-61.061054158252134,14.672511817136577]]],"type":"Polygon"},"properties":{"geo_point_2d":{"lon":-61.06011796035978,"lat":14.673407693282208},"idcar_200m":"CRS5490RES200mN1623000E708800","i_est_200":1,"idcar_1km":"CRS5490RES1000mN1623000E708000","i_est_1km":0,"idcar_nat":"CRS5490RES1000mN1623000E708000","groupe":1019849,"pop_carr":8.0,"men_1ind":1.3,"men_5ind":0.2,"men_prop":2.8,"men_fmp":0.6,"ind_snv":147371.6,"men_surf":295.6,"men_coll":0.3,"men_mais":3.3,"log_av45":0.0,"log_45_70":0.8,"log_70_90":0.6,"log_ap_90":2.1,"log_inc":0.1,"log_soc":0.0,"ind_0_3":0.0,"ind_4_5":0.0,"ind_6_10":0.1,"ind_11_17":0.6,"ind_18_24":0.4,"ind_25_39":0.9,"ind_40_54":2.0,"ind_55_64":2.1,"ind_65_79":1.3,"ind_80p":0.5,"ind_inc":0.1,"men_pauv":1.2,"men":3.6,"lcog_geo":"97224","year":"2017","com_arm_code":["97224"],"com_code":["97224"],"com_arm_name":["Saint-Joseph"],"com_name":["Saint-Joseph"],"epci_name":["CA du Centre de la Martinique"],"epci_code":["249720061"],"dep_name":["Martinique"],"dep_code":["972"],"reg_name":["Martinique"],"reg_code":["02"]}},{"type":"Feature","geometry":{"coordinates":[[[-61.02021236769701,14.672167291039287],[-61.02019611248042,14.673974502283126],[-61.01833967765584,14.673958669594953],[-61.01835594809042,14.672151460385669],[-61.02021236769701,14.672167291039287]]],"type":"Polygon"},"properties":{"geo_point_2d":{"lon":-61.01927602663284,"lat":14.673062982063083},"idcar_200m":"CRS5490RES200mN1623000E713200","i_est_200":0,"idcar_1km":"CRS5490RES1000mN1623000E713000","i_est_1km":0,"idcar_nat":"CRS5490RES1000mN1623000E713000","groupe":1019935,"pop_carr":42.0,"men_1ind":9.0,"men_5ind":2.0,"men_prop":13.0,"men_fmp":3.0,"ind_snv":877256.2,"men_surf":2017.4,"men_coll":10.0,"men_mais":11.0,"log_av45":0.0,"log_45_70":3.0,"log_70_90":2.0,"log_ap_90":15.0,"log_inc":1.0,"log_soc":0.0,"ind_0_3":3.0,"ind_4_5":0.0,"ind_6_10":2.0,"ind_11_17":2.0,"ind_18_24":2.0,"ind_25_39":4.0,"ind_40_54":6.0,"ind_55_64":7.0,"ind_65_79":12.0,"ind_80p":3.0,"ind_inc":1.0,"men_pauv":6.0,"men":21.0,"lcog_geo":"97224","year":"2017","com_arm_code":["97224"],"com_code":["97224"],"com_arm_name":["Saint-Joseph"],"com_name":["Saint-Joseph"],"epci_name":["CA du Centre de la Martinique"],"epci_code":["249720061"],"dep_name":["Martinique"],"dep_code":["972"],"reg_name":["Martinique"],"reg_code":["02"]}},{"type":"Feature","geometry":{"coordinates":[[[-61.057261448258764,14.681517047600959],[-61.05724548650247,14.683324297647875],[-61.05538893144421,14.683308751325729],[-61.055404908430624,14.681501503275463],[-61.057261448258764,14.681517047600959]]],"type":"Polygon"},"properties":{"geo_point_2d":{"lon":-61.056325193808085,"lat":14.682412901200658},"idcar_200m":"CRS5490RES200mN1624000E709200","i_est_200":1,"idcar_1km":"CRS5490RES1000mN1624000E709000","i_est_1km":0,"idcar_nat":"CRS5490RES8000mN1624000E704000","groupe":1020062,"pop_carr":8.0,"men_1ind":0.7,"men_5ind":0.3,"men_prop":1.7,"men_fmp":0.4,"ind_snv":135593.4,"men_surf":195.4,"men_coll":0.0,"men_mais":2.8,"log_av45":0.6,"log_45_70":0.7,"log_70_90":0.1,"log_ap_90":1.2,"log_inc":0.2,"log_soc":0.0,"ind_0_3":0.6,"ind_4_5":0.1,"ind_6_10":0.6,"ind_11_17":0.4,"ind_18_24":0.6,"ind_25_39":0.7,"ind_40_54":1.5,"ind_55_64":2.0,"ind_65_79":0.9,"ind_80p":0.6,"ind_inc":0.0,"men_pauv":1.2,"men":2.8,"lcog_geo":"97224","year":"2017","com_arm_code":["97224"],"com_code":["97224"],"com_arm_name":["Saint-Joseph"],"com_name":["Saint-Joseph"],"epci_name":["CA du Centre de la Martinique"],"epci_code":["249720061"],"dep_name":["Martinique"],"dep_code":["972"],"reg_name":["Martinique"],"reg_code":["02"]}},{"type":"Feature","geometry":{"coordinates":[[[-61.04789855952383,14.690475374959078],[-61.047882510646104,14.692282613513516],[-61.046025890358194,14.692266983022183],[-61.046041954475996,14.69045974647408],[-61.04789855952383,14.690475374959078]]],"type":"Polygon"},"properties":{"geo_point_2d":{"lon":-61.04696222890081,"lat":14.691371180731155},"idcar_200m":"CRS5490RES200mN1625000E710200","i_est_200":1,"idcar_1km":"CRS5490RES1000mN1625000E710000","i_est_1km":0,"idcar_nat":"CRS5490RES8000mN1624000E704000","groupe":1020070,"pop_carr":3.0,"men_1ind":0.3,"men_5ind":0.1,"men_prop":0.9,"men_fmp":0.2,"ind_snv":48059.0,"men_surf":94.9,"men_coll":0.0,"men_mais":1.1,"log_av45":0.0,"log_45_70":0.2,"log_70_90":0.2,"log_ap_90":0.6,"log_inc":0.1,"log_soc":0.0,"ind_0_3":0.3,"ind_4_5":0.1,"ind_6_10":0.1,"ind_11_17":0.2,"ind_18_24":0.2,"ind_25_39":0.4,"ind_40_54":0.7,"ind_55_64":0.3,"ind_65_79":0.6,"ind_80p":0.1,"ind_inc":0.0,"men_pauv":0.5,"men":1.1,"lcog_geo":"97224","year":"2017","com_arm_code":["97224"],"com_code":["97224"],"com_arm_name":["Saint-Joseph"],"com_name":["Saint-Joseph"],"epci_name":["CA du Centre de la Martinique"],"epci_code":["249720061"],"dep_name":["Martinique"],"dep_code":["972"],"reg_name":["Martinique"],"reg_code":["02"]}},{"type":"Feature","geometry":{"coordinates":[[[-61.04817105475455,14.659752273951364],[-61.048155043171896,14.661559517568968],[-61.04629868168248,14.661543921180947],[-61.04631470846982,14.659736679569136],[-61.04817105475455,14.659752273951364]]],"type":"Polygon"},"properties":{"geo_point_2d":{"lon":-61.04723487216948,"lat":14.66064809930384},"idcar_200m":"CRS5490RES200mN1621600E710200","i_est_200":1,"idcar_1km":"CRS5490RES1000mN1621000E710000","i_est_1km":0,"idcar_nat":"CRS5490RES1000mN1621000E710000","groupe":1019634,"pop_carr":14.0,"men_1ind":2.6,"men_5ind":0.2,"men_prop":4.9,"men_fmp":0.7,"ind_snv":392819.5,"men_surf":688.4,"men_coll":1.8,"men_mais":4.9,"log_av45":0.0,"log_45_70":0.8,"log_70_90":1.8,"log_ap_90":3.8,"log_inc":0.3,"log_soc":0.0,"ind_0_3":0.3,"ind_4_5":0.3,"ind_6_10":0.4,"ind_11_17":1.3,"ind_18_24":0.6,"ind_25_39":1.6,"ind_40_54":1.8,"ind_55_64":3.3,"ind_65_79":3.0,"ind_80p":1.4,"ind_inc":0.0,"men_pauv":1.3,"men":6.7,"lcog_geo":"97224","year":"2017","com_arm_code":["97224"],"com_code":["97224"],"com_arm_name":["Saint-Joseph"],"com_name":["Saint-Joseph"],"epci_name":["CA du Centre de la Martinique"],"epci_code":["249720061"],"dep_name":["Martinique"],"dep_code":["972"],"reg_name":["Martinique"],"reg_code":["02"]}},{"type":"Feature","geometry":{"coordinates":[[[-61.00910656983806,14.668457685987745],[-61.00909022778954,14.670264885592447],[-61.007233836791414,14.670248968097823],[-61.007250194053235,14.668441770539042],[-61.00910656983806,14.668457685987745]]],"type":"Polygon"},"properties":{"geo_point_2d":{"lon":-61.00817020727084,"lat":14.66935332879126},"idcar_200m":"CRS5490RES200mN1622600E714400","i_est_200":0,"idcar_1km":"CRS5490RES1000mN1622000E714000","i_est_1km":1,"idcar_nat":"CRS5490RES2000mN1622000E714000","groupe":1019939,"pop_carr":46.0,"men_1ind":13.0,"men_5ind":0.0,"men_prop":15.0,"men_fmp":7.0,"ind_snv":688141.3,"men_surf":1972.7,"men_coll":7.0,"men_mais":19.0,"log_av45":0.0,"log_45_70":3.0,"log_70_90":7.0,"log_ap_90":9.0,"log_inc":7.0,"log_soc":0.0,"ind_0_3":0.0,"ind_4_5":0.0,"ind_6_10":1.0,"ind_11_17":4.0,"ind_18_24":3.0,"ind_25_39":6.0,"ind_40_54":15.0,"ind_55_64":5.0,"ind_65_79":10.0,"ind_80p":1.0,"ind_inc":1.0,"men_pauv":12.0,"men":26.0,"lcog_geo":"97224","year":"2017","com_arm_code":["97224"],"com_code":["97224"],"com_arm_name":["Saint-Joseph"],"com_name":["Saint-Joseph"],"epci_name":["CA du Centre de la Martinique"],"epci_code":["249720061"],"dep_name":["Martinique"],"dep_code":["972"],"reg_name":["Martinique"],"reg_code":["02"]}},{"type":"Feature","geometry":{"coordinates":[[[-61.035241126911885,14.652413881298886],[-61.03522501772815,14.654221112026768],[-61.033368732452956,14.654205420085319],[-61.03338485683246,14.652398191376422],[-61.035241126911885,14.652413881298886]]],"type":"Polygon"},"properties":{"geo_point_2d":{"lon":-61.03430493363217,"lat":14.653309652432439},"idcar_200m":"CRS5490RES200mN1620800E711600","i_est_200":0,"idcar_1km":"CRS5490RES1000mN1620000E711000","i_est_1km":0,"idcar_nat":"CRS5490RES1000mN1620000E711000","groupe":1019659,"pop_carr":55.0,"men_1ind":10.0,"men_5ind":1.0,"men_prop":20.0,"men_fmp":7.0,"ind_snv":1106294.3,"men_surf":2295.0,"men_coll":6.0,"men_mais":21.0,"log_av45":0.0,"log_45_70":3.0,"log_70_90":8.0,"log_ap_90":15.0,"log_inc":1.0,"log_soc":0.0,"ind_0_3":3.0,"ind_4_5":0.0,"ind_6_10":0.0,"ind_11_17":2.0,"ind_18_24":2.0,"ind_25_39":8.0,"ind_40_54":8.0,"ind_55_64":13.0,"ind_65_79":13.0,"ind_80p":6.0,"ind_inc":0.0,"men_pauv":13.0,"men":27.0,"lcog_geo":"97224","year":"2017","com_arm_code":["97224"],"com_code":["97224"],"com_arm_name":["Saint-Joseph"],"com_name":["Saint-Joseph"],"epci_name":["CA du Centre de la Martinique"],"epci_code":["249720061"],"dep_name":["Martinique"],"dep_code":["972"],"reg_name":["Martinique"],"reg_code":["02"]}},{"type":"Feature","geometry":{"coordinates":[[[-61.016646001285835,14.655870736942369],[-61.01662973569176,14.657677946798723],[-61.01477344220875,14.65766210282167],[-61.0147897230019,14.655854895003396],[-61.016646001285835,14.655870736942369]]],"type":"Polygon"},"properties":{"geo_point_2d":{"lon":-61.01570972569929,"lat":14.656766421627431},"idcar_200m":"CRS5490RES200mN1621200E713600","i_est_200":1,"idcar_1km":"CRS5490RES1000mN1621000E713000","i_est_1km":0,"idcar_nat":"CRS5490RES1000mN1621000E713000","groupe":1019681,"pop_carr":7.0,"men_1ind":0.7,"men_5ind":0.3,"men_prop":1.8,"men_fmp":0.5,"ind_snv":166987.1,"men_surf":278.3,"men_coll":0.6,"men_mais":2.1,"log_av45":0.1,"log_45_70":0.1,"log_70_90":0.6,"log_ap_90":1.5,"log_inc":0.4,"log_soc":0.0,"ind_0_3":0.3,"ind_4_5":0.2,"ind_6_10":0.5,"ind_11_17":0.8,"ind_18_24":0.4,"ind_25_39":1.1,"ind_40_54":1.5,"ind_55_64":1.0,"ind_65_79":1.0,"ind_80p":0.2,"ind_inc":0.0,"men_pauv":0.8,"men":2.7,"lcog_geo":"97224","year":"2017","com_arm_code":["97224"],"com_code":["97224"],"com_arm_name":["Saint-Joseph"],"com_name":["Saint-Joseph"],"epci_name":["CA du Centre de la Martinique"],"epci_code":["249720061"],"dep_name":["Martinique"],"dep_code":["972"],"reg_name":["Martinique"],"reg_code":["02"]}},{"type":"Feature","geometry":{"coordinates":[[[-61.027848393144616,14.64873658666876],[-61.02783222760946,14.650543809904702],[-61.02597598157337,14.650528062831675],[-61.025992162299794,14.648720841622273],[-61.027848393144616,14.64873658666876]]],"type":"Polygon"},"properties":{"geo_point_2d":{"lon":-61.02691219130819,"lat":14.64963232649212},"idcar_200m":"CRS5490RES200mN1620400E712400","i_est_200":1,"idcar_1km":"CRS5490RES1000mN1620000E712000","i_est_1km":0,"idcar_nat":"CRS5490RES1000mN1620000E712000","groupe":1019691,"pop_carr":4.0,"men_1ind":0.7,"men_5ind":0.0,"men_prop":1.5,"men_fmp":0.1,"ind_snv":112868.9,"men_surf":223.4,"men_coll":0.1,"men_mais":1.9,"log_av45":0.0,"log_45_70":0.4,"log_70_90":0.7,"log_ap_90":0.9,"log_inc":0.0,"log_soc":0.0,"ind_0_3":0.0,"ind_4_5":0.0,"ind_6_10":0.1,"ind_11_17":0.2,"ind_18_24":0.2,"ind_25_39":0.3,"ind_40_54":0.7,"ind_55_64":1.3,"ind_65_79":0.9,"ind_80p":0.3,"ind_inc":0.0,"men_pauv":0.5,"men":2.0,"lcog_geo":"97224","year":"2017","com_arm_code":["97224"],"com_code":["97224"],"com_arm_name":["Saint-Joseph"],"com_name":["Saint-Joseph"],"epci_name":["CA du Centre de la Martinique"],"epci_code":["249720061"],"dep_name":["Martinique"],"dep_code":["972"],"reg_name":["Martinique"],"reg_code":["02"]}},{"type":"Feature","geometry":{"coordinates":[[[-61.06476710093369,14.672542782106596],[-61.06475121097455,14.674350041608998],[-61.06289472332523,14.67433456454342],[-61.062910628504405,14.672527307029902],[-61.06476710093369,14.672542782106596]]],"type":"Polygon"},"properties":{"geo_point_2d":{"lon":-61.06383091608298,"lat":14.673438675059595},"idcar_200m":"CRS5490RES200mN1623000E708400","i_est_200":1,"idcar_1km":"CRS5490RES1000mN1623000E708000","i_est_1km":0,"idcar_nat":"CRS5490RES1000mN1623000E708000","groupe":1019849,"pop_carr":16.0,"men_1ind":2.6,"men_5ind":0.4,"men_prop":5.5,"men_fmp":1.2,"ind_snv":294743.3,"men_surf":591.3,"men_coll":0.7,"men_mais":6.6,"log_av45":0.0,"log_45_70":1.5,"log_70_90":1.2,"log_ap_90":4.3,"log_inc":0.3,"log_soc":0.0,"ind_0_3":0.1,"ind_4_5":0.0,"ind_6_10":0.2,"ind_11_17":1.3,"ind_18_24":0.7,"ind_25_39":1.8,"ind_40_54":4.0,"ind_55_64":4.2,"ind_65_79":2.6,"ind_80p":1.0,"ind_inc":0.1,"men_pauv":2.4,"men":7.3,"lcog_geo":"97224","year":"2017","com_arm_code":["97224"],"com_code":["97224"],"com_arm_name":["Saint-Joseph"],"com_name":["Saint-Joseph"],"epci_name":["CA du Centre de la Martinique"],"epci_code":["249720061"],"dep_name":["Martinique"],"dep_code":["972"],"reg_name":["Martinique"],"reg_code":["02"]}},{"type":"Feature","geometry":{"coordinates":[[[-61.023876532579216,14.677620552929238],[-61.02386030113615,14.679427767341778],[-61.02200381619673,14.679411958194569],[-61.022020062864186,14.677604745812886],[-61.023876532579216,14.677620552929238]]],"type":"Polygon"},"properties":{"geo_point_2d":{"lon":-61.02294017834569,"lat":14.67851625730742},"idcar_200m":"CRS5490RES200mN1623600E712800","i_est_200":1,"idcar_1km":"CRS5490RES1000mN1623000E712000","i_est_1km":0,"idcar_nat":"CRS5490RES1000mN1623000E712000","groupe":1019915,"pop_carr":6.0,"men_1ind":0.8,"men_5ind":0.1,"men_prop":1.8,"men_fmp":0.3,"ind_snv":154501.1,"men_surf":279.6,"men_coll":1.1,"men_mais":1.6,"log_av45":0.0,"log_45_70":0.1,"log_70_90":0.5,"log_ap_90":1.8,"log_inc":0.3,"log_soc":0.0,"ind_0_3":0.2,"ind_4_5":0.1,"ind_6_10":0.3,"ind_11_17":0.3,"ind_18_24":0.4,"ind_25_39":0.9,"ind_40_54":0.9,"ind_55_64":1.3,"ind_65_79":1.4,"ind_80p":0.2,"ind_inc":0.0,"men_pauv":0.7,"men":2.7,"lcog_geo":"97224","year":"2017","com_arm_code":["97224"],"com_code":["97224"],"com_arm_name":["Saint-Joseph"],"com_name":["Saint-Joseph"],"epci_name":["CA du Centre de la Martinique"],"epci_code":["249720061"],"dep_name":["Martinique"],"dep_code":["972"],"reg_name":["Martinique"],"reg_code":["02"]}},{"type":"Feature","geometry":{"coordinates":[[[-61.06114963488929,14.661668277752884],[-61.06113372756335,14.66347553506038],[-61.05927733555826,14.663460040313476],[-61.05929325809157,14.661652784998477],[-61.06114963488929,14.661668277752884]]],"type":"Polygon"},"properties":{"geo_point_2d":{"lon":-61.06021348917442,"lat":14.662564160767717},"idcar_200m":"CRS5490RES200mN1621800E708800","i_est_200":0,"idcar_1km":"CRS5490RES1000mN1621000E708000","i_est_1km":0,"idcar_nat":"CRS5490RES1000mN1621000E708000","groupe":1019610,"pop_carr":29.0,"men_1ind":4.0,"men_5ind":0.0,"men_prop":10.0,"men_fmp":1.0,"ind_snv":647433.5,"men_surf":1074.1,"men_coll":4.0,"men_mais":10.0,"log_av45":0.0,"log_45_70":4.0,"log_70_90":3.0,"log_ap_90":6.0,"log_inc":1.0,"log_soc":0.0,"ind_0_3":1.0,"ind_4_5":0.0,"ind_6_10":0.0,"ind_11_17":1.0,"ind_18_24":3.0,"ind_25_39":2.0,"ind_40_54":4.0,"ind_55_64":3.0,"ind_65_79":11.0,"ind_80p":4.0,"ind_inc":0.0,"men_pauv":4.0,"men":14.0,"lcog_geo":"97224","year":"2017","com_arm_code":["97224"],"com_code":["97224"],"com_arm_name":["Saint-Joseph"],"com_name":["Saint-Joseph"],"epci_name":["CA du Centre de la Martinique"],"epci_code":["249720061"],"dep_name":["Martinique"],"dep_code":["972"],"reg_name":["Martinique"],"reg_code":["02"]}},{"type":"Feature","geometry":{"coordinates":[[[-61.055452826275676,14.67607975733795],[-61.055436855846274,14.677887006281537],[-61.0535803486577,14.677871451127233],[-61.05359633431089,14.676064204182106],[-61.055452826275676,14.67607975733795]]],"type":"Polygon"},"properties":{"geo_point_2d":{"lon":-61.05451659142184,"lat":14.676975605969883},"idcar_200m":"CRS5490RES200mN1623400E709400","i_est_200":0,"idcar_1km":"CRS5490RES1000mN1623000E709000","i_est_1km":0,"idcar_nat":"CRS5490RES1000mN1623000E709000","groupe":1019860,"pop_carr":34.0,"men_1ind":1.0,"men_5ind":2.0,"men_prop":6.0,"men_fmp":3.0,"ind_snv":549318.7,"men_surf":920.0,"men_coll":5.0,"men_mais":6.0,"log_av45":0.0,"log_45_70":0.0,"log_70_90":0.0,"log_ap_90":11.0,"log_inc":0.0,"log_soc":0.0,"ind_0_3":1.0,"ind_4_5":0.0,"ind_6_10":4.0,"ind_11_17":7.0,"ind_18_24":3.0,"ind_25_39":2.0,"ind_40_54":4.0,"ind_55_64":3.0,"ind_65_79":8.0,"ind_80p":2.0,"ind_inc":0.0,"men_pauv":4.0,"men":11.0,"lcog_geo":"97224","year":"2017","com_arm_code":["97224"],"com_code":["97224"],"com_arm_name":["Saint-Joseph"],"com_name":["Saint-Joseph"],"epci_name":["CA du Centre de la Martinique"],"epci_code":["249720061"],"dep_name":["Martinique"],"dep_code":["972"],"reg_name":["Martinique"],"reg_code":["02"]}},{"type":"Feature","geometry":{"coordinates":[[[-61.0535803486577,14.677871451127233],[-61.05356436081684,14.679678697774593],[-61.05170784059017,14.67966312579795],[-61.051723843656795,14.677855881150986],[-61.0535803486577,14.677871451127233]]],"type":"Polygon"},"properties":{"geo_point_2d":{"lon":-61.05264409857973,"lat":14.678767290200522},"idcar_200m":"CRS5490RES200mN1623600E709600","i_est_200":0,"idcar_1km":"CRS5490RES1000mN1623000E709000","i_est_1km":0,"idcar_nat":"CRS5490RES1000mN1623000E709000","groupe":1019862,"pop_carr":26.0,"men_1ind":6.0,"men_5ind":0.0,"men_prop":10.0,"men_fmp":1.0,"ind_snv":450797.2,"men_surf":1042.6,"men_coll":3.0,"men_mais":10.0,"log_av45":0.0,"log_45_70":0.0,"log_70_90":0.0,"log_ap_90":4.0,"log_inc":9.0,"log_soc":0.0,"ind_0_3":0.0,"ind_4_5":1.0,"ind_6_10":1.0,"ind_11_17":3.0,"ind_18_24":0.0,"ind_25_39":4.0,"ind_40_54":7.0,"ind_55_64":8.0,"ind_65_79":1.0,"ind_80p":1.0,"ind_inc":0.0,"men_pauv":6.0,"men":13.0,"lcog_geo":"97224","year":"2017","com_arm_code":["97224"],"com_code":["97224"],"com_arm_name":["Saint-Joseph"],"com_name":["Saint-Joseph"],"epci_name":["CA du Centre de la Martinique"],"epci_code":["249720061"],"dep_name":["Martinique"],"dep_code":["972"],"reg_name":["Martinique"],"reg_code":["02"]}},{"type":"Feature","geometry":{"coordinates":[[[-61.06660770079886,14.674365503855968],[-61.066591823886924,14.676172765047856],[-61.064735318840405,14.676157300813882],[-61.06475121097455,14.674350041608998],[-61.06660770079886,14.674365503855968]]],"type":"Polygon"},"properties":{"geo_point_2d":{"lon":-61.065671513773545,"lat":14.675261404069204},"idcar_200m":"CRS5490RES200mN1623200E708200","i_est_200":1,"idcar_1km":"CRS5490RES1000mN1623000E708000","i_est_1km":0,"idcar_nat":"CRS5490RES1000mN1623000E708000","groupe":1019849,"pop_carr":15.0,"men_1ind":2.5,"men_5ind":0.3,"men_prop":5.2,"men_fmp":1.1,"ind_snv":276321.8,"men_surf":554.3,"men_coll":0.6,"men_mais":6.2,"log_av45":0.0,"log_45_70":1.4,"log_70_90":1.1,"log_ap_90":4.0,"log_inc":0.3,"log_soc":0.0,"ind_0_3":0.1,"ind_4_5":0.0,"ind_6_10":0.2,"ind_11_17":1.2,"ind_18_24":0.7,"ind_25_39":1.7,"ind_40_54":3.7,"ind_55_64":3.9,"ind_65_79":2.5,"ind_80p":0.9,"ind_inc":0.1,"men_pauv":2.3,"men":6.8,"lcog_geo":"97224","year":"2017","com_arm_code":["97224"],"com_code":["97224"],"com_arm_name":["Saint-Joseph"],"com_name":["Saint-Joseph"],"epci_name":["CA du Centre de la Martinique"],"epci_code":["249720061"],"dep_name":["Martinique"],"dep_code":["972"],"reg_name":["Martinique"],"reg_code":["02"]}},{"type":"Feature","geometry":{"coordinates":[[[-61.04248957592226,14.67235610330663],[-61.04247350332824,14.674163338816824],[-61.04061704194134,14.674147683934187],[-61.04063312975438,14.67234045043571],[-61.04248957592226,14.67235610330663]]],"type":"Polygon"},"properties":{"geo_point_2d":{"lon":-61.04155331288677,"lat":14.673251895360682},"idcar_200m":"CRS5490RES200mN1623000E710800","i_est_200":1,"idcar_1km":"CRS5490RES1000mN1623000E710000","i_est_1km":0,"idcar_nat":"CRS5490RES1000mN1623000E710000","groupe":1019867,"pop_carr":12.0,"men_1ind":2.4,"men_5ind":0.3,"men_prop":4.3,"men_fmp":0.8,"ind_snv":274058.9,"men_surf":535.5,"men_coll":0.6,"men_mais":5.1,"log_av45":0.2,"log_45_70":0.7,"log_70_90":1.5,"log_ap_90":3.0,"log_inc":0.3,"log_soc":0.0,"ind_0_3":0.1,"ind_4_5":0.2,"ind_6_10":0.6,"ind_11_17":1.0,"ind_18_24":0.5,"ind_25_39":1.4,"ind_40_54":2.5,"ind_55_64":2.8,"ind_65_79":2.1,"ind_80p":0.8,"ind_inc":0.0,"men_pauv":1.8,"men":5.7,"lcog_geo":"97224","year":"2017","com_arm_code":["97224"],"com_code":["97224"],"com_arm_name":["Saint-Joseph"],"com_name":["Saint-Joseph"],"epci_name":["CA du Centre de la Martinique"],"epci_code":["249720061"],"dep_name":["Martinique"],"dep_code":["972"],"reg_name":["Martinique"],"reg_code":["02"]}},{"type":"Feature","geometry":{"coordinates":[[[-61.044201428783936,14.68863686831609],[-61.044185351624776,14.690444103154126],[-61.042328750972224,14.690428444999311],[-61.042344843369236,14.688621212171387],[-61.044201428783936,14.68863686831609]]],"type":"Polygon"},"properties":{"geo_point_2d":{"lon":-61.0432650938376,"lat":14.689532658399008},"idcar_200m":"CRS5490RES200mN1624800E710600","i_est_200":1,"idcar_1km":"CRS5490RES1000mN1624000E710000","i_est_1km":0,"idcar_nat":"CRS5490RES8000mN1624000E704000","groupe":1020072,"pop_carr":9.0,"men_1ind":1.2,"men_5ind":0.2,"men_prop":2.5,"men_fmp":0.6,"ind_snv":183704.6,"men_surf":292.3,"men_coll":0.3,"men_mais":3.4,"log_av45":0.1,"log_45_70":0.7,"log_70_90":0.5,"log_ap_90":2.2,"log_inc":0.2,"log_soc":0.0,"ind_0_3":0.4,"ind_4_5":0.0,"ind_6_10":0.3,"ind_11_17":0.8,"ind_18_24":0.5,"ind_25_39":0.7,"ind_40_54":2.3,"ind_55_64":1.4,"ind_65_79":1.7,"ind_80p":0.8,"ind_inc":0.1,"men_pauv":1.4,"men":3.7,"lcog_geo":"97224","year":"2017","com_arm_code":["97224"],"com_code":["97224"],"com_arm_name":["Saint-Joseph"],"com_name":["Saint-Joseph"],"epci_name":["CA du Centre de la Martinique"],"epci_code":["249720061"],"dep_name":["Martinique"],"dep_code":["972"],"reg_name":["Martinique"],"reg_code":["02"]}},{"type":"Feature","geometry":{"coordinates":[[[-61.04626662152201,14.665158403511748],[-61.04625058814873,14.666965644230674],[-61.044394183228206,14.666950027014892],[-61.04441023181235,14.665142788303752],[-61.04626662152201,14.665158403511748]]],"type":"Polygon"},"properties":{"geo_point_2d":{"lon":-61.045330406327764,"lat":14.666054217001982},"idcar_200m":"CRS5490RES200mN1622200E710400","i_est_200":1,"idcar_1km":"CRS5490RES1000mN1622000E710000","i_est_1km":0,"idcar_nat":"CRS5490RES1000mN1622000E710000","groupe":1019875,"pop_carr":1.0,"men_1ind":0.2,"men_5ind":0.0,"men_prop":0.4,"men_fmp":0.0,"ind_snv":18632.9,"men_surf":40.9,"men_coll":0.1,"men_mais":0.4,"log_av45":0.0,"log_45_70":0.1,"log_70_90":0.1,"log_ap_90":0.2,"log_inc":0.1,"log_soc":0.0,"ind_0_3":0.0,"ind_4_5":0.0,"ind_6_10":0.1,"ind_11_17":0.1,"ind_18_24":0.1,"ind_25_39":0.1,"ind_40_54":0.2,"ind_55_64":0.1,"ind_65_79":0.2,"ind_80p":0.1,"ind_inc":0.0,"men_pauv":0.1,"men":0.5,"lcog_geo":"97224","year":"2017","com_arm_code":["97224"],"com_code":["97224"],"com_arm_name":["Saint-Joseph"],"com_name":["Saint-Joseph"],"epci_name":["CA du Centre de la Martinique"],"epci_code":["249720061"],"dep_name":["Martinique"],"dep_code":["972"],"reg_name":["Martinique"],"reg_code":["02"]}},{"type":"Feature","geometry":{"coordinates":[[[-61.06840073301167,14.681610002207163],[-61.06838486263786,14.683417264194015],[-61.06652829450834,14.683401806839896],[-61.06654418011278,14.681594546838289],[-61.06840073301167,14.681610002207163]]],"type":"Polygon"},"properties":{"geo_point_2d":{"lon":-61.06746451771588,"lat":14.682505906258006},"idcar_200m":"CRS5490RES200mN1624000E708000","i_est_200":1,"idcar_1km":"CRS5490RES1000mN1624000E708000","i_est_1km":1,"idcar_nat":"CRS5490RES8000mN1624000E704000","groupe":174613,"pop_carr":2.0,"men_1ind":0.3,"men_5ind":0.1,"men_prop":0.8,"men_fmp":0.1,"ind_snv":33161.2,"men_surf":79.1,"men_coll":0.1,"men_mais":0.9,"log_av45":0.0,"log_45_70":0.1,"log_70_90":0.0,"log_ap_90":0.9,"log_inc":0.0,"log_soc":0.0,"ind_0_3":0.0,"ind_4_5":0.0,"ind_6_10":0.1,"ind_11_17":0.0,"ind_18_24":0.1,"ind_25_39":0.2,"ind_40_54":1.0,"ind_55_64":0.5,"ind_65_79":0.1,"ind_80p":0.0,"ind_inc":0.0,"men_pauv":0.4,"men":1.0,"lcog_geo":"97224","year":"2017","com_arm_code":["97224"],"com_code":["97224"],"com_arm_name":["Saint-Joseph"],"com_name":["Saint-Joseph"],"epci_name":["CA du Centre de la Martinique"],"epci_code":["249720061"],"dep_name":["Martinique"],"dep_code":["972"],"reg_name":["Martinique"],"reg_code":["02"]}},{"type":"Feature","geometry":{"coordinates":[[[-61.025668126326686,14.684865209201064],[-61.02565190123164,14.686672424449215],[-61.02379535315233,14.686656622008408],[-61.023811593480204,14.684849408789349],[-61.025668126326686,14.684865209201064]]],"type":"Polygon"},"properties":{"geo_point_2d":{"lon":-61.024731743699206,"lat":14.685760917350452},"idcar_200m":"CRS5490RES200mN1624400E712600","i_est_200":1,"idcar_1km":"CRS5490RES1000mN1624000E712000","i_est_1km":0,"idcar_nat":"CRS5490RES1000mN1624000E712000","groupe":1020081,"pop_carr":16.0,"men_1ind":2.2,"men_5ind":0.7,"men_prop":4.8,"men_fmp":1.3,"ind_snv":307301.9,"men_surf":555.5,"men_coll":0.8,"men_mais":6.0,"log_av45":0.1,"log_45_70":1.3,"log_70_90":1.7,"log_ap_90":3.5,"log_inc":0.2,"log_soc":0.0,"ind_0_3":0.3,"ind_4_5":0.4,"ind_6_10":0.4,"ind_11_17":1.5,"ind_18_24":0.9,"ind_25_39":2.0,"ind_40_54":3.0,"ind_55_64":3.6,"ind_65_79":2.7,"ind_80p":1.1,"ind_inc":0.1,"men_pauv":2.5,"men":6.8,"lcog_geo":"97224","year":"2017","com_arm_code":["97224"],"com_code":["97224"],"com_arm_name":["Saint-Joseph"],"com_name":["Saint-Joseph"],"epci_name":["CA du Centre de la Martinique"],"epci_code":["249720061"],"dep_name":["Martinique"],"dep_code":["972"],"reg_name":["Martinique"],"reg_code":["02"]}},{"type":"Feature","geometry":{"coordinates":[[[-61.02579784720129,14.67040747647682],[-61.025781639857826,14.672214694111103],[-61.0239252135828,14.67219890790208],[-61.02394143614242,14.670391692296628],[-61.02579784720129,14.67040747647682]]],"type":"Polygon"},"properties":{"geo_point_2d":{"lon":-61.02486153434758,"lat":14.671303193933827},"idcar_200m":"CRS5490RES200mN1622800E712600","i_est_200":1,"idcar_1km":"CRS5490RES1000mN1622000E712000","i_est_1km":0,"idcar_nat":"CRS5490RES1000mN1622000E712000","groupe":1019921,"pop_carr":22.0,"men_1ind":3.0,"men_5ind":0.6,"men_prop":7.2,"men_fmp":1.0,"ind_snv":394273.1,"men_surf":822.3,"men_coll":1.8,"men_mais":7.6,"log_av45":0.0,"log_45_70":1.6,"log_70_90":1.6,"log_ap_90":5.6,"log_inc":0.6,"log_soc":0.0,"ind_0_3":0.4,"ind_4_5":0.6,"ind_6_10":1.0,"ind_11_17":1.0,"ind_18_24":1.0,"ind_25_39":3.6,"ind_40_54":4.8,"ind_55_64":3.8,"ind_65_79":4.4,"ind_80p":1.4,"ind_inc":0.0,"men_pauv":4.8,"men":9.4,"lcog_geo":"97224","year":"2017","com_arm_code":["97224"],"com_code":["97224"],"com_arm_name":["Saint-Joseph"],"com_name":["Saint-Joseph"],"epci_name":["CA du Centre de la Martinique"],"epci_code":["249720061"],"dep_name":["Martinique"],"dep_code":["972"],"reg_name":["Martinique"],"reg_code":["02"]}},{"type":"Feature","geometry":{"coordinates":[[[-61.03118919334579,14.690334184542715],[-61.031173007310215,14.69214140497163],[-61.029316406867395,14.692125640951526],[-61.029332608142305,14.690318422546085],[-61.03118919334579,14.690334184542715]]],"type":"Polygon"},"properties":{"geo_point_2d":{"lon":-61.03025280406748,"lat":14.691229914491913},"idcar_200m":"CRS5490RES200mN1625000E712000","i_est_200":0,"idcar_1km":"CRS5490RES1000mN1625000E712000","i_est_1km":0,"idcar_nat":"CRS5490RES1000mN1625000E712000","groupe":1020079,"pop_carr":33.0,"men_1ind":1.0,"men_5ind":1.0,"men_prop":8.0,"men_fmp":6.0,"ind_snv":593943.4,"men_surf":1171.0,"men_coll":5.0,"men_mais":8.0,"log_av45":0.0,"log_45_70":1.0,"log_70_90":0.0,"log_ap_90":12.0,"log_inc":0.0,"log_soc":0.0,"ind_0_3":0.0,"ind_4_5":0.0,"ind_6_10":1.0,"ind_11_17":6.0,"ind_18_24":5.0,"ind_25_39":1.0,"ind_40_54":9.0,"ind_55_64":4.0,"ind_65_79":7.0,"ind_80p":0.0,"ind_inc":0.0,"men_pauv":5.0,"men":13.0,"lcog_geo":"97224","year":"2017","com_arm_code":["97224"],"com_code":["97224"],"com_arm_name":["Saint-Joseph"],"com_name":["Saint-Joseph"],"epci_name":["CA du Centre de la Martinique"],"epci_code":["249720061"],"dep_name":["Martinique"],"dep_code":["972"],"reg_name":["Martinique"],"reg_code":["02"]}},{"type":"Feature","geometry":{"coordinates":[[[-61.05369220229383,14.665220716260013],[-61.05367622976485,14.667027964991062],[-61.05181981607488,14.667012407016538],[-61.05183580381507,14.665205160285662],[-61.05369220229383,14.665220716260013]]],"type":"Polygon"},"properties":{"geo_point_2d":{"lon":-61.05275601313653,"lat":14.666116563375041},"idcar_200m":"CRS5490RES200mN1622200E709600","i_est_200":1,"idcar_1km":"CRS5490RES1000mN1622000E709000","i_est_1km":0,"idcar_nat":"CRS5490RES1000mN1622000E709000","groupe":1019845,"pop_carr":2.0,"men_1ind":0.4,"men_5ind":0.1,"men_prop":0.7,"men_fmp":0.2,"ind_snv":36417.3,"men_surf":81.3,"men_coll":0.1,"men_mais":0.8,"log_av45":0.0,"log_45_70":0.3,"log_70_90":0.1,"log_ap_90":0.4,"log_inc":0.1,"log_soc":0.0,"ind_0_3":0.0,"ind_4_5":0.0,"ind_6_10":0.1,"ind_11_17":0.1,"ind_18_24":0.1,"ind_25_39":0.2,"ind_40_54":0.4,"ind_55_64":0.4,"ind_65_79":0.5,"ind_80p":0.2,"ind_inc":0.0,"men_pauv":0.3,"men":0.9,"lcog_geo":"97224","year":"2017","com_arm_code":["97224"],"com_code":["97224"],"com_arm_name":["Saint-Joseph"],"com_name":["Saint-Joseph"],"epci_name":["CA du Centre de la Martinique"],"epci_code":["249720061"],"dep_name":["Martinique"],"dep_code":["972"],"reg_name":["Martinique"],"reg_code":["02"]}},{"type":"Feature","geometry":{"coordinates":[[[-61.01840474603263,14.666729830968327],[-61.01838848227872,14.668537041072325],[-61.01653209532865,14.668521199676874],[-61.01654837429421,14.666713991609255],[-61.01840474603263,14.666729830968327]]],"type":"Polygon"},"properties":{"geo_point_2d":{"lon":-61.017468424635624,"lat":14.667625517068544},"idcar_200m":"CRS5490RES200mN1622400E713400","i_est_200":1,"idcar_1km":"CRS5490RES1000mN1622000E713000","i_est_1km":0,"idcar_nat":"CRS5490RES1000mN1622000E713000","groupe":1019908,"pop_carr":8.5,"men_1ind":1.4,"men_5ind":0.2,"men_prop":2.9,"men_fmp":0.5,"ind_snv":193705.8,"men_surf":372.5,"men_coll":1.2,"men_mais":2.7,"log_av45":0.1,"log_45_70":0.6,"log_70_90":1.2,"log_ap_90":1.9,"log_inc":0.1,"log_soc":0.0,"ind_0_3":0.3,"ind_4_5":0.1,"ind_6_10":0.3,"ind_11_17":0.5,"ind_18_24":0.5,"ind_25_39":0.5,"ind_40_54":2.0,"ind_55_64":1.0,"ind_65_79":2.3,"ind_80p":1.0,"ind_inc":0.0,"men_pauv":1.1,"men":3.9,"lcog_geo":"97224","year":"2017","com_arm_code":["97224"],"com_code":["97224"],"com_arm_name":["Saint-Joseph"],"com_name":["Saint-Joseph"],"epci_name":["CA du Centre de la Martinique"],"epci_code":["249720061"],"dep_name":["Martinique"],"dep_code":["972"],"reg_name":["Martinique"],"reg_code":["02"]}},{"type":"Feature","geometry":{"coordinates":[[[-61.029316406867395,14.692125640951526],[-61.029300203377055,14.693932859058506],[-61.02744358990834,14.693917078176874],[-61.02745980864,14.692109862095291],[-61.029316406867395,14.692125640951526]]],"type":"Polygon"},"properties":{"geo_point_2d":{"lon":-61.02838000234939,"lat":14.69302136130963},"idcar_200m":"CRS5490RES200mN1625200E712200","i_est_200":1,"idcar_1km":"CRS5490RES1000mN1625000E712000","i_est_1km":0,"idcar_nat":"CRS5490RES1000mN1625000E712000","groupe":1020076,"pop_carr":6.0,"men_1ind":0.8,"men_5ind":0.3,"men_prop":1.6,"men_fmp":0.3,"ind_snv":94943.0,"men_surf":191.7,"men_coll":0.3,"men_mais":2.1,"log_av45":0.0,"log_45_70":0.5,"log_70_90":0.8,"log_ap_90":1.1,"log_inc":0.0,"log_soc":0.0,"ind_0_3":0.0,"ind_4_5":0.1,"ind_6_10":0.3,"ind_11_17":0.5,"ind_18_24":0.5,"ind_25_39":0.6,"ind_40_54":1.5,"ind_55_64":1.0,"ind_65_79":0.9,"ind_80p":0.6,"ind_inc":0.0,"men_pauv":1.1,"men":2.4,"lcog_geo":"9722497212","year":"2017","com_arm_code":["97224"],"com_code":["97224"],"com_arm_name":["Saint-Joseph"],"com_name":["Saint-Joseph"],"epci_name":["CA du Centre de la Martinique"],"epci_code":["249720061"],"dep_name":["Martinique"],"dep_code":["972"],"reg_name":["Martinique"],"reg_code":["02"]}},{"type":"Feature","geometry":{"coordinates":[[[-61.01830713010543,14.677573087118533],[-61.01829085298941,14.679380295432788],[-61.016434374725705,14.67936444181839],[-61.01645066706587,14.677557235540712],[-61.01830713010543,14.677573087118533]]],"type":"Polygon"},"properties":{"geo_point_2d":{"lon":-61.017370756373666,"lat":14.678468766215406},"idcar_200m":"CRS5490RES200mN1623600E713400","i_est_200":1,"idcar_1km":"CRS5490RES1000mN1623000E713000","i_est_1km":0,"idcar_nat":"CRS5490RES1000mN1623000E713000","groupe":1019931,"pop_carr":8.0,"men_1ind":1.0,"men_5ind":0.1,"men_prop":2.5,"men_fmp":0.6,"ind_snv":190675.6,"men_surf":314.0,"men_coll":1.0,"men_mais":2.7,"log_av45":0.0,"log_45_70":0.4,"log_70_90":0.2,"log_ap_90":2.9,"log_inc":0.2,"log_soc":0.0,"ind_0_3":0.2,"ind_4_5":0.1,"ind_6_10":0.3,"ind_11_17":0.4,"ind_18_24":0.4,"ind_25_39":0.8,"ind_40_54":2.4,"ind_55_64":2.1,"ind_65_79":0.9,"ind_80p":0.4,"ind_inc":0.0,"men_pauv":0.6,"men":3.7,"lcog_geo":"97224","year":"2017","com_arm_code":["97224"],"com_code":["97224"],"com_arm_name":["Saint-Joseph"],"com_name":["Saint-Joseph"],"epci_name":["CA du Centre de la Martinique"],"epci_code":["249720061"],"dep_name":["Martinique"],"dep_code":["972"],"reg_name":["Martinique"],"reg_code":["02"]}},{"type":"Feature","geometry":{"coordinates":[[[-61.036936360071344,14.670501870479685],[-61.036920244026675,14.672309100246956],[-61.035063804471,14.672293402929272],[-61.035079935732355,14.670486175179414],[-61.036936360071344,14.670501870479685]]],"type":"Polygon"},"properties":{"geo_point_2d":{"lon":-61.036000086225975,"lat":14.671397638446015},"idcar_200m":"CRS5490RES200mN1622800E711400","i_est_200":0,"idcar_1km":"CRS5490RES1000mN1622000E711000","i_est_1km":0,"idcar_nat":"CRS5490RES1000mN1622000E711000","groupe":1019902,"pop_carr":55.0,"men_1ind":13.0,"men_5ind":1.0,"men_prop":16.0,"men_fmp":7.0,"ind_snv":1086486.5,"men_surf":2035.7,"men_coll":3.0,"men_mais":24.0,"log_av45":0.0,"log_45_70":7.0,"log_70_90":9.0,"log_ap_90":9.0,"log_inc":2.0,"log_soc":0.0,"ind_0_3":0.0,"ind_4_5":0.0,"ind_6_10":0.0,"ind_11_17":2.0,"ind_18_24":7.0,"ind_25_39":8.0,"ind_40_54":12.0,"ind_55_64":14.0,"ind_65_79":5.0,"ind_80p":4.0,"ind_inc":3.0,"men_pauv":11.0,"men":27.0,"lcog_geo":"97224","year":"2017","com_arm_code":["97224"],"com_code":["97224"],"com_arm_name":["Saint-Joseph"],"com_name":["Saint-Joseph"],"epci_name":["CA du Centre de la Martinique"],"epci_code":["249720061"],"dep_name":["Martinique"],"dep_code":["972"],"reg_name":["Martinique"],"reg_code":["02"]}},{"type":"Feature","geometry":{"coordinates":[[[-61.042441351540134,14.677777808943508],[-61.04242527234589,14.679585043559936],[-61.04056876528944,14.679569382641926],[-61.04058485970896,14.677762150037323],[-61.042441351540134,14.677777808943508]]],"type":"Polygon"},"properties":{"geo_point_2d":{"lon":-61.041505062371314,"lat":14.678673597533498},"idcar_200m":"CRS5490RES200mN1623600E710800","i_est_200":0,"idcar_1km":"CRS5490RES1000mN1623000E710000","i_est_1km":0,"idcar_nat":"CRS5490RES1000mN1623000E710000","groupe":1019870,"pop_carr":34.0,"men_1ind":6.0,"men_5ind":3.0,"men_prop":10.0,"men_fmp":1.0,"ind_snv":580762.9,"men_surf":1173.8,"men_coll":0.0,"men_mais":14.0,"log_av45":2.0,"log_45_70":2.0,"log_70_90":6.0,"log_ap_90":3.0,"log_inc":1.0,"log_soc":0.0,"ind_0_3":1.0,"ind_4_5":1.0,"ind_6_10":1.0,"ind_11_17":1.0,"ind_18_24":3.0,"ind_25_39":1.0,"ind_40_54":8.0,"ind_55_64":8.0,"ind_65_79":8.0,"ind_80p":2.0,"ind_inc":0.0,"men_pauv":6.0,"men":14.0,"lcog_geo":"97224","year":"2017","com_arm_code":["97224"],"com_code":["97224"],"com_arm_name":["Saint-Joseph"],"com_name":["Saint-Joseph"],"epci_name":["CA du Centre de la Martinique"],"epci_code":["249720061"],"dep_name":["Martinique"],"dep_code":["972"],"reg_name":["Martinique"],"reg_code":["02"]}},{"type":"Feature","geometry":{"coordinates":[[[-61.057293365220424,14.677902546613822],[-61.05727740783138,14.679709797256267],[-61.05542088323128,14.67969425492739],[-61.055436855846274,14.677887006281537],[-61.057293365220424,14.677902546613822]]],"type":"Polygon"},"properties":{"geo_point_2d":{"lon":-61.05635712818141,"lat":14.67879840250759},"idcar_200m":"CRS5490RES200mN1623600E709200","i_est_200":0,"idcar_1km":"CRS5490RES1000mN1623000E709000","i_est_1km":0,"idcar_nat":"CRS5490RES1000mN1623000E709000","groupe":1019861,"pop_carr":22.0,"men_1ind":5.0,"men_5ind":0.0,"men_prop":12.0,"men_fmp":1.0,"ind_snv":434382.6,"men_surf":1013.0,"men_coll":2.0,"men_mais":11.0,"log_av45":1.0,"log_45_70":1.0,"log_70_90":4.0,"log_ap_90":7.0,"log_inc":0.0,"log_soc":0.0,"ind_0_3":0.0,"ind_4_5":0.0,"ind_6_10":0.0,"ind_11_17":0.0,"ind_18_24":0.0,"ind_25_39":1.0,"ind_40_54":2.0,"ind_55_64":7.0,"ind_65_79":9.0,"ind_80p":3.0,"ind_inc":0.0,"men_pauv":5.0,"men":13.0,"lcog_geo":"97224","year":"2017","com_arm_code":["97224"],"com_code":["97224"],"com_arm_name":["Saint-Joseph"],"com_name":["Saint-Joseph"],"epci_name":["CA du Centre de la Martinique"],"epci_code":["249720061"],"dep_name":["Martinique"],"dep_code":["972"],"reg_name":["Martinique"],"reg_code":["02"]}},{"type":"Feature","geometry":{"coordinates":[[[-61.05537295227197,14.685115999078157],[-61.05535697091382,14.686923246532698],[-61.05350038757509,14.686907681385609],[-61.05351638416746,14.685100435929687],[-61.05537295227197,14.685115999078157]]],"type":"Polygon"},"properties":{"geo_point_2d":{"lon":-61.05443667388129,"lat":14.686011841970007},"idcar_200m":"CRS5490RES200mN1624400E709400","i_est_200":1,"idcar_1km":"CRS5490RES1000mN1624000E709000","i_est_1km":0,"idcar_nat":"CRS5490RES8000mN1624000E704000","groupe":1020062,"pop_carr":1.0,"men_1ind":0.1,"men_5ind":0.0,"men_prop":0.2,"men_fmp":0.1,"ind_snv":16949.2,"men_surf":24.4,"men_coll":0.0,"men_mais":0.3,"log_av45":0.1,"log_45_70":0.1,"log_70_90":0.0,"log_ap_90":0.1,"log_inc":0.0,"log_soc":0.0,"ind_0_3":0.1,"ind_4_5":0.0,"ind_6_10":0.1,"ind_11_17":0.0,"ind_18_24":0.1,"ind_25_39":0.1,"ind_40_54":0.2,"ind_55_64":0.2,"ind_65_79":0.1,"ind_80p":0.1,"ind_inc":0.0,"men_pauv":0.1,"men":0.3,"lcog_geo":"97224","year":"2017","com_arm_code":["97224"],"com_code":["97224"],"com_arm_name":["Saint-Joseph"],"com_name":["Saint-Joseph"],"epci_name":["CA du Centre de la Martinique"],"epci_code":["249720061"],"dep_name":["Martinique"],"dep_code":["972"],"reg_name":["Martinique"],"reg_code":["02"]}},{"type":"Feature","geometry":{"coordinates":[[[-61.02951067597262,14.670439000397788],[-61.02949449906174,14.672246222084006],[-61.0276380683515,14.672230465505113],[-61.027654260478705,14.670423245843903],[-61.02951067597262,14.670439000397788]]],"type":"Polygon"},"properties":{"geo_point_2d":{"lon":-61.028574376117355,"lat":14.67133473469488},"idcar_200m":"CRS5490RES200mN1622800E712200","i_est_200":1,"idcar_1km":"CRS5490RES1000mN1622000E712000","i_est_1km":0,"idcar_nat":"CRS5490RES1000mN1622000E712000","groupe":1019921,"pop_carr":1.0,"men_1ind":0.1,"men_5ind":0.0,"men_prop":0.3,"men_fmp":0.0,"ind_snv":17921.5,"men_surf":37.4,"men_coll":0.1,"men_mais":0.3,"log_av45":0.0,"log_45_70":0.1,"log_70_90":0.1,"log_ap_90":0.2,"log_inc":0.0,"log_soc":0.0,"ind_0_3":0.0,"ind_4_5":0.0,"ind_6_10":0.0,"ind_11_17":0.0,"ind_18_24":0.1,"ind_25_39":0.2,"ind_40_54":0.2,"ind_55_64":0.2,"ind_65_79":0.2,"ind_80p":0.1,"ind_inc":0.0,"men_pauv":0.2,"men":0.4,"lcog_geo":"97224","year":"2017","com_arm_code":["97224"],"com_code":["97224"],"com_arm_name":["Saint-Joseph"],"com_name":["Saint-Joseph"],"epci_name":["CA du Centre de la Martinique"],"epci_code":["249720061"],"dep_name":["Martinique"],"dep_code":["972"],"reg_name":["Martinique"],"reg_code":["02"]}},{"type":"Feature","geometry":{"coordinates":[[[-61.04797877099644,14.68143917771602],[-61.04796273309042,14.683246417760643],[-61.0461061889822,14.683230797300647],[-61.046122242117896,14.681423559262196],[-61.04797877099644,14.68143917771602]]],"type":"Polygon"},"properties":{"geo_point_2d":{"lon":-61.04704248394652,"lat":14.682334989248023},"idcar_200m":"CRS5490RES200mN1624000E710200","i_est_200":1,"idcar_1km":"CRS5490RES1000mN1624000E710000","i_est_1km":0,"idcar_nat":"CRS5490RES8000mN1624000E704000","groupe":1020072,"pop_carr":26.0,"men_1ind":3.4,"men_5ind":0.6,"men_prop":7.2,"men_fmp":1.8,"ind_snv":530702.3,"men_surf":844.5,"men_coll":1.1,"men_mais":9.7,"log_av45":0.3,"log_45_70":2.1,"log_70_90":1.5,"log_ap_90":6.4,"log_inc":0.5,"log_soc":0.0,"ind_0_3":1.1,"ind_4_5":0.1,"ind_6_10":1.0,"ind_11_17":2.2,"ind_18_24":1.4,"ind_25_39":2.1,"ind_40_54":6.6,"ind_55_64":4.0,"ind_65_79":4.9,"ind_80p":2.3,"ind_inc":0.3,"men_pauv":4.0,"men":10.8,"lcog_geo":"97224","year":"2017","com_arm_code":["97224"],"com_code":["97224"],"com_arm_name":["Saint-Joseph"],"com_name":["Saint-Joseph"],"epci_name":["CA du Centre de la Martinique"],"epci_code":["249720061"],"dep_name":["Martinique"],"dep_code":["972"],"reg_name":["Martinique"],"reg_code":["02"]}},{"type":"Feature","geometry":{"coordinates":[[[-61.016694784698714,14.650449105585452],[-61.016678525789224,14.6522563163357],[-61.01482227789719,14.652240478472809],[-61.01483855199952,14.650433269760553],[-61.016694784698714,14.650449105585452]]],"type":"Polygon"},"properties":{"geo_point_2d":{"lon":-61.01575853524839,"lat":14.651344793774046},"idcar_200m":"CRS5490RES200mN1620600E713600","i_est_200":1,"idcar_1km":"CRS5490RES1000mN1620000E713000","i_est_1km":0,"idcar_nat":"CRS5490RES1000mN1620000E713000","groupe":1019672,"pop_carr":8.0,"men_1ind":0.8,"men_5ind":0.4,"men_prop":2.4,"men_fmp":0.4,"ind_snv":188018.6,"men_surf":293.6,"men_coll":0.4,"men_mais":2.5,"log_av45":0.1,"log_45_70":0.1,"log_70_90":0.5,"log_ap_90":2.0,"log_inc":0.2,"log_soc":0.0,"ind_0_3":0.3,"ind_4_5":0.2,"ind_6_10":0.5,"ind_11_17":1.0,"ind_18_24":0.8,"ind_25_39":0.5,"ind_40_54":2.3,"ind_55_64":0.6,"ind_65_79":1.5,"ind_80p":0.3,"ind_inc":0.0,"men_pauv":0.6,"men":2.9,"lcog_geo":"9722497213","year":"2017","com_arm_code":["97224"],"com_code":["97224"],"com_arm_name":["Saint-Joseph"],"com_name":["Saint-Joseph"],"epci_name":["CA du Centre de la Martinique"],"epci_code":["249720061"],"dep_name":["Martinique"],"dep_code":["972"],"reg_name":["Martinique"],"reg_code":["02"]}},{"type":"Feature","geometry":{"coordinates":[[[-61.04801084022631,14.677824696733019],[-61.04799480670838,14.67963193737347],[-61.04613829305744,14.67961632092579],[-61.04615434180089,14.677809082291443],[-61.04801084022631,14.677824696733019]]],"type":"Polygon"},"properties":{"geo_point_2d":{"lon":-61.04707457059804,"lat":14.678720510568755},"idcar_200m":"CRS5490RES200mN1623600E710200","i_est_200":1,"idcar_1km":"CRS5490RES1000mN1623000E710000","i_est_1km":0,"idcar_nat":"CRS5490RES1000mN1623000E710000","groupe":1019867,"pop_carr":23.0,"men_1ind":4.6,"men_5ind":0.6,"men_prop":8.3,"men_fmp":1.6,"ind_snv":525279.6,"men_surf":1026.5,"men_coll":1.2,"men_mais":9.7,"log_av45":0.4,"log_45_70":1.3,"log_70_90":2.9,"log_ap_90":5.7,"log_inc":0.6,"log_soc":0.0,"ind_0_3":0.2,"ind_4_5":0.4,"ind_6_10":1.2,"ind_11_17":1.9,"ind_18_24":0.9,"ind_25_39":2.6,"ind_40_54":4.8,"ind_55_64":5.4,"ind_65_79":4.0,"ind_80p":1.6,"ind_inc":0.0,"men_pauv":3.5,"men":10.9,"lcog_geo":"97224","year":"2017","com_arm_code":["97224"],"com_code":["97224"],"com_arm_name":["Saint-Joseph"],"com_name":["Saint-Joseph"],"epci_name":["CA du Centre de la Martinique"],"epci_code":["249720061"],"dep_name":["Martinique"],"dep_code":["972"],"reg_name":["Martinique"],"reg_code":["02"]}},{"type":"Feature","geometry":{"coordinates":[[[-61.033255799926806,14.666856012710582],[-61.03323965786924,14.668663239037068],[-61.03138325316305,14.668647516131019],[-61.03139941043296,14.666840291825668],[-61.033255799926806,14.666856012710582]]],"type":"Polygon"},"properties":{"geo_point_2d":{"lon":-61.03231953049894,"lat":14.667751766162942},"idcar_200m":"CRS5490RES200mN1622400E711800","i_est_200":1,"idcar_1km":"CRS5490RES1000mN1622000E711000","i_est_1km":0,"idcar_nat":"CRS5490RES1000mN1622000E711000","groupe":1019897,"pop_carr":13.0,"men_1ind":2.5,"men_5ind":0.7,"men_prop":3.9,"men_fmp":0.9,"ind_snv":318426.9,"men_surf":525.6,"men_coll":2.3,"men_mais":3.3,"log_av45":0.1,"log_45_70":0.7,"log_70_90":0.5,"log_ap_90":3.5,"log_inc":0.8,"log_soc":0.0,"ind_0_3":0.6,"ind_4_5":0.3,"ind_6_10":1.1,"ind_11_17":0.9,"ind_18_24":1.0,"ind_25_39":2.0,"ind_40_54":2.4,"ind_55_64":2.0,"ind_65_79":2.1,"ind_80p":0.6,"ind_inc":0.0,"men_pauv":1.3,"men":5.6,"lcog_geo":"97224","year":"2017","com_arm_code":["97224"],"com_code":["97224"],"com_arm_name":["Saint-Joseph"],"com_name":["Saint-Joseph"],"epci_name":["CA du Centre de la Martinique"],"epci_code":["249720061"],"dep_name":["Martinique"],"dep_code":["972"],"reg_name":["Martinique"],"reg_code":["02"]}},{"type":"Feature","geometry":{"coordinates":[[[-61.01843726686038,14.663115409865842],[-61.018421007559816,14.664922620566157],[-61.016564651030976,14.664906783243422],[-61.01658092553902,14.66309957457942],[-61.01843726686038,14.663115409865842]]],"type":"Polygon"},"properties":{"geo_point_2d":{"lon":-61.017500962899625,"lat":14.664011098300238},"idcar_200m":"CRS5490RES200mN1622000E713400","i_est_200":0,"idcar_1km":"CRS5490RES1000mN1622000E713000","i_est_1km":0,"idcar_nat":"CRS5490RES1000mN1622000E713000","groupe":1019914,"pop_carr":56.5,"men_1ind":23.0,"men_5ind":0.0,"men_prop":8.0,"men_fmp":8.0,"ind_snv":1282573.6,"men_surf":2254.7,"men_coll":32.0,"men_mais":5.0,"log_av45":0.0,"log_45_70":0.0,"log_70_90":2.0,"log_ap_90":33.0,"log_inc":2.0,"log_soc":0.0,"ind_0_3":6.0,"ind_4_5":2.0,"ind_6_10":1.5,"ind_11_17":1.0,"ind_18_24":4.0,"ind_25_39":31.0,"ind_40_54":4.0,"ind_55_64":3.0,"ind_65_79":3.0,"ind_80p":1.0,"ind_inc":0.0,"men_pauv":6.0,"men":37.0,"lcog_geo":"97224","year":"2017","com_arm_code":["97224"],"com_code":["97224"],"com_arm_name":["Saint-Joseph"],"com_name":["Saint-Joseph"],"epci_name":["CA du Centre de la Martinique"],"epci_code":["249720061"],"dep_name":["Martinique"],"dep_code":["972"],"reg_name":["Martinique"],"reg_code":["02"]}},{"type":"Feature","geometry":{"coordinates":[[[-61.04072961039391,14.661497043190298],[-61.04071353579151,14.663304278475618],[-61.038857167889056,14.663288620856699],[-61.038873257697894,14.661481387584818],[-61.04072961039391,14.661497043190298]]],"type":"Polygon"},"properties":{"geo_point_2d":{"lon":-61.03979339309347,"lat":14.662392833763247},"idcar_200m":"CRS5490RES200mN1621800E711000","i_est_200":1,"idcar_1km":"CRS5490RES1000mN1621000E711000","i_est_1km":0,"idcar_nat":"CRS5490RES1000mN1621000E711000","groupe":1019642,"pop_carr":13.0,"men_1ind":2.4,"men_5ind":0.4,"men_prop":3.7,"men_fmp":0.5,"ind_snv":293811.5,"men_surf":535.9,"men_coll":1.5,"men_mais":4.3,"log_av45":0.0,"log_45_70":0.5,"log_70_90":1.0,"log_ap_90":3.8,"log_inc":0.5,"log_soc":0.0,"ind_0_3":0.3,"ind_4_5":0.1,"ind_6_10":0.7,"ind_11_17":1.2,"ind_18_24":0.9,"ind_25_39":1.0,"ind_40_54":2.9,"ind_55_64":2.5,"ind_65_79":2.8,"ind_80p":0.5,"ind_inc":0.1,"men_pauv":1.8,"men":5.8,"lcog_geo":"97224","year":"2017","com_arm_code":["97224"],"com_code":["97224"],"com_arm_name":["Saint-Joseph"],"com_name":["Saint-Joseph"],"epci_name":["CA du Centre de la Martinique"],"epci_code":["249720061"],"dep_name":["Martinique"],"dep_code":["972"],"reg_name":["Martinique"],"reg_code":["02"]}},{"type":"Feature","geometry":{"coordinates":[[[-61.02226349615609,14.650496524309156],[-61.02224728282562,14.65230374116197],[-61.02039102825551,14.652287947680364],[-61.02040725677908,14.650480732859828],[-61.02226349615609,14.650496524309156]]],"type":"Polygon"},"properties":{"geo_point_2d":{"lon":-61.02132726615588,"lat":14.651392237738248},"idcar_200m":"CRS5490RES200mN1620600E713000","i_est_200":1,"idcar_1km":"CRS5490RES1000mN1620000E713000","i_est_1km":0,"idcar_nat":"CRS5490RES1000mN1620000E713000","groupe":1019672,"pop_carr":10.0,"men_1ind":1.0,"men_5ind":0.6,"men_prop":3.0,"men_fmp":0.6,"ind_snv":235023.2,"men_surf":367.0,"men_coll":0.5,"men_mais":3.2,"log_av45":0.2,"log_45_70":0.1,"log_70_90":0.6,"log_ap_90":2.6,"log_inc":0.2,"log_soc":0.0,"ind_0_3":0.3,"ind_4_5":0.2,"ind_6_10":0.6,"ind_11_17":1.3,"ind_18_24":1.0,"ind_25_39":0.7,"ind_40_54":2.8,"ind_55_64":0.8,"ind_65_79":1.9,"ind_80p":0.4,"ind_inc":0.0,"men_pauv":0.7,"men":3.7,"lcog_geo":"9722497213","year":"2017","com_arm_code":["97224"],"com_code":["97224"],"com_arm_name":["Saint-Joseph"],"com_name":["Saint-Joseph"],"epci_name":["CA du Centre de la Martinique"],"epci_code":["249720061"],"dep_name":["Martinique"],"dep_code":["972"],"reg_name":["Martinique"],"reg_code":["02"]}},{"type":"Feature","geometry":{"coordinates":[[[-61.03135093198645,14.672261963847722],[-61.0313347680796,14.67406918725901],[-61.02947831993639,14.674053443472145],[-61.02949449906174,14.672246222084006],[-61.03135093198645,14.672261963847722]]],"type":"Polygon"},"properties":{"geo_point_2d":{"lon":-61.03041462991711,"lat":14.673157705403058},"idcar_200m":"CRS5490RES200mN1623000E712000","i_est_200":0,"idcar_1km":"CRS5490RES1000mN1623000E712000","i_est_1km":0,"idcar_nat":"CRS5490RES1000mN1623000E712000","groupe":1019919,"pop_carr":99.0,"men_1ind":38.0,"men_5ind":1.0,"men_prop":10.0,"men_fmp":10.0,"ind_snv":1825167.4,"men_surf":4071.0,"men_coll":49.0,"men_mais":11.0,"log_av45":0.0,"log_45_70":0.0,"log_70_90":5.0,"log_ap_90":55.0,"log_inc":0.0,"log_soc":35.0,"ind_0_3":2.0,"ind_4_5":1.0,"ind_6_10":5.0,"ind_11_17":8.0,"ind_18_24":6.0,"ind_25_39":10.0,"ind_40_54":15.0,"ind_55_64":13.0,"ind_65_79":32.0,"ind_80p":7.0,"ind_inc":0.0,"men_pauv":16.0,"men":60.0,"lcog_geo":"97224","year":"2017","com_arm_code":["97224"],"com_code":["97224"],"com_arm_name":["Saint-Joseph"],"com_name":["Saint-Joseph"],"epci_name":["CA du Centre de la Martinique"],"epci_code":["249720061"],"dep_name":["Martinique"],"dep_code":["972"],"reg_name":["Martinique"],"reg_code":["02"]}},{"type":"Feature","geometry":{"coordinates":[[[-61.03871226043532,14.679553706900627],[-61.03869614858622,14.681360937193434],[-61.03683963070932,14.681345244613276],[-61.03685575778561,14.679538016336135],[-61.03871226043532,14.679553706900627]]],"type":"Polygon"},"properties":{"geo_point_2d":{"lon":-61.03777594952961,"lat":14.680449477498849},"idcar_200m":"CRS5490RES200mN1623800E711200","i_est_200":1,"idcar_1km":"CRS5490RES1000mN1623000E711000","i_est_1km":0,"idcar_nat":"CRS5490RES1000mN1623000E711000","groupe":1019883,"pop_carr":5.0,"men_1ind":0.9,"men_5ind":0.1,"men_prop":1.6,"men_fmp":0.4,"ind_snv":122912.8,"men_surf":220.1,"men_coll":0.7,"men_mais":1.7,"log_av45":0.1,"log_45_70":0.1,"log_70_90":0.9,"log_ap_90":1.1,"log_inc":0.2,"log_soc":0.0,"ind_0_3":0.0,"ind_4_5":0.0,"ind_6_10":0.2,"ind_11_17":0.2,"ind_18_24":0.4,"ind_25_39":0.6,"ind_40_54":1.1,"ind_55_64":0.9,"ind_65_79":1.0,"ind_80p":0.6,"ind_inc":0.0,"men_pauv":0.4,"men":2.4,"lcog_geo":"97224","year":"2017","com_arm_code":["97224"],"com_code":["97224"],"com_arm_name":["Saint-Joseph"],"com_name":["Saint-Joseph"],"epci_name":["CA du Centre de la Martinique"],"epci_code":["249720061"],"dep_name":["Martinique"],"dep_code":["972"],"reg_name":["Martinique"],"reg_code":["02"]}},{"type":"Feature","geometry":{"coordinates":[[[-61.05370817263576,14.663413467231418],[-61.05369220229383,14.665220716260013],[-61.05183580381507,14.665205160285662],[-61.05185178936611,14.663397913257214],[-61.05370817263576,14.663413467231418]]],"type":"Polygon"},"properties":{"geo_point_2d":{"lon":-61.05277199217707,"lat":14.66430931549514},"idcar_200m":"CRS5490RES200mN1622000E709600","i_est_200":1,"idcar_1km":"CRS5490RES1000mN1622000E709000","i_est_1km":0,"idcar_nat":"CRS5490RES1000mN1622000E709000","groupe":1019845,"pop_carr":12.0,"men_1ind":2.2,"men_5ind":0.4,"men_prop":4.1,"men_fmp":1.0,"ind_snv":218503.5,"men_surf":487.8,"men_coll":0.9,"men_mais":4.7,"log_av45":0.2,"log_45_70":1.5,"log_70_90":0.8,"log_ap_90":2.6,"log_inc":0.5,"log_soc":0.0,"ind_0_3":0.2,"ind_4_5":0.1,"ind_6_10":0.3,"ind_11_17":0.7,"ind_18_24":0.8,"ind_25_39":0.9,"ind_40_54":2.5,"ind_55_64":2.6,"ind_65_79":2.7,"ind_80p":1.2,"ind_inc":0.0,"men_pauv":1.9,"men":5.6,"lcog_geo":"97224","year":"2017","com_arm_code":["97224"],"com_code":["97224"],"com_arm_name":["Saint-Joseph"],"com_name":["Saint-Joseph"],"epci_name":["CA du Centre de la Martinique"],"epci_code":["249720061"],"dep_name":["Martinique"],"dep_code":["972"],"reg_name":["Martinique"],"reg_code":["02"]}},{"type":"Feature","geometry":{"coordinates":[[[-61.04620247485564,14.672387364601141],[-61.04618643269991,14.674194604129081],[-61.04432996691512,14.674178978881818],[-61.044346024290036,14.672371741361799],[-61.04620247485564,14.672387364601141]]],"type":"Polygon"},"properties":{"geo_point_2d":{"lon":-61.04526622484011,"lat":14.673283173480808},"idcar_200m":"CRS5490RES200mN1623000E710400","i_est_200":1,"idcar_1km":"CRS5490RES1000mN1623000E710000","i_est_1km":0,"idcar_nat":"CRS5490RES1000mN1623000E710000","groupe":1019867,"pop_carr":4.0,"men_1ind":0.8,"men_5ind":0.1,"men_prop":1.4,"men_fmp":0.3,"ind_snv":91353.0,"men_surf":178.5,"men_coll":0.2,"men_mais":1.7,"log_av45":0.1,"log_45_70":0.2,"log_70_90":0.5,"log_ap_90":1.0,"log_inc":0.1,"log_soc":0.0,"ind_0_3":0.0,"ind_4_5":0.1,"ind_6_10":0.2,"ind_11_17":0.3,"ind_18_24":0.2,"ind_25_39":0.5,"ind_40_54":0.8,"ind_55_64":0.9,"ind_65_79":0.7,"ind_80p":0.3,"ind_inc":0.0,"men_pauv":0.6,"men":1.9,"lcog_geo":"97224","year":"2017","com_arm_code":["97224"],"com_code":["97224"],"com_arm_name":["Saint-Joseph"],"com_name":["Saint-Joseph"],"epci_name":["CA du Centre de la Martinique"],"epci_code":["249720061"],"dep_name":["Martinique"],"dep_code":["972"],"reg_name":["Martinique"],"reg_code":["02"]}},{"type":"Feature","geometry":{"coordinates":[[[-61.055436855846274,14.677887006281537],[-61.05542088323128,14.67969425492739],[-61.05356436081684,14.679678697774593],[-61.0535803486577,14.677871451127233],[-61.055436855846274,14.677887006281537]]],"type":"Polygon"},"properties":{"geo_point_2d":{"lon":-61.054500612287235,"lat":14.678782853765522},"idcar_200m":"CRS5490RES200mN1623600E709400","i_est_200":0,"idcar_1km":"CRS5490RES1000mN1623000E709000","i_est_1km":0,"idcar_nat":"CRS5490RES1000mN1623000E709000","groupe":1019864,"pop_carr":30.0,"men_1ind":7.0,"men_5ind":0.0,"men_prop":13.0,"men_fmp":6.0,"ind_snv":491105.1,"men_surf":1110.0,"men_coll":3.0,"men_mais":14.0,"log_av45":0.0,"log_45_70":2.0,"log_70_90":4.0,"log_ap_90":11.0,"log_inc":0.0,"log_soc":0.0,"ind_0_3":0.0,"ind_4_5":0.0,"ind_6_10":2.0,"ind_11_17":2.0,"ind_18_24":1.0,"ind_25_39":2.0,"ind_40_54":9.0,"ind_55_64":5.0,"ind_65_79":7.0,"ind_80p":2.0,"ind_inc":0.0,"men_pauv":10.0,"men":17.0,"lcog_geo":"97224","year":"2017","com_arm_code":["97224"],"com_code":["97224"],"com_arm_name":["Saint-Joseph"],"com_name":["Saint-Joseph"],"epci_name":["CA du Centre de la Martinique"],"epci_code":["249720061"],"dep_name":["Martinique"],"dep_code":["972"],"reg_name":["Martinique"],"reg_code":["02"]}},{"type":"Feature","geometry":{"coordinates":[[[-61.037161753098836,14.645200622471515],[-61.03714566793128,14.64700785640661],[-61.03528944121967,14.646992187329703],[-61.03530554157475,14.645184955411573],[-61.037161753098836,14.645200622471515]]],"type":"Polygon"},"properties":{"geo_point_2d":{"lon":-61.03622560110681,"lat":14.646096406639804},"idcar_200m":"CRS5490RES200mN1620000E711400","i_est_200":0,"idcar_1km":"CRS5490RES1000mN1620000E711000","i_est_1km":0,"idcar_nat":"CRS5490RES1000mN1620000E711000","groupe":1019655,"pop_carr":52.0,"men_1ind":6.0,"men_5ind":2.0,"men_prop":15.0,"men_fmp":4.0,"ind_snv":1106022.0,"men_surf":2006.8,"men_coll":4.0,"men_mais":16.0,"log_av45":0.0,"log_45_70":1.0,"log_70_90":3.0,"log_ap_90":15.0,"log_inc":1.0,"log_soc":0.0,"ind_0_3":3.0,"ind_4_5":0.0,"ind_6_10":5.0,"ind_11_17":6.0,"ind_18_24":2.0,"ind_25_39":4.0,"ind_40_54":12.0,"ind_55_64":6.0,"ind_65_79":11.0,"ind_80p":3.0,"ind_inc":0.0,"men_pauv":7.0,"men":20.0,"lcog_geo":"9722497213","year":"2017","com_arm_code":["97224"],"com_code":["97224"],"com_arm_name":["Saint-Joseph"],"com_name":["Saint-Joseph"],"epci_name":["CA du Centre de la Martinique"],"epci_code":["249720061"],"dep_name":["Martinique"],"dep_code":["972"],"reg_name":["Martinique"],"reg_code":["02"]}},{"type":"Feature","geometry":{"coordinates":[[[-61.046025890358194,14.692266983022183],[-61.04600982404369,14.694074219272112],[-61.04415319071033,14.694058571935662],[-61.044169272266934,14.692251337693996],[-61.046025890358194,14.692266983022183]]],"type":"Polygon"},"properties":{"geo_point_2d":{"lon":-61.04508954449471,"lat":14.693162779220089},"idcar_200m":"CRS5490RES200mN1625200E710400","i_est_200":1,"idcar_1km":"CRS5490RES1000mN1625000E710000","i_est_1km":0,"idcar_nat":"CRS5490RES8000mN1624000E704000","groupe":1020070,"pop_carr":24.0,"men_1ind":2.5,"men_5ind":1.0,"men_prop":7.4,"men_fmp":1.9,"ind_snv":384472.4,"men_surf":759.1,"men_coll":0.2,"men_mais":8.7,"log_av45":0.0,"log_45_70":1.4,"log_70_90":1.7,"log_ap_90":5.2,"log_inc":0.6,"log_soc":0.0,"ind_0_3":2.1,"ind_4_5":0.5,"ind_6_10":1.3,"ind_11_17":1.9,"ind_18_24":1.6,"ind_25_39":3.1,"ind_40_54":5.4,"ind_55_64":2.5,"ind_65_79":4.6,"ind_80p":1.0,"ind_inc":0.0,"men_pauv":3.7,"men":8.9,"lcog_geo":"97224","year":"2017","com_arm_code":["97224"],"com_code":["97224"],"com_arm_name":["Saint-Joseph"],"com_name":["Saint-Joseph"],"epci_name":["CA du Centre de la Martinique"],"epci_code":["249720061"],"dep_name":["Martinique"],"dep_code":["972"],"reg_name":["Martinique"],"reg_code":["02"]}},{"type":"Feature","geometry":{"coordinates":[[[-61.04631470846982,14.659736679569136],[-61.04629868168248,14.661543921180947],[-61.044442322388285,14.661528309988439],[-61.04445836438025,14.659721070384327],[-61.04631470846982,14.659736679569136]]],"type":"Polygon"},"properties":{"geo_point_2d":{"lon":-61.04537851938014,"lat":14.660632496516948},"idcar_200m":"CRS5490RES200mN1621600E710400","i_est_200":0,"idcar_1km":"CRS5490RES1000mN1621000E710000","i_est_1km":0,"idcar_nat":"CRS5490RES1000mN1621000E710000","groupe":1019635,"pop_carr":27.0,"men_1ind":4.0,"men_5ind":1.0,"men_prop":9.0,"men_fmp":1.0,"ind_snv":612769.8,"men_surf":1237.0,"men_coll":3.0,"men_mais":9.0,"log_av45":0.0,"log_45_70":1.0,"log_70_90":2.0,"log_ap_90":9.0,"log_inc":0.0,"log_soc":0.0,"ind_0_3":3.0,"ind_4_5":0.0,"ind_6_10":2.0,"ind_11_17":2.0,"ind_18_24":0.0,"ind_25_39":5.0,"ind_40_54":2.0,"ind_55_64":4.0,"ind_65_79":7.0,"ind_80p":2.0,"ind_inc":0.0,"men_pauv":2.0,"men":12.0,"lcog_geo":"97224","year":"2017","com_arm_code":["97224"],"com_code":["97224"],"com_arm_name":["Saint-Joseph"],"com_name":["Saint-Joseph"],"epci_name":["CA du Centre de la Martinique"],"epci_code":["249720061"],"dep_name":["Martinique"],"dep_code":["972"],"reg_name":["Martinique"],"reg_code":["02"]}},{"type":"Feature","geometry":{"coordinates":[[[-61.05737311941483,14.668866288936673],[-61.057357172942446,14.670673541067323],[-61.05550072445126,14.670658008721075],[-61.055516686139185,14.668850758586865],[-61.05737311941483,14.668866288936673]]],"type":"Polygon"},"properties":{"geo_point_2d":{"lon":-61.056436925886025,"lat":14.669762150565028},"idcar_200m":"CRS5490RES200mN1622600E709200","i_est_200":1,"idcar_1km":"CRS5490RES1000mN1622000E709000","i_est_1km":0,"idcar_nat":"CRS5490RES1000mN1622000E709000","groupe":1019845,"pop_carr":6.0,"men_1ind":1.1,"men_5ind":0.2,"men_prop":2.0,"men_fmp":0.5,"ind_snv":109251.8,"men_surf":243.9,"men_coll":0.5,"men_mais":2.3,"log_av45":0.1,"log_45_70":0.7,"log_70_90":0.4,"log_ap_90":1.3,"log_inc":0.3,"log_soc":0.0,"ind_0_3":0.1,"ind_4_5":0.0,"ind_6_10":0.1,"ind_11_17":0.4,"ind_18_24":0.4,"ind_25_39":0.4,"ind_40_54":1.3,"ind_55_64":1.3,"ind_65_79":1.4,"ind_80p":0.6,"ind_inc":0.0,"men_pauv":0.9,"men":2.8,"lcog_geo":"97224","year":"2017","com_arm_code":["97224"],"com_code":["97224"],"com_arm_name":["Saint-Joseph"],"com_name":["Saint-Joseph"],"epci_name":["CA du Centre de la Martinique"],"epci_code":["249720061"],"dep_name":["Martinique"],"dep_code":["972"],"reg_name":["Martinique"],"reg_code":["02"]}},{"type":"Feature","geometry":{"coordinates":[[[-61.05550072445126,14.670658008721075],[-61.05548476057808,14.672465258557686],[-61.053628299054616,14.672449709398663],[-61.05364427814532,14.67064246156043],[-61.05550072445126,14.670658008721075]]],"type":"Polygon"},"properties":{"geo_point_2d":{"lon":-61.054564515706545,"lat":14.671553860796665},"idcar_200m":"CRS5490RES200mN1622800E709400","i_est_200":1,"idcar_1km":"CRS5490RES1000mN1622000E709000","i_est_1km":0,"idcar_nat":"CRS5490RES1000mN1622000E709000","groupe":1019845,"pop_carr":23.0,"men_1ind":4.2,"men_5ind":0.7,"men_prop":7.8,"men_fmp":1.9,"ind_snv":418798.4,"men_surf":934.9,"men_coll":1.7,"men_mais":9.0,"log_av45":0.3,"log_45_70":2.8,"log_70_90":1.6,"log_ap_90":5.0,"log_inc":1.0,"log_soc":0.0,"ind_0_3":0.3,"ind_4_5":0.2,"ind_6_10":0.5,"ind_11_17":1.4,"ind_18_24":1.6,"ind_25_39":1.7,"ind_40_54":4.8,"ind_55_64":5.0,"ind_65_79":5.2,"ind_80p":2.3,"ind_inc":0.0,"men_pauv":3.6,"men":10.7,"lcog_geo":"97224","year":"2017","com_arm_code":["97224"],"com_code":["97224"],"com_arm_name":["Saint-Joseph"],"com_name":["Saint-Joseph"],"epci_name":["CA du Centre de la Martinique"],"epci_code":["249720061"],"dep_name":["Martinique"],"dep_code":["972"],"reg_name":["Martinique"],"reg_code":["02"]}},{"type":"Feature","geometry":{"coordinates":[[[-61.04273040089197,14.64524753492931],[-61.04271436128752,14.64705477490386],[-61.040858127967304,14.647039150193761],[-61.04087418275952,14.645231912230463],[-61.04273040089197,14.64524753492931]]],"type":"Polygon"},"properties":{"geo_point_2d":{"lon":-61.04179426837682,"lat":14.646143344299308},"idcar_200m":"CRS5490RES200mN1620000E710800","i_est_200":0,"idcar_1km":"CRS5490RES1000mN1620000E710000","i_est_1km":0,"idcar_nat":"CRS5490RES1000mN1620000E710000","groupe":1019630,"pop_carr":25.0,"men_1ind":4.0,"men_5ind":0.0,"men_prop":11.0,"men_fmp":1.0,"ind_snv":696508.9,"men_surf":1201.5,"men_coll":0.0,"men_mais":11.0,"log_av45":0.0,"log_45_70":0.0,"log_70_90":2.0,"log_ap_90":8.0,"log_inc":1.0,"log_soc":0.0,"ind_0_3":0.0,"ind_4_5":0.0,"ind_6_10":2.0,"ind_11_17":1.0,"ind_18_24":3.0,"ind_25_39":3.0,"ind_40_54":7.0,"ind_55_64":4.0,"ind_65_79":3.0,"ind_80p":2.0,"ind_inc":0.0,"men_pauv":2.0,"men":11.0,"lcog_geo":"97224","year":"2017","com_arm_code":["97224"],"com_code":["97224"],"com_arm_name":["Saint-Joseph"],"com_name":["Saint-Joseph"],"epci_name":["CA du Centre de la Martinique"],"epci_code":["249720061"],"dep_name":["Martinique"],"dep_code":["972"],"reg_name":["Martinique"],"reg_code":["02"]}},{"type":"Feature","geometry":{"coordinates":[[[-61.03341709896343,14.648783733065752],[-61.03340097900259,14.650590962369888],[-61.03154472632615,14.650575259673891],[-61.03156086147852,14.64876803239058],[-61.03341709896343,14.648783733065752]]],"type":"Polygon"},"properties":{"geo_point_2d":{"lon":-61.03248091659362,"lat":14.6496794981103},"idcar_200m":"CRS5490RES200mN1620400E711800","i_est_200":0,"idcar_1km":"CRS5490RES1000mN1620000E711000","i_est_1km":0,"idcar_nat":"CRS5490RES1000mN1620000E711000","groupe":1019665,"pop_carr":151.5,"men_1ind":35.0,"men_5ind":1.0,"men_prop":29.0,"men_fmp":26.0,"ind_snv":3494344.3,"men_surf":6329.1,"men_coll":55.0,"men_mais":23.0,"log_av45":0.0,"log_45_70":0.0,"log_70_90":1.0,"log_ap_90":76.0,"log_inc":1.0,"log_soc":0.0,"ind_0_3":1.0,"ind_4_5":6.0,"ind_6_10":7.5,"ind_11_17":20.5,"ind_18_24":16.5,"ind_25_39":19.0,"ind_40_54":41.0,"ind_55_64":25.0,"ind_65_79":15.0,"ind_80p":0.0,"ind_inc":0.0,"men_pauv":7.0,"men":78.0,"lcog_geo":"97224","year":"2017","com_arm_code":["97224"],"com_code":["97224"],"com_arm_name":["Saint-Joseph"],"com_name":["Saint-Joseph"],"epci_name":["CA du Centre de la Martinique"],"epci_code":["249720061"],"dep_name":["Martinique"],"dep_code":["972"],"reg_name":["Martinique"],"reg_code":["02"]}},{"type":"Feature","geometry":{"coordinates":[[[-61.03332034605735,14.659627104425763],[-61.033304212839504,14.661434331943722],[-61.0314478689702,14.661418617122067],[-61.03146401739207,14.659611391625132],[-61.03332034605735,14.659627104425763]]],"type":"Polygon"},"properties":{"geo_point_2d":{"lon":-61.03238411146572,"lat":14.660522862515396},"idcar_200m":"CRS5490RES200mN1621600E711800","i_est_200":1,"idcar_1km":"CRS5490RES1000mN1621000E711000","i_est_1km":0,"idcar_nat":"CRS5490RES1000mN1621000E711000","groupe":1019642,"pop_carr":5.5,"men_1ind":1.0,"men_5ind":0.2,"men_prop":1.6,"men_fmp":0.2,"ind_snv":124304.9,"men_surf":226.7,"men_coll":0.7,"men_mais":1.8,"log_av45":0.0,"log_45_70":0.2,"log_70_90":0.5,"log_ap_90":1.6,"log_inc":0.2,"log_soc":0.0,"ind_0_3":0.2,"ind_4_5":0.1,"ind_6_10":0.3,"ind_11_17":0.5,"ind_18_24":0.4,"ind_25_39":0.4,"ind_40_54":1.2,"ind_55_64":1.0,"ind_65_79":1.2,"ind_80p":0.2,"ind_inc":0.0,"men_pauv":0.8,"men":2.5,"lcog_geo":"97224","year":"2017","com_arm_code":["97224"],"com_code":["97224"],"com_arm_name":["Saint-Joseph"],"com_name":["Saint-Joseph"],"epci_name":["CA du Centre de la Martinique"],"epci_code":["249720061"],"dep_name":["Martinique"],"dep_code":["972"],"reg_name":["Martinique"],"reg_code":["02"]}},{"type":"Feature","geometry":{"coordinates":[[[-61.03138325316305,14.668647516131019],[-61.03136709368091,14.670454740138377],[-61.02951067597262,14.670439000397788],[-61.02952685066909,14.6686317784135],[-61.03138325316305,14.668647516131019]]],"type":"Polygon"},"properties":{"geo_point_2d":{"lon":-61.03044696852248,"lat":14.66954326000719},"idcar_200m":"CRS5490RES200mN1622600E712000","i_est_200":0,"idcar_1km":"CRS5490RES1000mN1622000E712000","i_est_1km":0,"idcar_nat":"CRS5490RES1000mN1622000E712000","groupe":1019929,"pop_carr":67.0,"men_1ind":7.0,"men_5ind":2.0,"men_prop":14.0,"men_fmp":7.0,"ind_snv":1458853.9,"men_surf":2171.0,"men_coll":13.0,"men_mais":13.0,"log_av45":0.0,"log_45_70":4.0,"log_70_90":0.0,"log_ap_90":22.0,"log_inc":0.0,"log_soc":7.0,"ind_0_3":1.0,"ind_4_5":1.0,"ind_6_10":6.0,"ind_11_17":12.0,"ind_18_24":6.0,"ind_25_39":7.0,"ind_40_54":14.0,"ind_55_64":11.0,"ind_65_79":6.0,"ind_80p":2.0,"ind_inc":1.0,"men_pauv":7.0,"men":26.0,"lcog_geo":"97224","year":"2017","com_arm_code":["97224"],"com_code":["97224"],"com_arm_name":["Saint-Joseph"],"com_name":["Saint-Joseph"],"epci_name":["CA du Centre de la Martinique"],"epci_code":["249720061"],"dep_name":["Martinique"],"dep_code":["972"],"reg_name":["Martinique"],"reg_code":["02"]}},{"type":"Feature","geometry":{"coordinates":[[[-61.033368732452956,14.654205420085319],[-61.03335260586399,14.65601264849652],[-61.03149630760049,14.655996939737836],[-61.031512449387215,14.654189713347558],[-61.033368732452956,14.654205420085319]]],"type":"Polygon"},"properties":{"geo_point_2d":{"lon":-61.032432523977114,"lat":14.655101181652558},"idcar_200m":"CRS5490RES200mN1621000E711800","i_est_200":1,"idcar_1km":"CRS5490RES1000mN1621000E711000","i_est_1km":0,"idcar_nat":"CRS5490RES1000mN1621000E711000","groupe":1019642,"pop_carr":21.0,"men_1ind":3.9,"men_5ind":0.7,"men_prop":6.0,"men_fmp":0.9,"ind_snv":474618.5,"men_surf":865.6,"men_coll":2.4,"men_mais":7.0,"log_av45":0.0,"log_45_70":0.8,"log_70_90":1.6,"log_ap_90":6.2,"log_inc":0.8,"log_soc":0.0,"ind_0_3":0.6,"ind_4_5":0.2,"ind_6_10":1.1,"ind_11_17":1.9,"ind_18_24":1.4,"ind_25_39":1.7,"ind_40_54":4.7,"ind_55_64":4.0,"ind_65_79":4.5,"ind_80p":0.8,"ind_inc":0.1,"men_pauv":2.9,"men":9.4,"lcog_geo":"97224","year":"2017","com_arm_code":["97224"],"com_code":["97224"],"com_arm_name":["Saint-Joseph"],"com_name":["Saint-Joseph"],"epci_name":["CA du Centre de la Martinique"],"epci_code":["249720061"],"dep_name":["Martinique"],"dep_code":["972"],"reg_name":["Martinique"],"reg_code":["02"]}},{"type":"Feature","geometry":{"coordinates":[[[-61.00550836507925,14.65577546334908],[-61.00549200829203,14.657582660948353],[-61.00363572822292,14.657566728176647],[-61.0036521002087,14.655759532626895],[-61.00550836507925,14.65577546334908]]],"type":"Polygon"},"properties":{"geo_point_2d":{"lon":-61.0045720506038,"lat":14.656671097511126},"idcar_200m":"CRS5490RES200mN1621200E714800","i_est_200":1,"idcar_1km":"CRS5490RES1000mN1621000E714000","i_est_1km":0,"idcar_nat":"CRS5490RES2000mN1620000E714000","groupe":1019704,"pop_carr":3.0,"men_1ind":0.6,"men_5ind":0.0,"men_prop":0.9,"men_fmp":0.3,"ind_snv":69395.2,"men_surf":122.8,"men_coll":0.4,"men_mais":1.0,"log_av45":0.0,"log_45_70":0.1,"log_70_90":0.4,"log_ap_90":0.9,"log_inc":0.0,"log_soc":0.0,"ind_0_3":0.1,"ind_4_5":0.0,"ind_6_10":0.1,"ind_11_17":0.3,"ind_18_24":0.2,"ind_25_39":0.3,"ind_40_54":0.8,"ind_55_64":0.5,"ind_65_79":0.6,"ind_80p":0.1,"ind_inc":0.0,"men_pauv":0.2,"men":1.4,"lcog_geo":"9721397224","year":"2017","com_arm_code":["97224"],"com_code":["97224"],"com_arm_name":["Saint-Joseph"],"com_name":["Saint-Joseph"],"epci_name":["CA du Centre de la Martinique"],"epci_code":["249720061"],"dep_name":["Martinique"],"dep_code":["972"],"reg_name":["Martinique"],"reg_code":["02"]}},{"type":"Feature","geometry":{"coordinates":[[[-61.04791460620703,14.688668136106537],[-61.04789855952383,14.690475374959078],[-61.046041954475996,14.69045974647408],[-61.046058016397225,14.68865250962784],[-61.04791460620703,14.688668136106537]]],"type":"Polygon"},"properties":{"geo_point_2d":{"lon":-61.046978284300806,"lat":14.689563943030667},"idcar_200m":"CRS5490RES200mN1624800E710200","i_est_200":1,"idcar_1km":"CRS5490RES1000mN1624000E710000","i_est_1km":0,"idcar_nat":"CRS5490RES8000mN1624000E704000","groupe":1020072,"pop_carr":11.0,"men_1ind":1.4,"men_5ind":0.3,"men_prop":3.0,"men_fmp":0.8,"ind_snv":224527.9,"men_surf":357.3,"men_coll":0.5,"men_mais":4.1,"log_av45":0.1,"log_45_70":0.9,"log_70_90":0.7,"log_ap_90":2.7,"log_inc":0.2,"log_soc":0.0,"ind_0_3":0.5,"ind_4_5":0.1,"ind_6_10":0.4,"ind_11_17":0.9,"ind_18_24":0.6,"ind_25_39":0.9,"ind_40_54":2.8,"ind_55_64":1.7,"ind_65_79":2.0,"ind_80p":1.0,"ind_inc":0.1,"men_pauv":1.7,"men":4.6,"lcog_geo":"97224","year":"2017","com_arm_code":["97224"],"com_code":["97224"],"com_arm_name":["Saint-Joseph"],"com_name":["Saint-Joseph"],"epci_name":["CA du Centre de la Martinique"],"epci_code":["249720061"],"dep_name":["Martinique"],"dep_code":["972"],"reg_name":["Martinique"],"reg_code":["02"]}},{"type":"Feature","geometry":{"coordinates":[[[-61.055564558092385,14.663429006398914],[-61.05554860295967,14.665236257425756],[-61.05369220229383,14.665220716260013],[-61.05370817263576,14.663413467231418],[-61.055564558092385,14.663429006398914]]],"type":"Polygon"},"properties":{"geo_point_2d":{"lon":-61.05462838414464,"lat":14.664324863065591},"idcar_200m":"CRS5490RES200mN1622000E709400","i_est_200":1,"idcar_1km":"CRS5490RES1000mN1622000E709000","i_est_1km":0,"idcar_nat":"CRS5490RES1000mN1622000E709000","groupe":1019845,"pop_carr":5.0,"men_1ind":0.9,"men_5ind":0.2,"men_prop":1.7,"men_fmp":0.4,"ind_snv":91043.1,"men_surf":203.2,"men_coll":0.4,"men_mais":1.9,"log_av45":0.1,"log_45_70":0.6,"log_70_90":0.3,"log_ap_90":1.1,"log_inc":0.2,"log_soc":0.0,"ind_0_3":0.1,"ind_4_5":0.0,"ind_6_10":0.1,"ind_11_17":0.3,"ind_18_24":0.3,"ind_25_39":0.4,"ind_40_54":1.1,"ind_55_64":1.1,"ind_65_79":1.1,"ind_80p":0.5,"ind_inc":0.0,"men_pauv":0.8,"men":2.3,"lcog_geo":"97224","year":"2017","com_arm_code":["97224"],"com_code":["97224"],"com_arm_name":["Saint-Joseph"],"com_name":["Saint-Joseph"],"epci_name":["CA du Centre de la Martinique"],"epci_code":["249720061"],"dep_name":["Martinique"],"dep_code":["972"],"reg_name":["Martinique"],"reg_code":["02"]}},{"type":"Feature","geometry":{"coordinates":[[[-61.040858127967304,14.647039150193761],[-61.04084207097428,14.648846387859646],[-61.038985824665055,14.648830746347357],[-61.03900189684786,14.64702351069465],[-61.040858127967304,14.647039150193761]]],"type":"Polygon"},"properties":{"geo_point_2d":{"lon":-61.03992198026401,"lat":14.647934950008972},"idcar_200m":"CRS5490RES200mN1620200E711000","i_est_200":0,"idcar_1km":"CRS5490RES1000mN1620000E711000","i_est_1km":0,"idcar_nat":"CRS5490RES1000mN1620000E711000","groupe":1019656,"pop_carr":54.0,"men_1ind":7.0,"men_5ind":2.0,"men_prop":20.0,"men_fmp":1.0,"ind_snv":1679465.5,"men_surf":2843.7,"men_coll":2.0,"men_mais":21.0,"log_av45":0.0,"log_45_70":1.0,"log_70_90":2.0,"log_ap_90":19.0,"log_inc":1.0,"log_soc":0.0,"ind_0_3":2.0,"ind_4_5":1.0,"ind_6_10":0.0,"ind_11_17":4.0,"ind_18_24":5.0,"ind_25_39":4.0,"ind_40_54":13.0,"ind_55_64":11.0,"ind_65_79":12.0,"ind_80p":2.0,"ind_inc":0.0,"men_pauv":2.0,"men":23.0,"lcog_geo":"97224","year":"2017","com_arm_code":["97224"],"com_code":["97224"],"com_arm_name":["Saint-Joseph"],"com_name":["Saint-Joseph"],"epci_name":["CA du Centre de la Martinique"],"epci_code":["249720061"],"dep_name":["Martinique"],"dep_code":["972"],"reg_name":["Martinique"],"reg_code":["02"]}},{"type":"Feature","geometry":{"coordinates":[[[-61.01465941419938,14.670312549201679],[-61.01464311556023,14.672119754634437],[-61.01278670264082,14.672103879536968],[-61.012803016495596,14.670296676144464],[-61.01465941419938,14.670312549201679]]],"type":"Polygon"},"properties":{"geo_point_2d":{"lon":-61.013723062376364,"lat":14.671208216116547},"idcar_200m":"CRS5490RES200mN1622800E713800","i_est_200":0,"idcar_1km":"CRS5490RES1000mN1622000E713000","i_est_1km":0,"idcar_nat":"CRS5490RES1000mN1622000E713000","groupe":1019911,"pop_carr":38.0,"men_1ind":5.0,"men_5ind":3.0,"men_prop":11.0,"men_fmp":3.0,"ind_snv":568924.3,"men_surf":870.0,"men_coll":3.0,"men_mais":11.0,"log_av45":0.0,"log_45_70":1.0,"log_70_90":2.0,"log_ap_90":11.0,"log_inc":0.0,"log_soc":0.0,"ind_0_3":1.0,"ind_4_5":0.0,"ind_6_10":4.0,"ind_11_17":7.0,"ind_18_24":2.0,"ind_25_39":2.0,"ind_40_54":8.0,"ind_55_64":5.0,"ind_65_79":8.0,"ind_80p":1.0,"ind_inc":0.0,"men_pauv":6.0,"men":14.0,"lcog_geo":"97224","year":"2017","com_arm_code":["97224"],"com_code":["97224"],"com_arm_name":["Saint-Joseph"],"com_name":["Saint-Joseph"],"epci_name":["CA du Centre de la Martinique"],"epci_code":["249720061"],"dep_name":["Martinique"],"dep_code":["972"],"reg_name":["Martinique"],"reg_code":["02"]}},{"type":"Feature","geometry":{"coordinates":[[[-60.99975902738449,14.675606716273593],[-60.999742600278964,14.677413904435165],[-60.9978861596263,14.677397904657695],[-60.99790260195301,14.6755907185517],[-60.99975902738449,14.675606716273593]]],"type":"Polygon"},"properties":{"geo_point_2d":{"lon":-60.99882259746418,"lat":14.676502312217162},"idcar_200m":"CRS5490RES200mN1623400E715400","i_est_200":1,"idcar_1km":"CRS5490RES1000mN1623000E715000","i_est_1km":0,"idcar_nat":"CRS5490RES2000mN1622000E714000","groupe":1019940,"pop_carr":5.0,"men_1ind":0.6,"men_5ind":0.2,"men_prop":1.8,"men_fmp":0.3,"ind_snv":94819.2,"men_surf":197.3,"men_coll":0.0,"men_mais":2.1,"log_av45":0.1,"log_45_70":0.3,"log_70_90":0.5,"log_ap_90":1.1,"log_inc":0.1,"log_soc":0.0,"ind_0_3":0.0,"ind_4_5":0.1,"ind_6_10":0.4,"ind_11_17":0.4,"ind_18_24":0.1,"ind_25_39":0.3,"ind_40_54":1.5,"ind_55_64":0.9,"ind_65_79":0.9,"ind_80p":0.4,"ind_inc":0.0,"men_pauv":0.5,"men":2.1,"lcog_geo":"9722497212","year":"2017","com_arm_code":["97224"],"com_code":["97224"],"com_arm_name":["Saint-Joseph"],"com_name":["Saint-Joseph"],"epci_name":["CA du Centre de la Martinique"],"epci_code":["249720061"],"dep_name":["Martinique"],"dep_code":["972"],"reg_name":["Martinique"],"reg_code":["02"]}},{"type":"Feature","geometry":{"coordinates":[[[-61.02200381619673,14.679411958194569],[-61.0219875673061,14.681219170277881],[-61.02013106936342,14.6812033442754],[-61.020147333480445,14.679396134224872],[-61.02200381619673,14.679411958194569]]],"type":"Polygon"},"properties":{"geo_point_2d":{"lon":-61.02106744673845,"lat":14.68030765298114},"idcar_200m":"CRS5490RES200mN1623800E713000","i_est_200":1,"idcar_1km":"CRS5490RES1000mN1623000E713000","i_est_1km":0,"idcar_nat":"CRS5490RES1000mN1623000E713000","groupe":1019931,"pop_carr":2.0,"men_1ind":0.3,"men_5ind":0.0,"men_prop":0.6,"men_fmp":0.1,"ind_snv":47668.9,"men_surf":78.5,"men_coll":0.2,"men_mais":0.7,"log_av45":0.0,"log_45_70":0.1,"log_70_90":0.0,"log_ap_90":0.7,"log_inc":0.1,"log_soc":0.0,"ind_0_3":0.1,"ind_4_5":0.0,"ind_6_10":0.1,"ind_11_17":0.1,"ind_18_24":0.1,"ind_25_39":0.2,"ind_40_54":0.6,"ind_55_64":0.5,"ind_65_79":0.2,"ind_80p":0.1,"ind_inc":0.0,"men_pauv":0.1,"men":0.9,"lcog_geo":"97224","year":"2017","com_arm_code":["97224"],"com_code":["97224"],"com_arm_name":["Saint-Joseph"],"com_name":["Saint-Joseph"],"epci_name":["CA du Centre de la Martinique"],"epci_code":["249720061"],"dep_name":["Martinique"],"dep_code":["972"],"reg_name":["Martinique"],"reg_code":["02"]}},{"type":"Feature","geometry":{"coordinates":[[[-61.035047671001415,14.674100630381147],[-61.035031535323526,14.675907857535007],[-61.033175067536654,14.675892141363194],[-61.033191218435306,14.6740849162287],[-61.035047671001415,14.674100630381147]]],"type":"Polygon"},"properties":{"geo_point_2d":{"lon":-61.03411137322501,"lat":14.67499638761451},"idcar_200m":"CRS5490RES200mN1623200E711600","i_est_200":0,"idcar_1km":"CRS5490RES1000mN1623000E711000","i_est_1km":0,"idcar_nat":"CRS5490RES1000mN1623000E711000","groupe":1019889,"pop_carr":49.0,"men_1ind":2.0,"men_5ind":2.0,"men_prop":4.0,"men_fmp":0.0,"ind_snv":1217251.9,"men_surf":1359.0,"men_coll":13.0,"men_mais":1.0,"log_av45":0.0,"log_45_70":0.0,"log_70_90":0.0,"log_ap_90":14.0,"log_inc":0.0,"log_soc":10.0,"ind_0_3":1.0,"ind_4_5":5.0,"ind_6_10":10.0,"ind_11_17":4.0,"ind_18_24":2.0,"ind_25_39":16.0,"ind_40_54":9.0,"ind_55_64":0.0,"ind_65_79":2.0,"ind_80p":0.0,"ind_inc":0.0,"men_pauv":1.0,"men":14.0,"lcog_geo":"97224","year":"2017","com_arm_code":["97224"],"com_code":["97224"],"com_arm_name":["Saint-Joseph"],"com_name":["Saint-Joseph"],"epci_name":["CA du Centre de la Martinique"],"epci_code":["249720061"],"dep_name":["Martinique"],"dep_code":["972"],"reg_name":["Martinique"],"reg_code":["02"]}},{"type":"Feature","geometry":{"coordinates":[[[-61.01474087393103,14.661276517563948],[-61.01472458644629,14.663083724487903],[-61.01286824958427,14.663067859591358],[-61.01288455227425,14.661260654707496],[-61.01474087393103,14.661276517563948]]],"type":"Polygon"},"properties":{"geo_point_2d":{"lon":-61.01380456571132,"lat":14.662172190324043},"idcar_200m":"CRS5490RES200mN1621800E713800","i_est_200":0,"idcar_1km":"CRS5490RES1000mN1621000E713000","i_est_1km":0,"idcar_nat":"CRS5490RES1000mN1621000E713000","groupe":1019683,"pop_carr":33.0,"men_1ind":2.0,"men_5ind":0.0,"men_prop":11.0,"men_fmp":0.0,"ind_snv":957826.3,"men_surf":1305.8,"men_coll":3.0,"men_mais":11.0,"log_av45":0.0,"log_45_70":0.0,"log_70_90":8.0,"log_ap_90":3.0,"log_inc":3.0,"log_soc":0.0,"ind_0_3":2.0,"ind_4_5":1.0,"ind_6_10":2.0,"ind_11_17":0.0,"ind_18_24":2.0,"ind_25_39":5.0,"ind_40_54":4.0,"ind_55_64":4.0,"ind_65_79":12.0,"ind_80p":1.0,"ind_inc":0.0,"men_pauv":1.0,"men":14.0,"lcog_geo":"97224","year":"2017","com_arm_code":["97224"],"com_code":["97224"],"com_arm_name":["Saint-Joseph"],"com_name":["Saint-Joseph"],"epci_name":["CA du Centre de la Martinique"],"epci_code":["249720061"],"dep_name":["Martinique"],"dep_code":["972"],"reg_name":["Martinique"],"reg_code":["02"]}},{"type":"Feature","geometry":{"coordinates":[[[-61.05748468360027,14.656215515692924],[-61.057468752407615,14.658022769905648],[-61.05561241038146,14.658007251533748],[-61.055628356775074,14.656199999317243],[-61.05748468360027,14.656215515692924]]],"type":"Polygon"},"properties":{"geo_point_2d":{"lon":-61.0565485509402,"lat":14.657111385348319},"idcar_200m":"CRS5490RES200mN1621200E709200","i_est_200":0,"idcar_1km":"CRS5490RES1000mN1621000E709000","i_est_1km":0,"idcar_nat":"CRS5490RES1000mN1621000E709000","groupe":1019602,"pop_carr":77.5,"men_1ind":14.0,"men_5ind":1.0,"men_prop":29.0,"men_fmp":10.0,"ind_snv":2237171.9,"men_surf":3941.7,"men_coll":31.0,"men_mais":7.0,"log_av45":0.0,"log_45_70":0.0,"log_70_90":35.0,"log_ap_90":2.0,"log_inc":1.0,"log_soc":0.0,"ind_0_3":1.0,"ind_4_5":2.0,"ind_6_10":9.5,"ind_11_17":11.0,"ind_18_24":3.0,"ind_25_39":4.0,"ind_40_54":21.0,"ind_55_64":16.0,"ind_65_79":7.0,"ind_80p":3.0,"ind_inc":0.0,"men_pauv":1.0,"men":38.0,"lcog_geo":"97224","year":"2017","com_arm_code":["97224"],"com_code":["97224"],"com_arm_name":["Saint-Joseph"],"com_name":["Saint-Joseph"],"epci_name":["CA du Centre de la Martinique"],"epci_code":["249720061"],"dep_name":["Martinique"],"dep_code":["972"],"reg_name":["Martinique"],"reg_code":["02"]}},{"type":"Feature","geometry":{"coordinates":[[[-61.003471884989295,14.675638667264211],[-61.003455488326416,14.677445859531215],[-61.0015990431797,14.677429889393027],[-61.00161545506395,14.675622699177794],[-61.003471884989295,14.675638667264211]]],"type":"Polygon"},"properties":{"geo_point_2d":{"lon":-61.002535468043035,"lat":14.676534280079187},"idcar_200m":"CRS5490RES200mN1623400E715000","i_est_200":0,"idcar_1km":"CRS5490RES1000mN1623000E715000","i_est_1km":0,"idcar_nat":"CRS5490RES2000mN1622000E714000","groupe":1019941,"pop_carr":29.0,"men_1ind":4.0,"men_5ind":2.0,"men_prop":10.0,"men_fmp":1.0,"ind_snv":754381.6,"men_surf":1039.0,"men_coll":0.0,"men_mais":12.0,"log_av45":0.0,"log_45_70":5.0,"log_70_90":2.0,"log_ap_90":5.0,"log_inc":0.0,"log_soc":0.0,"ind_0_3":0.0,"ind_4_5":1.0,"ind_6_10":0.0,"ind_11_17":3.0,"ind_18_24":1.0,"ind_25_39":1.0,"ind_40_54":11.0,"ind_55_64":6.0,"ind_65_79":3.0,"ind_80p":3.0,"ind_inc":0.0,"men_pauv":4.0,"men":12.0,"lcog_geo":"9722497212","year":"2017","com_arm_code":["97224"],"com_code":["97224"],"com_arm_name":["Saint-Joseph"],"com_name":["Saint-Joseph"],"epci_name":["CA du Centre de la Martinique"],"epci_code":["249720061"],"dep_name":["Martinique"],"dep_code":["972"],"reg_name":["Martinique"],"reg_code":["02"]}},{"type":"Feature","geometry":{"coordinates":[[[-61.02408733926049,14.654126738435044],[-61.024071136683546,14.655933956722581],[-61.02221484949899,14.655918173974044],[-61.022231067273275,14.654110957716943],[-61.02408733926049,14.654126738435044]]],"type":"Polygon"},"properties":{"geo_point_2d":{"lon":-61.02315109833073,"lat":14.655022457947894},"idcar_200m":"CRS5490RES200mN1621000E712800","i_est_200":1,"idcar_1km":"CRS5490RES1000mN1621000E712000","i_est_1km":0,"idcar_nat":"CRS5490RES1000mN1621000E712000","groupe":1019666,"pop_carr":4.0,"men_1ind":0.7,"men_5ind":0.0,"men_prop":1.3,"men_fmp":0.4,"ind_snv":89590.4,"men_surf":173.6,"men_coll":0.6,"men_mais":1.3,"log_av45":0.0,"log_45_70":0.2,"log_70_90":0.4,"log_ap_90":1.1,"log_inc":0.2,"log_soc":0.0,"ind_0_3":0.1,"ind_4_5":0.0,"ind_6_10":0.2,"ind_11_17":0.2,"ind_18_24":0.3,"ind_25_39":0.8,"ind_40_54":0.7,"ind_55_64":1.0,"ind_65_79":0.4,"ind_80p":0.3,"ind_inc":0.0,"men_pauv":0.6,"men":1.9,"lcog_geo":"97224","year":"2017","com_arm_code":["97224"],"com_code":["97224"],"com_arm_name":["Saint-Joseph"],"com_name":["Saint-Joseph"],"epci_name":["CA du Centre de la Martinique"],"epci_code":["249720061"],"dep_name":["Martinique"],"dep_code":["972"],"reg_name":["Martinique"],"reg_code":["02"]}},{"type":"Feature","geometry":{"coordinates":[[[-61.059229554873546,14.668881804473916],[-61.05921362361677,14.670689058599098],[-61.057357172942446,14.670673541067323],[-61.05737311941483,14.668866288936673],[-61.059229554873546,14.668881804473916]]],"type":"Polygon"},"properties":{"geo_point_2d":{"lon":-61.05829336786085,"lat":14.669777674506296},"idcar_200m":"CRS5490RES200mN1622600E709000","i_est_200":1,"idcar_1km":"CRS5490RES1000mN1622000E709000","i_est_1km":0,"idcar_nat":"CRS5490RES1000mN1622000E709000","groupe":1019845,"pop_carr":1.0,"men_1ind":0.2,"men_5ind":0.0,"men_prop":0.3,"men_fmp":0.1,"ind_snv":18208.6,"men_surf":40.6,"men_coll":0.1,"men_mais":0.4,"log_av45":0.0,"log_45_70":0.1,"log_70_90":0.1,"log_ap_90":0.2,"log_inc":0.1,"log_soc":0.0,"ind_0_3":0.0,"ind_4_5":0.0,"ind_6_10":0.0,"ind_11_17":0.1,"ind_18_24":0.1,"ind_25_39":0.1,"ind_40_54":0.2,"ind_55_64":0.2,"ind_65_79":0.2,"ind_80p":0.1,"ind_inc":0.0,"men_pauv":0.2,"men":0.5,"lcog_geo":"97224","year":"2017","com_arm_code":["97224"],"com_code":["97224"],"com_arm_name":["Saint-Joseph"],"com_name":["Saint-Joseph"],"epci_name":["CA du Centre de la Martinique"],"epci_code":["249720061"],"dep_name":["Martinique"],"dep_code":["972"],"reg_name":["Martinique"],"reg_code":["02"]}},{"type":"Feature","geometry":{"coordinates":[[[-61.031173007310215,14.69214140497163],[-61.031156819061295,14.693948625102106],[-61.029300203377055,14.693932859058506],[-61.029316406867395,14.692125640951526],[-61.031173007310215,14.69214140497163]]],"type":"Polygon"},"properties":{"geo_point_2d":{"lon":-61.030236609305035,"lat":14.693037133760027},"idcar_200m":"CRS5490RES200mN1625200E712000","i_est_200":0,"idcar_1km":"CRS5490RES1000mN1625000E712000","i_est_1km":0,"idcar_nat":"CRS5490RES1000mN1625000E712000","groupe":1020078,"pop_carr":50.0,"men_1ind":1.0,"men_5ind":6.0,"men_prop":12.0,"men_fmp":1.0,"ind_snv":941117.3,"men_surf":1265.1,"men_coll":3.0,"men_mais":10.0,"log_av45":0.0,"log_45_70":3.0,"log_70_90":2.0,"log_ap_90":7.0,"log_inc":1.0,"log_soc":0.0,"ind_0_3":5.0,"ind_4_5":2.0,"ind_6_10":6.0,"ind_11_17":3.0,"ind_18_24":2.0,"ind_25_39":4.0,"ind_40_54":16.0,"ind_55_64":2.0,"ind_65_79":8.0,"ind_80p":2.0,"ind_inc":0.0,"men_pauv":3.0,"men":13.0,"lcog_geo":"9722497212","year":"2017","com_arm_code":["97224"],"com_code":["97224"],"com_arm_name":["Saint-Joseph"],"com_name":["Saint-Joseph"],"epci_name":["CA du Centre de la Martinique"],"epci_code":["249720061"],"dep_name":["Martinique"],"dep_code":["972"],"reg_name":["Martinique"],"reg_code":["02"]}},{"type":"Feature","geometry":{"coordinates":[[[-61.02954302315126,14.666824556131205],[-61.02952685066909,14.6686317784135],[-61.027670450389444,14.668616025884612],[-61.027686638083786,14.666808805627273],[-61.02954302315126,14.666824556131205]]],"type":"Polygon"},"properties":{"geo_point_2d":{"lon":-61.02860674072461,"lat":14.667720292751005},"idcar_200m":"CRS5490RES200mN1622400E712200","i_est_200":0,"idcar_1km":"CRS5490RES1000mN1622000E712000","i_est_1km":0,"idcar_nat":"CRS5490RES1000mN1622000E712000","groupe":1019922,"pop_carr":26.0,"men_1ind":3.0,"men_5ind":1.0,"men_prop":4.0,"men_fmp":4.0,"ind_snv":375641.2,"men_surf":817.5,"men_coll":3.0,"men_mais":8.0,"log_av45":0.0,"log_45_70":1.0,"log_70_90":0.0,"log_ap_90":7.0,"log_inc":3.0,"log_soc":0.0,"ind_0_3":1.0,"ind_4_5":1.0,"ind_6_10":2.0,"ind_11_17":0.0,"ind_18_24":4.0,"ind_25_39":6.0,"ind_40_54":4.0,"ind_55_64":4.0,"ind_65_79":3.0,"ind_80p":1.0,"ind_inc":0.0,"men_pauv":6.0,"men":11.0,"lcog_geo":"97224","year":"2017","com_arm_code":["97224"],"com_code":["97224"],"com_arm_name":["Saint-Joseph"],"com_name":["Saint-Joseph"],"epci_name":["CA du Centre de la Martinique"],"epci_code":["249720061"],"dep_name":["Martinique"],"dep_code":["972"],"reg_name":["Martinique"],"reg_code":["02"]}},{"type":"Feature","geometry":{"coordinates":[[[-61.05183580381507,14.665205160285662],[-61.05181981607488,14.667012407016538],[-61.04996340457415,14.666996834231579],[-61.04997940752546,14.665189589502779],[-61.05183580381507,14.665205160285662]]],"type":"Polygon"},"properties":{"geo_point_2d":{"lon":-61.0508996081469,"lat":14.666100998995859},"idcar_200m":"CRS5490RES200mN1622200E709800","i_est_200":1,"idcar_1km":"CRS5490RES1000mN1622000E709000","i_est_1km":0,"idcar_nat":"CRS5490RES1000mN1622000E709000","groupe":1019845,"pop_carr":12.0,"men_1ind":2.2,"men_5ind":0.4,"men_prop":4.1,"men_fmp":1.0,"ind_snv":218503.5,"men_surf":487.8,"men_coll":0.9,"men_mais":4.7,"log_av45":0.2,"log_45_70":1.5,"log_70_90":0.8,"log_ap_90":2.6,"log_inc":0.5,"log_soc":0.0,"ind_0_3":0.2,"ind_4_5":0.1,"ind_6_10":0.3,"ind_11_17":0.7,"ind_18_24":0.8,"ind_25_39":0.9,"ind_40_54":2.5,"ind_55_64":2.6,"ind_65_79":2.7,"ind_80p":1.2,"ind_inc":0.0,"men_pauv":1.9,"men":5.6,"lcog_geo":"97224","year":"2017","com_arm_code":["97224"],"com_code":["97224"],"com_arm_name":["Saint-Joseph"],"com_name":["Saint-Joseph"],"epci_name":["CA du Centre de la Martinique"],"epci_code":["249720061"],"dep_name":["Martinique"],"dep_code":["972"],"reg_name":["Martinique"],"reg_code":["02"]}},{"type":"Feature","geometry":{"coordinates":[[[-61.035031535323526,14.675907857535007],[-61.035015397437206,14.677715084390806],[-61.033158914427496,14.677699366199592],[-61.033175067536654,14.675892141363194],[-61.035031535323526,14.675907857535007]]],"type":"Polygon"},"properties":{"geo_point_2d":{"lon":-61.034095228832,"lat":14.676803613609806},"idcar_200m":"CRS5490RES200mN1623400E711600","i_est_200":1,"idcar_1km":"CRS5490RES1000mN1623000E711000","i_est_1km":0,"idcar_nat":"CRS5490RES1000mN1623000E711000","groupe":1019883,"pop_carr":16.0,"men_1ind":3.0,"men_5ind":0.5,"men_prop":5.3,"men_fmp":1.4,"ind_snv":393321.0,"men_surf":704.2,"men_coll":2.0,"men_mais":5.5,"log_av45":0.2,"log_45_70":0.2,"log_70_90":3.0,"log_ap_90":3.6,"log_inc":0.5,"log_soc":0.0,"ind_0_3":0.1,"ind_4_5":0.0,"ind_6_10":0.8,"ind_11_17":0.7,"ind_18_24":1.4,"ind_25_39":1.8,"ind_40_54":3.4,"ind_55_64":2.8,"ind_65_79":3.2,"ind_80p":1.8,"ind_inc":0.0,"men_pauv":1.1,"men":7.5,"lcog_geo":"97224","year":"2017","com_arm_code":["97224"],"com_code":["97224"],"com_arm_name":["Saint-Joseph"],"com_name":["Saint-Joseph"],"epci_name":["CA du Centre de la Martinique"],"epci_code":["249720061"],"dep_name":["Martinique"],"dep_code":["972"],"reg_name":["Martinique"],"reg_code":["02"]}},{"type":"Feature","geometry":{"coordinates":[[[-61.04250564631638,14.670548867498567],[-61.04248957592226,14.67235610330663],[-61.04063312975438,14.67234045043571],[-61.040649215365434,14.670533216639349],[-61.04250564631638,14.670548867498567]]],"type":"Polygon"},"properties":{"geo_point_2d":{"lon":-61.04156939198983,"lat":14.67144466070725},"idcar_200m":"CRS5490RES200mN1622800E710800","i_est_200":0,"idcar_1km":"CRS5490RES1000mN1622000E710000","i_est_1km":0,"idcar_nat":"CRS5490RES1000mN1622000E710000","groupe":1019878,"pop_carr":36.0,"men_1ind":7.0,"men_5ind":0.0,"men_prop":14.0,"men_fmp":2.0,"ind_snv":795146.4,"men_surf":1406.4,"men_coll":2.0,"men_mais":16.0,"log_av45":1.0,"log_45_70":3.0,"log_70_90":4.0,"log_ap_90":9.0,"log_inc":1.0,"log_soc":0.0,"ind_0_3":1.0,"ind_4_5":1.0,"ind_6_10":2.0,"ind_11_17":1.0,"ind_18_24":1.0,"ind_25_39":3.0,"ind_40_54":7.0,"ind_55_64":4.0,"ind_65_79":13.0,"ind_80p":3.0,"ind_inc":0.0,"men_pauv":5.0,"men":18.0,"lcog_geo":"97224","year":"2017","com_arm_code":["97224"],"com_code":["97224"],"com_arm_name":["Saint-Joseph"],"com_name":["Saint-Joseph"],"epci_name":["CA du Centre de la Martinique"],"epci_code":["249720061"],"dep_name":["Martinique"],"dep_code":["972"],"reg_name":["Martinique"],"reg_code":["02"]}},{"type":"Feature","geometry":{"coordinates":[[[-61.012933446948324,14.65583903826702],[-61.012917150956184,14.657646244045296],[-61.011060861936144,14.657630370469695],[-61.011077173127184,14.655823166733317],[-61.012933446948324,14.65583903826702]]],"type":"Polygon"},"properties":{"geo_point_2d":{"lon":-61.01199715839447,"lat":14.65673470611472},"idcar_200m":"CRS5490RES200mN1621200E714000","i_est_200":0,"idcar_1km":"CRS5490RES1000mN1621000E714000","i_est_1km":0,"idcar_nat":"CRS5490RES2000mN1620000E714000","groupe":1019710,"pop_carr":44.0,"men_1ind":9.0,"men_5ind":1.0,"men_prop":10.0,"men_fmp":5.0,"ind_snv":999366.7,"men_surf":1733.0,"men_coll":11.0,"men_mais":10.0,"log_av45":0.0,"log_45_70":3.0,"log_70_90":5.0,"log_ap_90":13.0,"log_inc":0.0,"log_soc":0.0,"ind_0_3":5.0,"ind_4_5":2.0,"ind_6_10":3.0,"ind_11_17":4.0,"ind_18_24":0.0,"ind_25_39":9.0,"ind_40_54":7.0,"ind_55_64":5.0,"ind_65_79":9.0,"ind_80p":0.0,"ind_inc":0.0,"men_pauv":5.0,"men":21.0,"lcog_geo":"97224","year":"2017","com_arm_code":["97224"],"com_code":["97224"],"com_arm_name":["Saint-Joseph"],"com_name":["Saint-Joseph"],"epci_name":["CA du Centre de la Martinique"],"epci_code":["249720061"],"dep_name":["Martinique"],"dep_code":["972"],"reg_name":["Martinique"],"reg_code":["02"]}},{"type":"Feature","geometry":{"coordinates":[[[-61.029607690938576,14.659595664022564],[-61.029591527312775,14.661402887496575],[-61.027735187869325,14.661387143067317],[-61.027751366698965,14.659579921618137],[-61.029607690938576,14.659595664022564]]],"type":"Polygon"},"properties":{"geo_point_2d":{"lon":-61.028671443356124,"lat":14.66049140528737},"idcar_200m":"CRS5490RES200mN1621600E712200","i_est_200":1,"idcar_1km":"CRS5490RES1000mN1621000E712000","i_est_1km":0,"idcar_nat":"CRS5490RES1000mN1621000E712000","groupe":1019666,"pop_carr":10.0,"men_1ind":1.6,"men_5ind":0.0,"men_prop":3.1,"men_fmp":0.9,"ind_snv":223975.9,"men_surf":433.9,"men_coll":1.3,"men_mais":3.3,"log_av45":0.0,"log_45_70":0.4,"log_70_90":0.9,"log_ap_90":2.8,"log_inc":0.5,"log_soc":0.0,"ind_0_3":0.4,"ind_4_5":0.0,"ind_6_10":0.5,"ind_11_17":0.5,"ind_18_24":0.7,"ind_25_39":2.1,"ind_40_54":1.6,"ind_55_64":2.4,"ind_65_79":1.0,"ind_80p":0.8,"ind_inc":0.0,"men_pauv":1.5,"men":4.6,"lcog_geo":"97224","year":"2017","com_arm_code":["97224"],"com_code":["97224"],"com_arm_name":["Saint-Joseph"],"com_name":["Saint-Joseph"],"epci_name":["CA du Centre de la Martinique"],"epci_code":["249720061"],"dep_name":["Martinique"],"dep_code":["972"],"reg_name":["Martinique"],"reg_code":["02"]}},{"type":"Feature","geometry":{"coordinates":[[[-61.02032609192094,14.659516803983442],[-61.020309852276796,14.661324017314282],[-61.01845352393438,14.66130819886742],[-61.01846977878195,14.65950098757093],[-61.02032609192094,14.659516803983442]]],"type":"Polygon"},"properties":{"geo_point_2d":{"lon":-61.01938981188045,"lat":14.660412503170232},"idcar_200m":"CRS5490RES200mN1621600E713200","i_est_200":1,"idcar_1km":"CRS5490RES1000mN1621000E713000","i_est_1km":0,"idcar_nat":"CRS5490RES1000mN1621000E713000","groupe":1019681,"pop_carr":28.0,"men_1ind":2.7,"men_5ind":1.4,"men_prop":7.1,"men_fmp":2.0,"ind_snv":667948.6,"men_surf":1113.3,"men_coll":2.4,"men_mais":8.3,"log_av45":0.3,"log_45_70":0.3,"log_70_90":2.6,"log_ap_90":6.1,"log_inc":1.4,"log_soc":0.0,"ind_0_3":1.0,"ind_4_5":0.7,"ind_6_10":1.9,"ind_11_17":3.2,"ind_18_24":1.7,"ind_25_39":4.6,"ind_40_54":5.9,"ind_55_64":3.9,"ind_65_79":4.1,"ind_80p":0.8,"ind_inc":0.2,"men_pauv":3.1,"men":10.7,"lcog_geo":"97224","year":"2017","com_arm_code":["97224"],"com_code":["97224"],"com_arm_name":["Saint-Joseph"],"com_name":["Saint-Joseph"],"epci_name":["CA du Centre de la Martinique"],"epci_code":["249720061"],"dep_name":["Martinique"],"dep_code":["972"],"reg_name":["Martinique"],"reg_code":["02"]}},{"type":"Feature","geometry":{"coordinates":[[[-61.047882510646104,14.692282613513516],[-61.047866459573804,14.694089851769801],[-61.04600982404369,14.694074219272112],[-61.046025890358194,14.692266983022183],[-61.047882510646104,14.692282613513516]]],"type":"Polygon"},"properties":{"geo_point_2d":{"lon":-61.04694617130522,"lat":14.693178418133503},"idcar_200m":"CRS5490RES200mN1625200E710200","i_est_200":1,"idcar_1km":"CRS5490RES1000mN1625000E710000","i_est_1km":0,"idcar_nat":"CRS5490RES8000mN1624000E704000","groupe":1020070,"pop_carr":13.0,"men_1ind":1.4,"men_5ind":0.5,"men_prop":4.0,"men_fmp":1.0,"ind_snv":208255.9,"men_surf":411.2,"men_coll":0.1,"men_mais":4.7,"log_av45":0.0,"log_45_70":0.7,"log_70_90":1.0,"log_ap_90":2.8,"log_inc":0.3,"log_soc":0.0,"ind_0_3":1.2,"ind_4_5":0.3,"ind_6_10":0.7,"ind_11_17":1.0,"ind_18_24":0.8,"ind_25_39":1.7,"ind_40_54":2.9,"ind_55_64":1.4,"ind_65_79":2.5,"ind_80p":0.5,"ind_inc":0.0,"men_pauv":2.0,"men":4.8,"lcog_geo":"97224","year":"2017","com_arm_code":["97224"],"com_code":["97224"],"com_arm_name":["Saint-Joseph"],"com_name":["Saint-Joseph"],"epci_name":["CA du Centre de la Martinique"],"epci_code":["249720061"],"dep_name":["Martinique"],"dep_code":["972"],"reg_name":["Martinique"],"reg_code":["02"]}},{"type":"Feature","geometry":{"coordinates":[[[-61.012900852731526,14.659453449525465],[-61.01288455227425,14.661260654707496],[-61.011028232850165,14.661244777048008],[-61.01104454851051,14.659437573907939],[-61.012900852731526,14.659453449525465]]],"type":"Polygon"},"properties":{"geo_point_2d":{"lon":-61.01196454674412,"lat":14.660349115033434},"idcar_200m":"CRS5490RES200mN1621600E714000","i_est_200":1,"idcar_1km":"CRS5490RES1000mN1621000E714000","i_est_1km":0,"idcar_nat":"CRS5490RES2000mN1620000E714000","groupe":1019704,"pop_carr":11.0,"men_1ind":2.1,"men_5ind":0.1,"men_prop":3.4,"men_fmp":1.2,"ind_snv":254448.9,"men_surf":450.4,"men_coll":1.5,"men_mais":3.6,"log_av45":0.1,"log_45_70":0.3,"log_70_90":1.4,"log_ap_90":3.2,"log_inc":0.1,"log_soc":0.0,"ind_0_3":0.3,"ind_4_5":0.1,"ind_6_10":0.3,"ind_11_17":1.2,"ind_18_24":0.8,"ind_25_39":1.0,"ind_40_54":2.7,"ind_55_64":2.0,"ind_65_79":2.2,"ind_80p":0.4,"ind_inc":0.0,"men_pauv":0.9,"men":5.1,"lcog_geo":"97224","year":"2017","com_arm_code":["97224"],"com_code":["97224"],"com_arm_name":["Saint-Joseph"],"com_name":["Saint-Joseph"],"epci_name":["CA du Centre de la Martinique"],"epci_code":["249720061"],"dep_name":["Martinique"],"dep_code":["972"],"reg_name":["Martinique"],"reg_code":["02"]}},{"type":"Feature","geometry":{"coordinates":[[[-61.01845352393438,14.66130819886742],[-61.01843726686038,14.663115409865842],[-61.01658092553902,14.66309957457942],[-61.01659719781844,14.66129236561728],[-61.01845352393438,14.66130819886742]]],"type":"Polygon"},"properties":{"geo_point_2d":{"lon":-61.01751722869013,"lat":14.662203888468863},"idcar_200m":"CRS5490RES200mN1621800E713400","i_est_200":1,"idcar_1km":"CRS5490RES1000mN1621000E713000","i_est_1km":0,"idcar_nat":"CRS5490RES1000mN1621000E713000","groupe":1019681,"pop_carr":18.0,"men_1ind":1.7,"men_5ind":0.9,"men_prop":4.6,"men_fmp":1.3,"ind_snv":429395.5,"men_surf":715.7,"men_coll":1.5,"men_mais":5.4,"log_av45":0.2,"log_45_70":0.2,"log_70_90":1.7,"log_ap_90":3.9,"log_inc":0.9,"log_soc":0.0,"ind_0_3":0.7,"ind_4_5":0.4,"ind_6_10":1.2,"ind_11_17":2.1,"ind_18_24":1.1,"ind_25_39":2.9,"ind_40_54":3.8,"ind_55_64":2.5,"ind_65_79":2.6,"ind_80p":0.6,"ind_inc":0.1,"men_pauv":2.0,"men":6.9,"lcog_geo":"97224","year":"2017","com_arm_code":["97224"],"com_code":["97224"],"com_arm_name":["Saint-Joseph"],"com_name":["Saint-Joseph"],"epci_name":["CA du Centre de la Martinique"],"epci_code":["249720061"],"dep_name":["Martinique"],"dep_code":["972"],"reg_name":["Martinique"],"reg_code":["02"]}},{"type":"Feature","geometry":{"coordinates":[[[-61.05564430098414,14.654392746803413],[-61.055628356775074,14.656199999317243],[-61.05377203213445,14.656184468142396],[-61.053787991542286,14.654377217626644],[-61.05564430098414,14.654392746803413]]],"type":"Polygon"},"properties":{"geo_point_2d":{"lon":-61.05470817050823,"lat":14.655288609208192},"idcar_200m":"CRS5490RES200mN1621000E709400","i_est_200":1,"idcar_1km":"CRS5490RES1000mN1621000E709000","i_est_1km":0,"idcar_nat":"CRS5490RES1000mN1621000E709000","groupe":1019598,"pop_carr":11.0,"men_1ind":1.5,"men_5ind":0.3,"men_prop":3.4,"men_fmp":0.6,"ind_snv":295079.8,"men_surf":423.9,"men_coll":0.9,"men_mais":3.7,"log_av45":0.1,"log_45_70":0.7,"log_70_90":1.5,"log_ap_90":1.9,"log_inc":0.4,"log_soc":0.0,"ind_0_3":0.3,"ind_4_5":0.3,"ind_6_10":0.3,"ind_11_17":0.8,"ind_18_24":0.3,"ind_25_39":1.6,"ind_40_54":1.8,"ind_55_64":2.6,"ind_65_79":2.4,"ind_80p":0.5,"ind_inc":0.1,"men_pauv":0.5,"men":4.6,"lcog_geo":"97224","year":"2017","com_arm_code":["97224"],"com_code":["97224"],"com_arm_name":["Saint-Joseph"],"com_name":["Saint-Joseph"],"epci_name":["CA du Centre de la Martinique"],"epci_code":["249720061"],"dep_name":["Martinique"],"dep_code":["972"],"reg_name":["Martinique"],"reg_code":["02"]}},{"type":"Feature","geometry":{"coordinates":[[[-61.042344843369236,14.688621212171387],[-61.042328750972224,14.690428444999311],[-61.04047215252044,14.690412772009717],[-61.0404882601552,14.688605541193793],[-61.042344843369236,14.688621212171387]]],"type":"Polygon"},"properties":{"geo_point_2d":{"lon":-61.041408501904485,"lat":14.689516993832328},"idcar_200m":"CRS5490RES200mN1624800E710800","i_est_200":0,"idcar_1km":"CRS5490RES1000mN1624000E710000","i_est_1km":0,"idcar_nat":"CRS5490RES8000mN1624000E704000","groupe":1020073,"pop_carr":41.0,"men_1ind":2.0,"men_5ind":3.0,"men_prop":7.0,"men_fmp":2.0,"ind_snv":766358.6,"men_surf":1104.0,"men_coll":0.0,"men_mais":14.0,"log_av45":2.0,"log_45_70":5.0,"log_70_90":1.0,"log_ap_90":6.0,"log_inc":0.0,"log_soc":0.0,"ind_0_3":2.0,"ind_4_5":1.0,"ind_6_10":1.0,"ind_11_17":1.0,"ind_18_24":2.0,"ind_25_39":7.0,"ind_40_54":2.0,"ind_55_64":13.0,"ind_65_79":10.0,"ind_80p":2.0,"ind_inc":0.0,"men_pauv":4.0,"men":14.0,"lcog_geo":"97224","year":"2017","com_arm_code":["97224"],"com_code":["97224"],"com_arm_name":["Saint-Joseph"],"com_name":["Saint-Joseph"],"epci_name":["CA du Centre de la Martinique"],"epci_code":["249720061"],"dep_name":["Martinique"],"dep_code":["972"],"reg_name":["Martinique"],"reg_code":["02"]}},{"type":"Feature","geometry":{"coordinates":[[[-61.02934880720186,14.688511203842218],[-61.029332608142305,14.690318422546085],[-61.027476025154165,14.690302645715228],[-61.02749223945089,14.688495429036703],[-61.02934880720186,14.688511203842218]]],"type":"Polygon"},"properties":{"geo_point_2d":{"lon":-61.02841242013851,"lat":14.689406926523823},"idcar_200m":"CRS5490RES200mN1624800E712200","i_est_200":1,"idcar_1km":"CRS5490RES1000mN1624000E712000","i_est_1km":0,"idcar_nat":"CRS5490RES1000mN1624000E712000","groupe":1020081,"pop_carr":3.0,"men_1ind":0.4,"men_5ind":0.1,"men_prop":0.9,"men_fmp":0.2,"ind_snv":57619.1,"men_surf":104.2,"men_coll":0.2,"men_mais":1.1,"log_av45":0.0,"log_45_70":0.3,"log_70_90":0.3,"log_ap_90":0.7,"log_inc":0.0,"log_soc":0.0,"ind_0_3":0.0,"ind_4_5":0.1,"ind_6_10":0.1,"ind_11_17":0.3,"ind_18_24":0.2,"ind_25_39":0.4,"ind_40_54":0.5,"ind_55_64":0.7,"ind_65_79":0.5,"ind_80p":0.2,"ind_inc":0.0,"men_pauv":0.5,"men":1.3,"lcog_geo":"97224","year":"2017","com_arm_code":["97224"],"com_code":["97224"],"com_arm_name":["Saint-Joseph"],"com_name":["Saint-Joseph"],"epci_name":["CA du Centre de la Martinique"],"epci_code":["249720061"],"dep_name":["Martinique"],"dep_code":["972"],"reg_name":["Martinique"],"reg_code":["02"]}},{"type":"Feature","geometry":{"coordinates":[[[-61.00348827940835,14.673831474698606],[-61.003471884989295,14.675638667264211],[-61.00161545506395,14.675622699177794],[-61.00163186470229,14.673815508663917],[-61.00348827940835,14.673831474698606]]],"type":"Polygon"},"properties":{"geo_point_2d":{"lon":-61.00255187119417,"lat":14.6747270886886},"idcar_200m":"CRS5490RES200mN1623200E715000","i_est_200":1,"idcar_1km":"CRS5490RES1000mN1623000E715000","i_est_1km":0,"idcar_nat":"CRS5490RES2000mN1622000E714000","groupe":1019940,"pop_carr":6.0,"men_1ind":0.7,"men_5ind":0.2,"men_prop":2.1,"men_fmp":0.4,"ind_snv":113783.0,"men_surf":236.7,"men_coll":0.0,"men_mais":2.5,"log_av45":0.1,"log_45_70":0.3,"log_70_90":0.7,"log_ap_90":1.3,"log_inc":0.1,"log_soc":0.0,"ind_0_3":0.1,"ind_4_5":0.1,"ind_6_10":0.5,"ind_11_17":0.5,"ind_18_24":0.1,"ind_25_39":0.3,"ind_40_54":1.8,"ind_55_64":1.0,"ind_65_79":1.1,"ind_80p":0.5,"ind_inc":0.0,"men_pauv":0.6,"men":2.5,"lcog_geo":"97224","year":"2017","com_arm_code":["97224"],"com_code":["97224"],"com_arm_name":["Saint-Joseph"],"com_name":["Saint-Joseph"],"epci_name":["CA du Centre de la Martinique"],"epci_code":["249720061"],"dep_name":["Martinique"],"dep_code":["972"],"reg_name":["Martinique"],"reg_code":["02"]}},{"type":"Feature","geometry":{"coordinates":[[[-61.03874447752039,14.675939245420865],[-61.038728370080015,14.677746476309757],[-61.03687188265541,14.67773078776089],[-61.036888005318794,14.675923558887595],[-61.03874447752039,14.675939245420865]]],"type":"Polygon"},"properties":{"geo_point_2d":{"lon":-61.03780818404415,"lat":14.676835018332437},"idcar_200m":"CRS5490RES200mN1623400E711200","i_est_200":0,"idcar_1km":"CRS5490RES1000mN1623000E711000","i_est_1km":0,"idcar_nat":"CRS5490RES1000mN1623000E711000","groupe":1019884,"pop_carr":20.0,"men_1ind":6.0,"men_5ind":0.0,"men_prop":9.0,"men_fmp":2.0,"ind_snv":413263.6,"men_surf":1102.0,"men_coll":3.0,"men_mais":8.0,"log_av45":0.0,"log_45_70":0.0,"log_70_90":4.0,"log_ap_90":7.0,"log_inc":0.0,"log_soc":0.0,"ind_0_3":0.0,"ind_4_5":1.0,"ind_6_10":0.0,"ind_11_17":3.0,"ind_18_24":0.0,"ind_25_39":2.0,"ind_40_54":4.0,"ind_55_64":5.0,"ind_65_79":3.0,"ind_80p":2.0,"ind_inc":0.0,"men_pauv":5.0,"men":11.0,"lcog_geo":"97224","year":"2017","com_arm_code":["97224"],"com_code":["97224"],"com_arm_name":["Saint-Joseph"],"com_name":["Saint-Joseph"],"epci_name":["CA du Centre de la Martinique"],"epci_code":["249720061"],"dep_name":["Martinique"],"dep_code":["972"],"reg_name":["Martinique"],"reg_code":["02"]}},{"type":"Feature","geometry":{"coordinates":[[[-61.02595979862932,14.652335283743342],[-61.02594361346758,14.654142504357234],[-61.02408733926049,14.654126738435044],[-61.024103539617585,14.652319519849653],[-61.02595979862932,14.652335283743342]]],"type":"Polygon"},"properties":{"geo_point_2d":{"lon":-61.02502357289525,"lat":14.6532310128319},"idcar_200m":"CRS5490RES200mN1620800E712600","i_est_200":0,"idcar_1km":"CRS5490RES1000mN1620000E712000","i_est_1km":0,"idcar_nat":"CRS5490RES1000mN1620000E712000","groupe":1019699,"pop_carr":53.0,"men_1ind":12.0,"men_5ind":0.0,"men_prop":21.0,"men_fmp":4.0,"ind_snv":1086338.1,"men_surf":2518.7,"men_coll":8.0,"men_mais":19.0,"log_av45":0.0,"log_45_70":1.0,"log_70_90":6.0,"log_ap_90":18.0,"log_inc":2.0,"log_soc":0.0,"ind_0_3":1.0,"ind_4_5":1.0,"ind_6_10":4.0,"ind_11_17":4.0,"ind_18_24":1.0,"ind_25_39":3.0,"ind_40_54":15.0,"ind_55_64":5.0,"ind_65_79":16.0,"ind_80p":3.0,"ind_inc":0.0,"men_pauv":7.0,"men":27.0,"lcog_geo":"97224","year":"2017","com_arm_code":["97224"],"com_code":["97224"],"com_arm_name":["Saint-Joseph"],"com_name":["Saint-Joseph"],"epci_name":["CA du Centre de la Martinique"],"epci_code":["249720061"],"dep_name":["Martinique"],"dep_code":["972"],"reg_name":["Martinique"],"reg_code":["02"]}},{"type":"Feature","geometry":{"coordinates":[[[-61.02195506285505,14.684833593549364],[-61.02193880729444,14.68664080473744],[-61.02008226366006,14.68662497263638],[-61.02009853445332,14.684817763481192],[-61.02195506285505,14.684833593549364]]],"type":"Polygon"},"properties":{"geo_point_2d":{"lon":-61.02101866721748,"lat":14.685729284839532},"idcar_200m":"CRS5490RES200mN1624400E713000","i_est_200":1,"idcar_1km":"CRS5490RES1000mN1624000E713000","i_est_1km":0,"idcar_nat":"CRS5490RES1000mN1624000E713000","groupe":1020086,"pop_carr":3.0,"men_1ind":0.6,"men_5ind":0.1,"men_prop":0.7,"men_fmp":0.2,"ind_snv":63556.9,"men_surf":116.8,"men_coll":0.2,"men_mais":1.1,"log_av45":0.1,"log_45_70":0.3,"log_70_90":0.2,"log_ap_90":0.6,"log_inc":0.1,"log_soc":0.0,"ind_0_3":0.0,"ind_4_5":0.0,"ind_6_10":0.0,"ind_11_17":0.4,"ind_18_24":0.3,"ind_25_39":0.2,"ind_40_54":0.8,"ind_55_64":0.6,"ind_65_79":0.4,"ind_80p":0.3,"ind_inc":0.0,"men_pauv":0.4,"men":1.3,"lcog_geo":"97224","year":"2017","com_arm_code":["97224"],"com_code":["97224"],"com_arm_name":["Saint-Joseph"],"com_name":["Saint-Joseph"],"epci_name":["CA du Centre de la Martinique"],"epci_code":["249720061"],"dep_name":["Martinique"],"dep_code":["972"],"reg_name":["Martinique"],"reg_code":["02"]}},{"type":"Feature","geometry":{"coordinates":[[[-61.03514443869714,14.663257261200744],[-61.03512831626787,14.665064490142228],[-61.033271939774316,14.665048786086162],[-61.033288077411854,14.663241559163874],[-61.03514443869714,14.663257261200744]]],"type":"Polygon"},"properties":{"geo_point_2d":{"lon":-61.03420819318858,"lat":14.664153025384797},"idcar_200m":"CRS5490RES200mN1622000E711600","i_est_200":1,"idcar_1km":"CRS5490RES1000mN1622000E711000","i_est_1km":0,"idcar_nat":"CRS5490RES1000mN1622000E711000","groupe":1019897,"pop_carr":8.0,"men_1ind":1.5,"men_5ind":0.4,"men_prop":2.4,"men_fmp":0.6,"ind_snv":195955.0,"men_surf":323.5,"men_coll":1.4,"men_mais":2.0,"log_av45":0.1,"log_45_70":0.4,"log_70_90":0.3,"log_ap_90":2.1,"log_inc":0.5,"log_soc":0.0,"ind_0_3":0.3,"ind_4_5":0.2,"ind_6_10":0.7,"ind_11_17":0.6,"ind_18_24":0.6,"ind_25_39":1.2,"ind_40_54":1.5,"ind_55_64":1.3,"ind_65_79":1.3,"ind_80p":0.3,"ind_inc":0.0,"men_pauv":0.8,"men":3.4,"lcog_geo":"97224","year":"2017","com_arm_code":["97224"],"com_code":["97224"],"com_arm_name":["Saint-Joseph"],"com_name":["Saint-Joseph"],"epci_name":["CA du Centre de la Martinique"],"epci_code":["249720061"],"dep_name":["Martinique"],"dep_code":["972"],"reg_name":["Martinique"],"reg_code":["02"]}},{"type":"Feature","geometry":{"coordinates":[[[-61.05743688347452,14.661637277439032],[-61.05742094573392,14.663444530759632],[-61.055564558092385,14.663429006398914],[-61.0555805110402,14.66162175507462],[-61.05743688347452,14.661637277439032]]],"type":"Polygon"},"properties":{"geo_point_2d":{"lon":-61.05650072473434,"lat":14.662533143654455},"idcar_200m":"CRS5490RES200mN1621800E709200","i_est_200":1,"idcar_1km":"CRS5490RES1000mN1621000E709000","i_est_1km":0,"idcar_nat":"CRS5490RES1000mN1621000E709000","groupe":1019598,"pop_carr":16.0,"men_1ind":2.1,"men_5ind":0.4,"men_prop":5.0,"men_fmp":0.9,"ind_snv":429207.0,"men_surf":616.6,"men_coll":1.4,"men_mais":5.3,"log_av45":0.1,"log_45_70":1.1,"log_70_90":2.2,"log_ap_90":2.7,"log_inc":0.6,"log_soc":0.0,"ind_0_3":0.4,"ind_4_5":0.4,"ind_6_10":0.5,"ind_11_17":1.1,"ind_18_24":0.4,"ind_25_39":2.3,"ind_40_54":2.6,"ind_55_64":3.8,"ind_65_79":3.6,"ind_80p":0.8,"ind_inc":0.1,"men_pauv":0.8,"men":6.7,"lcog_geo":"97224","year":"2017","com_arm_code":["97224"],"com_code":["97224"],"com_arm_name":["Saint-Joseph"],"com_name":["Saint-Joseph"],"epci_name":["CA du Centre de la Martinique"],"epci_code":["249720061"],"dep_name":["Martinique"],"dep_code":["972"],"reg_name":["Martinique"],"reg_code":["02"]}},{"type":"Feature","geometry":{"coordinates":[[[-61.02377911060304,14.688463834929037],[-61.023762865832246,14.69027104755116],[-61.02190628950263,14.69025522621812],[-61.021922549510336,14.688448015627046],[-61.02377911060304,14.688463834929037]]],"type":"Polygon"},"properties":{"geo_point_2d":{"lon":-61.022842704013684,"lat":14.6893595323201},"idcar_200m":"CRS5490RES200mN1624800E712800","i_est_200":0,"idcar_1km":"CRS5490RES1000mN1624000E712000","i_est_1km":0,"idcar_nat":"CRS5490RES1000mN1624000E712000","groupe":1020084,"pop_carr":38.5,"men_1ind":9.0,"men_5ind":0.0,"men_prop":12.0,"men_fmp":3.0,"ind_snv":571618.0,"men_surf":1573.1,"men_coll":2.0,"men_mais":17.0,"log_av45":0.0,"log_45_70":2.0,"log_70_90":3.0,"log_ap_90":3.0,"log_inc":11.0,"log_soc":0.0,"ind_0_3":1.5,"ind_4_5":2.0,"ind_6_10":2.0,"ind_11_17":2.0,"ind_18_24":2.0,"ind_25_39":9.0,"ind_40_54":6.0,"ind_55_64":7.0,"ind_65_79":7.0,"ind_80p":0.0,"ind_inc":0.0,"men_pauv":8.0,"men":19.0,"lcog_geo":"97224","year":"2017","com_arm_code":["97224"],"com_code":["97224"],"com_arm_name":["Saint-Joseph"],"com_name":["Saint-Joseph"],"epci_name":["CA du Centre de la Martinique"],"epci_code":["249720061"],"dep_name":["Martinique"],"dep_code":["972"],"reg_name":["Martinique"],"reg_code":["02"]}},{"type":"Feature","geometry":{"coordinates":[[[-61.04229655957584,14.694042909760535],[-61.042280460576286,14.695850141693771],[-61.04042381639869,14.695834462667941],[-61.04043993064226,14.694027232746821],[-61.04229655957584,14.694042909760535]]],"type":"Polygon"},"properties":{"geo_point_2d":{"lon":-61.04136019194847,"lat":14.694938687956519},"idcar_200m":"CRS5490RES200mN1625400E710800","i_est_200":1,"idcar_1km":"CRS5490RES1000mN1625000E710000","i_est_1km":0,"idcar_nat":"CRS5490RES8000mN1624000E704000","groupe":1020070,"pop_carr":4.0,"men_1ind":0.4,"men_5ind":0.2,"men_prop":1.2,"men_fmp":0.3,"ind_snv":64078.7,"men_surf":126.5,"men_coll":0.0,"men_mais":1.5,"log_av45":0.0,"log_45_70":0.2,"log_70_90":0.3,"log_ap_90":0.9,"log_inc":0.1,"log_soc":0.0,"ind_0_3":0.3,"ind_4_5":0.1,"ind_6_10":0.2,"ind_11_17":0.3,"ind_18_24":0.3,"ind_25_39":0.5,"ind_40_54":0.9,"ind_55_64":0.4,"ind_65_79":0.8,"ind_80p":0.2,"ind_inc":0.0,"men_pauv":0.6,"men":1.5,"lcog_geo":"9722497212","year":"2017","com_arm_code":["97224"],"com_code":["97224"],"com_arm_name":["Saint-Joseph"],"com_name":["Saint-Joseph"],"epci_name":["CA du Centre de la Martinique"],"epci_code":["249720061"],"dep_name":["Martinique"],"dep_code":["972"],"reg_name":["Martinique"],"reg_code":["02"]}},{"type":"Feature","geometry":{"coordinates":[[[-61.053724140790685,14.661606217905332],[-61.05370817263576,14.663413467231418],[-61.05185178936611,14.663397913257214],[-61.05186777272808,14.661590665931245],[-61.053724140790685,14.661606217905332]]],"type":"Polygon"},"properties":{"geo_point_2d":{"lon":-61.05278796902953,"lat":14.662502067317703},"idcar_200m":"CRS5490RES200mN1621800E709600","i_est_200":1,"idcar_1km":"CRS5490RES1000mN1621000E709000","i_est_1km":0,"idcar_nat":"CRS5490RES1000mN1621000E709000","groupe":1019598,"pop_carr":3.0,"men_1ind":0.4,"men_5ind":0.1,"men_prop":0.9,"men_fmp":0.2,"ind_snv":80476.3,"men_surf":115.6,"men_coll":0.2,"men_mais":1.0,"log_av45":0.0,"log_45_70":0.2,"log_70_90":0.4,"log_ap_90":0.5,"log_inc":0.1,"log_soc":0.0,"ind_0_3":0.1,"ind_4_5":0.1,"ind_6_10":0.1,"ind_11_17":0.2,"ind_18_24":0.1,"ind_25_39":0.4,"ind_40_54":0.5,"ind_55_64":0.7,"ind_65_79":0.7,"ind_80p":0.1,"ind_inc":0.0,"men_pauv":0.1,"men":1.2,"lcog_geo":"97224","year":"2017","com_arm_code":["97224"],"com_code":["97224"],"com_arm_name":["Saint-Joseph"],"com_name":["Saint-Joseph"],"epci_name":["CA du Centre de la Martinique"],"epci_code":["249720061"],"dep_name":["Martinique"],"dep_code":["972"],"reg_name":["Martinique"],"reg_code":["02"]}},{"type":"Feature","geometry":{"coordinates":[[[-61.025992162299794,14.648720841622273],[-61.02597598157337,14.650528062831675],[-61.02411973775488,14.650512300966472],[-61.0241359336725,14.648705081785506],[-61.025992162299794,14.648720841622273]]],"type":"Polygon"},"properties":{"geo_point_2d":{"lon":-61.025055953976654,"lat":14.649616573036747},"idcar_200m":"CRS5490RES200mN1620400E712600","i_est_200":1,"idcar_1km":"CRS5490RES1000mN1620000E712000","i_est_1km":0,"idcar_nat":"CRS5490RES1000mN1620000E712000","groupe":1019691,"pop_carr":10.0,"men_1ind":1.8,"men_5ind":0.0,"men_prop":3.8,"men_fmp":0.2,"ind_snv":282172.3,"men_surf":558.5,"men_coll":0.2,"men_mais":4.8,"log_av45":0.0,"log_45_70":1.0,"log_70_90":1.7,"log_ap_90":2.3,"log_inc":0.0,"log_soc":0.0,"ind_0_3":0.0,"ind_4_5":0.0,"ind_6_10":0.2,"ind_11_17":0.5,"ind_18_24":0.5,"ind_25_39":0.7,"ind_40_54":1.8,"ind_55_64":3.3,"ind_65_79":2.2,"ind_80p":0.8,"ind_inc":0.0,"men_pauv":1.2,"men":5.0,"lcog_geo":"9722497213","year":"2017","com_arm_code":["97224"],"com_code":["97224"],"com_arm_name":["Saint-Joseph"],"com_name":["Saint-Joseph"],"epci_name":["CA du Centre de la Martinique"],"epci_code":["249720061"],"dep_name":["Martinique"],"dep_code":["972"],"reg_name":["Martinique"],"reg_code":["02"]}},{"type":"Feature","geometry":{"coordinates":[[[-61.057325273448086,14.674288044435857],[-61.05730932042596,14.676095295673676],[-61.055452826275676,14.67607975733795],[-61.05546879451959,14.674272508096651],[-61.057325273448086,14.674288044435857]]],"type":"Polygon"},"properties":{"geo_point_2d":{"lon":-61.0563890538164,"lat":14.675183902623553},"idcar_200m":"CRS5490RES200mN1623200E709200","i_est_200":1,"idcar_1km":"CRS5490RES1000mN1623000E709000","i_est_1km":0,"idcar_nat":"CRS5490RES1000mN1623000E709000","groupe":1019859,"pop_carr":21.0,"men_1ind":3.3,"men_5ind":0.4,"men_prop":7.1,"men_fmp":2.1,"ind_snv":375912.6,"men_surf":873.0,"men_coll":0.6,"men_mais":8.6,"log_av45":0.1,"log_45_70":1.5,"log_70_90":1.1,"log_ap_90":6.0,"log_inc":0.5,"log_soc":0.0,"ind_0_3":0.4,"ind_4_5":0.4,"ind_6_10":1.2,"ind_11_17":1.5,"ind_18_24":1.3,"ind_25_39":1.7,"ind_40_54":5.0,"ind_55_64":4.0,"ind_65_79":3.8,"ind_80p":1.7,"ind_inc":0.0,"men_pauv":3.7,"men":9.2,"lcog_geo":"97224","year":"2017","com_arm_code":["97224"],"com_code":["97224"],"com_arm_name":["Saint-Joseph"],"com_name":["Saint-Joseph"],"epci_name":["CA du Centre de la Martinique"],"epci_code":["249720061"],"dep_name":["Martinique"],"dep_code":["972"],"reg_name":["Martinique"],"reg_code":["02"]}},{"type":"Feature","geometry":{"coordinates":[[[-61.04997940752546,14.665189589502779],[-61.04996340457415,14.666996834231579],[-61.04810699526474,14.666981246636265],[-61.04812301342708,14.665174003911451],[-61.04997940752546,14.665189589502779]]],"type":"Polygon"},"properties":{"geo_point_2d":{"lon":-61.0490432053475,"lat":14.666085419807235},"idcar_200m":"CRS5490RES200mN1622200E710000","i_est_200":1,"idcar_1km":"CRS5490RES1000mN1622000E710000","i_est_1km":0,"idcar_nat":"CRS5490RES1000mN1622000E710000","groupe":1019875,"pop_carr":20.0,"men_1ind":4.3,"men_5ind":0.4,"men_prop":7.2,"men_fmp":1.0,"ind_snv":372657.4,"men_surf":817.3,"men_coll":1.5,"men_mais":8.1,"log_av45":0.3,"log_45_70":1.4,"log_70_90":2.4,"log_ap_90":4.5,"log_inc":1.0,"log_soc":0.0,"ind_0_3":0.6,"ind_4_5":0.1,"ind_6_10":1.0,"ind_11_17":1.6,"ind_18_24":1.3,"ind_25_39":2.3,"ind_40_54":4.8,"ind_55_64":2.5,"ind_65_79":3.7,"ind_80p":2.0,"ind_inc":0.1,"men_pauv":2.6,"men":9.6,"lcog_geo":"97224","year":"2017","com_arm_code":["97224"],"com_code":["97224"],"com_arm_name":["Saint-Joseph"],"com_name":["Saint-Joseph"],"epci_name":["CA du Centre de la Martinique"],"epci_code":["249720061"],"dep_name":["Martinique"],"dep_code":["972"],"reg_name":["Martinique"],"reg_code":["02"]}},{"type":"Feature","geometry":{"coordinates":[[[-61.0239252135828,14.67219890790208],[-61.02390898880244,14.674006123209354],[-61.022052549529995,14.673990320154628],[-61.022068789528504,14.672183106878116],[-61.0239252135828,14.67219890790208]]],"type":"Polygon"},"properties":{"geo_point_2d":{"lon":-61.022988885512575,"lat":14.673094615773373},"idcar_200m":"CRS5490RES200mN1623000E712800","i_est_200":0,"idcar_1km":"CRS5490RES1000mN1623000E712000","i_est_1km":0,"idcar_nat":"CRS5490RES1000mN1623000E712000","groupe":1019920,"pop_carr":140.5,"men_1ind":18.0,"men_5ind":2.0,"men_prop":41.0,"men_fmp":18.0,"ind_snv":3381070.7,"men_surf":5453.8,"men_coll":46.0,"men_mais":19.0,"log_av45":0.0,"log_45_70":0.0,"log_70_90":2.0,"log_ap_90":59.0,"log_inc":4.0,"log_soc":0.0,"ind_0_3":4.0,"ind_4_5":2.0,"ind_6_10":7.5,"ind_11_17":8.0,"ind_18_24":7.0,"ind_25_39":26.0,"ind_40_54":23.0,"ind_55_64":33.0,"ind_65_79":24.0,"ind_80p":5.0,"ind_inc":1.0,"men_pauv":11.0,"men":65.0,"lcog_geo":"97224","year":"2017","com_arm_code":["97224"],"com_code":["97224"],"com_arm_name":["Saint-Joseph"],"com_name":["Saint-Joseph"],"epci_name":["CA du Centre de la Martinique"],"epci_code":["249720061"],"dep_name":["Martinique"],"dep_code":["972"],"reg_name":["Martinique"],"reg_code":["02"]}},{"type":"Feature","geometry":{"coordinates":[[[-61.044169272266934,14.692251337693996],[-61.04415319071033,14.694058571935662],[-61.04229655957584,14.694042909760535],[-61.042312656374456,14.692235677529043],[-61.044169272266934,14.692251337693996]]],"type":"Polygon"},"properties":{"geo_point_2d":{"lon":-61.04323291988195,"lat":14.693147125468906},"idcar_200m":"CRS5490RES200mN1625200E710600","i_est_200":1,"idcar_1km":"CRS5490RES1000mN1625000E710000","i_est_1km":0,"idcar_nat":"CRS5490RES8000mN1624000E704000","groupe":1020070,"pop_carr":7.0,"men_1ind":0.7,"men_5ind":0.3,"men_prop":2.1,"men_fmp":0.6,"ind_snv":112137.8,"men_surf":221.4,"men_coll":0.1,"men_mais":2.5,"log_av45":0.0,"log_45_70":0.4,"log_70_90":0.5,"log_ap_90":1.5,"log_inc":0.2,"log_soc":0.0,"ind_0_3":0.6,"ind_4_5":0.1,"ind_6_10":0.4,"ind_11_17":0.6,"ind_18_24":0.4,"ind_25_39":0.9,"ind_40_54":1.6,"ind_55_64":0.7,"ind_65_79":1.4,"ind_80p":0.3,"ind_inc":0.0,"men_pauv":1.1,"men":2.6,"lcog_geo":"97224","year":"2017","com_arm_code":["97224"],"com_code":["97224"],"com_arm_name":["Saint-Joseph"],"com_name":["Saint-Joseph"],"epci_name":["CA du Centre de la Martinique"],"epci_code":["249720061"],"dep_name":["Martinique"],"dep_code":["972"],"reg_name":["Martinique"],"reg_code":["02"]}},{"type":"Feature","geometry":{"coordinates":[[[-61.0629265315066,14.670720049218868],[-61.062910628504405,14.672527307029902],[-61.061054158252134,14.672511817136577],[-61.061070076472184,14.670704561316304],[-61.0629265315066,14.670720049218868]]],"type":"Polygon"},"properties":{"geo_point_2d":{"lon":-61.06199034883248,"lat":14.671615934912618},"idcar_200m":"CRS5490RES200mN1622800E708600","i_est_200":1,"idcar_1km":"CRS5490RES1000mN1622000E708000","i_est_1km":0,"idcar_nat":"CRS5490RES1000mN1622000E708000","groupe":1019853,"pop_carr":14.0,"men_1ind":1.9,"men_5ind":0.2,"men_prop":3.8,"men_fmp":1.3,"ind_snv":239657.9,"men_surf":431.4,"men_coll":1.3,"men_mais":5.1,"log_av45":0.4,"log_45_70":1.3,"log_70_90":0.9,"log_ap_90":3.4,"log_inc":0.4,"log_soc":0.0,"ind_0_3":0.0,"ind_4_5":0.4,"ind_6_10":0.5,"ind_11_17":1.1,"ind_18_24":0.6,"ind_25_39":2.1,"ind_40_54":3.8,"ind_55_64":2.3,"ind_65_79":2.6,"ind_80p":0.6,"ind_inc":0.0,"men_pauv":2.6,"men":6.4,"lcog_geo":"97224","year":"2017","com_arm_code":["97224"],"com_code":["97224"],"com_arm_name":["Saint-Joseph"],"com_name":["Saint-Joseph"],"epci_name":["CA du Centre de la Martinique"],"epci_code":["249720061"],"dep_name":["Martinique"],"dep_code":["972"],"reg_name":["Martinique"],"reg_code":["02"]}},{"type":"Feature","geometry":{"coordinates":[[[-61.02947831993639,14.674053443472145],[-61.02946213859645,14.67586066456217],[-61.0276056774473,14.675844903933143],[-61.02762187400773,14.674037684868203],[-61.02947831993639,14.674053443472145]]],"type":"Polygon"},"properties":{"geo_point_2d":{"lon":-61.02854200264818,"lat":14.67494917544641},"idcar_200m":"CRS5490RES200mN1623200E712200","i_est_200":1,"idcar_1km":"CRS5490RES1000mN1623000E712000","i_est_1km":0,"idcar_nat":"CRS5490RES1000mN1623000E712000","groupe":1019915,"pop_carr":25.0,"men_1ind":3.3,"men_5ind":0.4,"men_prop":7.5,"men_fmp":1.5,"ind_snv":643754.7,"men_surf":1165.0,"men_coll":4.4,"men_mais":6.8,"log_av45":0.0,"log_45_70":0.2,"log_70_90":2.1,"log_ap_90":7.7,"log_inc":1.2,"log_soc":0.0,"ind_0_3":0.8,"ind_4_5":0.4,"ind_6_10":1.3,"ind_11_17":1.4,"ind_18_24":1.5,"ind_25_39":3.5,"ind_40_54":3.9,"ind_55_64":5.6,"ind_65_79":5.8,"ind_80p":0.8,"ind_inc":0.0,"men_pauv":2.9,"men":11.2,"lcog_geo":"97224","year":"2017","com_arm_code":["97224"],"com_code":["97224"],"com_arm_name":["Saint-Joseph"],"com_name":["Saint-Joseph"],"epci_name":["CA du Centre de la Martinique"],"epci_code":["249720061"],"dep_name":["Martinique"],"dep_code":["972"],"reg_name":["Martinique"],"reg_code":["02"]}},{"type":"Feature","geometry":{"coordinates":[[[-61.044281781602585,14.679600689654574],[-61.04426571543552,14.681407925982944],[-61.042409190951396,14.681392277878347],[-61.04242527234589,14.679585043559936],[-61.044281781602585,14.679600689654574]]],"type":"Polygon"},"properties":{"geo_point_2d":{"lon":-61.04334549023391,"lat":14.680496485506932},"idcar_200m":"CRS5490RES200mN1623800E710600","i_est_200":0,"idcar_1km":"CRS5490RES1000mN1623000E710000","i_est_1km":0,"idcar_nat":"CRS5490RES1000mN1623000E710000","groupe":1019873,"pop_carr":58.0,"men_1ind":4.0,"men_5ind":3.0,"men_prop":14.0,"men_fmp":3.0,"ind_snv":1061918.5,"men_surf":1588.0,"men_coll":1.0,"men_mais":17.0,"log_av45":1.0,"log_45_70":2.0,"log_70_90":9.0,"log_ap_90":6.0,"log_inc":0.0,"log_soc":0.0,"ind_0_3":4.0,"ind_4_5":0.0,"ind_6_10":5.0,"ind_11_17":5.0,"ind_18_24":1.0,"ind_25_39":11.0,"ind_40_54":9.0,"ind_55_64":11.0,"ind_65_79":11.0,"ind_80p":0.0,"ind_inc":1.0,"men_pauv":3.0,"men":18.0,"lcog_geo":"97224","year":"2017","com_arm_code":["97224"],"com_code":["97224"],"com_arm_name":["Saint-Joseph"],"com_name":["Saint-Joseph"],"epci_name":["CA du Centre de la Martinique"],"epci_code":["249720061"],"dep_name":["Martinique"],"dep_code":["972"],"reg_name":["Martinique"],"reg_code":["02"]}},{"type":"Feature","geometry":{"coordinates":[[[-61.02568434920248,14.683057993654524],[-61.025668126326686,14.684865209201064],[-61.023811593480204,14.684849408789349],[-61.02382783158673,14.683042195271861],[-61.02568434920248,14.683057993654524]]],"type":"Polygon"},"properties":{"geo_point_2d":{"lon":-61.024747975300514,"lat":14.683953702967486},"idcar_200m":"CRS5490RES200mN1624200E712600","i_est_200":1,"idcar_1km":"CRS5490RES1000mN1624000E712000","i_est_1km":0,"idcar_nat":"CRS5490RES1000mN1624000E712000","groupe":1020081,"pop_carr":21.0,"men_1ind":2.8,"men_5ind":0.9,"men_prop":6.3,"men_fmp":1.8,"ind_snv":403333.7,"men_surf":729.1,"men_coll":1.1,"men_mais":7.8,"log_av45":0.1,"log_45_70":1.7,"log_70_90":2.2,"log_ap_90":4.6,"log_inc":0.3,"log_soc":0.0,"ind_0_3":0.4,"ind_4_5":0.5,"ind_6_10":0.6,"ind_11_17":2.0,"ind_18_24":1.2,"ind_25_39":2.6,"ind_40_54":3.9,"ind_55_64":4.7,"ind_65_79":3.5,"ind_80p":1.5,"ind_inc":0.1,"men_pauv":3.2,"men":8.9,"lcog_geo":"97224","year":"2017","com_arm_code":["97224"],"com_code":["97224"],"com_arm_name":["Saint-Joseph"],"com_name":["Saint-Joseph"],"epci_name":["CA du Centre de la Martinique"],"epci_code":["249720061"],"dep_name":["Martinique"],"dep_code":["972"],"reg_name":["Martinique"],"reg_code":["02"]}},{"type":"Feature","geometry":{"coordinates":[[[-61.05354837078825,14.681485944124143],[-61.05353237857181,14.68329319017585],[-61.051675827887316,14.683277614198326],[-61.051691835333706,14.681470370147073],[-61.05354837078825,14.681485944124143]]],"type":"Polygon"},"properties":{"geo_point_2d":{"lon":-61.05261210329463,"lat":14.6823817808995},"idcar_200m":"CRS5490RES200mN1624000E709600","i_est_200":0,"idcar_1km":"CRS5490RES1000mN1624000E709000","i_est_1km":0,"idcar_nat":"CRS5490RES8000mN1624000E704000","groupe":1020065,"pop_carr":24.0,"men_1ind":6.0,"men_5ind":0.0,"men_prop":7.0,"men_fmp":1.0,"ind_snv":636635.9,"men_surf":1006.4,"men_coll":2.0,"men_mais":10.0,"log_av45":0.0,"log_45_70":3.0,"log_70_90":0.0,"log_ap_90":8.0,"log_inc":1.0,"log_soc":0.0,"ind_0_3":0.0,"ind_4_5":1.0,"ind_6_10":1.0,"ind_11_17":4.0,"ind_18_24":1.0,"ind_25_39":3.0,"ind_40_54":4.0,"ind_55_64":5.0,"ind_65_79":3.0,"ind_80p":2.0,"ind_inc":0.0,"men_pauv":3.0,"men":12.0,"lcog_geo":"97224","year":"2017","com_arm_code":["97224"],"com_code":["97224"],"com_arm_name":["Saint-Joseph"],"com_name":["Saint-Joseph"],"epci_name":["CA du Centre de la Martinique"],"epci_code":["249720061"],"dep_name":["Martinique"],"dep_code":["972"],"reg_name":["Martinique"],"reg_code":["02"]}},{"type":"Feature","geometry":{"coordinates":[[[-61.01837221629802,14.670344250878129],[-61.01835594809042,14.672151460385669],[-61.016499530710796,14.672135614917362],[-61.01651581413421,14.670328407446258],[-61.01837221629802,14.670344250878129]]],"type":"Polygon"},"properties":{"geo_point_2d":{"lon":-61.01743587746042,"lat":14.671239934644017},"idcar_200m":"CRS5490RES200mN1622800E713400","i_est_200":0,"idcar_1km":"CRS5490RES1000mN1622000E713000","i_est_1km":0,"idcar_nat":"CRS5490RES1000mN1622000E713000","groupe":1019913,"pop_carr":56.0,"men_1ind":9.0,"men_5ind":1.0,"men_prop":14.0,"men_fmp":5.0,"ind_snv":1433209.1,"men_surf":2304.7,"men_coll":8.0,"men_mais":18.0,"log_av45":0.0,"log_45_70":3.0,"log_70_90":7.0,"log_ap_90":15.0,"log_inc":1.0,"log_soc":0.0,"ind_0_3":2.0,"ind_4_5":0.5,"ind_6_10":2.5,"ind_11_17":4.0,"ind_18_24":1.0,"ind_25_39":13.0,"ind_40_54":11.0,"ind_55_64":6.0,"ind_65_79":14.0,"ind_80p":0.0,"ind_inc":2.0,"men_pauv":5.0,"men":26.0,"lcog_geo":"97224","year":"2017","com_arm_code":["97224"],"com_code":["97224"],"com_arm_name":["Saint-Joseph"],"com_name":["Saint-Joseph"],"epci_name":["CA du Centre de la Martinique"],"epci_code":["249720061"],"dep_name":["Martinique"],"dep_code":["972"],"reg_name":["Martinique"],"reg_code":["02"]}},{"type":"Feature","geometry":{"coordinates":[[[-61.06111781805876,14.665282792070508],[-61.06110190637542,14.667090048783228],[-61.059245483949326,14.667074550051238],[-61.059261410844215,14.665267295331079],[-61.06111781805876,14.665282792070508]]],"type":"Polygon"},"properties":{"geo_point_2d":{"lon":-61.06018165495573,"lat":14.66617867279574},"idcar_200m":"CRS5490RES200mN1622200E708800","i_est_200":0,"idcar_1km":"CRS5490RES1000mN1622000E708000","i_est_1km":0,"idcar_nat":"CRS5490RES1000mN1622000E708000","groupe":1019854,"pop_carr":34.0,"men_1ind":4.0,"men_5ind":1.0,"men_prop":12.0,"men_fmp":4.0,"ind_snv":731884.1,"men_surf":1192.4,"men_coll":0.0,"men_mais":13.0,"log_av45":0.0,"log_45_70":1.0,"log_70_90":3.0,"log_ap_90":8.0,"log_inc":1.0,"log_soc":0.0,"ind_0_3":0.0,"ind_4_5":0.0,"ind_6_10":1.0,"ind_11_17":3.5,"ind_18_24":2.5,"ind_25_39":4.0,"ind_40_54":9.0,"ind_55_64":4.0,"ind_65_79":6.0,"ind_80p":4.0,"ind_inc":0.0,"men_pauv":2.0,"men":13.0,"lcog_geo":"97224","year":"2017","com_arm_code":["97224"],"com_code":["97224"],"com_arm_name":["Saint-Joseph"],"com_name":["Saint-Joseph"],"epci_name":["CA du Centre de la Martinique"],"epci_code":["249720061"],"dep_name":["Martinique"],"dep_code":["972"],"reg_name":["Martinique"],"reg_code":["02"]}},{"type":"Feature","geometry":{"coordinates":[[[-61.04450647717312,14.65429934978657],[-61.04449044177258,14.656106590283356],[-61.04263413028304,14.65609097031515],[-61.04265018088186,14.654283731827869],[-61.04450647717312,14.65429934978657]]],"type":"Polygon"},"properties":{"geo_point_2d":{"lon":-61.04357030767773,"lat":14.655195161788994},"idcar_200m":"CRS5490RES200mN1621000E710600","i_est_200":1,"idcar_1km":"CRS5490RES1000mN1621000E710000","i_est_1km":0,"idcar_nat":"CRS5490RES1000mN1621000E710000","groupe":1019634,"pop_carr":2.0,"men_1ind":0.4,"men_5ind":0.0,"men_prop":0.7,"men_fmp":0.1,"ind_snv":56117.1,"men_surf":98.3,"men_coll":0.3,"men_mais":0.7,"log_av45":0.0,"log_45_70":0.1,"log_70_90":0.3,"log_ap_90":0.5,"log_inc":0.1,"log_soc":0.0,"ind_0_3":0.0,"ind_4_5":0.0,"ind_6_10":0.1,"ind_11_17":0.2,"ind_18_24":0.1,"ind_25_39":0.2,"ind_40_54":0.3,"ind_55_64":0.5,"ind_65_79":0.4,"ind_80p":0.2,"ind_inc":0.0,"men_pauv":0.2,"men":1.0,"lcog_geo":"97224","year":"2017","com_arm_code":["97224"],"com_code":["97224"],"com_arm_name":["Saint-Joseph"],"com_name":["Saint-Joseph"],"epci_name":["CA du Centre de la Martinique"],"epci_code":["249720061"],"dep_name":["Martinique"],"dep_code":["972"],"reg_name":["Martinique"],"reg_code":["02"]}},{"type":"Feature","geometry":{"coordinates":[[[-61.00163186470229,14.673815508663917],[-61.00161545506395,14.675622699177794],[-60.99975902738449,14.675606716273593],[-60.999775452242034,14.67379952781336],[-61.00163186470229,14.673815508663917]]],"type":"Polygon"},"properties":{"geo_point_2d":{"lon":-61.00069545000154,"lat":14.674711114219633},"idcar_200m":"CRS5490RES200mN1623200E715200","i_est_200":1,"idcar_1km":"CRS5490RES1000mN1623000E715000","i_est_1km":0,"idcar_nat":"CRS5490RES2000mN1622000E714000","groupe":1019940,"pop_carr":11.0,"men_1ind":1.2,"men_5ind":0.4,"men_prop":3.9,"men_fmp":0.7,"ind_snv":208602.2,"men_surf":434.0,"men_coll":0.0,"men_mais":4.6,"log_av45":0.1,"log_45_70":0.6,"log_70_90":1.2,"log_ap_90":2.4,"log_inc":0.3,"log_soc":0.0,"ind_0_3":0.1,"ind_4_5":0.1,"ind_6_10":0.9,"ind_11_17":1.0,"ind_18_24":0.2,"ind_25_39":0.6,"ind_40_54":3.3,"ind_55_64":1.9,"ind_65_79":2.0,"ind_80p":0.9,"ind_inc":0.0,"men_pauv":1.1,"men":4.6,"lcog_geo":"97224","year":"2017","com_arm_code":["97224"],"com_code":["97224"],"com_arm_name":["Saint-Joseph"],"com_name":["Saint-Joseph"],"epci_name":["CA du Centre de la Martinique"],"epci_code":["249720061"],"dep_name":["Martinique"],"dep_code":["972"],"reg_name":["Martinique"],"reg_code":["02"]}},{"type":"Feature","geometry":{"coordinates":[[[-61.066591823886924,14.676172765047856],[-61.06657594480198,14.677980025942235],[-61.06471942453118,14.677964559721222],[-61.064735318840405,14.676157300813882],[-61.066591823886924,14.676172765047856]]],"type":"Polygon"},"properties":{"geo_point_2d":{"lon":-61.06565562816348,"lat":14.677068664118984},"idcar_200m":"CRS5490RES200mN1623400E708200","i_est_200":1,"idcar_1km":"CRS5490RES1000mN1623000E708000","i_est_1km":0,"idcar_nat":"CRS5490RES1000mN1623000E708000","groupe":1019849,"pop_carr":7.0,"men_1ind":1.2,"men_5ind":0.2,"men_prop":2.4,"men_fmp":0.5,"ind_snv":128950.2,"men_surf":258.7,"men_coll":0.3,"men_mais":2.9,"log_av45":0.0,"log_45_70":0.7,"log_70_90":0.5,"log_ap_90":1.9,"log_inc":0.1,"log_soc":0.0,"ind_0_3":0.0,"ind_4_5":0.0,"ind_6_10":0.1,"ind_11_17":0.6,"ind_18_24":0.3,"ind_25_39":0.8,"ind_40_54":1.8,"ind_55_64":1.8,"ind_65_79":1.2,"ind_80p":0.4,"ind_inc":0.0,"men_pauv":1.1,"men":3.2,"lcog_geo":"97224","year":"2017","com_arm_code":["97224"],"com_code":["97224"],"com_arm_name":["Saint-Joseph"],"com_name":["Saint-Joseph"],"epci_name":["CA du Centre de la Martinique"],"epci_code":["249720061"],"dep_name":["Martinique"],"dep_code":["972"],"reg_name":["Martinique"],"reg_code":["02"]}},{"type":"Feature","geometry":{"coordinates":[[[-61.01825829207532,14.682994711166005],[-61.01824200827709,14.684801918584913],[-61.01638548432843,14.684786058860606],[-61.01640178335707,14.682978853478364],[-61.01825829207532,14.682994711166005]]],"type":"Polygon"},"properties":{"geo_point_2d":{"lon":-61.01732189216154,"lat":14.68389038676075},"idcar_200m":"CRS5490RES200mN1624200E713400","i_est_200":0,"idcar_1km":"CRS5490RES1000mN1624000E713000","i_est_1km":0,"idcar_nat":"CRS5490RES1000mN1624000E713000","groupe":1020089,"pop_carr":30.0,"men_1ind":5.0,"men_5ind":1.0,"men_prop":10.0,"men_fmp":2.0,"ind_snv":526023.7,"men_surf":931.4,"men_coll":0.0,"men_mais":13.0,"log_av45":0.0,"log_45_70":3.0,"log_70_90":2.0,"log_ap_90":6.0,"log_inc":2.0,"log_soc":0.0,"ind_0_3":1.0,"ind_4_5":0.0,"ind_6_10":2.0,"ind_11_17":2.0,"ind_18_24":0.0,"ind_25_39":3.0,"ind_40_54":6.0,"ind_55_64":4.0,"ind_65_79":8.0,"ind_80p":4.0,"ind_inc":0.0,"men_pauv":4.0,"men":13.0,"lcog_geo":"97224","year":"2017","com_arm_code":["97224"],"com_code":["97224"],"com_arm_name":["Saint-Joseph"],"com_name":["Saint-Joseph"],"epci_name":["CA du Centre de la Martinique"],"epci_code":["249720061"],"dep_name":["Martinique"],"dep_code":["972"],"reg_name":["Martinique"],"reg_code":["02"]}},{"type":"Feature","geometry":{"coordinates":[[[-61.05554860295967,14.665236257425756],[-61.05553264564196,14.667043508155077],[-61.05367622976485,14.667027964991062],[-61.05369220229383,14.665220716260013],[-61.05554860295967,14.665236257425756]]],"type":"Polygon"},"properties":{"geo_point_2d":{"lon":-61.054612420314314,"lat":14.666132112944698},"idcar_200m":"CRS5490RES200mN1622200E709400","i_est_200":0,"idcar_1km":"CRS5490RES1000mN1622000E709000","i_est_1km":0,"idcar_nat":"CRS5490RES1000mN1622000E709000","groupe":1019846,"pop_carr":36.0,"men_1ind":0.0,"men_5ind":2.0,"men_prop":11.0,"men_fmp":6.0,"ind_snv":834151.1,"men_surf":1160.0,"men_coll":2.0,"men_mais":11.0,"log_av45":0.0,"log_45_70":3.0,"log_70_90":4.0,"log_ap_90":6.0,"log_inc":0.0,"log_soc":0.0,"ind_0_3":0.0,"ind_4_5":0.0,"ind_6_10":0.0,"ind_11_17":3.0,"ind_18_24":1.0,"ind_25_39":3.0,"ind_40_54":13.0,"ind_55_64":8.0,"ind_65_79":5.0,"ind_80p":3.0,"ind_inc":0.0,"men_pauv":2.0,"men":13.0,"lcog_geo":"97224","year":"2017","com_arm_code":["97224"],"com_code":["97224"],"com_arm_name":["Saint-Joseph"],"com_name":["Saint-Joseph"],"epci_name":["CA du Centre de la Martinique"],"epci_code":["249720061"],"dep_name":["Martinique"],"dep_code":["972"],"reg_name":["Martinique"],"reg_code":["02"]}},{"type":"Feature","geometry":{"coordinates":[[[-61.04061704194134,14.674147683934187],[-61.04060095192622,14.675954917134739],[-61.03874447752039,14.675939245420865],[-61.038760582756524,14.674132014233967],[-61.04061704194134,14.674147683934187]]],"type":"Polygon"},"properties":{"geo_point_2d":{"lon":-61.03968076368647,"lat":14.675043466418442},"idcar_200m":"CRS5490RES200mN1623200E711000","i_est_200":0,"idcar_1km":"CRS5490RES1000mN1623000E711000","i_est_1km":0,"idcar_nat":"CRS5490RES1000mN1623000E711000","groupe":1019890,"pop_carr":32.0,"men_1ind":7.0,"men_5ind":0.0,"men_prop":8.0,"men_fmp":2.0,"ind_snv":985743.1,"men_surf":1403.2,"men_coll":6.0,"men_mais":9.0,"log_av45":0.0,"log_45_70":0.0,"log_70_90":0.0,"log_ap_90":12.0,"log_inc":3.0,"log_soc":0.0,"ind_0_3":0.0,"ind_4_5":1.0,"ind_6_10":2.0,"ind_11_17":4.0,"ind_18_24":0.0,"ind_25_39":4.0,"ind_40_54":9.0,"ind_55_64":6.0,"ind_65_79":6.0,"ind_80p":0.0,"ind_inc":0.0,"men_pauv":1.0,"men":15.0,"lcog_geo":"97224","year":"2017","com_arm_code":["97224"],"com_code":["97224"],"com_arm_name":["Saint-Joseph"],"com_name":["Saint-Joseph"],"epci_name":["CA du Centre de la Martinique"],"epci_code":["249720061"],"dep_name":["Martinique"],"dep_code":["972"],"reg_name":["Martinique"],"reg_code":["02"]}},{"type":"Feature","geometry":{"coordinates":[[[-61.033288077411854,14.663241559163874],[-61.033271939774316,14.665048786086162],[-61.03141556549073,14.665033067222382],[-61.03143171833646,14.663225842321166],[-61.033288077411854,14.663241559163874]]],"type":"Polygon"},"properties":{"geo_point_2d":{"lon":-61.032351825404284,"lat":14.664137314934939},"idcar_200m":"CRS5490RES200mN1622000E711800","i_est_200":1,"idcar_1km":"CRS5490RES1000mN1622000E711000","i_est_1km":0,"idcar_nat":"CRS5490RES1000mN1622000E711000","groupe":1019897,"pop_carr":8.0,"men_1ind":1.5,"men_5ind":0.4,"men_prop":2.4,"men_fmp":0.6,"ind_snv":195955.0,"men_surf":323.5,"men_coll":1.4,"men_mais":2.0,"log_av45":0.1,"log_45_70":0.4,"log_70_90":0.3,"log_ap_90":2.1,"log_inc":0.5,"log_soc":0.0,"ind_0_3":0.3,"ind_4_5":0.2,"ind_6_10":0.7,"ind_11_17":0.6,"ind_18_24":0.6,"ind_25_39":1.2,"ind_40_54":1.5,"ind_55_64":1.3,"ind_65_79":1.3,"ind_80p":0.3,"ind_inc":0.0,"men_pauv":0.8,"men":3.4,"lcog_geo":"97224","year":"2017","com_arm_code":["97224"],"com_code":["97224"],"com_arm_name":["Saint-Joseph"],"com_name":["Saint-Joseph"],"epci_name":["CA du Centre de la Martinique"],"epci_code":["249720061"],"dep_name":["Martinique"],"dep_code":["972"],"reg_name":["Martinique"],"reg_code":["02"]}},{"type":"Feature","geometry":{"coordinates":[[[-61.031302433628355,14.67768363318731],[-61.03128626308379,14.679490855704245],[-61.02942976927257,14.679475105847741],[-61.029445955041886,14.677667885354056],[-61.031302433628355,14.67768363318731]]],"type":"Polygon"},"properties":{"geo_point_2d":{"lon":-61.03036610540772,"lat":14.67857937126115},"idcar_200m":"CRS5490RES200mN1623600E712000","i_est_200":1,"idcar_1km":"CRS5490RES1000mN1623000E712000","i_est_1km":0,"idcar_nat":"CRS5490RES1000mN1623000E712000","groupe":1019915,"pop_carr":9.0,"men_1ind":1.2,"men_5ind":0.1,"men_prop":2.7,"men_fmp":0.5,"ind_snv":231751.7,"men_surf":419.4,"men_coll":1.6,"men_mais":2.4,"log_av45":0.0,"log_45_70":0.1,"log_70_90":0.7,"log_ap_90":2.8,"log_inc":0.4,"log_soc":0.0,"ind_0_3":0.3,"ind_4_5":0.2,"ind_6_10":0.4,"ind_11_17":0.5,"ind_18_24":0.5,"ind_25_39":1.3,"ind_40_54":1.4,"ind_55_64":2.0,"ind_65_79":2.1,"ind_80p":0.3,"ind_inc":0.0,"men_pauv":1.0,"men":4.0,"lcog_geo":"97224","year":"2017","com_arm_code":["97224"],"com_code":["97224"],"com_arm_name":["Saint-Joseph"],"com_name":["Saint-Joseph"],"epci_name":["CA du Centre de la Martinique"],"epci_code":["249720061"],"dep_name":["Martinique"],"dep_code":["972"],"reg_name":["Martinique"],"reg_code":["02"]}}]}